trade_id,market_question,entry_time,exit_time,hold_hours,entry_side,exit_side,entry_price,exit_price,size,gross_pnl_usd,pnl_cents_per_share,entry_mid,exit_mid,status,exit_reason
1,Fed Rate Hike by October 2026 Meeting?,2026-05-14T00:04:00+00:00,2026-05-14T00:15:00+00:00,0.1833,buy_yes,sell_yes,0.46,0.31,103.28,-15.492,-15,0.38,0.335,closed,opposite_fill
2,Fed Rate Hike by October 2026 Meeting?,2026-05-14T00:04:00+00:00,2026-05-14T00:36:00+00:00,0.5333,buy_yes,sell_yes,0.46,0.31,65.0664,-9.76,-15,0.38,0.335,closed,opposite_fill
3,Fed Rate Hike by October 2026 Meeting?,2026-05-14T00:36:00+00:00,2026-05-14T00:38:00+00:00,0.0333,sell_yes,buy_yes,0.31,0.3,38.2136,0.3821,1,0.335,0.28,closed,opposite_fill
4,Fed Rate Hike by October 2026 Meeting?,2026-05-14T00:38:00+00:00,2026-05-14T00:51:00+00:00,0.2167,buy_yes,sell_yes,0.3,0.31,65.0664,0.6507,1,0.28,0.335,closed,opposite_fill
5,Fed Rate Hike by October 2026 Meeting?,2026-05-14T00:51:00+00:00,2026-05-14T00:57:00+00:00,0.1,sell_yes,buy_yes,0.31,0.3,38.2136,0.3821,1,0.335,0.275,closed,opposite_fill
6,Fed Rate Hike by October 2026 Meeting?,2026-05-14T00:57:00+00:00,2026-05-14T01:00:00+00:00,0.05,buy_yes,sell_yes,0.3,0.31,65.0664,0.6507,1,0.275,0.33,closed,opposite_fill
7,Fed Rate Hike by October 2026 Meeting?,2026-05-14T01:00:00+00:00,2026-05-14T01:10:00+00:00,0.1667,sell_yes,buy_yes,0.31,0.3,38.2136,0.3821,1,0.33,0.28,closed,opposite_fill
8,Fed Rate Hike by October 2026 Meeting?,2026-05-14T01:10:00+00:00,2026-05-14T01:12:00+00:00,0.0333,buy_yes,sell_yes,0.3,0.31,65.0664,0.6507,1,0.28,0.33,closed,opposite_fill
9,Fed Rate Hike by October 2026 Meeting?,2026-05-14T01:12:00+00:00,2026-05-14T01:24:00+00:00,0.2,sell_yes,buy_yes,0.31,0.3,38.2136,0.3821,1,0.33,0.275,closed,opposite_fill
10,Fed Rate Hike by October 2026 Meeting?,2026-05-14T01:24:00+00:00,2026-05-14T01:27:00+00:00,0.05,buy_yes,sell_yes,0.3,0.31,65.0664,0.6507,1,0.275,0.335,closed,opposite_fill
11,Fed Rate Hike by October 2026 Meeting?,2026-05-14T01:27:00+00:00,2026-05-14T01:39:00+00:00,0.2,sell_yes,buy_yes,0.31,0.3,38.2136,0.3821,1,0.335,0.28,closed,opposite_fill
12,Fed Rate Hike by October 2026 Meeting?,2026-05-14T01:39:00+00:00,2026-05-14T01:41:00+00:00,0.0333,buy_yes,sell_yes,0.3,0.31,65.0664,0.6507,1,0.28,0.335,closed,opposite_fill
13,Fed Rate Hike by October 2026 Meeting?,2026-05-14T01:41:00+00:00,2026-05-14T01:44:00+00:00,0.05,sell_yes,buy_yes,0.31,0.3,38.2136,0.3821,1,0.335,0.28,closed,opposite_fill
14,Will there be no change in Fed interest rates after the September 2026 meeting?,2026-05-14T01:14:00+00:00,2026-05-14T01:46:00+00:00,0.5333,buy_yes,sell_yes,0.58,0.57,103.28,-1.0328,-1,0.535,0.58,closed,opposite_fill
15,Fed Rate Hike by October 2026 Meeting?,2026-05-14T01:44:00+00:00,2026-05-14T01:48:00+00:00,0.0667,buy_yes,sell_yes,0.3,0.31,65.0664,0.6507,1,0.28,0.335,closed,opposite_fill
16,Fed Rate Hike by October 2026 Meeting?,2026-05-14T01:48:00+00:00,2026-05-14T01:57:00+00:00,0.15,sell_yes,buy_yes,0.31,0.3,38.2136,0.3821,1,0.335,0.28,closed,opposite_fill
17,Fed Rate Hike by October 2026 Meeting?,2026-05-14T01:57:00+00:00,2026-05-14T02:00:00+00:00,0.05,buy_yes,sell_yes,0.3,0.31,65.0664,0.6507,1,0.28,0.335,closed,opposite_fill
18,Fed Rate Hike by October 2026 Meeting?,2026-05-14T02:00:00+00:00,2026-05-14T02:02:00+00:00,0.0333,sell_yes,buy_yes,0.31,0.3,38.2136,0.3821,1,0.335,0.28,closed,opposite_fill
19,Fed Rate Hike by October 2026 Meeting?,2026-05-14T02:02:00+00:00,2026-05-14T02:14:00+00:00,0.2,buy_yes,sell_yes,0.3,0.31,65.0664,0.6507,1,0.28,0.34,closed,opposite_fill
20,Fed Rate Hike by October 2026 Meeting?,2026-05-14T02:14:00+00:00,2026-05-14T02:16:00+00:00,0.0333,sell_yes,buy_yes,0.31,0.31,38.2136,0,0,0.34,0.28,closed,opposite_fill
21,Fed Rate Hike by October 2026 Meeting?,2026-05-14T02:16:00+00:00,2026-05-14T02:32:00+00:00,0.2667,buy_yes,sell_yes,0.31,0.31,65.0664,0,0,0.28,0.33,closed,opposite_fill
22,Fed Rate Hike by October 2026 Meeting?,2026-05-14T02:32:00+00:00,2026-05-14T02:48:00+00:00,0.2667,sell_yes,buy_yes,0.31,0.31,41.312,0,0,0.33,0.29,closed,opposite_fill
23,Fed Rate Hike by October 2026 Meeting?,2026-05-14T02:48:00+00:00,2026-05-14T02:50:00+00:00,0.0333,buy_yes,sell_yes,0.31,0.31,61.968,0,0,0.29,0.34,closed,opposite_fill
24,Fed Rate Hike by October 2026 Meeting?,2026-05-14T02:50:00+00:00,2026-05-14T02:55:00+00:00,0.0833,sell_yes,buy_yes,0.31,0.3,41.312,0.4131,1,0.34,0.28,closed,opposite_fill
25,Fed Rate Hike by October 2026 Meeting?,2026-05-14T02:55:00+00:00,2026-05-14T02:57:00+00:00,0.0333,buy_yes,sell_yes,0.3,0.32,61.968,1.2394,2,0.28,0.335,closed,opposite_fill
26,Fed Rate Hike by October 2026 Meeting?,2026-05-14T02:57:00+00:00,2026-05-14T03:03:00+00:00,0.1,sell_yes,buy_yes,0.32,0.31,44.4104,0.4441,1,0.335,0.285,closed,opposite_fill
27,Fed Rate Hike by October 2026 Meeting?,2026-05-14T03:03:00+00:00,2026-05-14T03:07:00+00:00,0.0667,buy_yes,sell_yes,0.31,0.31,58.8696,0,0,0.285,0.335,closed,opposite_fill
28,Fed Rate Hike by October 2026 Meeting?,2026-05-14T03:07:00+00:00,2026-05-14T03:16:00+00:00,0.15,sell_yes,buy_yes,0.31,0.31,47.5088,0,0,0.335,0.28,closed,opposite_fill
29,Fed Rate Hike by October 2026 Meeting?,2026-05-14T03:16:00+00:00,2026-05-14T03:18:00+00:00,0.0333,buy_yes,sell_yes,0.31,0.32,55.7712,0.5577,1,0.28,0.335,closed,opposite_fill
30,Fed Rate Hike by October 2026 Meeting?,2026-05-14T03:18:00+00:00,2026-05-14T03:52:00+00:00,0.5667,sell_yes,buy_yes,0.32,0.3,47.5088,0.9502,2,0.335,0.28,closed,opposite_fill
31,Fed Rate Hike by October 2026 Meeting?,2026-05-14T03:52:00+00:00,2026-05-14T03:56:00+00:00,0.0667,buy_yes,sell_yes,0.3,0.31,55.7712,0.5577,1,0.28,0.335,closed,opposite_fill
32,Fed Rate Hike by October 2026 Meeting?,2026-05-14T03:56:00+00:00,2026-05-14T03:59:00+00:00,0.05,sell_yes,buy_yes,0.31,0.3,47.5088,0.4751,1,0.335,0.28,closed,opposite_fill
33,Fed Rate Hike by October 2026 Meeting?,2026-05-14T03:59:00+00:00,2026-05-14T04:01:00+00:00,0.0333,buy_yes,sell_yes,0.3,0.31,55.7712,0.5577,1,0.28,0.335,closed,opposite_fill
34,Fed Rate Hike by October 2026 Meeting?,2026-05-14T04:01:00+00:00,2026-05-14T04:08:00+00:00,0.1167,sell_yes,buy_yes,0.31,0.3,47.5088,0.4751,1,0.335,0.28,closed,opposite_fill
35,Fed Rate Hike by October 2026 Meeting?,2026-05-14T04:08:00+00:00,2026-05-14T04:12:00+00:00,0.0667,buy_yes,sell_yes,0.3,0.31,55.7712,0.5577,1,0.28,0.335,closed,opposite_fill
36,Fed Rate Hike by October 2026 Meeting?,2026-05-14T04:12:00+00:00,2026-05-14T04:14:00+00:00,0.0333,sell_yes,buy_yes,0.31,0.3,47.5088,0.4751,1,0.335,0.285,closed,opposite_fill
37,Fed Rate Hike by October 2026 Meeting?,2026-05-14T04:14:00+00:00,2026-05-14T04:17:00+00:00,0.05,buy_yes,sell_yes,0.3,0.31,55.7712,0.5577,1,0.285,0.335,closed,opposite_fill
38,Fed Rate Hike by October 2026 Meeting?,2026-05-14T04:17:00+00:00,2026-05-14T04:20:00+00:00,0.05,sell_yes,buy_yes,0.31,0.3,47.5088,0.4751,1,0.335,0.28,closed,opposite_fill
39,Fed Rate Hike by October 2026 Meeting?,2026-05-14T04:20:00+00:00,2026-05-14T04:32:00+00:00,0.2,buy_yes,sell_yes,0.3,0.31,55.7712,0.5577,1,0.28,0.335,closed,opposite_fill
40,Fed Rate Hike by October 2026 Meeting?,2026-05-14T04:32:00+00:00,2026-05-14T04:35:00+00:00,0.05,sell_yes,buy_yes,0.31,0.3,47.5088,0.4751,1,0.335,0.28,closed,opposite_fill
41,Fed Rate Hike by October 2026 Meeting?,2026-05-14T04:35:00+00:00,2026-05-14T04:42:00+00:00,0.1167,buy_yes,sell_yes,0.3,0.31,55.7712,0.5577,1,0.28,0.335,closed,opposite_fill
42,Fed Rate Hike by October 2026 Meeting?,2026-05-14T04:42:00+00:00,2026-05-14T04:44:00+00:00,0.0333,sell_yes,buy_yes,0.31,0.3,47.5088,0.4751,1,0.335,0.28,closed,opposite_fill
43,Fed Rate Hike by October 2026 Meeting?,2026-05-14T04:44:00+00:00,2026-05-14T04:54:00+00:00,0.1667,buy_yes,sell_yes,0.3,0.31,55.7712,0.5577,1,0.28,0.335,closed,opposite_fill
44,Fed Rate Hike by October 2026 Meeting?,2026-05-14T04:54:00+00:00,2026-05-14T05:03:00+00:00,0.15,sell_yes,buy_yes,0.31,0.3,47.5088,0.4751,1,0.335,0.28,closed,opposite_fill
45,Fed Rate Hike by October 2026 Meeting?,2026-05-14T05:03:00+00:00,2026-05-14T05:10:00+00:00,0.1167,buy_yes,sell_yes,0.3,0.31,55.7712,0.5577,1,0.28,0.335,closed,opposite_fill
46,Fed Rate Hike by October 2026 Meeting?,2026-05-14T05:10:00+00:00,2026-05-14T05:12:00+00:00,0.0333,sell_yes,buy_yes,0.31,0.3,47.5088,0.4751,1,0.335,0.28,closed,opposite_fill
47,Fed Rate Hike by October 2026 Meeting?,2026-05-14T05:12:00+00:00,2026-05-14T05:22:00+00:00,0.1667,buy_yes,sell_yes,0.3,0.31,55.7712,0.5577,1,0.28,0.335,closed,opposite_fill
48,Fed Rate Hike by October 2026 Meeting?,2026-05-14T05:22:00+00:00,2026-05-14T05:31:00+00:00,0.15,sell_yes,buy_yes,0.31,0.3,47.5088,0.4751,1,0.335,0.28,closed,opposite_fill
49,Fed Rate Hike by October 2026 Meeting?,2026-05-14T05:31:00+00:00,2026-05-14T05:38:00+00:00,0.1167,buy_yes,sell_yes,0.3,0.31,55.7712,0.5577,1,0.28,0.335,closed,opposite_fill
50,Fed Rate Hike by October 2026 Meeting?,2026-05-14T05:38:00+00:00,2026-05-14T05:47:00+00:00,0.15,sell_yes,buy_yes,0.31,0.3,47.5088,0.4751,1,0.335,0.28,closed,opposite_fill
51,Fed Rate Hike by October 2026 Meeting?,2026-05-14T05:47:00+00:00,2026-05-14T05:56:00+00:00,0.15,buy_yes,sell_yes,0.3,0.31,55.7712,0.5577,1,0.28,0.335,closed,opposite_fill
52,Fed Rate Hike by October 2026 Meeting?,2026-05-14T05:56:00+00:00,2026-05-14T06:05:00+00:00,0.15,sell_yes,buy_yes,0.31,0.31,47.5088,0,0,0.335,0.285,closed,opposite_fill
53,Fed Rate Hike by October 2026 Meeting?,2026-05-14T06:05:00+00:00,2026-05-14T06:18:00+00:00,0.2167,buy_yes,sell_yes,0.31,0.31,58.8696,0,0,0.285,0.335,closed,opposite_fill
54,Fed Rate Hike by October 2026 Meeting?,2026-05-14T06:18:00+00:00,2026-05-14T06:20:00+00:00,0.0333,sell_yes,buy_yes,0.31,0.3,44.4104,0.4441,1,0.335,0.28,closed,opposite_fill
55,Fed Rate Hike by October 2026 Meeting?,2026-05-14T06:20:00+00:00,2026-05-14T06:32:00+00:00,0.2,buy_yes,sell_yes,0.3,0.32,58.8696,1.1774,2,0.28,0.34,closed,opposite_fill
56,Fed Rate Hike by October 2026 Meeting?,2026-05-14T06:32:00+00:00,2026-05-14T06:49:00+00:00,0.2833,sell_yes,buy_yes,0.32,0.3,44.4104,0.8882,2,0.34,0.28,closed,opposite_fill
57,Fed Rate Hike by October 2026 Meeting?,2026-05-14T06:49:00+00:00,2026-05-14T06:57:00+00:00,0.1333,buy_yes,sell_yes,0.3,0.31,58.8696,0.5887,1,0.28,0.335,closed,opposite_fill
58,Fed Rate Hike by October 2026 Meeting?,2026-05-14T06:57:00+00:00,2026-05-14T07:04:00+00:00,0.1167,sell_yes,buy_yes,0.31,0.3,44.4104,0.4441,1,0.335,0.28,closed,opposite_fill
59,Fed Rate Hike by October 2026 Meeting?,2026-05-14T07:04:00+00:00,2026-05-14T07:07:00+00:00,0.05,buy_yes,sell_yes,0.3,0.31,58.8696,0.5887,1,0.28,0.34,closed,opposite_fill
60,Fed Rate Hike by October 2026 Meeting?,2026-05-14T07:07:00+00:00,2026-05-14T07:09:00+00:00,0.0333,sell_yes,buy_yes,0.31,0.3,44.4104,0.4441,1,0.34,0.28,closed,opposite_fill
61,Fed Rate Hike by October 2026 Meeting?,2026-05-14T07:09:00+00:00,2026-05-14T07:15:00+00:00,0.1,buy_yes,sell_yes,0.3,0.32,58.8696,1.1774,2,0.28,0.335,closed,opposite_fill
62,Fed Rate Hike by October 2026 Meeting?,2026-05-14T07:15:00+00:00,2026-05-14T07:24:00+00:00,0.15,sell_yes,buy_yes,0.32,0.31,44.4104,0.4441,1,0.335,0.28,closed,opposite_fill
63,Fed Rate Hike by October 2026 Meeting?,2026-05-14T07:24:00+00:00,2026-05-14T07:30:00+00:00,0.1,buy_yes,sell_yes,0.31,0.32,58.8696,0.5887,1,0.28,0.385,closed,opposite_fill
64,Fed Rate Hike by October 2026 Meeting?,2026-05-14T07:30:00+00:00,2026-05-14T08:14:00+00:00,0.7333,sell_yes,buy_yes,0.32,0.36,50.6072,-2.0243,-4,0.385,0.285,closed,opposite_fill
65,Will the Fed increase interest rates by 25 bps after the September 2026 meeting?,2026-05-14T00:08:00+00:00,2026-05-14T11:53:00+00:00,11.75,buy_yes,sell_yes,0.37,0.17,103.28,-20.656,-20,0.235,0.175,closed,opposite_fill
66,Will there be no change in Fed interest rates after the September 2026 meeting?,2026-05-14T07:33:00+00:00,2026-05-14T12:04:00+00:00,4.5167,buy_yes,sell_yes,0.67,0.71,103.28,4.1312,4,0.665,0.715,closed,opposite_fill
67,Will there be no change in Fed interest rates after the September 2026 meeting?,2026-05-14T12:04:00+00:00,2026-05-14T12:10:00+00:00,0.1,sell_yes,buy_yes,0.71,0.7,9.2952,0.093,1,0.715,0.68,closed,opposite_fill
68,Will there be no change in Fed interest rates after the September 2026 meeting?,2026-05-14T12:10:00+00:00,2026-05-14T12:24:00+00:00,0.2333,buy_yes,sell_yes,0.7,0.72,93.9848,1.8797,2,0.68,0.725,closed,opposite_fill
69,Will there be no change in Fed interest rates after the September 2026 meeting?,2026-05-14T12:24:00+00:00,2026-05-14T12:25:00+00:00,0.0167,sell_yes,buy_yes,0.72,0.68,9.2952,0.3718,4,0.725,0.68,closed,opposite_fill
70,Will the Fed increase interest rates by 25 bps after the September 2026 meeting?,2026-05-14T11:53:00+00:00,2026-05-14T14:20:00+00:00,2.45,sell_yes,buy_yes,0.17,0.15,3.0984,0.062,2,0.175,0.135,closed,opposite_fill
71,Will Ulf Kristersson be the next Prime Minister of Sweden?,2026-05-14T08:47:00+00:00,2026-05-15T00:04:00+00:00,15.2833,buy_yes,sell_yes,0.27,0.17,51.64,-5.164,-10,0.235,0.245,closed,opposite_fill
72,Will Harry Kane win the 2026 Ballon d'Or?,2026-05-14T00:05:00+00:00,2026-05-15T00:13:00+00:00,24.1333,buy_yes,sell_yes,0.2,0.13,25.82,-1.8074,-7,0.176,0.172,closed,opposite_fill
73,Will the Fed increase interest rates by 25 bps after the September 2026 meeting?,2026-05-14T14:20:00+00:00,2026-05-15T00:40:00+00:00,10.3333,buy_yes,sell_yes,0.15,0.12,100.182,-3.0054,-3,0.135,0.125,closed,opposite_fill
74,Fed Rate Hike by October 2026 Meeting?,2026-05-14T08:14:00+00:00,2026-05-15T01:57:00+00:00,17.7167,buy_yes,sell_yes,0.36,0.22,52.6728,-7.3742,-14,0.285,0.24,closed,opposite_fill
75,Fed Rate Hike by October 2026 Meeting?,2026-05-15T01:57:00+00:00,2026-05-15T04:22:00+00:00,2.4167,sell_yes,buy_yes,0.22,0.26,50.6072,-2.0243,-4,0.24,0.255,closed,opposite_fill
76,Will the Fed increase interest rates by 25 bps after the September 2026 meeting?,2026-05-15T00:40:00+00:00,2026-05-15T07:57:00+00:00,7.2833,sell_yes,buy_yes,0.12,0.08,3.0984,0.1239,4,0.125,0.065,closed,opposite_fill
77,Fed Rate Hike by October 2026 Meeting?,2026-05-15T04:22:00+00:00,2026-05-15T08:37:00+00:00,4.25,buy_yes,sell_yes,0.26,0.26,52.6728,0,0,0.255,0.265,closed,opposite_fill
78,Will there be no change in Fed interest rates after the September 2026 meeting?,2026-05-14T12:25:00+00:00,2026-05-15T20:16:00+00:00,31.85,buy_yes,sell_yes,0.68,0.77,38.6267,3.4764,9,0.68,0.775,closed,opposite_fill
79,Will there be no change in Fed interest rates after the September 2026 meeting?,2026-05-15T20:16:00+00:00,2026-05-15T20:23:00+00:00,0.1167,sell_yes,buy_yes,0.77,0.77,64.6533,0,0,0.775,0.765,closed,opposite_fill
80,Will there be no change in Fed interest rates after the September 2026 meeting?,2026-05-15T20:23:00+00:00,2026-05-15T20:24:00+00:00,0.0167,buy_yes,sell_yes,0.77,0.77,38.6267,0,0,0.765,0.775,closed,opposite_fill
81,Will there be no change in Fed interest rates after the September 2026 meeting?,2026-05-15T20:24:00+00:00,2026-05-15T20:49:00+00:00,0.4167,sell_yes,buy_yes,0.77,0.77,64.6533,0,0,0.775,0.765,closed,opposite_fill
82,Will there be no change in Fed interest rates after the September 2026 meeting?,2026-05-15T20:49:00+00:00,2026-05-15T21:12:00+00:00,0.3833,buy_yes,sell_yes,0.77,0.76,38.6267,-0.3863,-1,0.765,0.765,closed,opposite_fill
83,Will there be no change in Fed interest rates after the September 2026 meeting?,2026-05-15T21:12:00+00:00,2026-05-15T21:32:00+00:00,0.3333,sell_yes,buy_yes,0.76,0.76,64.6533,0,0,0.765,0.755,closed,opposite_fill
84,Will there be no change in Fed interest rates after the September 2026 meeting?,2026-05-15T21:32:00+00:00,2026-05-15T21:34:00+00:00,0.0333,buy_yes,sell_yes,0.76,0.76,38.6267,0,0,0.755,0.765,closed,opposite_fill
85,Will there be no change in Fed interest rates after the September 2026 meeting?,2026-05-15T21:34:00+00:00,2026-05-15T21:37:00+00:00,0.05,sell_yes,buy_yes,0.76,0.76,64.6533,0,0,0.765,0.755,closed,opposite_fill
86,Will there be no change in Fed interest rates after the September 2026 meeting?,2026-05-15T21:37:00+00:00,2026-05-15T22:45:00+00:00,1.1333,buy_yes,sell_yes,0.76,0.76,38.6267,0,0,0.755,0.765,closed,opposite_fill
87,Will there be no change in Fed interest rates after the September 2026 meeting?,2026-05-15T22:45:00+00:00,2026-05-15T22:46:00+00:00,0.0167,sell_yes,buy_yes,0.76,0.76,64.6533,0,0,0.765,0.755,closed,opposite_fill
88,Will there be no change in Fed interest rates after the September 2026 meeting?,2026-05-15T22:46:00+00:00,2026-05-15T23:37:00+00:00,0.85,buy_yes,sell_yes,0.76,0.76,38.6267,0,0,0.755,0.765,closed,opposite_fill
89,Will Édouard Philippe win the 2027 French presidential election?,2026-05-15T00:50:00+00:00,2026-05-16T00:00:00+00:00,23.1667,sell_yes,buy_yes,0.15,0.15,51.64,0,0,0.2,0.11,closed,opposite_fill
90,Bab el-Mandeb Strait effectively closed by September 30?,2026-05-14T01:28:00+00:00,2026-05-16T00:00:00+00:00,46.5333,buy_yes,sell_yes,0.24,0.2,103.28,-4.1312,-4,0.2,0.265,closed,opposite_fill
91,Will the Fed increase interest rates by 25 bps after the September 2026 meeting?,2026-05-15T07:57:00+00:00,2026-05-16T00:01:00+00:00,16.0667,buy_yes,sell_yes,0.08,0.13,100.182,5.0091,5,0.065,0.495,closed,opposite_fill
92,Will Ulf Kristersson be the next Prime Minister of Sweden?,2026-05-15T00:04:00+00:00,2026-05-16T00:01:00+00:00,23.95,sell_yes,buy_yes,0.17,0.25,1.5492,-0.1239,-8,0.245,0.235,closed,opposite_fill
93,Will there be no change in Fed interest rates after the September 2026 meeting?,2026-05-15T23:37:00+00:00,2026-05-16T00:02:00+00:00,0.4167,sell_yes,buy_yes,0.76,0.75,64.6533,0.6465,1,0.765,0.565,closed,opposite_fill
94,Will there be no change in Fed interest rates after the September 2026 meeting?,2026-05-16T00:02:00+00:00,2026-05-16T00:13:00+00:00,0.1833,buy_yes,sell_yes,0.75,0.56,41.7251,-7.9278,-19,0.565,0.755,closed,opposite_fill
95,Bab el-Mandeb Strait effectively closed by September 30?,2026-05-16T00:06:00+00:00,2026-05-16T00:26:00+00:00,0.3333,sell_yes,buy_yes,0.2,0.23,103.28,-3.0984,-3,0.22,0.22,closed,opposite_fill
96,Will Ulf Kristersson be the next Prime Minister of Sweden?,2026-05-16T00:01:00+00:00,2026-05-16T00:49:00+00:00,0.8,buy_yes,sell_yes,0.25,0.29,50.0908,2.0036,4,0.235,0.295,closed,opposite_fill
97,Will there be no change in Fed interest rates after the September 2026 meeting?,2026-05-16T00:13:00+00:00,2026-05-16T04:06:00+00:00,3.8833,sell_yes,buy_yes,0.56,0.78,61.5549,-13.5421,-22,0.755,0.77,closed,opposite_fill
98,Will there be no change in Fed interest rates after the September 2026 meeting?,2026-05-16T04:06:00+00:00,2026-05-16T04:19:00+00:00,0.2167,buy_yes,sell_yes,0.78,0.79,41.7251,0.4173,1,0.77,0.795,closed,opposite_fill
99,Will there be no change in Fed interest rates after the September 2026 meeting?,2026-05-16T04:19:00+00:00,2026-05-16T08:42:00+00:00,4.3833,sell_yes,buy_yes,0.79,0.81,61.5549,-1.2311,-2,0.795,0.805,closed,opposite_fill
100,Fed Rate Hike by October 2026 Meeting?,2026-05-15T08:37:00+00:00,2026-05-16T16:28:00+00:00,31.85,sell_yes,buy_yes,0.26,0.25,50.6072,0.5061,1,0.265,0.245,closed,opposite_fill
101,Fed Rate Hike by October 2026 Meeting?,2026-05-16T16:28:00+00:00,2026-05-16T16:32:00+00:00,0.0667,buy_yes,sell_yes,0.25,0.25,52.6728,0,0,0.245,0.255,closed,opposite_fill
102,Fed Rate Hike by October 2026 Meeting?,2026-05-16T16:32:00+00:00,2026-05-16T18:05:00+00:00,1.55,sell_yes,buy_yes,0.25,0.25,50.6072,0,0,0.255,0.24,closed,opposite_fill
103,Fed Rate Hike by October 2026 Meeting?,2026-05-16T18:05:00+00:00,2026-05-16T18:12:00+00:00,0.1167,buy_yes,sell_yes,0.25,0.25,52.6728,0,0,0.24,0.255,closed,opposite_fill
104,Fed Rate Hike by October 2026 Meeting?,2026-05-16T18:12:00+00:00,2026-05-16T20:21:00+00:00,2.15,sell_yes,buy_yes,0.25,0.26,50.6072,-0.5061,-1,0.255,0.255,closed,opposite_fill
105,Fed Rate Hike by October 2026 Meeting?,2026-05-16T20:21:00+00:00,2026-05-16T20:23:00+00:00,0.0333,buy_yes,sell_yes,0.26,0.26,52.6728,0,0,0.255,0.265,closed,opposite_fill
106,Fed Rate Hike by October 2026 Meeting?,2026-05-16T20:23:00+00:00,2026-05-16T23:26:00+00:00,3.05,sell_yes,buy_yes,0.26,0.25,50.6072,0.5061,1,0.265,0.245,closed,opposite_fill
107,Fed Rate Hike by October 2026 Meeting?,2026-05-16T23:26:00+00:00,2026-05-16T23:27:00+00:00,0.0167,buy_yes,sell_yes,0.25,0.25,52.6728,0,0,0.245,0.26,closed,opposite_fill
108,Will Édouard Philippe win the 2027 French presidential election?,2026-05-16T00:16:00+00:00,2026-05-17T00:00:00+00:00,23.7333,sell_yes,buy_yes,0.15,0.15,51.64,0,0,0.195,0.115,closed,opposite_fill
109,Will Ulf Kristersson be the next Prime Minister of Sweden?,2026-05-16T00:49:00+00:00,2026-05-17T00:00:00+00:00,23.1833,sell_yes,buy_yes,0.29,0.22,1.5492,0.1084,7,0.295,0.195,closed,opposite_fill
110,Bab el-Mandeb Strait effectively closed by September 30?,2026-05-16T00:26:00+00:00,2026-05-17T00:00:00+00:00,23.5667,buy_yes,sell_yes,0.23,0.26,30.984,0.9295,3,0.22,0.285,closed,opposite_fill
111,Bab el-Mandeb Strait effectively closed by September 30?,2026-05-16T00:29:00+00:00,2026-05-17T00:00:00+00:00,23.5167,buy_yes,sell_yes,0.19,0.26,72.296,5.0607,7,0.17,0.285,closed,opposite_fill
112,Will Ulf Kristersson be the next Prime Minister of Sweden?,2026-05-17T00:00:00+00:00,2026-05-17T00:08:00+00:00,0.1333,buy_yes,sell_yes,0.22,0.2,50.0908,-1.0018,-2,0.195,0.285,closed,opposite_fill
113,Fed Rate Hike by October 2026 Meeting?,2026-05-16T23:27:00+00:00,2026-05-17T00:25:00+00:00,0.9667,sell_yes,buy_yes,0.25,0.24,50.6072,0.5061,1,0.26,0.195,closed,opposite_fill
114,Fed Rate Hike by October 2026 Meeting?,2026-05-17T00:25:00+00:00,2026-05-17T00:31:00+00:00,0.1,buy_yes,sell_yes,0.24,0.25,52.6728,0.5267,1,0.195,0.26,closed,opposite_fill
115,Will there be no change in Fed interest rates after the September 2026 meeting?,2026-05-16T08:42:00+00:00,2026-05-17T00:38:00+00:00,15.9333,buy_yes,sell_yes,0.81,0.57,41.7251,-10.014,-24,0.805,0.795,closed,opposite_fill
116,Fed Rate Hike by October 2026 Meeting?,2026-05-17T00:31:00+00:00,2026-05-17T01:25:00+00:00,0.9,sell_yes,buy_yes,0.25,0.25,50.6072,0,0,0.26,0.205,closed,opposite_fill
117,Bab el-Mandeb Strait effectively closed by September 30?,2026-05-16T00:29:00+00:00,2026-05-17T01:25:00+00:00,24.9333,buy_yes,sell_yes,0.19,0.25,30.984,1.859,6,0.17,0.27,closed,opposite_fill
118,Fed Rate Hike by October 2026 Meeting?,2026-05-17T01:25:00+00:00,2026-05-17T01:28:00+00:00,0.05,buy_yes,sell_yes,0.25,0.21,52.6728,-2.1069,-4,0.205,0.255,closed,opposite_fill
119,Fed Rate Hike by October 2026 Meeting?,2026-05-17T01:28:00+00:00,2026-05-17T02:19:00+00:00,0.85,sell_yes,buy_yes,0.21,0.24,50.6072,-1.5182,-3,0.255,0.19,closed,opposite_fill
120,Fed Rate Hike by October 2026 Meeting?,2026-05-17T02:19:00+00:00,2026-05-17T02:23:00+00:00,0.0667,buy_yes,sell_yes,0.24,0.21,52.6728,-1.5802,-3,0.19,0.25,closed,opposite_fill
121,Fed Rate Hike by October 2026 Meeting?,2026-05-17T02:23:00+00:00,2026-05-17T02:53:00+00:00,0.5,sell_yes,buy_yes,0.21,0.24,53.7056,-1.6112,-3,0.25,0.195,closed,opposite_fill
122,Fed Rate Hike by October 2026 Meeting?,2026-05-17T02:53:00+00:00,2026-05-17T02:56:00+00:00,0.05,buy_yes,sell_yes,0.24,0.21,49.5744,-1.4872,-3,0.195,0.255,closed,opposite_fill
123,Fed Rate Hike by October 2026 Meeting?,2026-05-17T02:56:00+00:00,2026-05-17T03:05:00+00:00,0.15,sell_yes,buy_yes,0.21,0.24,53.7056,-1.6112,-3,0.255,0.205,closed,opposite_fill
124,Fed Rate Hike by October 2026 Meeting?,2026-05-17T03:05:00+00:00,2026-05-17T04:18:00+00:00,1.2167,buy_yes,sell_yes,0.24,0.21,49.5744,-1.4872,-3,0.205,0.26,closed,opposite_fill
125,Fed Rate Hike by October 2026 Meeting?,2026-05-17T04:18:00+00:00,2026-05-17T04:49:00+00:00,0.5167,sell_yes,buy_yes,0.21,0.26,53.7056,-2.6853,-5,0.26,0.255,closed,opposite_fill
126,Fed Rate Hike by October 2026 Meeting?,2026-05-17T04:49:00+00:00,2026-05-17T04:59:00+00:00,0.1667,buy_yes,sell_yes,0.26,0.25,55.7712,-0.5577,-1,0.255,0.26,closed,opposite_fill
127,Fed Rate Hike by October 2026 Meeting?,2026-05-17T04:59:00+00:00,2026-05-17T05:54:00+00:00,0.9167,sell_yes,buy_yes,0.25,0.26,47.5088,-0.4751,-1,0.26,0.255,closed,opposite_fill
128,Fed Rate Hike by October 2026 Meeting?,2026-05-17T05:54:00+00:00,2026-05-17T05:56:00+00:00,0.0333,buy_yes,sell_yes,0.26,0.26,55.7712,0,0,0.255,0.265,closed,opposite_fill
129,Fed Rate Hike by October 2026 Meeting?,2026-05-17T05:56:00+00:00,2026-05-17T06:02:00+00:00,0.1,sell_yes,buy_yes,0.26,0.25,47.5088,0.4751,1,0.265,0.245,closed,opposite_fill
130,Fed Rate Hike by October 2026 Meeting?,2026-05-17T06:02:00+00:00,2026-05-17T06:05:00+00:00,0.05,buy_yes,sell_yes,0.25,0.26,55.7712,0.5577,1,0.245,0.27,closed,opposite_fill
131,Fed Rate Hike by October 2026 Meeting?,2026-05-17T06:05:00+00:00,2026-05-17T08:08:00+00:00,2.05,sell_yes,buy_yes,0.26,0.28,47.5088,-0.9502,-2,0.27,0.265,closed,opposite_fill
132,Fed Rate Hike by October 2026 Meeting?,2026-05-17T08:08:00+00:00,2026-05-17T10:22:00+00:00,2.2333,buy_yes,sell_yes,0.28,0.27,55.7712,-0.5577,-1,0.265,0.275,closed,opposite_fill
133,Fed Rate Hike by October 2026 Meeting?,2026-05-17T10:22:00+00:00,2026-05-17T10:37:00+00:00,0.25,sell_yes,buy_yes,0.27,0.27,47.5088,0,0,0.275,0.265,closed,opposite_fill
134,Fed Rate Hike by October 2026 Meeting?,2026-05-17T10:37:00+00:00,2026-05-17T10:55:00+00:00,0.3,buy_yes,sell_yes,0.27,0.27,55.7712,0,0,0.265,0.275,closed,opposite_fill
135,Fed Rate Hike by October 2026 Meeting?,2026-05-17T10:55:00+00:00,2026-05-17T11:07:00+00:00,0.2,sell_yes,buy_yes,0.27,0.27,47.5088,0,0,0.275,0.265,closed,opposite_fill
136,Fed Rate Hike by October 2026 Meeting?,2026-05-17T11:07:00+00:00,2026-05-17T11:10:00+00:00,0.05,buy_yes,sell_yes,0.27,0.27,55.7712,0,0,0.265,0.275,closed,opposite_fill
137,Fed Rate Hike by October 2026 Meeting?,2026-05-17T11:10:00+00:00,2026-05-17T11:21:00+00:00,0.1833,sell_yes,buy_yes,0.27,0.27,47.5088,0,0,0.275,0.265,closed,opposite_fill
138,Fed Rate Hike by October 2026 Meeting?,2026-05-17T11:21:00+00:00,2026-05-17T11:25:00+00:00,0.0667,buy_yes,sell_yes,0.27,0.27,55.7712,0,0,0.265,0.275,closed,opposite_fill
139,Fed Rate Hike by October 2026 Meeting?,2026-05-17T11:25:00+00:00,2026-05-17T11:36:00+00:00,0.1833,sell_yes,buy_yes,0.27,0.27,47.5088,0,0,0.275,0.265,closed,opposite_fill
140,Fed Rate Hike by October 2026 Meeting?,2026-05-17T11:36:00+00:00,2026-05-17T11:39:00+00:00,0.05,buy_yes,sell_yes,0.27,0.27,55.7712,0,0,0.265,0.275,closed,opposite_fill
141,Fed Rate Hike by October 2026 Meeting?,2026-05-17T11:39:00+00:00,2026-05-17T11:50:00+00:00,0.1833,sell_yes,buy_yes,0.27,0.27,47.5088,0,0,0.275,0.265,closed,opposite_fill
142,Fed Rate Hike by October 2026 Meeting?,2026-05-17T11:50:00+00:00,2026-05-17T11:53:00+00:00,0.05,buy_yes,sell_yes,0.27,0.27,55.7712,0,0,0.265,0.275,closed,opposite_fill
143,Fed Rate Hike by October 2026 Meeting?,2026-05-17T11:53:00+00:00,2026-05-17T12:08:00+00:00,0.25,sell_yes,buy_yes,0.27,0.27,47.5088,0,0,0.275,0.265,closed,opposite_fill
144,Fed Rate Hike by October 2026 Meeting?,2026-05-17T12:08:00+00:00,2026-05-17T12:10:00+00:00,0.0333,buy_yes,sell_yes,0.27,0.27,55.7712,0,0,0.265,0.275,closed,opposite_fill
145,Fed Rate Hike by October 2026 Meeting?,2026-05-17T12:10:00+00:00,2026-05-17T12:24:00+00:00,0.2333,sell_yes,buy_yes,0.27,0.27,47.5088,0,0,0.275,0.265,closed,opposite_fill
146,Fed Rate Hike by October 2026 Meeting?,2026-05-17T12:24:00+00:00,2026-05-17T12:42:00+00:00,0.3,buy_yes,sell_yes,0.27,0.27,55.7712,0,0,0.265,0.275,closed,opposite_fill
147,Fed Rate Hike by October 2026 Meeting?,2026-05-17T12:42:00+00:00,2026-05-17T12:52:00+00:00,0.1667,sell_yes,buy_yes,0.27,0.27,47.5088,0,0,0.275,0.265,closed,opposite_fill
148,Fed Rate Hike by October 2026 Meeting?,2026-05-17T12:52:00+00:00,2026-05-17T12:56:00+00:00,0.0667,buy_yes,sell_yes,0.27,0.27,55.7712,0,0,0.265,0.275,closed,opposite_fill
149,Fed Rate Hike by October 2026 Meeting?,2026-05-17T12:56:00+00:00,2026-05-17T13:13:00+00:00,0.2833,sell_yes,buy_yes,0.27,0.28,53.7056,-0.5371,-1,0.275,0.27,closed,opposite_fill
150,Fed Rate Hike by October 2026 Meeting?,2026-05-17T13:13:00+00:00,2026-05-17T13:26:00+00:00,0.2167,buy_yes,sell_yes,0.28,0.27,49.5744,-0.4957,-1,0.27,0.275,closed,opposite_fill
151,Fed Rate Hike by October 2026 Meeting?,2026-05-17T13:26:00+00:00,2026-05-17T13:35:00+00:00,0.15,sell_yes,buy_yes,0.27,0.28,59.9024,-0.599,-1,0.275,0.275,closed,opposite_fill
152,Fed Rate Hike by October 2026 Meeting?,2026-05-17T13:35:00+00:00,2026-05-17T13:40:00+00:00,0.0833,buy_yes,sell_yes,0.28,0.27,43.3776,-0.4338,-1,0.275,0.275,closed,opposite_fill
153,Fed Rate Hike by October 2026 Meeting?,2026-05-17T13:40:00+00:00,2026-05-17T16:35:00+00:00,2.9167,sell_yes,buy_yes,0.27,0.27,59.9024,0,0,0.275,0.265,closed,opposite_fill
154,Fed Rate Hike by October 2026 Meeting?,2026-05-17T16:35:00+00:00,2026-05-17T18:10:00+00:00,1.5833,buy_yes,sell_yes,0.27,0.27,43.3776,0,0,0.265,0.275,closed,opposite_fill
155,Bab el-Mandeb Strait effectively closed by September 30?,2026-05-17T01:25:00+00:00,2026-05-17T18:16:00+00:00,16.85,sell_yes,buy_yes,0.25,0.25,72.296,0,0,0.27,0.235,closed,opposite_fill
156,Fed Rate Hike by October 2026 Meeting?,2026-05-17T18:10:00+00:00,2026-05-17T18:51:00+00:00,0.6833,sell_yes,buy_yes,0.27,0.27,59.9024,0,0,0.275,0.265,closed,opposite_fill
157,Fed Rate Hike by October 2026 Meeting?,2026-05-17T18:51:00+00:00,2026-05-17T18:55:00+00:00,0.0667,buy_yes,sell_yes,0.27,0.27,43.3776,0,0,0.265,0.275,closed,opposite_fill
158,Bab el-Mandeb Strait effectively closed by September 30?,2026-05-17T18:16:00+00:00,2026-05-17T19:23:00+00:00,1.1167,buy_yes,sell_yes,0.25,0.24,30.984,-0.3098,-1,0.235,0.25,closed,opposite_fill
159,Will United Russia (ER) gain the most seats in the next Russian parliamentary election?,2026-05-17T00:00:00+00:00,2026-05-17T19:28:00+00:00,19.4667,sell_yes,buy_yes,0.66,0.61,51.64,2.582,5,0.675,0.605,closed,opposite_fill
160,Fed Rate Hike by October 2026 Meeting?,2026-05-17T18:55:00+00:00,2026-05-17T20:06:00+00:00,1.1833,sell_yes,buy_yes,0.27,0.27,59.9024,0,0,0.275,0.265,closed,opposite_fill
161,Fed Rate Hike by October 2026 Meeting?,2026-05-17T20:06:00+00:00,2026-05-17T20:09:00+00:00,0.05,buy_yes,sell_yes,0.27,0.27,43.3776,0,0,0.265,0.275,closed,opposite_fill
162,Fed Rate Hike by October 2026 Meeting?,2026-05-17T20:09:00+00:00,2026-05-17T20:20:00+00:00,0.1833,sell_yes,buy_yes,0.27,0.27,59.9024,0,0,0.275,0.265,closed,opposite_fill
163,Fed Rate Hike by October 2026 Meeting?,2026-05-17T20:20:00+00:00,2026-05-17T20:24:00+00:00,0.0667,buy_yes,sell_yes,0.27,0.27,43.3776,0,0,0.265,0.275,closed,opposite_fill
164,Fed Rate Hike by October 2026 Meeting?,2026-05-17T20:24:00+00:00,2026-05-17T20:38:00+00:00,0.2333,sell_yes,buy_yes,0.27,0.27,59.9024,0,0,0.275,0.265,closed,opposite_fill
165,Fed Rate Hike by October 2026 Meeting?,2026-05-17T20:38:00+00:00,2026-05-17T20:55:00+00:00,0.2833,buy_yes,sell_yes,0.27,0.27,43.3776,0,0,0.265,0.275,closed,opposite_fill
166,Fed Rate Hike by October 2026 Meeting?,2026-05-17T20:55:00+00:00,2026-05-17T21:51:00+00:00,0.9333,sell_yes,buy_yes,0.27,0.27,59.9024,0,0,0.275,0.265,closed,opposite_fill
167,Fed Rate Hike by October 2026 Meeting?,2026-05-17T21:51:00+00:00,2026-05-17T21:54:00+00:00,0.05,buy_yes,sell_yes,0.27,0.27,43.3776,0,0,0.265,0.275,closed,opposite_fill
168,Fed Rate Hike by October 2026 Meeting?,2026-05-17T21:54:00+00:00,2026-05-17T22:08:00+00:00,0.2333,sell_yes,buy_yes,0.27,0.27,59.9024,0,0,0.275,0.265,closed,opposite_fill
169,Fed Rate Hike by October 2026 Meeting?,2026-05-17T22:08:00+00:00,2026-05-17T22:10:00+00:00,0.0333,buy_yes,sell_yes,0.27,0.27,43.3776,0,0,0.265,0.275,closed,opposite_fill
170,Fed Rate Hike by October 2026 Meeting?,2026-05-17T22:10:00+00:00,2026-05-17T22:37:00+00:00,0.45,sell_yes,buy_yes,0.27,0.27,59.9024,0,0,0.275,0.265,closed,opposite_fill
171,Fed Rate Hike by October 2026 Meeting?,2026-05-17T22:37:00+00:00,2026-05-17T22:41:00+00:00,0.0667,buy_yes,sell_yes,0.27,0.27,43.3776,0,0,0.265,0.275,closed,opposite_fill
172,Fed Rate Hike by October 2026 Meeting?,2026-05-17T22:41:00+00:00,2026-05-17T22:52:00+00:00,0.1833,sell_yes,buy_yes,0.27,0.27,59.9024,0,0,0.275,0.265,closed,opposite_fill
173,Fed Rate Hike by October 2026 Meeting?,2026-05-17T22:52:00+00:00,2026-05-17T23:09:00+00:00,0.2833,buy_yes,sell_yes,0.27,0.27,43.3776,0,0,0.265,0.275,closed,opposite_fill
174,Fed Rate Hike by October 2026 Meeting?,2026-05-17T23:09:00+00:00,2026-05-17T23:20:00+00:00,0.1833,sell_yes,buy_yes,0.27,0.27,59.9024,0,0,0.275,0.265,closed,opposite_fill
175,Fed Rate Hike by October 2026 Meeting?,2026-05-17T23:20:00+00:00,2026-05-17T23:24:00+00:00,0.0667,buy_yes,sell_yes,0.27,0.27,43.3776,0,0,0.265,0.275,closed,opposite_fill
176,Will Ulf Kristersson be the next Prime Minister of Sweden?,2026-05-17T00:08:00+00:00,2026-05-18T00:00:00+00:00,23.8667,sell_yes,buy_yes,0.2,0.25,1.5492,-0.0775,-5,0.285,0.195,closed,opposite_fill
177,Will Ulf Kristersson be the next Prime Minister of Sweden?,2026-05-18T00:00:00+00:00,2026-05-18T00:02:00+00:00,0.0333,buy_yes,sell_yes,0.25,0.2,50.0908,-2.5045,-5,0.195,0.29,closed,opposite_fill
178,Will there be no change in Fed interest rates after the September 2026 meeting?,2026-05-17T00:38:00+00:00,2026-05-18T00:03:00+00:00,23.4167,sell_yes,buy_yes,0.57,0.8,61.5549,-14.1576,-23,0.795,0.475,closed,opposite_fill
179,Bab el-Mandeb Strait effectively closed by September 30?,2026-05-17T19:23:00+00:00,2026-05-18T00:04:00+00:00,4.6833,sell_yes,buy_yes,0.24,0.36,72.296,-8.6755,-12,0.25,0.26,closed,opposite_fill
180,Will United Russia (ER) gain the most seats in the next Russian parliamentary election?,2026-05-18T00:00:00+00:00,2026-05-18T00:05:00+00:00,0.0833,buy_yes,sell_yes,0.57,0.57,51.64,0,0,0.46,0.6,closed,opposite_fill
181,Will there be no change in Fed interest rates after the September 2026 meeting?,2026-05-18T00:03:00+00:00,2026-05-18T00:06:00+00:00,0.05,buy_yes,sell_yes,0.8,0.48,41.7251,-13.352,-32,0.475,0.805,closed,opposite_fill
182,Fed Rate Hike by October 2026 Meeting?,2026-05-17T23:24:00+00:00,2026-05-18T00:07:00+00:00,0.7167,sell_yes,buy_yes,0.27,0.5,59.9024,-13.7776,-23,0.275,0.42,closed,opposite_fill
183,Will Édouard Philippe win the 2027 French presidential election?,2026-05-18T00:00:00+00:00,2026-05-18T00:07:00+00:00,0.1167,buy_yes,sell_yes,0.16,0.12,51.64,-2.0656,-4,0.115,0.19,closed,opposite_fill
184,Fed Rate Hike by October 2026 Meeting?,2026-05-18T00:07:00+00:00,2026-05-18T00:11:00+00:00,0.0667,buy_yes,sell_yes,0.5,0.44,43.3776,-2.6027,-6,0.42,0.52,closed,opposite_fill
185,Bab el-Mandeb Strait effectively closed by September 30?,2026-05-18T00:04:00+00:00,2026-05-18T00:13:00+00:00,0.15,buy_yes,sell_yes,0.36,0.27,30.984,-2.7886,-9,0.26,0.36,closed,opposite_fill
186,Fed Rate Hike by October 2026 Meeting?,2026-05-18T00:11:00+00:00,2026-05-18T00:15:00+00:00,0.0667,sell_yes,buy_yes,0.44,0.52,59.9024,-4.7922,-8,0.52,0.435,closed,opposite_fill
187,Fed Rate Hike by October 2026 Meeting?,2026-05-18T00:15:00+00:00,2026-05-18T00:20:00+00:00,0.0833,buy_yes,sell_yes,0.52,0.44,43.3776,-3.4702,-8,0.435,0.52,closed,opposite_fill
188,Fed Rate Hike by October 2026 Meeting?,2026-05-18T00:20:00+00:00,2026-05-18T00:38:00+00:00,0.3,sell_yes,buy_yes,0.44,0.51,59.9024,-4.1932,-7,0.52,0.455,closed,opposite_fill
189,Fed Rate Hike by October 2026 Meeting?,2026-05-18T00:38:00+00:00,2026-05-18T00:40:00+00:00,0.0333,buy_yes,sell_yes,0.51,0.43,43.3776,-3.4702,-8,0.455,0.51,closed,opposite_fill
190,Fed Rate Hike by October 2026 Meeting?,2026-05-18T00:40:00+00:00,2026-05-18T00:49:00+00:00,0.15,sell_yes,buy_yes,0.43,0.51,59.9024,-4.7922,-8,0.51,0.43,closed,opposite_fill
191,Fed Rate Hike by October 2026 Meeting?,2026-05-18T00:49:00+00:00,2026-05-18T00:57:00+00:00,0.1333,buy_yes,sell_yes,0.51,0.43,46.476,-3.7181,-8,0.43,0.52,closed,opposite_fill
192,Fed Rate Hike by October 2026 Meeting?,2026-05-18T00:57:00+00:00,2026-05-18T00:59:00+00:00,0.0333,sell_yes,buy_yes,0.43,0.51,56.804,-4.5443,-8,0.52,0.42,closed,opposite_fill
193,Fed Rate Hike by October 2026 Meeting?,2026-05-18T00:59:00+00:00,2026-05-18T01:03:00+00:00,0.0667,buy_yes,sell_yes,0.51,0.43,46.476,-3.7181,-8,0.42,0.43,closed,opposite_fill
194,Fed Rate Hike by October 2026 Meeting?,2026-05-18T01:03:00+00:00,2026-05-18T01:10:00+00:00,0.1167,sell_yes,buy_yes,0.43,0.51,112.575,-9.006,-8,0.43,0.495,closed,opposite_fill
195,Fed Rate Hike by October 2026 Meeting?,2026-05-18T01:10:00+00:00,2026-05-18T01:11:00+00:00,0.0167,buy_yes,sell_yes,0.51,0.5,37.1808,-0.3718,-1,0.495,0.52,closed,opposite_fill
196,Fed Rate Hike by October 2026 Meeting?,2026-05-18T01:11:00+00:00,2026-05-18T01:14:00+00:00,0.05,sell_yes,buy_yes,0.5,0.51,66.0992,-0.661,-1,0.52,0.42,closed,opposite_fill
197,Fed Rate Hike by October 2026 Meeting?,2026-05-18T01:14:00+00:00,2026-05-18T01:18:00+00:00,0.0667,buy_yes,sell_yes,0.51,0.43,37.1808,-2.9745,-8,0.42,0.43,closed,opposite_fill
198,Fed Rate Hike by October 2026 Meeting?,2026-05-18T01:18:00+00:00,2026-05-18T01:27:00+00:00,0.15,sell_yes,buy_yes,0.43,0.51,103.28,-8.2624,-8,0.43,0.43,closed,opposite_fill
199,Fed Rate Hike by October 2026 Meeting?,2026-05-18T01:18:00+00:00,2026-05-18T01:33:00+00:00,0.25,sell_yes,buy_yes,0.43,0.51,18.5904,-1.4872,-8,0.43,0.43,closed,opposite_fill
200,Fed Rate Hike by October 2026 Meeting?,2026-05-18T01:33:00+00:00,2026-05-18T01:41:00+00:00,0.1333,buy_yes,sell_yes,0.51,0.45,84.6896,-5.0814,-6,0.43,0.52,closed,opposite_fill
201,Fed Rate Hike by October 2026 Meeting?,2026-05-18T01:41:00+00:00,2026-05-18T01:44:00+00:00,0.05,sell_yes,buy_yes,0.45,0.5,18.5904,-0.9295,-5,0.52,0.42,closed,opposite_fill
202,Fed Rate Hike by October 2026 Meeting?,2026-05-18T01:44:00+00:00,2026-05-18T01:46:00+00:00,0.0333,buy_yes,sell_yes,0.5,0.44,84.6896,-5.0814,-6,0.42,0.52,closed,opposite_fill
203,Fed Rate Hike by October 2026 Meeting?,2026-05-18T01:46:00+00:00,2026-05-18T01:51:00+00:00,0.0833,sell_yes,buy_yes,0.44,0.51,18.5904,-1.3013,-7,0.52,0.43,closed,opposite_fill
204,Fed Rate Hike by October 2026 Meeting?,2026-05-18T01:51:00+00:00,2026-05-18T01:54:00+00:00,0.05,buy_yes,sell_yes,0.51,0.45,84.6896,-5.0814,-6,0.43,0.52,closed,opposite_fill
205,Fed Rate Hike by October 2026 Meeting?,2026-05-18T01:54:00+00:00,2026-05-18T01:58:00+00:00,0.0667,sell_yes,buy_yes,0.45,0.51,18.5904,-1.1154,-6,0.52,0.42,closed,opposite_fill
206,Fed Rate Hike by October 2026 Meeting?,2026-05-18T01:58:00+00:00,2026-05-18T02:00:00+00:00,0.0333,buy_yes,sell_yes,0.51,0.44,84.6896,-5.9283,-7,0.42,0.51,closed,opposite_fill
207,Fed Rate Hike by October 2026 Meeting?,2026-05-18T02:00:00+00:00,2026-05-18T02:03:00+00:00,0.05,sell_yes,buy_yes,0.44,0.51,18.5904,-1.3013,-7,0.51,0.43,closed,opposite_fill
208,Fed Rate Hike by October 2026 Meeting?,2026-05-18T02:03:00+00:00,2026-05-18T02:13:00+00:00,0.1667,buy_yes,sell_yes,0.51,0.46,84.6896,-4.2345,-5,0.43,0.53,closed,opposite_fill
209,Fed Rate Hike by October 2026 Meeting?,2026-05-18T02:13:00+00:00,2026-05-18T02:31:00+00:00,0.3,sell_yes,buy_yes,0.46,0.5,18.5904,-0.7436,-4,0.53,0.42,closed,opposite_fill
210,Fed Rate Hike by October 2026 Meeting?,2026-05-18T02:31:00+00:00,2026-05-18T02:50:00+00:00,0.3167,buy_yes,sell_yes,0.5,0.45,84.6896,-4.2345,-5,0.42,0.52,closed,opposite_fill
211,Fed Rate Hike by October 2026 Meeting?,2026-05-18T02:50:00+00:00,2026-05-18T02:55:00+00:00,0.0833,sell_yes,buy_yes,0.45,0.51,18.5904,-1.1154,-6,0.52,0.435,closed,opposite_fill
212,Fed Rate Hike by October 2026 Meeting?,2026-05-18T02:55:00+00:00,2026-05-18T03:00:00+00:00,0.0833,buy_yes,sell_yes,0.51,0.44,84.6896,-5.9283,-7,0.435,0.5,closed,opposite_fill
213,Fed Rate Hike by October 2026 Meeting?,2026-05-18T03:00:00+00:00,2026-05-18T03:06:00+00:00,0.1,sell_yes,buy_yes,0.44,0.49,18.5904,-0.9295,-5,0.5,0.435,closed,opposite_fill
214,Fed Rate Hike by October 2026 Meeting?,2026-05-18T03:06:00+00:00,2026-05-18T03:08:00+00:00,0.0333,buy_yes,sell_yes,0.49,0.46,84.6896,-2.5407,-3,0.435,0.505,closed,opposite_fill
215,Fed Rate Hike by October 2026 Meeting?,2026-05-18T03:08:00+00:00,2026-05-18T03:23:00+00:00,0.25,sell_yes,buy_yes,0.46,0.5,18.5904,-0.7436,-4,0.505,0.44,closed,opposite_fill
216,Fed Rate Hike by October 2026 Meeting?,2026-05-18T03:23:00+00:00,2026-05-18T03:36:00+00:00,0.2167,buy_yes,sell_yes,0.5,0.46,84.6896,-3.3876,-4,0.44,0.505,closed,opposite_fill
217,Fed Rate Hike by October 2026 Meeting?,2026-05-18T03:36:00+00:00,2026-05-18T03:38:00+00:00,0.0333,sell_yes,buy_yes,0.46,0.5,18.5904,-0.7436,-4,0.505,0.44,closed,opposite_fill
218,Fed Rate Hike by October 2026 Meeting?,2026-05-18T03:38:00+00:00,2026-05-18T03:43:00+00:00,0.0833,buy_yes,sell_yes,0.5,0.45,84.6896,-4.2345,-5,0.44,0.495,closed,opposite_fill
219,Fed Rate Hike by October 2026 Meeting?,2026-05-18T03:43:00+00:00,2026-05-18T03:58:00+00:00,0.25,sell_yes,buy_yes,0.45,0.49,18.5904,-0.7436,-4,0.495,0.43,closed,opposite_fill
220,Fed Rate Hike by October 2026 Meeting?,2026-05-18T03:58:00+00:00,2026-05-18T04:09:00+00:00,0.1833,buy_yes,sell_yes,0.49,0.43,84.6896,-5.0814,-6,0.43,0.495,closed,opposite_fill
221,Fed Rate Hike by October 2026 Meeting?,2026-05-18T04:09:00+00:00,2026-05-18T04:11:00+00:00,0.0333,sell_yes,buy_yes,0.43,0.48,18.5904,-0.9295,-5,0.495,0.42,closed,opposite_fill
222,Fed Rate Hike by October 2026 Meeting?,2026-05-18T04:11:00+00:00,2026-05-18T04:14:00+00:00,0.05,buy_yes,sell_yes,0.48,0.45,84.6896,-2.5407,-3,0.42,0.495,closed,opposite_fill
223,Fed Rate Hike by October 2026 Meeting?,2026-05-18T04:14:00+00:00,2026-05-18T04:24:00+00:00,0.1667,sell_yes,buy_yes,0.45,0.49,18.5904,-0.7436,-4,0.495,0.43,closed,opposite_fill
224,Fed Rate Hike by October 2026 Meeting?,2026-05-18T04:24:00+00:00,2026-05-18T04:27:00+00:00,0.05,buy_yes,sell_yes,0.49,0.45,84.6896,-3.3876,-4,0.43,0.5,closed,opposite_fill
225,Will there be no change in Fed interest rates after the September 2026 meeting?,2026-05-18T00:06:00+00:00,2026-05-18T04:41:00+00:00,4.5833,sell_yes,buy_yes,0.48,0.81,61.5549,-20.3131,-33,0.805,0.805,closed,opposite_fill
226,Fed Rate Hike by October 2026 Meeting?,2026-05-18T04:27:00+00:00,2026-05-18T04:44:00+00:00,0.2833,sell_yes,buy_yes,0.45,0.52,34.0824,-2.3858,-7,0.5,0.51,closed,opposite_fill
227,Fed Rate Hike by October 2026 Meeting?,2026-05-18T04:44:00+00:00,2026-05-18T05:00:00+00:00,0.2667,buy_yes,sell_yes,0.52,0.43,69.1976,-6.2278,-9,0.51,0.43,closed,opposite_fill
228,Fed Rate Hike by October 2026 Meeting?,2026-05-18T05:00:00+00:00,2026-05-18T05:06:00+00:00,0.1,sell_yes,buy_yes,0.43,0.5,80.5584,-5.6391,-7,0.43,0.495,closed,opposite_fill
229,Fed Rate Hike by October 2026 Meeting?,2026-05-18T05:06:00+00:00,2026-05-18T05:17:00+00:00,0.1833,buy_yes,sell_yes,0.5,0.43,22.7216,-1.5905,-7,0.495,0.49,closed,opposite_fill
230,Fed Rate Hike by October 2026 Meeting?,2026-05-18T05:17:00+00:00,2026-05-18T05:30:00+00:00,0.2167,sell_yes,buy_yes,0.43,0.48,80.5584,-4.0279,-5,0.49,0.42,closed,opposite_fill
231,Fed Rate Hike by October 2026 Meeting?,2026-05-18T05:30:00+00:00,2026-05-18T05:33:00+00:00,0.05,buy_yes,sell_yes,0.48,0.43,22.7216,-1.1361,-5,0.42,0.49,closed,opposite_fill
232,Fed Rate Hike by October 2026 Meeting?,2026-05-18T05:33:00+00:00,2026-05-18T07:18:00+00:00,1.75,sell_yes,buy_yes,0.43,0.47,80.5584,-3.2223,-4,0.49,0.27,closed,opposite_fill
233,Clarity Act (H.R.3633) signed into law in 2026?,2026-05-14T14:48:00+00:00,2026-05-18T11:34:00+00:00,92.7667,buy_yes,sell_yes,0.64,0.62,51.64,-1.0328,-2,0.635,0.625,closed,opposite_fill
234,Will there be no change in Fed interest rates after the September 2026 meeting?,2026-05-18T04:41:00+00:00,2026-05-18T14:59:00+00:00,10.3,buy_yes,sell_yes,0.81,0.81,44.8235,0,0,0.805,0.815,closed,opposite_fill
235,Fed Rate Hike by October 2026 Meeting?,2026-05-18T07:18:00+00:00,2026-05-18T17:07:00+00:00,9.8167,buy_yes,sell_yes,0.47,0.27,22.7216,-4.5443,-20,0.27,0.275,closed,opposite_fill
236,Fed Rate Hike by October 2026 Meeting?,2026-05-18T17:07:00+00:00,2026-05-18T17:34:00+00:00,0.45,sell_yes,buy_yes,0.27,0.26,80.5584,0.8056,1,0.275,0.255,closed,opposite_fill
237,Fed Rate Hike by October 2026 Meeting?,2026-05-18T17:34:00+00:00,2026-05-18T20:39:00+00:00,3.0833,buy_yes,sell_yes,0.26,0.26,22.7216,0,0,0.255,0.265,closed,opposite_fill
238,Fed Rate Hike by October 2026 Meeting?,2026-05-18T20:39:00+00:00,2026-05-18T20:43:00+00:00,0.0667,sell_yes,buy_yes,0.26,0.26,80.5584,0,0,0.265,0.255,closed,opposite_fill
239,Fed Rate Hike by October 2026 Meeting?,2026-05-18T20:43:00+00:00,2026-05-18T20:51:00+00:00,0.1333,buy_yes,sell_yes,0.26,0.26,22.7216,0,0,0.255,0.265,closed,opposite_fill
240,Fed Rate Hike by October 2026 Meeting?,2026-05-18T20:51:00+00:00,2026-05-18T20:57:00+00:00,0.1,sell_yes,buy_yes,0.26,0.27,86.7552,-0.8676,-1,0.265,0.265,closed,opposite_fill
241,Fed Rate Hike by October 2026 Meeting?,2026-05-18T20:57:00+00:00,2026-05-18T21:23:00+00:00,0.4333,buy_yes,sell_yes,0.27,0.26,19.6232,-0.1962,-1,0.265,0.265,closed,opposite_fill
242,Fed Rate Hike by October 2026 Meeting?,2026-05-18T21:23:00+00:00,2026-05-18T22:08:00+00:00,0.75,sell_yes,buy_yes,0.26,0.27,83.6568,-0.8366,-1,0.265,0.25,closed,opposite_fill
243,Fed Rate Hike by October 2026 Meeting?,2026-05-18T22:08:00+00:00,2026-05-18T22:18:00+00:00,0.1667,buy_yes,sell_yes,0.27,0.26,19.6232,-0.1962,-1,0.25,0.275,closed,opposite_fill
244,Fed Rate Hike by October 2026 Meeting?,2026-05-18T22:18:00+00:00,2026-05-18T22:31:00+00:00,0.2167,sell_yes,buy_yes,0.26,0.26,83.6568,0,0,0.275,0.255,closed,opposite_fill
245,Will Ulf Kristersson be the next Prime Minister of Sweden?,2026-05-18T00:02:00+00:00,2026-05-19T00:01:00+00:00,23.9833,sell_yes,buy_yes,0.2,0.25,3.0984,-0.1549,-5,0.29,0.195,closed,opposite_fill
246,Bab el-Mandeb Strait effectively closed by September 30?,2026-05-18T00:13:00+00:00,2026-05-19T00:06:00+00:00,23.8833,sell_yes,buy_yes,0.27,0.23,72.296,2.8918,4,0.36,0.165,closed,opposite_fill
247,Fed Rate Hike by October 2026 Meeting?,2026-05-18T22:31:00+00:00,2026-05-19T00:17:00+00:00,1.7667,buy_yes,sell_yes,0.26,0.26,22.7216,0,0,0.255,0.43,closed,opposite_fill
248,Will there be no change in Fed interest rates after the September 2026 meeting?,2026-05-18T14:59:00+00:00,2026-05-19T00:20:00+00:00,9.35,sell_yes,buy_yes,0.81,0.81,58.4565,0,0,0.815,0.805,closed,opposite_fill
249,Will Ulf Kristersson be the next Prime Minister of Sweden?,2026-05-19T00:01:00+00:00,2026-05-19T00:41:00+00:00,0.6667,buy_yes,sell_yes,0.25,0.29,48.5416,1.9417,4,0.195,0.29,closed,opposite_fill
250,Bab el-Mandeb Strait effectively closed by September 30?,2026-05-19T00:06:00+00:00,2026-05-19T00:49:00+00:00,0.7167,buy_yes,sell_yes,0.23,0.17,30.984,-1.859,-6,0.165,0.25,closed,opposite_fill
251,Fed Rate Hike by October 2026 Meeting?,2026-05-19T00:17:00+00:00,2026-05-19T02:47:00+00:00,2.5,sell_yes,buy_yes,0.26,0.25,80.5584,0.8056,1,0.43,0.24,closed,opposite_fill
252,Bab el-Mandeb Strait effectively closed by September 30?,2026-05-19T00:49:00+00:00,2026-05-19T07:00:00+00:00,6.1833,sell_yes,buy_yes,0.17,0.23,72.296,-4.3378,-6,0.25,0.23,closed,opposite_fill
253,Will United Russia (ER) gain the most seats in the next Russian parliamentary election?,2026-05-19T00:00:00+00:00,2026-05-19T09:27:00+00:00,9.45,buy_yes,sell_yes,0.57,0.6,51.64,1.5492,3,0.415,0.605,closed,opposite_fill
254,Fed Rate Hike by October 2026 Meeting?,2026-05-19T02:47:00+00:00,2026-05-19T10:55:00+00:00,8.1333,buy_yes,sell_yes,0.25,0.24,22.7216,-0.2272,-1,0.24,0.245,closed,opposite_fill
255,Will the Sweden Democrats (SD) win the second most seats in the 2026 Swedish parliamentary election?,2026-05-19T21:04:00+00:00,2026-05-19T21:15:00+00:00,0.1833,buy_yes,sell_yes,0.46,0.47,63.827,0.6383,1,0.4,0.495,closed,opposite_fill
256,Will the Moderate Party (M) win the second most seats in the 2026 Swedish parliamentary election?,2026-05-19T21:05:00+00:00,2026-05-19T21:29:00+00:00,0.4,buy_yes,sell_yes,0.46,0.46,61.968,0,0,0.395,0.475,closed,opposite_fill
257,Will the Sweden Democrats (SD) win the third most seats in the 2026 Swedish parliamentary election?,2026-05-19T21:24:00+00:00,2026-05-19T21:31:00+00:00,0.1167,buy_yes,sell_yes,0.44,0.46,46.476,0.9295,2,0.43,0.495,closed,opposite_fill
258,Will the Sweden Democrats (SD) win the second most seats in the 2026 Swedish parliamentary election?,2026-05-19T21:04:00+00:00,2026-05-19T22:55:00+00:00,1.85,buy_yes,sell_yes,0.46,0.54,1.85904,0.1487,8,0.4,0.67,closed,opposite_fill
259,Will the Moderate Party (M) win the third most seats in the 2026 Swedish parliamentary election?,2026-05-19T21:31:00+00:00,2026-05-19T23:09:00+00:00,1.6333,sell_yes,buy_yes,0.54,0.44,46.476,4.6476,10,0.56,0.4,closed,opposite_fill
260,Will Spider-Man: Brand New Day be the top grossing movie of 2026?,2026-05-18T00:00:00+00:00,2026-05-19T23:23:00+00:00,47.3833,sell_yes,buy_yes,0.61,0.61,25.82,0,0,0.695,0.6,closed,opposite_fill
261,Will Harry Kane win the 2026 Ballon d'Or?,2026-05-14T00:05:00+00:00,2026-05-20T00:00:00+00:00,143.917,buy_yes,sell_yes,0.2,0.23,0.85206,0.0256,3,0.176,0.283,closed,opposite_fill
262,Will there be no change in Fed interest rates after the September 2026 meeting?,2026-05-19T00:20:00+00:00,2026-05-20T00:03:00+00:00,23.7167,buy_yes,sell_yes,0.81,0.76,44.8235,-2.2412,-5,0.805,0.765,closed,opposite_fill
263,Will there be no change in Fed interest rates after the September 2026 meeting?,2026-05-20T00:03:00+00:00,2026-05-20T00:05:00+00:00,0.0333,sell_yes,buy_yes,0.76,0.76,58.4565,0,0,0.765,0.75,closed,opposite_fill
264,Will the Sweden Democrats (SD) win the second most seats in the 2026 Swedish parliamentary election?,2026-05-19T22:55:00+00:00,2026-05-20T00:06:00+00:00,1.1833,sell_yes,buy_yes,0.54,0.67,60.109,-7.8142,-13,0.67,0.67,closed,opposite_fill
265,Will the Moderate Party (M) win the third most seats in the 2026 Swedish parliamentary election?,2026-05-20T00:04:00+00:00,2026-05-20T00:06:00+00:00,0.0333,sell_yes,buy_yes,0.43,0.46,46.476,-1.3943,-3,0.47,0.44,closed,opposite_fill
266,Will Édouard Philippe win the 2027 French presidential election?,2026-05-18T00:07:00+00:00,2026-05-20T00:07:00+00:00,48,sell_yes,buy_yes,0.12,0.2,1.5492,-0.1239,-8,0.19,0.17,closed,opposite_fill
267,Will Édouard Philippe win the 2027 French presidential election?,2026-05-19T00:05:00+00:00,2026-05-20T00:07:00+00:00,24.0333,sell_yes,buy_yes,0.24,0.2,50.0908,2.0036,4,0.245,0.17,closed,opposite_fill
268,Will the Moderate Party (M) win the second most seats in the 2026 Swedish parliamentary election?,2026-05-20T00:00:00+00:00,2026-05-20T00:07:00+00:00,0.1167,buy_yes,sell_yes,0.2,0.23,61.968,1.859,3,0.17,0.29,closed,opposite_fill
269,Will there be no change in Fed interest rates after the September 2026 meeting?,2026-05-20T00:05:00+00:00,2026-05-20T00:08:00+00:00,0.05,buy_yes,sell_yes,0.76,0.76,44.8235,0,0,0.75,0.765,closed,opposite_fill
270,Strait of Hormuz traffic returns to normal by December 31?,2026-05-20T00:00:00+00:00,2026-05-20T00:10:00+00:00,0.1667,buy_yes,sell_yes,0.72,0.64,103.28,-8.2624,-8,0.635,0.735,closed,opposite_fill
271,Will there be no change in Fed interest rates after the September 2026 meeting?,2026-05-20T00:08:00+00:00,2026-05-20T00:11:00+00:00,0.05,sell_yes,buy_yes,0.76,0.76,58.4565,0,0,0.765,0.75,closed,opposite_fill
272,Bab el-Mandeb Strait effectively closed by September 30?,2026-05-19T07:00:00+00:00,2026-05-20T00:17:00+00:00,17.2833,buy_yes,sell_yes,0.23,0.17,30.984,-1.859,-6,0.23,0.26,closed,opposite_fill
273,Will there be no change in Fed interest rates after the September 2026 meeting?,2026-05-20T00:11:00+00:00,2026-05-20T00:19:00+00:00,0.1333,buy_yes,sell_yes,0.76,0.74,103.28,-2.0656,-2,0.75,0.76,closed,opposite_fill
274,Will there be no change in Fed interest rates after the September 2026 meeting?,2026-05-20T00:11:00+00:00,2026-05-20T00:21:00+00:00,0.1667,buy_yes,sell_yes,0.76,0.74,74.7747,-1.4955,-2,0.75,0.755,closed,opposite_fill
275,Will there be no change in Fed interest rates after the September 2026 meeting?,2026-05-20T00:21:00+00:00,2026-05-20T00:24:00+00:00,0.05,sell_yes,buy_yes,0.74,0.75,28.5053,-0.2851,-1,0.755,0.73,closed,opposite_fill
276,Will there be no change in Fed interest rates after the September 2026 meeting?,2026-05-20T00:24:00+00:00,2026-05-20T00:25:00+00:00,0.0167,buy_yes,sell_yes,0.75,0.74,74.7747,-0.7477,-1,0.73,0.755,closed,opposite_fill
277,Will Harry Kane win the 2026 Ballon d'Or?,2026-05-20T00:00:00+00:00,2026-05-20T00:28:00+00:00,0.4667,sell_yes,buy_yes,0.23,0.21,24.9679,0.4994,2,0.283,0.209,closed,opposite_fill
278,Will there be no change in Fed interest rates after the September 2026 meeting?,2026-05-20T00:25:00+00:00,2026-05-20T00:30:00+00:00,0.0833,sell_yes,buy_yes,0.74,0.75,28.5053,-0.2851,-1,0.755,0.73,closed,opposite_fill
279,Will there be no change in Fed interest rates after the September 2026 meeting?,2026-05-20T00:30:00+00:00,2026-05-20T00:31:00+00:00,0.0167,buy_yes,sell_yes,0.75,0.74,74.7747,-0.7477,-1,0.73,0.755,closed,opposite_fill
280,Will there be no change in Fed interest rates after the September 2026 meeting?,2026-05-20T00:31:00+00:00,2026-05-20T00:35:00+00:00,0.0667,sell_yes,buy_yes,0.74,0.75,28.5053,-0.2851,-1,0.755,0.73,closed,opposite_fill
281,Will there be no change in Fed interest rates after the September 2026 meeting?,2026-05-20T00:35:00+00:00,2026-05-20T00:36:00+00:00,0.0167,buy_yes,sell_yes,0.75,0.74,74.7747,-0.7477,-1,0.73,0.755,closed,opposite_fill
282,Will there be no change in Fed interest rates after the September 2026 meeting?,2026-05-20T00:36:00+00:00,2026-05-20T00:37:00+00:00,0.0167,sell_yes,buy_yes,0.74,0.75,28.5053,-0.2851,-1,0.755,0.73,closed,opposite_fill
283,Will there be no change in Fed interest rates after the September 2026 meeting?,2026-05-20T00:37:00+00:00,2026-05-20T00:38:00+00:00,0.0167,buy_yes,sell_yes,0.75,0.74,74.7747,-0.7477,-1,0.73,0.75,closed,opposite_fill
284,Will there be no change in Fed interest rates after the September 2026 meeting?,2026-05-20T00:38:00+00:00,2026-05-20T00:41:00+00:00,0.05,sell_yes,buy_yes,0.74,0.74,28.5053,0,0,0.75,0.73,closed,opposite_fill
285,Will there be no change in Fed interest rates after the September 2026 meeting?,2026-05-20T00:41:00+00:00,2026-05-20T00:42:00+00:00,0.0167,buy_yes,sell_yes,0.74,0.74,74.7747,0,0,0.73,0.75,closed,opposite_fill
286,Will there be no change in Fed interest rates after the September 2026 meeting?,2026-05-20T00:42:00+00:00,2026-05-20T00:44:00+00:00,0.0333,sell_yes,buy_yes,0.74,0.74,31.6037,0,0,0.75,0.73,closed,opposite_fill
287,Will there be no change in Fed interest rates after the September 2026 meeting?,2026-05-20T00:44:00+00:00,2026-05-20T00:45:00+00:00,0.0167,buy_yes,sell_yes,0.74,0.74,71.6763,0,0,0.73,0.755,closed,opposite_fill
288,Will there be no change in Fed interest rates after the September 2026 meeting?,2026-05-20T00:45:00+00:00,2026-05-20T00:48:00+00:00,0.05,sell_yes,buy_yes,0.74,0.75,34.7021,-0.347,-1,0.755,0.725,closed,opposite_fill
289,Will there be no change in Fed interest rates after the September 2026 meeting?,2026-05-20T00:48:00+00:00,2026-05-20T00:49:00+00:00,0.0167,buy_yes,sell_yes,0.75,0.73,68.5779,-1.3716,-2,0.725,0.755,closed,opposite_fill
290,Will there be no change in Fed interest rates after the September 2026 meeting?,2026-05-20T00:49:00+00:00,2026-05-20T00:53:00+00:00,0.0667,sell_yes,buy_yes,0.73,0.75,34.7021,-0.694,-2,0.755,0.725,closed,opposite_fill
291,Will there be no change in Fed interest rates after the September 2026 meeting?,2026-05-20T00:53:00+00:00,2026-05-20T00:54:00+00:00,0.0167,buy_yes,sell_yes,0.75,0.73,68.5779,-1.3716,-2,0.725,0.755,closed,opposite_fill
292,Will there be no change in Fed interest rates after the September 2026 meeting?,2026-05-20T00:54:00+00:00,2026-05-20T01:00:00+00:00,0.1,sell_yes,buy_yes,0.73,0.74,34.7021,-0.347,-1,0.755,0.725,closed,opposite_fill
293,Will there be no change in Fed interest rates after the September 2026 meeting?,2026-05-20T01:00:00+00:00,2026-05-20T01:02:00+00:00,0.0333,buy_yes,sell_yes,0.74,0.74,68.5779,0,0,0.725,0.75,closed,opposite_fill
294,Will there be no change in Fed interest rates after the September 2026 meeting?,2026-05-20T01:02:00+00:00,2026-05-20T01:07:00+00:00,0.0833,sell_yes,buy_yes,0.74,0.74,34.7021,0,0,0.75,0.73,closed,opposite_fill
295,Will there be no change in Fed interest rates after the September 2026 meeting?,2026-05-20T01:07:00+00:00,2026-05-20T01:08:00+00:00,0.0167,buy_yes,sell_yes,0.74,0.74,68.5779,0,0,0.73,0.75,closed,opposite_fill
296,Will there be no change in Fed interest rates after the September 2026 meeting?,2026-05-20T01:08:00+00:00,2026-05-20T01:09:00+00:00,0.0167,sell_yes,buy_yes,0.74,0.74,34.7021,0,0,0.75,0.73,closed,opposite_fill
297,Will there be no change in Fed interest rates after the September 2026 meeting?,2026-05-20T01:09:00+00:00,2026-05-20T01:10:00+00:00,0.0167,buy_yes,sell_yes,0.74,0.74,68.5779,0,0,0.73,0.755,closed,opposite_fill
298,Will there be no change in Fed interest rates after the September 2026 meeting?,2026-05-20T01:10:00+00:00,2026-05-20T01:11:00+00:00,0.0167,sell_yes,buy_yes,0.74,0.75,34.7021,-0.347,-1,0.755,0.73,closed,opposite_fill
299,Will there be no change in Fed interest rates after the September 2026 meeting?,2026-05-20T01:11:00+00:00,2026-05-20T01:12:00+00:00,0.0167,buy_yes,sell_yes,0.75,0.74,68.5779,-0.6858,-1,0.73,0.745,closed,opposite_fill
300,Will there be no change in Fed interest rates after the September 2026 meeting?,2026-05-20T01:12:00+00:00,2026-05-20T01:16:00+00:00,0.0667,sell_yes,buy_yes,0.74,0.74,40.8989,0,0,0.745,0.73,closed,opposite_fill
301,Will there be no change in Fed interest rates after the September 2026 meeting?,2026-05-20T01:16:00+00:00,2026-05-20T01:17:00+00:00,0.0167,buy_yes,sell_yes,0.74,0.74,62.3811,0,0,0.73,0.755,closed,opposite_fill
302,Will the Sweden Democrats (SD) win the third most seats in the 2026 Swedish parliamentary election?,2026-05-19T21:24:00+00:00,2026-05-20T01:18:00+00:00,3.9,buy_yes,sell_yes,0.44,0.32,1.39428,-0.1673,-12,0.43,0.335,closed,opposite_fill
303,Will the Sweden Democrats (SD) win the third most seats in the 2026 Swedish parliamentary election?,2026-05-19T22:57:00+00:00,2026-05-20T01:18:00+00:00,2.35,buy_yes,sell_yes,0.43,0.32,45.0817,-4.959,-11,0.405,0.335,closed,opposite_fill
304,Will there be no change in Fed interest rates after the September 2026 meeting?,2026-05-20T01:17:00+00:00,2026-05-20T01:18:00+00:00,0.0167,sell_yes,buy_yes,0.74,0.75,40.8989,-0.409,-1,0.755,0.73,closed,opposite_fill
305,Will the Moderate Party (M) win the third most seats in the 2026 Swedish parliamentary election?,2026-05-20T00:04:00+00:00,2026-05-20T01:18:00+00:00,1.2333,sell_yes,buy_yes,0.43,0.52,16.7314,-1.5058,-9,0.47,0.48,closed,opposite_fill
306,Will there be no change in Fed interest rates after the September 2026 meeting?,2026-05-20T01:18:00+00:00,2026-05-20T01:19:00+00:00,0.0167,buy_yes,sell_yes,0.75,0.74,62.3811,-0.6238,-1,0.73,0.755,closed,opposite_fill
307,Bab el-Mandeb Strait effectively closed by September 30?,2026-05-20T00:17:00+00:00,2026-05-20T01:21:00+00:00,1.0667,sell_yes,buy_yes,0.17,0.3,72.296,-9.3985,-13,0.26,0.255,closed,opposite_fill
308,Will there be no change in Fed interest rates after the September 2026 meeting?,2026-05-20T01:19:00+00:00,2026-05-20T01:25:00+00:00,0.1,sell_yes,buy_yes,0.74,0.75,40.8989,-0.409,-1,0.755,0.745,closed,opposite_fill
309,Will there be no change in Fed interest rates after the September 2026 meeting?,2026-05-20T01:25:00+00:00,2026-05-20T01:36:00+00:00,0.1833,buy_yes,sell_yes,0.75,0.75,62.3811,0,0,0.745,0.755,closed,opposite_fill
310,Will there be no change in Fed interest rates after the September 2026 meeting?,2026-05-20T01:36:00+00:00,2026-05-20T01:37:00+00:00,0.0167,sell_yes,buy_yes,0.75,0.75,40.8989,0,0,0.755,0.745,closed,opposite_fill
311,Will there be no change in Fed interest rates after the September 2026 meeting?,2026-05-20T01:37:00+00:00,2026-05-20T01:43:00+00:00,0.1,buy_yes,sell_yes,0.75,0.75,62.3811,0,0,0.745,0.76,closed,opposite_fill
312,Will there be no change in Fed interest rates after the September 2026 meeting?,2026-05-20T01:43:00+00:00,2026-05-20T01:44:00+00:00,0.0167,sell_yes,buy_yes,0.75,0.75,40.8989,0,0,0.76,0.745,closed,opposite_fill
313,Will there be no change in Fed interest rates after the September 2026 meeting?,2026-05-20T01:44:00+00:00,2026-05-20T01:45:00+00:00,0.0167,buy_yes,sell_yes,0.75,0.75,65.4795,0,0,0.745,0.755,closed,opposite_fill
314,Will there be no change in Fed interest rates after the September 2026 meeting?,2026-05-20T01:45:00+00:00,2026-05-20T01:51:00+00:00,0.1,sell_yes,buy_yes,0.75,0.75,37.8005,0,0,0.755,0.745,closed,opposite_fill
315,Will the Sweden Democrats (SD) win the third most seats in the 2026 Swedish parliamentary election?,2026-05-19T22:57:00+00:00,2026-05-20T01:52:00+00:00,2.9167,buy_yes,sell_yes,0.43,0.32,16.7314,-1.8404,-11,0.405,0.325,closed,opposite_fill
316,Will there be no change in Fed interest rates after the September 2026 meeting?,2026-05-20T01:51:00+00:00,2026-05-20T01:52:00+00:00,0.0167,buy_yes,sell_yes,0.75,0.75,65.4795,0,0,0.745,0.755,closed,opposite_fill
317,Will the Sweden Democrats (SD) win the third most seats in the 2026 Swedish parliamentary election?,2026-05-20T01:52:00+00:00,2026-05-20T01:53:00+00:00,0.0167,sell_yes,buy_yes,0.32,0.32,29.7446,0,0,0.325,0.245,closed,opposite_fill
318,Will there be no change in Fed interest rates after the September 2026 meeting?,2026-05-20T01:52:00+00:00,2026-05-20T01:58:00+00:00,0.1,sell_yes,buy_yes,0.75,0.75,37.8005,0,0,0.755,0.745,closed,opposite_fill
319,Will the Sweden Democrats (SD) win the third most seats in the 2026 Swedish parliamentary election?,2026-05-20T01:53:00+00:00,2026-05-20T01:59:00+00:00,0.1,buy_yes,sell_yes,0.32,0.32,16.7314,0,0,0.245,0.355,closed,opposite_fill
320,Will there be no change in Fed interest rates after the September 2026 meeting?,2026-05-20T01:58:00+00:00,2026-05-20T01:59:00+00:00,0.0167,buy_yes,sell_yes,0.75,0.75,65.4795,0,0,0.745,0.755,closed,opposite_fill
321,Will the Sweden Democrats (SD) win the third most seats in the 2026 Swedish parliamentary election?,2026-05-20T01:59:00+00:00,2026-05-20T02:00:00+00:00,0.0167,sell_yes,buy_yes,0.32,0.35,29.7446,-0.8923,-3,0.355,0.32,closed,opposite_fill
322,Will the Moderate Party (M) win the third most seats in the 2026 Swedish parliamentary election?,2026-05-20T01:18:00+00:00,2026-05-20T02:01:00+00:00,0.7167,buy_yes,sell_yes,0.52,0.47,29.7446,-1.4872,-5,0.48,0.475,closed,opposite_fill
323,Will the Sweden Democrats (SD) win the third most seats in the 2026 Swedish parliamentary election?,2026-05-20T02:00:00+00:00,2026-05-20T02:03:00+00:00,0.05,buy_yes,sell_yes,0.35,0.32,18.1256,-0.5438,-3,0.32,0.335,closed,opposite_fill
324,Will the Moderate Party (M) win the third most seats in the 2026 Swedish parliamentary election?,2026-05-20T02:01:00+00:00,2026-05-20T02:04:00+00:00,0.05,sell_yes,buy_yes,0.47,0.48,16.7314,-0.1673,-1,0.475,0.47,closed,opposite_fill
325,Will the Sweden Democrats (SD) win the third most seats in the 2026 Swedish parliamentary election?,2026-05-20T02:03:00+00:00,2026-05-20T02:05:00+00:00,0.0333,sell_yes,buy_yes,0.32,0.33,28.3504,-0.2835,-1,0.335,0.315,closed,opposite_fill
326,Will there be no change in Fed interest rates after the September 2026 meeting?,2026-05-20T01:59:00+00:00,2026-05-20T02:05:00+00:00,0.1,sell_yes,buy_yes,0.75,0.75,37.8005,0,0,0.755,0.745,closed,opposite_fill
327,Will there be no change in Fed interest rates after the September 2026 meeting?,2026-05-20T02:05:00+00:00,2026-05-20T02:06:00+00:00,0.0167,buy_yes,sell_yes,0.75,0.75,65.4795,0,0,0.745,0.755,closed,opposite_fill
328,Will there be no change in Fed interest rates after the September 2026 meeting?,2026-05-20T02:06:00+00:00,2026-05-20T02:14:00+00:00,0.1333,sell_yes,buy_yes,0.75,0.75,37.8005,0,0,0.755,0.745,closed,opposite_fill
329,Will the Moderate Party (M) win the third most seats in the 2026 Swedish parliamentary election?,2026-05-20T02:04:00+00:00,2026-05-20T02:17:00+00:00,0.2167,buy_yes,sell_yes,0.48,0.48,29.7446,0,0,0.47,0.485,closed,opposite_fill
330,Will the Sweden Democrats (SD) win the third most seats in the 2026 Swedish parliamentary election?,2026-05-20T02:05:00+00:00,2026-05-20T02:18:00+00:00,0.2167,buy_yes,sell_yes,0.33,0.28,18.1256,-0.9063,-5,0.315,0.325,closed,opposite_fill
331,Will the Sweden Democrats (SD) win the third most seats in the 2026 Swedish parliamentary election?,2026-05-20T02:18:00+00:00,2026-05-20T02:23:00+00:00,0.0833,sell_yes,buy_yes,0.28,0.34,29.7446,-1.7847,-6,0.325,0.33,closed,opposite_fill
332,Will the Sweden Democrats (SD) win the third most seats in the 2026 Swedish parliamentary election?,2026-05-20T02:23:00+00:00,2026-05-20T02:25:00+00:00,0.0333,buy_yes,sell_yes,0.34,0.31,22.3085,-0.6693,-3,0.33,0.315,closed,opposite_fill
333,Will the Sweden Democrats (SD) win the third most seats in the 2026 Swedish parliamentary election?,2026-05-20T02:25:00+00:00,2026-05-20T02:26:00+00:00,0.0167,sell_yes,buy_yes,0.31,0.31,24.1675,0,0,0.315,0.305,closed,opposite_fill
334,Will the Moderate Party (M) win the third most seats in the 2026 Swedish parliamentary election?,2026-05-20T02:17:00+00:00,2026-05-20T02:26:00+00:00,0.15,sell_yes,buy_yes,0.48,0.64,16.7314,-2.677,-16,0.485,0.635,closed,opposite_fill
335,Will the Moderate Party (M) win the third most seats in the 2026 Swedish parliamentary election?,2026-05-20T02:26:00+00:00,2026-05-20T02:27:00+00:00,0.0167,buy_yes,sell_yes,0.64,0.64,29.7446,0,0,0.635,0.66,closed,opposite_fill
336,Will the Moderate Party (M) win the third most seats in the 2026 Swedish parliamentary election?,2026-05-20T02:27:00+00:00,2026-05-20T02:28:00+00:00,0.0167,sell_yes,buy_yes,0.64,0.65,19.5199,-0.1952,-1,0.66,0.645,closed,opposite_fill
337,Will the Moderate Party (M) win the third most seats in the 2026 Swedish parliamentary election?,2026-05-20T02:28:00+00:00,2026-05-20T02:30:00+00:00,0.0333,buy_yes,sell_yes,0.65,0.65,26.9561,0,0,0.645,0.675,closed,opposite_fill
338,Will the Moderate Party (M) win the third most seats in the 2026 Swedish parliamentary election?,2026-05-20T02:30:00+00:00,2026-05-20T02:32:00+00:00,0.0333,sell_yes,buy_yes,0.65,0.67,34.857,-0.6971,-2,0.675,0.67,closed,opposite_fill
339,Will the Moderate Party (M) win the third most seats in the 2026 Swedish parliamentary election?,2026-05-20T02:32:00+00:00,2026-05-20T02:34:00+00:00,0.0333,buy_yes,sell_yes,0.67,0.68,11.619,0.1162,1,0.67,0.725,closed,opposite_fill
340,Will the Sweden Democrats (SD) win the third most seats in the 2026 Swedish parliamentary election?,2026-05-20T02:26:00+00:00,2026-05-20T02:35:00+00:00,0.15,buy_yes,sell_yes,0.31,0.27,33.4627,-1.3385,-4,0.305,0.295,closed,opposite_fill
341,Will the Sweden Democrats (SD) win the third most seats in the 2026 Swedish parliamentary election?,2026-05-20T02:35:00+00:00,2026-05-20T02:36:00+00:00,0.0167,sell_yes,buy_yes,0.27,0.29,25.5618,-0.5112,-2,0.295,0.285,closed,opposite_fill
342,Will the Sweden Democrats (SD) win the third most seats in the 2026 Swedish parliamentary election?,2026-05-20T02:36:00+00:00,2026-05-20T02:37:00+00:00,0.0167,buy_yes,sell_yes,0.29,0.29,20.9142,0,0,0.285,0.295,closed,opposite_fill
343,Will the Sweden Democrats (SD) win the third most seats in the 2026 Swedish parliamentary election?,2026-05-20T02:37:00+00:00,2026-05-20T02:41:00+00:00,0.0667,sell_yes,buy_yes,0.29,0.33,31.1389,-1.2456,-4,0.295,0.31,closed,opposite_fill
344,Will the Moderate Party (M) win the third most seats in the 2026 Swedish parliamentary election?,2026-05-20T02:34:00+00:00,2026-05-20T02:53:00+00:00,0.3167,sell_yes,buy_yes,0.68,0.77,36.2513,-3.2626,-9,0.725,0.755,closed,opposite_fill
345,Will the Sweden Democrats (SD) win the third most seats in the 2026 Swedish parliamentary election?,2026-05-20T02:41:00+00:00,2026-05-20T03:02:00+00:00,0.35,buy_yes,sell_yes,0.33,0.27,15.3371,-0.9202,-6,0.31,0.315,closed,opposite_fill
346,Will the Sweden Democrats (SD) win the third most seats in the 2026 Swedish parliamentary election?,2026-05-20T03:02:00+00:00,2026-05-20T03:06:00+00:00,0.0667,sell_yes,buy_yes,0.27,0.28,31.1389,-0.3114,-1,0.315,0.275,closed,opposite_fill
347,Will the Sweden Democrats (SD) win the third most seats in the 2026 Swedish parliamentary election?,2026-05-20T03:06:00+00:00,2026-05-20T03:12:00+00:00,0.1,buy_yes,sell_yes,0.28,0.24,26.4913,-1.0597,-4,0.275,0.32,closed,opposite_fill
348,Will the Sweden Democrats (SD) win the third most seats in the 2026 Swedish parliamentary election?,2026-05-20T03:12:00+00:00,2026-05-20T03:18:00+00:00,0.1,sell_yes,buy_yes,0.24,0.31,19.9847,-1.3989,-7,0.32,0.27,closed,opposite_fill
349,Fed Rate Hike by October 2026 Meeting?,2026-05-19T10:55:00+00:00,2026-05-20T08:22:00+00:00,21.45,sell_yes,buy_yes,0.24,0.27,80.5584,-2.4168,-3,0.245,0.265,closed,opposite_fill
350,Will no Fed rate cuts happen in 2026?,2026-05-15T10:52:00+00:00,2026-05-20T09:22:00+00:00,118.5,buy_yes,sell_yes,0.69,0.67,25.82,-0.5164,-2,0.6775,0.672,closed,opposite_fill
351,Bab el-Mandeb Strait effectively closed by September 30?,2026-05-20T01:21:00+00:00,2026-05-20T12:34:00+00:00,11.2167,buy_yes,sell_yes,0.3,0.23,30.984,-2.1689,-7,0.255,0.235,closed,opposite_fill
352,Bab el-Mandeb Strait effectively closed by September 30?,2026-05-20T12:34:00+00:00,2026-05-20T12:35:00+00:00,0.0167,sell_yes,buy_yes,0.23,0.23,72.296,0,0,0.235,0.23,closed,opposite_fill
353,Bab el-Mandeb Strait effectively closed by September 30?,2026-05-20T12:35:00+00:00,2026-05-20T14:47:00+00:00,2.2,buy_yes,sell_yes,0.23,0.22,30.984,-0.3098,-1,0.23,0.225,closed,opposite_fill
354,Will Ulf Kristersson be the next Prime Minister of Sweden?,2026-05-19T00:41:00+00:00,2026-05-20T15:22:00+00:00,38.6833,sell_yes,buy_yes,0.29,0.24,3.0984,0.1549,5,0.29,0.175,closed,opposite_fill
355,Bab el-Mandeb Strait effectively closed by September 30?,2026-05-20T14:47:00+00:00,2026-05-20T15:36:00+00:00,0.8167,sell_yes,buy_yes,0.22,0.22,72.296,0,0,0.225,0.215,closed,opposite_fill
356,Will there be no change in Fed interest rates after the September 2026 meeting?,2026-05-20T02:14:00+00:00,2026-05-20T15:49:00+00:00,13.5833,buy_yes,sell_yes,0.75,0.73,65.4795,-1.3096,-2,0.745,0.735,closed,opposite_fill
357,Bab el-Mandeb Strait effectively closed by September 30?,2026-05-20T15:36:00+00:00,2026-05-20T16:00:00+00:00,0.4,buy_yes,sell_yes,0.22,0.22,30.984,0,0,0.215,0.225,closed,opposite_fill
358,Bab el-Mandeb Strait effectively closed by September 30?,2026-05-20T16:00:00+00:00,2026-05-20T16:01:00+00:00,0.0167,sell_yes,buy_yes,0.22,0.22,72.296,0,0,0.225,0.215,closed,opposite_fill
359,Bab el-Mandeb Strait effectively closed by September 30?,2026-05-20T16:01:00+00:00,2026-05-20T16:12:00+00:00,0.1833,buy_yes,sell_yes,0.22,0.22,30.984,0,0,0.215,0.23,closed,opposite_fill
360,Will the Sweden Democrats (SD) win the third most seats in the 2026 Swedish parliamentary election?,2026-05-20T03:18:00+00:00,2026-05-20T22:38:00+00:00,19.3333,buy_yes,sell_yes,0.31,0.19,34.857,-4.1828,-12,0.27,0.195,closed,opposite_fill
361,Will Ulf Kristersson be the next Prime Minister of Sweden?,2026-05-20T15:22:00+00:00,2026-05-20T23:05:00+00:00,7.7167,buy_yes,sell_yes,0.24,0.19,48.5416,-2.4271,-5,0.175,0.22,closed,opposite_fill
362,Will Spider-Man: Brand New Day be the top grossing movie of 2026?,2026-05-19T23:23:00+00:00,2026-05-21T00:04:00+00:00,24.6833,buy_yes,sell_yes,0.61,0.59,0.7746,-0.0155,-2,0.6,0.595,closed,opposite_fill
363,Will Spider-Man: Brand New Day be the top grossing movie of 2026?,2026-05-21T00:00:00+00:00,2026-05-21T00:04:00+00:00,0.0667,buy_yes,sell_yes,0.57,0.59,25.0454,0.5009,2,0.465,0.595,closed,opposite_fill
364,Will the Sweden Democrats (SD) win the third most seats in the 2026 Swedish parliamentary election?,2026-05-20T22:38:00+00:00,2026-05-21T00:05:00+00:00,1.45,sell_yes,buy_yes,0.19,0.38,13.0133,-2.4725,-19,0.195,0.19,closed,opposite_fill
365,Will the Sweden Democrats (SD) win the third most seats in the 2026 Swedish parliamentary election?,2026-05-21T00:05:00+00:00,2026-05-21T00:20:00+00:00,0.25,buy_yes,sell_yes,0.38,0.21,33.4627,-5.6887,-17,0.19,0.21,closed,opposite_fill
366,Will there be no change in Fed interest rates after the September 2026 meeting?,2026-05-20T15:49:00+00:00,2026-05-21T00:49:00+00:00,9,sell_yes,buy_yes,0.73,0.73,37.8005,0,0,0.735,0.7,closed,opposite_fill
367,Bab el-Mandeb Strait effectively closed by September 30?,2026-05-20T16:12:00+00:00,2026-05-21T01:33:00+00:00,9.35,sell_yes,buy_yes,0.22,0.21,72.296,0.723,1,0.23,0.19,closed,opposite_fill
368,Bab el-Mandeb Strait effectively closed by September 30?,2026-05-21T01:33:00+00:00,2026-05-21T01:40:00+00:00,0.1167,buy_yes,sell_yes,0.21,0.2,30.984,-0.3098,-1,0.19,0.21,closed,opposite_fill
369,Will there be no change in Fed interest rates after the September 2026 meeting?,2026-05-21T00:49:00+00:00,2026-05-21T02:51:00+00:00,2.0333,buy_yes,sell_yes,0.73,0.71,65.4795,-1.3096,-2,0.7,0.72,closed,opposite_fill
370,Will the Moderate Party (M) win the second most seats in the 2026 Swedish parliamentary election?,2026-05-20T00:30:00+00:00,2026-05-21T03:19:00+00:00,26.8167,buy_yes,sell_yes,0.18,0.18,61.968,0,0,0.175,0.185,closed,opposite_fill
371,Will there be no change in Fed interest rates after the September 2026 meeting?,2026-05-21T02:51:00+00:00,2026-05-21T03:28:00+00:00,0.6167,sell_yes,buy_yes,0.71,0.73,37.8005,-0.756,-2,0.72,0.72,closed,opposite_fill
372,Bab el-Mandeb Strait effectively closed by September 30?,2026-05-21T01:40:00+00:00,2026-05-21T04:23:00+00:00,2.7167,sell_yes,buy_yes,0.2,0.21,72.296,-0.723,-1,0.21,0.2,closed,opposite_fill
373,Will there be no change in Fed interest rates after the September 2026 meeting?,2026-05-21T03:28:00+00:00,2026-05-21T05:09:00+00:00,1.6833,buy_yes,sell_yes,0.73,0.73,65.4795,0,0,0.72,0.74,closed,opposite_fill
374,Will there be no change in Fed interest rates after the September 2026 meeting?,2026-05-21T05:09:00+00:00,2026-05-21T05:15:00+00:00,0.1,sell_yes,buy_yes,0.73,0.73,37.8005,0,0,0.74,0.725,closed,opposite_fill
375,Will there be no change in Fed interest rates after the September 2026 meeting?,2026-05-21T05:15:00+00:00,2026-05-21T05:17:00+00:00,0.0333,buy_yes,sell_yes,0.73,0.73,65.4795,0,0,0.725,0.74,closed,opposite_fill
376,Will there be no change in Fed interest rates after the September 2026 meeting?,2026-05-21T05:17:00+00:00,2026-05-21T05:21:00+00:00,0.0667,sell_yes,buy_yes,0.73,0.73,37.8005,0,0,0.74,0.725,closed,opposite_fill
377,Will there be no change in Fed interest rates after the September 2026 meeting?,2026-05-21T05:21:00+00:00,2026-05-21T05:23:00+00:00,0.0333,buy_yes,sell_yes,0.73,0.73,65.4795,0,0,0.725,0.735,closed,opposite_fill
378,Will there be no change in Fed interest rates after the September 2026 meeting?,2026-05-21T05:23:00+00:00,2026-05-21T05:29:00+00:00,0.1,sell_yes,buy_yes,0.73,0.73,37.8005,0,0,0.735,0.725,closed,opposite_fill
379,Will there be no change in Fed interest rates after the September 2026 meeting?,2026-05-21T05:29:00+00:00,2026-05-21T05:31:00+00:00,0.0333,buy_yes,sell_yes,0.73,0.73,65.4795,0,0,0.725,0.735,closed,opposite_fill
380,Will there be no change in Fed interest rates after the September 2026 meeting?,2026-05-21T05:31:00+00:00,2026-05-21T05:33:00+00:00,0.0333,sell_yes,buy_yes,0.73,0.73,40.8989,0,0,0.735,0.72,closed,opposite_fill
381,Will there be no change in Fed interest rates after the September 2026 meeting?,2026-05-21T05:33:00+00:00,2026-05-21T05:34:00+00:00,0.0167,buy_yes,sell_yes,0.73,0.73,62.3811,0,0,0.72,0.735,closed,opposite_fill
382,Will there be no change in Fed interest rates after the September 2026 meeting?,2026-05-21T05:34:00+00:00,2026-05-21T05:47:00+00:00,0.2167,sell_yes,buy_yes,0.73,0.73,40.8989,0,0,0.735,0.725,closed,opposite_fill
383,Will there be no change in Fed interest rates after the September 2026 meeting?,2026-05-21T05:47:00+00:00,2026-05-21T05:49:00+00:00,0.0333,buy_yes,sell_yes,0.73,0.73,62.3811,0,0,0.725,0.735,closed,opposite_fill
384,Will there be no change in Fed interest rates after the September 2026 meeting?,2026-05-21T05:49:00+00:00,2026-05-21T05:54:00+00:00,0.0833,sell_yes,buy_yes,0.73,0.73,40.8989,0,0,0.735,0.72,closed,opposite_fill
385,Will there be no change in Fed interest rates after the September 2026 meeting?,2026-05-21T05:54:00+00:00,2026-05-21T05:56:00+00:00,0.0333,buy_yes,sell_yes,0.73,0.73,62.3811,0,0,0.72,0.74,closed,opposite_fill
386,Clarity Act (H.R.3633) signed into law in 2026?,2026-05-20T08:09:00+00:00,2026-05-21T09:18:00+00:00,25.15,buy_yes,sell_yes,0.57,0.57,51.64,0,0,0.555,0.57,closed,opposite_fill
387,Bab el-Mandeb Strait effectively closed by September 30?,2026-05-21T04:23:00+00:00,2026-05-21T10:44:00+00:00,6.35,buy_yes,sell_yes,0.21,0.2,30.984,-0.3098,-1,0.2,0.21,closed,opposite_fill
388,Bab el-Mandeb Strait effectively closed by September 30?,2026-05-21T10:44:00+00:00,2026-05-21T10:45:00+00:00,0.0167,sell_yes,buy_yes,0.2,0.21,75.3944,-0.7539,-1,0.21,0.2,closed,opposite_fill
389,Bab el-Mandeb Strait effectively closed by September 30?,2026-05-21T10:45:00+00:00,2026-05-21T10:46:00+00:00,0.0167,buy_yes,sell_yes,0.21,0.21,27.8856,0,0,0.2,0.21,closed,opposite_fill
390,Will the Moderate Party (M) win the second most seats in the 2026 Swedish parliamentary election?,2026-05-20T00:30:00+00:00,2026-05-21T12:14:00+00:00,35.7333,buy_yes,sell_yes,0.18,0.22,1.85904,0.0744,4,0.175,0.335,closed,opposite_fill
391,Will the Sweden Democrats (SD) win the third most seats in the 2026 Swedish parliamentary election?,2026-05-21T00:20:00+00:00,2026-05-21T12:18:00+00:00,11.9667,sell_yes,buy_yes,0.21,0.19,13.0133,0.2603,2,0.21,0.185,closed,opposite_fill
392,Will the Sweden Democrats (SD) win the third most seats in the 2026 Swedish parliamentary election?,2026-05-21T12:18:00+00:00,2026-05-21T12:19:00+00:00,0.0167,buy_yes,sell_yes,0.19,0.19,34.857,0,0,0.185,0.2,closed,opposite_fill
393,Will the Sweden Democrats (SD) win the third most seats in the 2026 Swedish parliamentary election?,2026-05-21T12:19:00+00:00,2026-05-21T12:28:00+00:00,0.15,sell_yes,buy_yes,0.19,0.19,11.619,0,0,0.2,0.185,closed,opposite_fill
394,Will the Sweden Democrats (SD) win the third most seats in the 2026 Swedish parliamentary election?,2026-05-21T12:28:00+00:00,2026-05-21T12:48:00+00:00,0.3333,buy_yes,sell_yes,0.19,0.18,34.857,-0.3486,-1,0.185,0.19,closed,opposite_fill
395,Will the Sweden Democrats (SD) win the third most seats in the 2026 Swedish parliamentary election?,2026-05-21T12:48:00+00:00,2026-05-21T13:29:00+00:00,0.6833,sell_yes,buy_yes,0.18,0.19,11.619,-0.1162,-1,0.19,0.18,closed,opposite_fill
396,Will the Sweden Democrats (SD) win the third most seats in the 2026 Swedish parliamentary election?,2026-05-21T13:29:00+00:00,2026-05-21T13:33:00+00:00,0.0667,buy_yes,sell_yes,0.19,0.19,34.857,0,0,0.18,0.2,closed,opposite_fill
397,Will the Sweden Democrats (SD) win the third most seats in the 2026 Swedish parliamentary election?,2026-05-21T13:33:00+00:00,2026-05-21T13:35:00+00:00,0.0333,sell_yes,buy_yes,0.19,0.19,11.619,0,0,0.2,0.185,closed,opposite_fill
398,Will the Sweden Democrats (SD) win the third most seats in the 2026 Swedish parliamentary election?,2026-05-21T13:35:00+00:00,2026-05-21T14:09:00+00:00,0.5667,buy_yes,sell_yes,0.19,0.19,34.857,0,0,0.185,0.2,closed,opposite_fill
399,Will the Sweden Democrats (SD) win the third most seats in the 2026 Swedish parliamentary election?,2026-05-21T14:09:00+00:00,2026-05-21T14:24:00+00:00,0.25,sell_yes,buy_yes,0.19,0.19,11.619,0,0,0.2,0.185,closed,opposite_fill
400,Will the Moderate Party (M) win the second most seats in the 2026 Swedish parliamentary election?,2026-05-21T12:14:00+00:00,2026-05-21T14:31:00+00:00,2.2833,sell_yes,buy_yes,0.22,0.32,60.109,-6.0109,-10,0.335,0.315,closed,opposite_fill
401,Will the Moderate Party (M) win the second most seats in the 2026 Swedish parliamentary election?,2026-05-21T14:31:00+00:00,2026-05-21T14:45:00+00:00,0.2333,buy_yes,sell_yes,0.32,0.29,5.57712,-0.1673,-3,0.315,0.295,closed,opposite_fill
402,Will the Moderate Party (M) win the third most seats in the 2026 Swedish parliamentary election?,2026-05-20T02:53:00+00:00,2026-05-21T14:51:00+00:00,35.9667,buy_yes,sell_yes,0.77,0.47,18.5904,-5.5771,-30,0.755,0.52,closed,opposite_fill
403,Will the Moderate Party (M) win the second most seats in the 2026 Swedish parliamentary election?,2026-05-21T14:45:00+00:00,2026-05-21T15:25:00+00:00,0.6667,sell_yes,buy_yes,0.29,0.26,56.3909,1.6917,3,0.295,0.255,closed,opposite_fill
404,Will the Moderate Party (M) win the second most seats in the 2026 Swedish parliamentary election?,2026-05-21T15:25:00+00:00,2026-05-21T16:10:00+00:00,0.75,buy_yes,sell_yes,0.26,0.25,5.57712,-0.0558,-1,0.255,0.275,closed,opposite_fill
405,Will the Moderate Party (M) win the second most seats in the 2026 Swedish parliamentary election?,2026-05-21T16:10:00+00:00,2026-05-21T17:52:00+00:00,1.7,sell_yes,buy_yes,0.25,0.28,56.3909,-1.6917,-3,0.275,0.275,closed,opposite_fill
406,Will the Moderate Party (M) win the second most seats in the 2026 Swedish parliamentary election?,2026-05-21T17:52:00+00:00,2026-05-21T17:54:00+00:00,0.0333,buy_yes,sell_yes,0.28,0.3,5.57712,0.1115,2,0.275,0.405,closed,opposite_fill
407,Bab el-Mandeb Strait effectively closed by September 30?,2026-05-21T10:46:00+00:00,2026-05-21T18:06:00+00:00,7.3333,sell_yes,buy_yes,0.21,0.23,81.5912,-1.6318,-2,0.21,0.23,closed,opposite_fill
408,Bab el-Mandeb Strait effectively closed by September 30?,2026-05-21T18:06:00+00:00,2026-05-21T18:11:00+00:00,0.0833,buy_yes,sell_yes,0.23,0.22,24.7872,-0.2479,-1,0.23,0.225,closed,opposite_fill
409,Bab el-Mandeb Strait effectively closed by September 30?,2026-05-21T18:11:00+00:00,2026-05-21T18:12:00+00:00,0.0167,sell_yes,buy_yes,0.22,0.22,78.4928,0,0,0.225,0.21,closed,opposite_fill
410,Will the Moderate Party (M) win the second most seats in the 2026 Swedish parliamentary election?,2026-05-21T17:54:00+00:00,2026-05-21T18:17:00+00:00,0.3833,sell_yes,buy_yes,0.3,0.27,56.3909,1.6917,3,0.405,0.265,closed,opposite_fill
411,Will the Moderate Party (M) win the second most seats in the 2026 Swedish parliamentary election?,2026-05-21T18:17:00+00:00,2026-05-21T18:29:00+00:00,0.2,buy_yes,sell_yes,0.27,0.28,11.1542,0.1115,1,0.265,0.31,closed,opposite_fill
412,Will the Moderate Party (M) win the second most seats in the 2026 Swedish parliamentary election?,2026-05-21T18:29:00+00:00,2026-05-21T18:53:00+00:00,0.4,sell_yes,buy_yes,0.28,0.29,63.827,-0.6383,-1,0.31,0.27,closed,opposite_fill
413,Bab el-Mandeb Strait effectively closed by September 30?,2026-05-21T18:12:00+00:00,2026-05-21T18:57:00+00:00,0.75,buy_yes,sell_yes,0.22,0.2,24.7872,-0.4957,-2,0.21,0.205,closed,opposite_fill
414,Bab el-Mandeb Strait effectively closed by September 30?,2026-05-21T18:57:00+00:00,2026-05-21T19:28:00+00:00,0.5167,sell_yes,buy_yes,0.2,0.2,78.4928,0,0,0.205,0.195,closed,opposite_fill
415,Will the Fed increase interest rates by 25 bps after the September 2026 meeting?,2026-05-16T00:01:00+00:00,2026-05-21T19:31:00+00:00,139.5,sell_yes,buy_yes,0.13,0.15,3.0984,-0.062,-2,0.495,0.145,closed,opposite_fill
416,Will the Fed increase interest rates by 25 bps after the September 2026 meeting?,2026-05-21T00:01:00+00:00,2026-05-21T19:31:00+00:00,19.5,sell_yes,buy_yes,0.18,0.15,103.28,3.0984,3,0.51,0.145,closed,opposite_fill
417,Bab el-Mandeb Strait effectively closed by September 30?,2026-05-21T19:28:00+00:00,2026-05-21T19:37:00+00:00,0.15,buy_yes,sell_yes,0.2,0.21,24.7872,0.2479,1,0.195,0.21,closed,opposite_fill
418,Will the Moderate Party (M) win the third most seats in the 2026 Swedish parliamentary election?,2026-05-21T14:51:00+00:00,2026-05-21T19:45:00+00:00,4.9,sell_yes,buy_yes,0.47,0.54,33.4627,-2.3424,-7,0.52,0.495,closed,opposite_fill
419,Will the Moderate Party (M) win the third most seats in the 2026 Swedish parliamentary election?,2026-05-21T19:45:00+00:00,2026-05-21T19:47:00+00:00,0.0333,buy_yes,sell_yes,0.54,0.49,13.0133,-0.6507,-5,0.495,0.545,closed,opposite_fill
420,Will the Sweden Democrats (SD) win the third most seats in the 2026 Swedish parliamentary election?,2026-05-21T14:24:00+00:00,2026-05-21T20:34:00+00:00,6.1667,buy_yes,sell_yes,0.19,0.19,34.857,0,0,0.185,0.195,closed,opposite_fill
421,Bab el-Mandeb Strait effectively closed by September 30?,2026-05-21T19:37:00+00:00,2026-05-21T21:36:00+00:00,1.9833,sell_yes,buy_yes,0.21,0.22,78.4928,-0.7849,-1,0.21,0.215,closed,opposite_fill
422,Will the Sweden Democrats (SD) win the third most seats in the 2026 Swedish parliamentary election?,2026-05-21T20:34:00+00:00,2026-05-21T22:03:00+00:00,1.4833,sell_yes,buy_yes,0.19,0.19,11.619,0,0,0.195,0.18,closed,opposite_fill
423,Will the Sweden Democrats (SD) win the third most seats in the 2026 Swedish parliamentary election?,2026-05-21T22:03:00+00:00,2026-05-21T22:04:00+00:00,0.0167,buy_yes,sell_yes,0.19,0.19,34.857,0,0,0.18,0.195,closed,opposite_fill
424,Bab el-Mandeb Strait effectively closed by September 30?,2026-05-21T21:36:00+00:00,2026-05-21T22:42:00+00:00,1.1,buy_yes,sell_yes,0.22,0.22,24.7872,0,0,0.215,0.225,closed,opposite_fill
425,Bab el-Mandeb Strait effectively closed by September 30?,2026-05-21T22:42:00+00:00,2026-05-21T22:43:00+00:00,0.0167,sell_yes,buy_yes,0.22,0.22,78.4928,0,0,0.225,0.215,closed,opposite_fill
426,Will the Moderate Party (M) win the second most seats in the 2026 Swedish parliamentary election?,2026-05-21T18:29:00+00:00,2026-05-21T22:53:00+00:00,4.4,sell_yes,buy_yes,0.28,0.26,18.5904,0.3718,2,0.31,0.25,closed,opposite_fill
427,Will the Moderate Party (M) win the second most seats in the 2026 Swedish parliamentary election?,2026-05-21T19:01:00+00:00,2026-05-21T22:53:00+00:00,3.8667,sell_yes,buy_yes,0.3,0.26,43.3776,1.7351,4,0.415,0.25,closed,opposite_fill
428,Will the Moderate Party (M) win the second most seats in the 2026 Swedish parliamentary election?,2026-05-21T19:01:00+00:00,2026-05-21T23:22:00+00:00,4.35,sell_yes,buy_yes,0.3,0.26,18.5904,0.7436,4,0.415,0.255,closed,opposite_fill
429,Will the Moderate Party (M) win the second most seats in the 2026 Swedish parliamentary election?,2026-05-21T23:22:00+00:00,2026-05-21T23:48:00+00:00,0.4333,buy_yes,sell_yes,0.26,0.27,28.7532,0.2875,1,0.255,0.37,closed,opposite_fill
430,Will Édouard Philippe win the 2027 French presidential election?,2026-05-19T00:05:00+00:00,2026-05-22T00:00:00+00:00,71.9167,sell_yes,buy_yes,0.24,0.16,1.5492,0.1239,8,0.245,0.12,closed,opposite_fill
431,Will Ulf Kristersson be the next Prime Minister of Sweden?,2026-05-20T23:05:00+00:00,2026-05-22T00:00:00+00:00,24.9167,sell_yes,buy_yes,0.19,0.17,3.0984,0.062,2,0.22,0.14,closed,opposite_fill
432,Will Édouard Philippe win the 2027 French presidential election?,2026-05-22T00:00:00+00:00,2026-05-22T00:06:00+00:00,0.1,buy_yes,sell_yes,0.16,0.13,50.0908,-1.5027,-3,0.12,0.21,closed,opposite_fill
433,Will the Moderate Party (M) win the third most seats in the 2026 Swedish parliamentary election?,2026-05-21T19:47:00+00:00,2026-05-22T00:21:00+00:00,4.5667,sell_yes,buy_yes,0.49,0.5,33.4627,-0.3346,-1,0.545,0.495,closed,opposite_fill
434,Will the Moderate Party (M) win the third most seats in the 2026 Swedish parliamentary election?,2026-05-22T00:21:00+00:00,2026-05-22T00:22:00+00:00,0.0167,buy_yes,sell_yes,0.5,0.5,17.1961,0,0,0.495,0.505,closed,opposite_fill
435,Will the Moderate Party (M) win the third most seats in the 2026 Swedish parliamentary election?,2026-05-22T00:22:00+00:00,2026-05-22T00:23:00+00:00,0.0167,sell_yes,buy_yes,0.5,0.5,40.4341,0,0,0.505,0.495,closed,opposite_fill
436,Will the Moderate Party (M) win the third most seats in the 2026 Swedish parliamentary election?,2026-05-22T00:23:00+00:00,2026-05-22T00:27:00+00:00,0.0667,buy_yes,sell_yes,0.5,0.51,6.04188,0.0604,1,0.495,0.545,closed,opposite_fill
437,Will the Fed increase interest rates by 25 bps after the September 2026 meeting?,2026-05-22T00:01:00+00:00,2026-05-22T00:38:00+00:00,0.6167,buy_yes,sell_yes,0.12,0.12,103.28,0,0,0.085,0.145,closed,opposite_fill
438,Will the Fed increase interest rates by 25 bps after the September 2026 meeting?,2026-05-22T00:44:00+00:00,2026-05-22T00:52:00+00:00,0.1333,buy_yes,sell_yes,0.12,0.12,103.28,0,0,0.085,0.145,closed,opposite_fill
439,Bab el-Mandeb Strait effectively closed by September 30?,2026-05-21T22:43:00+00:00,2026-05-22T01:03:00+00:00,2.3333,buy_yes,sell_yes,0.22,0.2,27.8856,-0.5577,-2,0.215,0.205,closed,opposite_fill
440,Bab el-Mandeb Strait effectively closed by September 30?,2026-05-22T01:03:00+00:00,2026-05-22T01:04:00+00:00,0.0167,sell_yes,buy_yes,0.2,0.2,75.3944,0,0,0.205,0.19,closed,opposite_fill
441,Will the Fed increase interest rates by 25 bps after the September 2026 meeting?,2026-05-22T00:55:00+00:00,2026-05-22T01:06:00+00:00,0.1833,sell_yes,buy_yes,0.11,0.11,103.28,0,0,0.15,0.085,closed,opposite_fill
442,Bab el-Mandeb Strait effectively closed by September 30?,2026-05-22T01:04:00+00:00,2026-05-22T01:12:00+00:00,0.1333,buy_yes,sell_yes,0.2,0.2,27.8856,0,0,0.19,0.205,closed,opposite_fill
443,Bab el-Mandeb Strait effectively closed by September 30?,2026-05-22T01:12:00+00:00,2026-05-22T01:13:00+00:00,0.0167,sell_yes,buy_yes,0.2,0.2,75.3944,0,0,0.205,0.19,closed,opposite_fill
444,Will the Moderate Party (M) win the second most seats in the 2026 Swedish parliamentary election?,2026-05-21T23:22:00+00:00,2026-05-22T02:02:00+00:00,2.6667,buy_yes,sell_yes,0.26,0.24,14.6244,-0.2925,-2,0.255,0.37,closed,opposite_fill
445,Will the Moderate Party (M) win the second most seats in the 2026 Swedish parliamentary election?,2026-05-21T23:52:00+00:00,2026-05-22T02:02:00+00:00,2.1667,buy_yes,sell_yes,0.32,0.24,47.3436,-3.7875,-8,0.295,0.37,closed,opposite_fill
446,Will the Moderate Party (M) win the second most seats in the 2026 Swedish parliamentary election?,2026-05-21T23:52:00+00:00,2026-05-22T02:08:00+00:00,2.2667,buy_yes,sell_yes,0.32,0.3,14.6244,-0.2925,-2,0.295,0.37,closed,opposite_fill
447,Will the Moderate Party (M) win the second most seats in the 2026 Swedish parliamentary election?,2026-05-22T02:08:00+00:00,2026-05-22T02:11:00+00:00,0.05,sell_yes,buy_yes,0.3,0.36,47.3436,-2.8406,-6,0.37,0.35,closed,opposite_fill
448,Will the Moderate Party (M) win the second most seats in the 2026 Swedish parliamentary election?,2026-05-22T02:11:00+00:00,2026-05-22T02:16:00+00:00,0.0833,buy_yes,sell_yes,0.36,0.33,16.4835,-0.4945,-3,0.35,0.345,closed,opposite_fill
449,Will the Moderate Party (M) win the second most seats in the 2026 Swedish parliamentary election?,2026-05-22T02:16:00+00:00,2026-05-22T02:18:00+00:00,0.0333,sell_yes,buy_yes,0.33,0.34,45.4845,-0.4548,-1,0.345,0.33,closed,opposite_fill
450,Bab el-Mandeb Strait effectively closed by September 30?,2026-05-22T01:13:00+00:00,2026-05-22T02:33:00+00:00,1.3333,buy_yes,sell_yes,0.2,0.21,27.8856,0.2789,1,0.19,0.21,closed,opposite_fill
451,Bab el-Mandeb Strait effectively closed by September 30?,2026-05-22T02:33:00+00:00,2026-05-22T02:34:00+00:00,0.0167,sell_yes,buy_yes,0.21,0.21,75.3944,0,0,0.21,0.195,closed,opposite_fill
452,Will the Moderate Party (M) win the second most seats in the 2026 Swedish parliamentary election?,2026-05-22T02:18:00+00:00,2026-05-22T02:52:00+00:00,0.5667,buy_yes,sell_yes,0.34,0.24,25.7787,-2.5779,-10,0.33,0.31,closed,opposite_fill
453,Will the Moderate Party (M) win the second most seats in the 2026 Swedish parliamentary election?,2026-05-22T02:52:00+00:00,2026-05-22T02:57:00+00:00,0.0833,sell_yes,buy_yes,0.24,0.3,36.1893,-2.1714,-6,0.31,0.285,closed,opposite_fill
454,Will the Moderate Party (M) win the second most seats in the 2026 Swedish parliamentary election?,2026-05-22T02:57:00+00:00,2026-05-22T02:58:00+00:00,0.0167,buy_yes,sell_yes,0.3,0.29,25.7787,-0.2578,-1,0.285,0.31,closed,opposite_fill
455,Will the Moderate Party (M) win the third most seats in the 2026 Swedish parliamentary election?,2026-05-22T00:27:00+00:00,2026-05-22T03:04:00+00:00,2.6167,sell_yes,buy_yes,0.51,0.5,15.523,0.1552,1,0.545,0.49,closed,opposite_fill
456,Will the Moderate Party (M) win the third most seats in the 2026 Swedish parliamentary election?,2026-05-22T00:45:00+00:00,2026-05-22T03:04:00+00:00,2.3167,sell_yes,buy_yes,0.52,0.5,21.5649,0.4313,2,0.545,0.49,closed,opposite_fill
457,Will the Moderate Party (M) win the second most seats in the 2026 Swedish parliamentary election?,2026-05-22T02:58:00+00:00,2026-05-22T03:27:00+00:00,0.4833,sell_yes,buy_yes,0.29,0.27,39.9074,0.7981,2,0.31,0.25,closed,opposite_fill
458,Will the Moderate Party (M) win the second most seats in the 2026 Swedish parliamentary election?,2026-05-22T03:27:00+00:00,2026-05-22T03:59:00+00:00,0.5333,buy_yes,sell_yes,0.27,0.25,22.0606,-0.4412,-2,0.25,0.255,closed,opposite_fill
459,Bab el-Mandeb Strait effectively closed by September 30?,2026-05-22T02:34:00+00:00,2026-05-22T04:08:00+00:00,1.5667,buy_yes,sell_yes,0.21,0.2,27.8856,-0.2789,-1,0.195,0.205,closed,opposite_fill
460,Will the Moderate Party (M) win the second most seats in the 2026 Swedish parliamentary election?,2026-05-22T03:59:00+00:00,2026-05-22T04:28:00+00:00,0.4833,sell_yes,buy_yes,0.25,0.33,39.9074,-3.1926,-8,0.255,0.32,closed,opposite_fill
461,Will the Moderate Party (M) win the second most seats in the 2026 Swedish parliamentary election?,2026-05-22T04:28:00+00:00,2026-05-22T04:29:00+00:00,0.0167,buy_yes,sell_yes,0.33,0.33,22.0606,0,0,0.32,0.37,closed,opposite_fill
462,Will the Moderate Party (M) win the second most seats in the 2026 Swedish parliamentary election?,2026-05-22T04:29:00+00:00,2026-05-22T04:32:00+00:00,0.05,sell_yes,buy_yes,0.33,0.35,39.9074,-0.7981,-2,0.37,0.345,closed,opposite_fill
463,Will the Moderate Party (M) win the second most seats in the 2026 Swedish parliamentary election?,2026-05-22T04:32:00+00:00,2026-05-22T04:33:00+00:00,0.0167,buy_yes,sell_yes,0.35,0.35,33.2148,0,0,0.345,0.365,closed,opposite_fill
464,Will the Moderate Party (M) win the second most seats in the 2026 Swedish parliamentary election?,2026-05-22T04:33:00+00:00,2026-05-22T04:34:00+00:00,0.0167,sell_yes,buy_yes,0.35,0.36,28.7532,-0.2875,-1,0.365,0.345,closed,opposite_fill
465,Will the Moderate Party (M) win the second most seats in the 2026 Swedish parliamentary election?,2026-05-22T04:34:00+00:00,2026-05-22T04:51:00+00:00,0.2833,buy_yes,sell_yes,0.36,0.32,44.3691,-1.7748,-4,0.345,0.325,closed,opposite_fill
466,Will the Moderate Party (M) win the second most seats in the 2026 Swedish parliamentary election?,2026-05-22T04:51:00+00:00,2026-05-22T04:53:00+00:00,0.0333,sell_yes,buy_yes,0.32,0.33,19.458,-0.1946,-1,0.325,0.325,closed,opposite_fill
467,Will the Sweden Democrats (SD) win the third most seats in the 2026 Swedish parliamentary election?,2026-05-21T22:04:00+00:00,2026-05-22T05:05:00+00:00,7.0167,sell_yes,buy_yes,0.19,0.19,11.619,0,0,0.195,0.185,closed,opposite_fill
468,Will the Sweden Democrats (SD) win the third most seats in the 2026 Swedish parliamentary election?,2026-05-22T05:05:00+00:00,2026-05-22T05:06:00+00:00,0.0167,buy_yes,sell_yes,0.19,0.19,34.857,0,0,0.185,0.195,closed,opposite_fill
469,Will the Moderate Party (M) win the second most seats in the 2026 Swedish parliamentary election?,2026-05-22T04:53:00+00:00,2026-05-22T05:25:00+00:00,0.5333,buy_yes,sell_yes,0.33,0.28,44.3691,-2.2185,-5,0.325,0.31,closed,opposite_fill
470,Will the Moderate Party (M) win the second most seats in the 2026 Swedish parliamentary election?,2026-05-22T05:25:00+00:00,2026-05-22T05:29:00+00:00,0.0667,sell_yes,buy_yes,0.28,0.33,17.5989,-0.8799,-5,0.31,0.315,closed,opposite_fill
471,Will the Moderate Party (M) win the second most seats in the 2026 Swedish parliamentary election?,2026-05-22T05:29:00+00:00,2026-05-22T05:31:00+00:00,0.0333,buy_yes,sell_yes,0.33,0.31,44.3691,-0.8874,-2,0.315,0.34,closed,opposite_fill
472,Will the Moderate Party (M) win the second most seats in the 2026 Swedish parliamentary election?,2026-05-22T05:31:00+00:00,2026-05-22T05:36:00+00:00,0.0833,sell_yes,buy_yes,0.31,0.33,17.5989,-0.352,-2,0.34,0.33,closed,opposite_fill
473,Will the Moderate Party (M) win the second most seats in the 2026 Swedish parliamentary election?,2026-05-22T05:36:00+00:00,2026-05-22T05:37:00+00:00,0.0167,buy_yes,sell_yes,0.33,0.34,46.2281,0.4623,1,0.33,0.38,closed,opposite_fill
474,Will Ulf Kristersson be the next Prime Minister of Sweden?,2026-05-22T00:00:00+00:00,2026-05-22T05:38:00+00:00,5.6333,buy_yes,sell_yes,0.17,0.2,48.5416,1.4562,3,0.14,0.205,closed,opposite_fill
475,Will the Moderate Party (M) win the second most seats in the 2026 Swedish parliamentary election?,2026-05-22T05:37:00+00:00,2026-05-22T05:39:00+00:00,0.0333,sell_yes,buy_yes,0.34,0.36,15.7399,-0.3148,-2,0.38,0.35,closed,opposite_fill
476,Will the Moderate Party (M) win the second most seats in the 2026 Swedish parliamentary election?,2026-05-22T05:39:00+00:00,2026-05-22T05:43:00+00:00,0.0667,buy_yes,sell_yes,0.36,0.33,51.8052,-1.5542,-3,0.35,0.335,closed,opposite_fill
477,Will the Moderate Party (M) win the second most seats in the 2026 Swedish parliamentary election?,2026-05-22T05:43:00+00:00,2026-05-22T05:45:00+00:00,0.0333,sell_yes,buy_yes,0.33,0.33,10.1628,0,0,0.335,0.33,closed,opposite_fill
478,Will the Moderate Party (M) win the second most seats in the 2026 Swedish parliamentary election?,2026-05-22T05:45:00+00:00,2026-05-22T05:48:00+00:00,0.05,buy_yes,sell_yes,0.33,0.32,51.8052,-0.5181,-1,0.33,0.33,closed,opposite_fill
479,Will the Moderate Party (M) win the second most seats in the 2026 Swedish parliamentary election?,2026-05-22T05:48:00+00:00,2026-05-22T05:51:00+00:00,0.05,sell_yes,buy_yes,0.32,0.32,10.1628,0,0,0.33,0.315,closed,opposite_fill
480,Will the Moderate Party (M) win the second most seats in the 2026 Swedish parliamentary election?,2026-05-22T05:51:00+00:00,2026-05-22T06:02:00+00:00,0.1833,buy_yes,sell_yes,0.32,0.31,51.8052,-0.5181,-1,0.315,0.315,closed,opposite_fill
481,Will the Moderate Party (M) win the second most seats in the 2026 Swedish parliamentary election?,2026-05-22T06:02:00+00:00,2026-05-22T06:04:00+00:00,0.0333,sell_yes,buy_yes,0.31,0.31,10.1628,0,0,0.315,0.305,closed,opposite_fill
482,Will the Moderate Party (M) win the second most seats in the 2026 Swedish parliamentary election?,2026-05-22T06:04:00+00:00,2026-05-22T06:28:00+00:00,0.4,buy_yes,sell_yes,0.31,0.28,53.6643,-1.6099,-3,0.305,0.345,closed,opposite_fill
483,Will the Moderate Party (M) win the second most seats in the 2026 Swedish parliamentary election?,2026-05-22T06:28:00+00:00,2026-05-22T06:32:00+00:00,0.0667,sell_yes,buy_yes,0.28,0.3,8.30371,-0.1661,-2,0.345,0.28,closed,opposite_fill
484,Will the Moderate Party (M) win the second most seats in the 2026 Swedish parliamentary election?,2026-05-22T06:32:00+00:00,2026-05-22T06:36:00+00:00,0.0667,buy_yes,sell_yes,0.3,0.28,53.6643,-1.0733,-2,0.28,0.365,closed,opposite_fill
485,Will the Moderate Party (M) win the second most seats in the 2026 Swedish parliamentary election?,2026-05-22T06:36:00+00:00,2026-05-22T06:39:00+00:00,0.05,sell_yes,buy_yes,0.28,0.36,8.30371,-0.6643,-8,0.365,0.295,closed,opposite_fill
486,Will the Sweden Democrats (SD) win the third most seats in the 2026 Swedish parliamentary election?,2026-05-22T05:06:00+00:00,2026-05-22T06:43:00+00:00,1.6167,sell_yes,buy_yes,0.19,0.19,11.619,0,0,0.195,0.185,closed,opposite_fill
487,Will the Sweden Democrats (SD) win the third most seats in the 2026 Swedish parliamentary election?,2026-05-22T06:43:00+00:00,2026-05-22T06:44:00+00:00,0.0167,buy_yes,sell_yes,0.19,0.19,34.857,0,0,0.185,0.195,closed,opposite_fill
488,Will the Moderate Party (M) win the second most seats in the 2026 Swedish parliamentary election?,2026-05-22T06:39:00+00:00,2026-05-22T06:46:00+00:00,0.1167,buy_yes,sell_yes,0.36,0.26,61.968,-6.1968,-10,0.295,0.275,closed,opposite_fill
489,Will the Moderate Party (M) win the second most seats in the 2026 Swedish parliamentary election?,2026-05-22T06:39:00+00:00,2026-05-22T08:02:00+00:00,1.3833,buy_yes,sell_yes,0.36,0.3,4.70957,-0.2826,-6,0.295,0.31,closed,opposite_fill
490,Will the Moderate Party (M) win the second most seats in the 2026 Swedish parliamentary election?,2026-05-22T08:02:00+00:00,2026-05-22T10:35:00+00:00,2.55,sell_yes,buy_yes,0.3,0.27,61.968,1.859,3,0.31,0.265,closed,opposite_fill
491,Will the Moderate Party (M) win the third most seats in the 2026 Swedish parliamentary election?,2026-05-22T03:04:00+00:00,2026-05-22T10:38:00+00:00,7.5667,buy_yes,sell_yes,0.5,0.53,9.38815,0.2816,3,0.49,0.54,closed,opposite_fill
492,Will the Moderate Party (M) win the third most seats in the 2026 Swedish parliamentary election?,2026-05-22T06:44:00+00:00,2026-05-22T10:38:00+00:00,3.9,buy_yes,sell_yes,0.51,0.53,38.4821,0.7696,2,0.495,0.54,closed,opposite_fill
493,Will the Sweden Democrats (SD) win the third most seats in the 2026 Swedish parliamentary election?,2026-05-22T06:44:00+00:00,2026-05-22T10:58:00+00:00,4.2333,sell_yes,buy_yes,0.19,0.19,11.619,0,0,0.195,0.185,closed,opposite_fill
494,Will the Sweden Democrats (SD) win the third most seats in the 2026 Swedish parliamentary election?,2026-05-22T10:58:00+00:00,2026-05-22T10:59:00+00:00,0.0167,buy_yes,sell_yes,0.19,0.19,34.857,0,0,0.185,0.195,closed,opposite_fill
495,Bab el-Mandeb Strait effectively closed by September 30?,2026-05-22T04:08:00+00:00,2026-05-22T11:09:00+00:00,7.0167,sell_yes,buy_yes,0.2,0.2,75.3944,0,0,0.205,0.195,closed,opposite_fill
496,Bab el-Mandeb Strait effectively closed by September 30?,2026-05-22T11:09:00+00:00,2026-05-22T11:10:00+00:00,0.0167,buy_yes,sell_yes,0.2,0.2,27.8856,0,0,0.195,0.215,closed,opposite_fill
497,Will there be no change in Fed interest rates after the September 2026 meeting?,2026-05-21T05:56:00+00:00,2026-05-22T12:51:00+00:00,30.9167,sell_yes,buy_yes,0.73,0.73,40.8989,0,0,0.74,0.725,closed,opposite_fill
498,Will the Moderate Party (M) win the third most seats in the 2026 Swedish parliamentary election?,2026-05-22T06:44:00+00:00,2026-05-22T13:24:00+00:00,6.6667,buy_yes,sell_yes,0.51,0.54,7.99387,0.2398,3,0.495,0.545,closed,opposite_fill
499,Will the Moderate Party (M) win the third most seats in the 2026 Swedish parliamentary election?,2026-05-22T13:20:00+00:00,2026-05-22T13:24:00+00:00,0.0667,buy_yes,sell_yes,0.51,0.54,38.4821,1.1545,3,0.47,0.545,closed,opposite_fill
500,Fed Rate Hike by October 2026 Meeting?,2026-05-20T08:22:00+00:00,2026-05-22T14:05:00+00:00,53.7167,buy_yes,sell_yes,0.27,0.28,22.7216,0.2272,1,0.265,0.29,closed,opposite_fill
501,Will the Sweden Democrats (SD) win the third most seats in the 2026 Swedish parliamentary election?,2026-05-22T10:59:00+00:00,2026-05-22T14:47:00+00:00,3.8,sell_yes,buy_yes,0.19,0.19,11.619,0,0,0.195,0.185,closed,opposite_fill
502,Will the Sweden Democrats (SD) win the third most seats in the 2026 Swedish parliamentary election?,2026-05-22T14:47:00+00:00,2026-05-22T14:48:00+00:00,0.0167,buy_yes,sell_yes,0.19,0.19,34.857,0,0,0.185,0.195,closed,opposite_fill
503,Will there be no change in Fed interest rates after the September 2026 meeting?,2026-05-22T12:51:00+00:00,2026-05-22T19:19:00+00:00,6.4667,buy_yes,sell_yes,0.73,0.72,62.3811,-0.6238,-1,0.725,0.735,closed,opposite_fill
504,Will the Moderate Party (M) win the second most seats in the 2026 Swedish parliamentary election?,2026-05-22T08:02:00+00:00,2026-05-22T19:48:00+00:00,11.7667,sell_yes,buy_yes,0.3,0.36,10.1628,-0.6098,-6,0.31,0.34,closed,opposite_fill
505,Will the Moderate Party (M) win the second most seats in the 2026 Swedish parliamentary election?,2026-05-22T10:37:00+00:00,2026-05-22T19:48:00+00:00,9.1833,sell_yes,buy_yes,0.3,0.36,61.968,-3.7181,-6,0.315,0.34,closed,opposite_fill
506,Will the Sweden Democrats (SD) win the third most seats in the 2026 Swedish parliamentary election?,2026-05-22T14:48:00+00:00,2026-05-22T20:23:00+00:00,5.5833,sell_yes,buy_yes,0.19,0.2,11.619,-0.1162,-1,0.195,0.195,closed,opposite_fill
507,Will the Moderate Party (M) win the second most seats in the 2026 Swedish parliamentary election?,2026-05-22T19:48:00+00:00,2026-05-22T20:30:00+00:00,0.7,buy_yes,sell_yes,0.36,0.28,8.42765,-0.6742,-8,0.34,0.295,closed,opposite_fill
508,Will there be no change in Fed interest rates after the September 2026 meeting?,2026-05-22T19:19:00+00:00,2026-05-22T20:37:00+00:00,1.3,sell_yes,buy_yes,0.72,0.73,40.8989,-0.409,-1,0.735,0.715,closed,opposite_fill
509,Fed Rate Hike by October 2026 Meeting?,2026-05-22T14:05:00+00:00,2026-05-22T22:11:00+00:00,8.1,sell_yes,buy_yes,0.28,0.31,80.5584,-2.4168,-3,0.29,0.3,closed,opposite_fill
510,Will the Moderate Party (M) win the second most seats in the 2026 Swedish parliamentary election?,2026-05-22T20:30:00+00:00,2026-05-22T22:28:00+00:00,1.9667,sell_yes,buy_yes,0.28,0.27,53.5404,0.5354,1,0.295,0.255,closed,opposite_fill
511,Fed Rate Hike by October 2026 Meeting?,2026-05-22T22:11:00+00:00,2026-05-22T22:29:00+00:00,0.3,buy_yes,sell_yes,0.31,0.3,22.7216,-0.2272,-1,0.3,0.31,closed,opposite_fill
512,Bab el-Mandeb Strait effectively closed by September 30?,2026-05-22T11:10:00+00:00,2026-05-22T22:44:00+00:00,11.5667,sell_yes,buy_yes,0.2,0.22,75.3944,-1.5079,-2,0.215,0.215,closed,opposite_fill
513,Bab el-Mandeb Strait effectively closed by September 30?,2026-05-22T22:44:00+00:00,2026-05-22T22:49:00+00:00,0.0833,buy_yes,sell_yes,0.22,0.22,27.8856,0,0,0.215,0.235,closed,opposite_fill
514,Bab el-Mandeb Strait effectively closed by September 30?,2026-05-22T22:49:00+00:00,2026-05-22T22:50:00+00:00,0.0167,sell_yes,buy_yes,0.22,0.23,75.3944,-0.7539,-1,0.235,0.23,closed,opposite_fill
515,Will the Moderate Party (M) win the second most seats in the 2026 Swedish parliamentary election?,2026-05-22T22:28:00+00:00,2026-05-22T23:25:00+00:00,0.95,buy_yes,sell_yes,0.27,0.29,8.42765,0.1686,2,0.255,0.375,closed,opposite_fill
516,Bab el-Mandeb Strait effectively closed by September 30?,2026-05-22T22:50:00+00:00,2026-05-22T23:50:00+00:00,1,buy_yes,sell_yes,0.23,0.24,27.8856,0.2789,1,0.23,0.245,closed,opposite_fill
517,Fed Rate Hike by October 2026 Meeting?,2026-05-22T22:29:00+00:00,2026-05-22T23:51:00+00:00,1.3667,sell_yes,buy_yes,0.3,0.3,80.5584,0,0,0.31,0.295,closed,opposite_fill
518,Fed Rate Hike by October 2026 Meeting?,2026-05-22T23:51:00+00:00,2026-05-22T23:55:00+00:00,0.0667,buy_yes,sell_yes,0.3,0.3,22.7216,0,0,0.295,0.305,closed,opposite_fill
519,Fed Rate Hike by October 2026 Meeting?,2026-05-22T23:55:00+00:00,2026-05-23T00:01:00+00:00,0.1,sell_yes,buy_yes,0.3,0.3,80.5584,0,0,0.305,0.295,closed,opposite_fill
520,Fed Rate Hike by October 2026 Meeting?,2026-05-23T00:01:00+00:00,2026-05-23T00:06:00+00:00,0.0833,buy_yes,sell_yes,0.3,0.3,22.7216,0,0,0.295,0.31,closed,opposite_fill
521,Will the Moderate Party (M) win the second most seats in the 2026 Swedish parliamentary election?,2026-05-22T23:25:00+00:00,2026-05-23T00:15:00+00:00,0.8333,sell_yes,buy_yes,0.29,0.29,53.5404,0,0,0.375,0.235,closed,opposite_fill
522,Will the Moderate Party (M) win the second most seats in the 2026 Swedish parliamentary election?,2026-05-23T00:15:00+00:00,2026-05-23T00:20:00+00:00,0.0833,buy_yes,sell_yes,0.29,0.24,8.42765,-0.4214,-5,0.235,0.315,closed,opposite_fill
523,Will the Moderate Party (M) win the second most seats in the 2026 Swedish parliamentary election?,2026-05-23T00:20:00+00:00,2026-05-23T00:24:00+00:00,0.0667,sell_yes,buy_yes,0.24,0.31,53.5404,-3.7478,-7,0.315,0.275,closed,opposite_fill
524,Clarity Act (H.R.3633) signed into law in 2026?,2026-05-21T09:18:00+00:00,2026-05-23T00:25:00+00:00,39.1167,sell_yes,buy_yes,0.57,0.54,1.5492,0.0465,3,0.57,0.535,closed,opposite_fill
525,Clarity Act (H.R.3633) signed into law in 2026?,2026-05-22T19:12:00+00:00,2026-05-23T00:25:00+00:00,5.2167,sell_yes,buy_yes,0.52,0.54,50.0908,-1.0018,-2,0.545,0.535,closed,opposite_fill
526,Fed Rate Hike by October 2026 Meeting?,2026-05-23T00:06:00+00:00,2026-05-23T00:29:00+00:00,0.3833,sell_yes,buy_yes,0.3,0.3,80.5584,0,0,0.31,0.295,closed,opposite_fill
527,Fed Rate Hike by October 2026 Meeting?,2026-05-23T00:29:00+00:00,2026-05-23T00:30:00+00:00,0.0167,buy_yes,sell_yes,0.3,0.3,22.7216,0,0,0.295,0.31,closed,opposite_fill
528,Will the Moderate Party (M) win the second most seats in the 2026 Swedish parliamentary election?,2026-05-23T00:24:00+00:00,2026-05-23T00:30:00+00:00,0.1,buy_yes,sell_yes,0.31,0.24,23.3,-1.631,-7,0.275,0.37,closed,opposite_fill
529,Will the Moderate Party (M) win the second most seats in the 2026 Swedish parliamentary election?,2026-05-23T00:30:00+00:00,2026-05-23T00:34:00+00:00,0.0667,sell_yes,buy_yes,0.24,0.36,38.668,-4.6402,-12,0.37,0.35,closed,opposite_fill
530,Will the Moderate Party (M) win the second most seats in the 2026 Swedish parliamentary election?,2026-05-23T00:34:00+00:00,2026-05-23T00:43:00+00:00,0.15,buy_yes,sell_yes,0.36,0.31,41.8904,-2.0945,-5,0.35,0.325,closed,opposite_fill
531,Fed Rate Hike by October 2026 Meeting?,2026-05-23T00:30:00+00:00,2026-05-23T00:53:00+00:00,0.3833,sell_yes,buy_yes,0.3,0.3,80.5584,0,0,0.31,0.295,closed,opposite_fill
532,Fed Rate Hike by October 2026 Meeting?,2026-05-23T00:53:00+00:00,2026-05-23T00:54:00+00:00,0.0167,buy_yes,sell_yes,0.3,0.3,22.7216,0,0,0.295,0.305,closed,opposite_fill
533,Will the Moderate Party (M) win the second most seats in the 2026 Swedish parliamentary election?,2026-05-23T00:43:00+00:00,2026-05-23T00:59:00+00:00,0.2667,sell_yes,buy_yes,0.31,0.34,20.0776,-0.6023,-3,0.325,0.31,closed,opposite_fill
534,Fed Rate Hike by October 2026 Meeting?,2026-05-23T00:54:00+00:00,2026-05-23T01:00:00+00:00,0.1,sell_yes,buy_yes,0.3,0.3,80.5584,0,0,0.305,0.295,closed,opposite_fill
535,Fed Rate Hike by October 2026 Meeting?,2026-05-23T01:00:00+00:00,2026-05-23T01:05:00+00:00,0.0833,buy_yes,sell_yes,0.3,0.3,22.7216,0,0,0.295,0.305,closed,opposite_fill
536,Will the Moderate Party (M) win the second most seats in the 2026 Swedish parliamentary election?,2026-05-23T00:59:00+00:00,2026-05-23T01:11:00+00:00,0.2,buy_yes,sell_yes,0.34,0.29,49.3265,-2.4663,-5,0.31,0.3,closed,opposite_fill
537,Fed Rate Hike by October 2026 Meeting?,2026-05-23T01:05:00+00:00,2026-05-23T01:17:00+00:00,0.2,sell_yes,buy_yes,0.3,0.3,83.6568,0,0,0.305,0.295,closed,opposite_fill
538,Fed Rate Hike by October 2026 Meeting?,2026-05-23T01:17:00+00:00,2026-05-23T01:18:00+00:00,0.0167,buy_yes,sell_yes,0.3,0.3,19.6232,0,0,0.295,0.31,closed,opposite_fill
539,Will the Moderate Party (M) win the second most seats in the 2026 Swedish parliamentary election?,2026-05-23T01:11:00+00:00,2026-05-23T01:22:00+00:00,0.1833,sell_yes,buy_yes,0.29,0.29,12.6415,0,0,0.3,0.27,closed,opposite_fill
540,Will the Moderate Party (M) win the second most seats in the 2026 Swedish parliamentary election?,2026-05-23T01:22:00+00:00,2026-05-23T01:23:00+00:00,0.0167,buy_yes,sell_yes,0.29,0.28,58.6217,-0.5862,-1,0.27,0.285,closed,opposite_fill
541,Will the Moderate Party (M) win the second most seats in the 2026 Swedish parliamentary election?,2026-05-23T01:23:00+00:00,2026-05-23T01:29:00+00:00,0.1,sell_yes,buy_yes,0.28,0.25,3.34627,0.1004,3,0.285,0.245,closed,opposite_fill
542,Fed Rate Hike by October 2026 Meeting?,2026-05-23T01:18:00+00:00,2026-05-23T01:36:00+00:00,0.3,sell_yes,buy_yes,0.3,0.3,83.6568,0,0,0.31,0.295,closed,opposite_fill
543,Fed Rate Hike by October 2026 Meeting?,2026-05-23T01:36:00+00:00,2026-05-23T01:37:00+00:00,0.0167,buy_yes,sell_yes,0.3,0.3,19.6232,0,0,0.295,0.305,closed,opposite_fill
544,Fed Rate Hike by October 2026 Meeting?,2026-05-23T01:37:00+00:00,2026-05-23T01:48:00+00:00,0.1833,sell_yes,buy_yes,0.3,0.3,83.6568,0,0,0.305,0.295,closed,opposite_fill
545,Fed Rate Hike by October 2026 Meeting?,2026-05-23T01:48:00+00:00,2026-05-23T01:53:00+00:00,0.0833,buy_yes,sell_yes,0.3,0.3,19.6232,0,0,0.295,0.31,closed,opposite_fill
546,Fed Rate Hike by October 2026 Meeting?,2026-05-23T01:53:00+00:00,2026-05-23T02:00:00+00:00,0.1167,sell_yes,buy_yes,0.3,0.3,83.6568,0,0,0.31,0.295,closed,opposite_fill
547,Fed Rate Hike by October 2026 Meeting?,2026-05-23T02:00:00+00:00,2026-05-23T02:06:00+00:00,0.1,buy_yes,sell_yes,0.3,0.3,19.6232,0,0,0.295,0.31,closed,opposite_fill
548,Fed Rate Hike by October 2026 Meeting?,2026-05-23T02:06:00+00:00,2026-05-23T02:08:00+00:00,0.0333,sell_yes,buy_yes,0.3,0.3,83.6568,0,0,0.31,0.295,closed,opposite_fill
549,Fed Rate Hike by October 2026 Meeting?,2026-05-23T02:08:00+00:00,2026-05-23T02:12:00+00:00,0.0667,buy_yes,sell_yes,0.3,0.3,19.6232,0,0,0.295,0.31,closed,opposite_fill
550,Fed Rate Hike by October 2026 Meeting?,2026-05-23T02:12:00+00:00,2026-05-23T02:19:00+00:00,0.1167,sell_yes,buy_yes,0.3,0.3,83.6568,0,0,0.31,0.295,closed,opposite_fill
551,Fed Rate Hike by October 2026 Meeting?,2026-05-23T02:19:00+00:00,2026-05-23T02:20:00+00:00,0.0167,buy_yes,sell_yes,0.3,0.3,19.6232,0,0,0.295,0.305,closed,opposite_fill
552,Fed Rate Hike by October 2026 Meeting?,2026-05-23T02:20:00+00:00,2026-05-23T02:25:00+00:00,0.0833,sell_yes,buy_yes,0.3,0.31,83.6568,-0.8366,-1,0.305,0.295,closed,opposite_fill
553,Fed Rate Hike by October 2026 Meeting?,2026-05-23T02:25:00+00:00,2026-05-23T02:26:00+00:00,0.0167,buy_yes,sell_yes,0.31,0.3,19.6232,-0.1962,-1,0.295,0.31,closed,opposite_fill
554,Fed Rate Hike by October 2026 Meeting?,2026-05-23T02:26:00+00:00,2026-05-23T02:43:00+00:00,0.2833,sell_yes,buy_yes,0.3,0.3,83.6568,0,0,0.31,0.295,closed,opposite_fill
555,Fed Rate Hike by October 2026 Meeting?,2026-05-23T02:43:00+00:00,2026-05-23T02:44:00+00:00,0.0167,buy_yes,sell_yes,0.3,0.3,19.6232,0,0,0.295,0.31,closed,opposite_fill
556,Fed Rate Hike by October 2026 Meeting?,2026-05-23T02:44:00+00:00,2026-05-23T02:51:00+00:00,0.1167,sell_yes,buy_yes,0.3,0.3,83.6568,0,0,0.31,0.295,closed,opposite_fill
557,Fed Rate Hike by October 2026 Meeting?,2026-05-23T02:51:00+00:00,2026-05-23T02:52:00+00:00,0.0167,buy_yes,sell_yes,0.3,0.3,19.6232,0,0,0.295,0.305,closed,opposite_fill
558,Will the Moderate Party (M) win the second most seats in the 2026 Swedish parliamentary election?,2026-05-23T01:29:00+00:00,2026-05-23T02:58:00+00:00,1.4833,buy_yes,sell_yes,0.25,0.27,25.4069,0.5081,2,0.245,0.295,closed,opposite_fill
559,Fed Rate Hike by October 2026 Meeting?,2026-05-23T02:52:00+00:00,2026-05-23T03:04:00+00:00,0.2,sell_yes,buy_yes,0.3,0.3,83.6568,0,0,0.305,0.295,closed,opposite_fill
560,Will the Moderate Party (M) win the third most seats in the 2026 Swedish parliamentary election?,2026-05-22T13:20:00+00:00,2026-05-23T03:08:00+00:00,13.8,buy_yes,sell_yes,0.51,0.54,7.99387,0.2398,3,0.47,0.545,closed,opposite_fill
561,Will the Moderate Party (M) win the third most seats in the 2026 Swedish parliamentary election?,2026-05-22T14:49:00+00:00,2026-05-23T03:08:00+00:00,12.3167,buy_yes,sell_yes,0.51,0.54,38.4821,1.1545,3,0.49,0.545,closed,opposite_fill
562,Fed Rate Hike by October 2026 Meeting?,2026-05-23T03:04:00+00:00,2026-05-23T03:09:00+00:00,0.0833,buy_yes,sell_yes,0.3,0.3,19.6232,0,0,0.295,0.31,closed,opposite_fill
563,Fed Rate Hike by October 2026 Meeting?,2026-05-23T03:09:00+00:00,2026-05-23T03:25:00+00:00,0.2667,sell_yes,buy_yes,0.3,0.3,83.6568,0,0,0.31,0.295,closed,opposite_fill
564,Fed Rate Hike by October 2026 Meeting?,2026-05-23T03:25:00+00:00,2026-05-23T03:26:00+00:00,0.0167,buy_yes,sell_yes,0.3,0.3,19.6232,0,0,0.295,0.305,closed,opposite_fill
565,Fed Rate Hike by October 2026 Meeting?,2026-05-23T03:26:00+00:00,2026-05-23T03:32:00+00:00,0.1,sell_yes,buy_yes,0.3,0.3,83.6568,0,0,0.305,0.295,closed,opposite_fill
566,Fed Rate Hike by October 2026 Meeting?,2026-05-23T03:32:00+00:00,2026-05-23T03:33:00+00:00,0.0167,buy_yes,sell_yes,0.3,0.3,19.6232,0,0,0.295,0.305,closed,opposite_fill
567,Will the Sweden Democrats (SD) win the third most seats in the 2026 Swedish parliamentary election?,2026-05-22T20:23:00+00:00,2026-05-23T03:34:00+00:00,7.1833,buy_yes,sell_yes,0.2,0.2,34.857,0,0,0.195,0.205,closed,opposite_fill
568,Fed Rate Hike by October 2026 Meeting?,2026-05-23T03:33:00+00:00,2026-05-23T03:36:00+00:00,0.05,sell_yes,buy_yes,0.3,0.3,83.6568,0,0,0.305,0.295,closed,opposite_fill
569,Fed Rate Hike by October 2026 Meeting?,2026-05-23T03:36:00+00:00,2026-05-23T03:37:00+00:00,0.0167,buy_yes,sell_yes,0.3,0.3,19.6232,0,0,0.295,0.305,closed,opposite_fill
570,Fed Rate Hike by October 2026 Meeting?,2026-05-23T03:37:00+00:00,2026-05-23T03:43:00+00:00,0.1,sell_yes,buy_yes,0.3,0.3,83.6568,0,0,0.305,0.295,closed,opposite_fill
571,Fed Rate Hike by October 2026 Meeting?,2026-05-23T03:43:00+00:00,2026-05-23T03:46:00+00:00,0.05,buy_yes,sell_yes,0.3,0.3,19.6232,0,0,0.295,0.31,closed,opposite_fill
572,Fed Rate Hike by October 2026 Meeting?,2026-05-23T03:46:00+00:00,2026-05-23T03:53:00+00:00,0.1167,sell_yes,buy_yes,0.3,0.3,83.6568,0,0,0.31,0.295,closed,opposite_fill
573,Fed Rate Hike by October 2026 Meeting?,2026-05-23T03:53:00+00:00,2026-05-23T03:54:00+00:00,0.0167,buy_yes,sell_yes,0.3,0.3,19.6232,0,0,0.295,0.305,closed,opposite_fill
574,Fed Rate Hike by October 2026 Meeting?,2026-05-23T03:54:00+00:00,2026-05-23T03:55:00+00:00,0.0167,sell_yes,buy_yes,0.3,0.3,83.6568,0,0,0.305,0.295,closed,opposite_fill
575,Fed Rate Hike by October 2026 Meeting?,2026-05-23T03:55:00+00:00,2026-05-23T03:56:00+00:00,0.0167,buy_yes,sell_yes,0.3,0.3,19.6232,0,0,0.295,0.305,closed,opposite_fill
576,Fed Rate Hike by October 2026 Meeting?,2026-05-23T03:56:00+00:00,2026-05-23T03:57:00+00:00,0.0167,sell_yes,buy_yes,0.3,0.3,86.7552,0,0,0.305,0.295,closed,opposite_fill
577,Fed Rate Hike by October 2026 Meeting?,2026-05-23T03:57:00+00:00,2026-05-23T03:58:00+00:00,0.0167,buy_yes,sell_yes,0.3,0.3,16.5248,0,0,0.295,0.31,closed,opposite_fill
578,Fed Rate Hike by October 2026 Meeting?,2026-05-23T03:58:00+00:00,2026-05-23T04:23:00+00:00,0.4167,sell_yes,buy_yes,0.3,0.3,86.7552,0,0,0.31,0.295,closed,opposite_fill
579,Fed Rate Hike by October 2026 Meeting?,2026-05-23T04:23:00+00:00,2026-05-23T04:25:00+00:00,0.0333,buy_yes,sell_yes,0.3,0.3,16.5248,0,0,0.295,0.31,closed,opposite_fill
580,Fed Rate Hike by October 2026 Meeting?,2026-05-23T04:25:00+00:00,2026-05-23T04:27:00+00:00,0.0333,sell_yes,buy_yes,0.3,0.31,86.7552,-0.8676,-1,0.31,0.305,closed,opposite_fill
581,Fed Rate Hike by October 2026 Meeting?,2026-05-23T04:27:00+00:00,2026-05-23T04:34:00+00:00,0.1167,buy_yes,sell_yes,0.31,0.3,16.5248,-0.1652,-1,0.305,0.31,closed,opposite_fill
582,Fed Rate Hike by October 2026 Meeting?,2026-05-23T04:34:00+00:00,2026-05-23T04:53:00+00:00,0.3167,sell_yes,buy_yes,0.3,0.3,86.7552,0,0,0.31,0.295,closed,opposite_fill
583,Fed Rate Hike by October 2026 Meeting?,2026-05-23T04:53:00+00:00,2026-05-23T04:54:00+00:00,0.0167,buy_yes,sell_yes,0.3,0.3,16.5248,0,0,0.295,0.305,closed,opposite_fill
584,Bab el-Mandeb Strait effectively closed by September 30?,2026-05-22T23:50:00+00:00,2026-05-23T05:00:00+00:00,5.1667,sell_yes,buy_yes,0.24,0.25,75.3944,-0.7539,-1,0.245,0.245,closed,opposite_fill
585,Fed Rate Hike by October 2026 Meeting?,2026-05-23T04:54:00+00:00,2026-05-23T05:02:00+00:00,0.1333,sell_yes,buy_yes,0.3,0.3,86.7552,0,0,0.305,0.295,closed,opposite_fill
586,Fed Rate Hike by October 2026 Meeting?,2026-05-23T05:02:00+00:00,2026-05-23T05:03:00+00:00,0.0167,buy_yes,sell_yes,0.3,0.3,16.5248,0,0,0.295,0.305,closed,opposite_fill
587,Fed Rate Hike by October 2026 Meeting?,2026-05-23T05:03:00+00:00,2026-05-23T05:09:00+00:00,0.1,sell_yes,buy_yes,0.3,0.3,86.7552,0,0,0.305,0.295,closed,opposite_fill
588,Fed Rate Hike by October 2026 Meeting?,2026-05-23T05:09:00+00:00,2026-05-23T05:10:00+00:00,0.0167,buy_yes,sell_yes,0.3,0.3,16.5248,0,0,0.295,0.305,closed,opposite_fill
589,Fed Rate Hike by October 2026 Meeting?,2026-05-23T05:10:00+00:00,2026-05-23T05:18:00+00:00,0.1333,sell_yes,buy_yes,0.3,0.31,89.8536,-0.8985,-1,0.305,0.3,closed,opposite_fill
590,Fed Rate Hike by October 2026 Meeting?,2026-05-23T05:18:00+00:00,2026-05-23T05:20:00+00:00,0.0333,buy_yes,sell_yes,0.31,0.3,16.5248,-0.1652,-1,0.3,0.305,closed,opposite_fill
591,Fed Rate Hike by October 2026 Meeting?,2026-05-23T05:20:00+00:00,2026-05-23T05:25:00+00:00,0.0833,sell_yes,buy_yes,0.3,0.3,86.7552,0,0,0.305,0.295,closed,opposite_fill
592,Fed Rate Hike by October 2026 Meeting?,2026-05-23T05:25:00+00:00,2026-05-23T05:26:00+00:00,0.0167,buy_yes,sell_yes,0.3,0.3,16.5248,0,0,0.295,0.31,closed,opposite_fill
593,Fed Rate Hike by October 2026 Meeting?,2026-05-23T05:26:00+00:00,2026-05-23T05:56:00+00:00,0.5,sell_yes,buy_yes,0.3,0.3,86.7552,0,0,0.31,0.295,closed,opposite_fill
594,Fed Rate Hike by October 2026 Meeting?,2026-05-23T05:56:00+00:00,2026-05-23T05:57:00+00:00,0.0167,buy_yes,sell_yes,0.3,0.3,16.5248,0,0,0.295,0.31,closed,opposite_fill
595,Fed Rate Hike by October 2026 Meeting?,2026-05-23T05:57:00+00:00,2026-05-23T06:03:00+00:00,0.1,sell_yes,buy_yes,0.3,0.3,86.7552,0,0,0.31,0.295,closed,opposite_fill
596,Fed Rate Hike by October 2026 Meeting?,2026-05-23T06:03:00+00:00,2026-05-23T06:04:00+00:00,0.0167,buy_yes,sell_yes,0.3,0.3,16.5248,0,0,0.295,0.31,closed,opposite_fill
597,Fed Rate Hike by October 2026 Meeting?,2026-05-23T06:04:00+00:00,2026-05-23T06:15:00+00:00,0.1833,sell_yes,buy_yes,0.3,0.3,86.7552,0,0,0.31,0.295,closed,opposite_fill
598,Fed Rate Hike by October 2026 Meeting?,2026-05-23T06:15:00+00:00,2026-05-23T06:16:00+00:00,0.0167,buy_yes,sell_yes,0.3,0.3,16.5248,0,0,0.295,0.305,closed,opposite_fill
599,Fed Rate Hike by October 2026 Meeting?,2026-05-23T06:16:00+00:00,2026-05-23T06:26:00+00:00,0.1667,sell_yes,buy_yes,0.3,0.3,89.8536,0,0,0.305,0.295,closed,opposite_fill
600,Fed Rate Hike by October 2026 Meeting?,2026-05-23T06:26:00+00:00,2026-05-23T06:27:00+00:00,0.0167,buy_yes,sell_yes,0.3,0.3,13.4264,0,0,0.295,0.305,closed,opposite_fill
601,Fed Rate Hike by October 2026 Meeting?,2026-05-23T06:27:00+00:00,2026-05-23T06:28:00+00:00,0.0167,sell_yes,buy_yes,0.3,0.3,89.8536,0,0,0.305,0.295,closed,opposite_fill
602,Fed Rate Hike by October 2026 Meeting?,2026-05-23T06:28:00+00:00,2026-05-23T06:29:00+00:00,0.0167,buy_yes,sell_yes,0.3,0.3,13.4264,0,0,0.295,0.31,closed,opposite_fill
603,Fed Rate Hike by October 2026 Meeting?,2026-05-23T06:29:00+00:00,2026-05-23T07:07:00+00:00,0.6333,sell_yes,buy_yes,0.3,0.31,89.8536,-0.8985,-1,0.31,0.3,closed,opposite_fill
604,Fed Rate Hike by October 2026 Meeting?,2026-05-23T07:07:00+00:00,2026-05-23T07:10:00+00:00,0.05,buy_yes,sell_yes,0.31,0.3,16.5248,-0.1652,-1,0.3,0.305,closed,opposite_fill
605,Fed Rate Hike by October 2026 Meeting?,2026-05-23T07:10:00+00:00,2026-05-23T07:14:00+00:00,0.0667,sell_yes,buy_yes,0.3,0.3,86.7552,0,0,0.305,0.295,closed,opposite_fill
606,Fed Rate Hike by October 2026 Meeting?,2026-05-23T07:14:00+00:00,2026-05-23T07:15:00+00:00,0.0167,buy_yes,sell_yes,0.3,0.3,16.5248,0,0,0.295,0.305,closed,opposite_fill
607,Fed Rate Hike by October 2026 Meeting?,2026-05-23T07:15:00+00:00,2026-05-23T07:17:00+00:00,0.0333,sell_yes,buy_yes,0.3,0.3,89.8536,0,0,0.305,0.295,closed,opposite_fill
608,Fed Rate Hike by October 2026 Meeting?,2026-05-23T07:17:00+00:00,2026-05-23T07:18:00+00:00,0.0167,buy_yes,sell_yes,0.3,0.3,13.4264,0,0,0.295,0.305,closed,opposite_fill
609,Fed Rate Hike by October 2026 Meeting?,2026-05-23T07:18:00+00:00,2026-05-23T07:32:00+00:00,0.2333,sell_yes,buy_yes,0.3,0.34,89.8536,-3.5941,-4,0.305,0.34,closed,opposite_fill
610,Fed Rate Hike by October 2026 Meeting?,2026-05-23T07:32:00+00:00,2026-05-23T07:33:00+00:00,0.0167,buy_yes,sell_yes,0.34,0.35,13.4264,0.1343,1,0.34,0.36,closed,opposite_fill
611,Fed Rate Hike by October 2026 Meeting?,2026-05-23T07:33:00+00:00,2026-05-23T07:39:00+00:00,0.1,sell_yes,buy_yes,0.35,0.34,89.8536,0.8985,1,0.36,0.34,closed,opposite_fill
612,Will the Sweden Democrats (SD) win the third most seats in the 2026 Swedish parliamentary election?,2026-05-23T03:34:00+00:00,2026-05-23T07:41:00+00:00,4.1167,sell_yes,buy_yes,0.2,0.19,11.619,0.1162,1,0.205,0.185,closed,opposite_fill
613,Bab el-Mandeb Strait effectively closed by September 30?,2026-05-23T05:00:00+00:00,2026-05-23T07:41:00+00:00,2.6833,buy_yes,sell_yes,0.25,0.26,27.8856,0.2789,1,0.245,0.265,closed,opposite_fill
614,Fed Rate Hike by October 2026 Meeting?,2026-05-23T07:39:00+00:00,2026-05-23T07:47:00+00:00,0.1333,buy_yes,sell_yes,0.34,0.35,13.4264,0.1343,1,0.34,0.355,closed,opposite_fill
615,Will the Moderate Party (M) win the third most seats in the 2026 Swedish parliamentary election?,2026-05-22T14:49:00+00:00,2026-05-23T07:51:00+00:00,17.0333,buy_yes,sell_yes,0.51,0.54,7.99387,0.2398,3,0.49,0.545,closed,opposite_fill
616,Will the Moderate Party (M) win the third most seats in the 2026 Swedish parliamentary election?,2026-05-23T06:13:00+00:00,2026-05-23T07:51:00+00:00,1.6333,buy_yes,sell_yes,0.51,0.54,38.4821,1.1545,3,0.485,0.545,closed,opposite_fill
617,Fed Rate Hike by October 2026 Meeting?,2026-05-23T07:47:00+00:00,2026-05-23T07:52:00+00:00,0.0833,sell_yes,buy_yes,0.35,0.34,89.8536,0.8985,1,0.355,0.34,closed,opposite_fill
618,Fed Rate Hike by October 2026 Meeting?,2026-05-23T07:52:00+00:00,2026-05-23T07:53:00+00:00,0.0167,buy_yes,sell_yes,0.34,0.35,13.4264,0.1343,1,0.34,0.36,closed,opposite_fill
619,Fed Rate Hike by October 2026 Meeting?,2026-05-23T07:53:00+00:00,2026-05-23T07:54:00+00:00,0.0167,sell_yes,buy_yes,0.35,0.34,89.8536,0.8985,1,0.36,0.34,closed,opposite_fill
620,Fed Rate Hike by October 2026 Meeting?,2026-05-23T07:54:00+00:00,2026-05-23T07:55:00+00:00,0.0167,buy_yes,sell_yes,0.34,0.35,13.4264,0.1343,1,0.34,0.36,closed,opposite_fill
621,Fed Rate Hike by October 2026 Meeting?,2026-05-23T07:55:00+00:00,2026-05-23T08:03:00+00:00,0.1333,sell_yes,buy_yes,0.35,0.34,89.8536,0.8985,1,0.36,0.34,closed,opposite_fill
622,Fed Rate Hike by October 2026 Meeting?,2026-05-23T08:03:00+00:00,2026-05-23T08:04:00+00:00,0.0167,buy_yes,sell_yes,0.34,0.35,13.4264,0.1343,1,0.34,0.36,closed,opposite_fill
623,Fed Rate Hike by October 2026 Meeting?,2026-05-23T08:04:00+00:00,2026-05-23T08:05:00+00:00,0.0167,sell_yes,buy_yes,0.35,0.34,89.8536,0.8985,1,0.36,0.34,closed,opposite_fill
624,Will the Moderate Party (M) win the second most seats in the 2026 Swedish parliamentary election?,2026-05-23T02:58:00+00:00,2026-05-23T08:05:00+00:00,5.1167,sell_yes,buy_yes,0.27,0.22,36.5611,1.8281,5,0.295,0.205,closed,opposite_fill
625,Fed Rate Hike by October 2026 Meeting?,2026-05-23T08:05:00+00:00,2026-05-23T08:06:00+00:00,0.0167,buy_yes,sell_yes,0.34,0.35,13.4264,0.1343,1,0.34,0.36,closed,opposite_fill
626,Fed Rate Hike by October 2026 Meeting?,2026-05-23T08:06:00+00:00,2026-05-23T08:07:00+00:00,0.0167,sell_yes,buy_yes,0.35,0.34,89.8536,0.8985,1,0.36,0.34,closed,opposite_fill
627,Fed Rate Hike by October 2026 Meeting?,2026-05-23T08:07:00+00:00,2026-05-23T08:08:00+00:00,0.0167,buy_yes,sell_yes,0.34,0.35,13.4264,0.1343,1,0.34,0.36,closed,opposite_fill
628,Fed Rate Hike by October 2026 Meeting?,2026-05-23T08:08:00+00:00,2026-05-23T08:09:00+00:00,0.0167,sell_yes,buy_yes,0.35,0.34,89.8536,0.8985,1,0.36,0.34,closed,opposite_fill
629,Fed Rate Hike by October 2026 Meeting?,2026-05-23T08:09:00+00:00,2026-05-23T08:17:00+00:00,0.1333,buy_yes,sell_yes,0.34,0.35,13.4264,0.1343,1,0.34,0.36,closed,opposite_fill
630,Fed Rate Hike by October 2026 Meeting?,2026-05-23T08:17:00+00:00,2026-05-23T08:22:00+00:00,0.0833,sell_yes,buy_yes,0.35,0.34,89.8536,0.8985,1,0.36,0.34,closed,opposite_fill
631,Fed Rate Hike by October 2026 Meeting?,2026-05-23T08:22:00+00:00,2026-05-23T08:25:00+00:00,0.05,buy_yes,sell_yes,0.34,0.36,13.4264,0.2685,2,0.34,0.365,closed,opposite_fill
632,Fed Rate Hike by October 2026 Meeting?,2026-05-23T08:25:00+00:00,2026-05-23T08:26:00+00:00,0.0167,sell_yes,buy_yes,0.36,0.36,89.8536,0,0,0.365,0.355,closed,opposite_fill
633,Fed Rate Hike by October 2026 Meeting?,2026-05-23T08:26:00+00:00,2026-05-23T08:31:00+00:00,0.0833,buy_yes,sell_yes,0.36,0.36,13.4264,0,0,0.355,0.365,closed,opposite_fill
634,Fed Rate Hike by October 2026 Meeting?,2026-05-23T08:31:00+00:00,2026-05-23T08:32:00+00:00,0.0167,sell_yes,buy_yes,0.36,0.36,89.8536,0,0,0.365,0.34,closed,opposite_fill
635,Fed Rate Hike by October 2026 Meeting?,2026-05-23T08:32:00+00:00,2026-05-23T08:33:00+00:00,0.0167,buy_yes,sell_yes,0.36,0.35,13.4264,-0.1343,-1,0.34,0.36,closed,opposite_fill
636,Fed Rate Hike by October 2026 Meeting?,2026-05-23T08:33:00+00:00,2026-05-23T08:34:00+00:00,0.0167,sell_yes,buy_yes,0.35,0.34,92.952,0.9295,1,0.36,0.34,closed,opposite_fill
637,Fed Rate Hike by October 2026 Meeting?,2026-05-23T08:34:00+00:00,2026-05-23T08:36:00+00:00,0.0333,buy_yes,sell_yes,0.34,0.36,10.328,0.2066,2,0.34,0.365,closed,opposite_fill
638,Fed Rate Hike by October 2026 Meeting?,2026-05-23T08:36:00+00:00,2026-05-23T08:37:00+00:00,0.0167,sell_yes,buy_yes,0.36,0.36,92.952,0,0,0.365,0.34,closed,opposite_fill
639,Fed Rate Hike by October 2026 Meeting?,2026-05-23T08:37:00+00:00,2026-05-23T08:41:00+00:00,0.0667,buy_yes,sell_yes,0.36,0.35,10.328,-0.1033,-1,0.34,0.365,closed,opposite_fill
640,Will the Moderate Party (M) win the second most seats in the 2026 Swedish parliamentary election?,2026-05-23T08:05:00+00:00,2026-05-23T08:42:00+00:00,0.6167,buy_yes,sell_yes,0.22,0.28,25.4069,1.5244,6,0.205,0.29,closed,opposite_fill
641,Will the Moderate Party (M) win the second most seats in the 2026 Swedish parliamentary election?,2026-05-23T08:25:00+00:00,2026-05-23T08:42:00+00:00,0.2833,buy_yes,sell_yes,0.22,0.28,36.5611,2.1937,6,0.215,0.29,closed,opposite_fill
642,Fed Rate Hike by October 2026 Meeting?,2026-05-23T08:41:00+00:00,2026-05-23T08:43:00+00:00,0.0333,sell_yes,buy_yes,0.35,0.36,92.952,-0.9295,-1,0.365,0.35,closed,opposite_fill
643,Fed Rate Hike by October 2026 Meeting?,2026-05-23T08:43:00+00:00,2026-05-23T08:46:00+00:00,0.05,buy_yes,sell_yes,0.36,0.35,10.328,-0.1033,-1,0.35,0.36,closed,opposite_fill
644,Fed Rate Hike by October 2026 Meeting?,2026-05-23T08:46:00+00:00,2026-05-23T08:52:00+00:00,0.1,sell_yes,buy_yes,0.35,0.36,96.0504,-0.9605,-1,0.36,0.35,closed,opposite_fill
645,Will the Sweden Democrats (SD) win the third most seats in the 2026 Swedish parliamentary election?,2026-05-23T07:41:00+00:00,2026-05-23T09:18:00+00:00,1.6167,buy_yes,sell_yes,0.19,0.2,34.857,0.3486,1,0.185,0.205,closed,opposite_fill
646,Will the Sweden Democrats (SD) win the third most seats in the 2026 Swedish parliamentary election?,2026-05-23T09:18:00+00:00,2026-05-23T09:22:00+00:00,0.0667,sell_yes,buy_yes,0.2,0.2,11.619,0,0,0.205,0.195,closed,opposite_fill
647,Will the Moderate Party (M) win the second most seats in the 2026 Swedish parliamentary election?,2026-05-23T08:25:00+00:00,2026-05-23T09:49:00+00:00,1.4,buy_yes,sell_yes,0.22,0.28,25.4069,1.5244,6,0.215,0.285,closed,opposite_fill
648,Will the Moderate Party (M) win the second most seats in the 2026 Swedish parliamentary election?,2026-05-23T08:55:00+00:00,2026-05-23T09:49:00+00:00,0.9,buy_yes,sell_yes,0.23,0.28,36.5611,1.8281,5,0.22,0.285,closed,opposite_fill
649,Will the Moderate Party (M) win the second most seats in the 2026 Swedish parliamentary election?,2026-05-23T08:55:00+00:00,2026-05-23T10:19:00+00:00,1.4,buy_yes,sell_yes,0.23,0.28,25.4069,1.2703,5,0.22,0.315,closed,opposite_fill
650,Will the Sweden Democrats (SD) win the third most seats in the 2026 Swedish parliamentary election?,2026-05-23T09:22:00+00:00,2026-05-23T10:31:00+00:00,1.15,buy_yes,sell_yes,0.2,0.2,34.857,0,0,0.195,0.205,closed,opposite_fill
651,Will the Moderate Party (M) win the second most seats in the 2026 Swedish parliamentary election?,2026-05-23T10:19:00+00:00,2026-05-23T10:32:00+00:00,0.2167,sell_yes,buy_yes,0.28,0.27,36.5611,0.3656,1,0.315,0.22,closed,opposite_fill
652,Will the Moderate Party (M) win the second most seats in the 2026 Swedish parliamentary election?,2026-05-23T10:32:00+00:00,2026-05-23T10:53:00+00:00,0.35,buy_yes,sell_yes,0.27,0.25,27.2659,-0.5453,-2,0.22,0.31,closed,opposite_fill
653,Will the Moderate Party (M) win the second most seats in the 2026 Swedish parliamentary election?,2026-05-23T10:53:00+00:00,2026-05-23T10:55:00+00:00,0.0333,sell_yes,buy_yes,0.25,0.28,34.7021,-1.0411,-3,0.31,0.205,closed,opposite_fill
654,Iran leadership change by December 31?,2026-05-22T22:18:00+00:00,2026-05-23T11:11:00+00:00,12.8833,sell_yes,buy_yes,0.34,0.38,103.28,-4.1312,-4,0.345,0.375,closed,opposite_fill
655,Will the Moderate Party (M) win the second most seats in the 2026 Swedish parliamentary election?,2026-05-23T10:55:00+00:00,2026-05-23T11:35:00+00:00,0.6667,buy_yes,sell_yes,0.28,0.28,27.2659,0,0,0.205,0.3,closed,opposite_fill
656,Will the Moderate Party (M) win the second most seats in the 2026 Swedish parliamentary election?,2026-05-23T11:35:00+00:00,2026-05-23T11:48:00+00:00,0.2167,sell_yes,buy_yes,0.28,0.27,34.7021,0.347,1,0.3,0.23,closed,opposite_fill
657,Will the Moderate Party (M) win the third most seats in the 2026 Swedish parliamentary election?,2026-05-23T06:13:00+00:00,2026-05-23T11:59:00+00:00,5.7667,buy_yes,sell_yes,0.51,0.52,7.99387,0.0799,1,0.485,0.545,closed,opposite_fill
658,Will the Moderate Party (M) win the third most seats in the 2026 Swedish parliamentary election?,2026-05-23T11:54:00+00:00,2026-05-23T11:59:00+00:00,0.0833,buy_yes,sell_yes,0.51,0.52,38.4821,0.3848,1,0.485,0.545,closed,opposite_fill
659,Will the Moderate Party (M) win the second most seats in the 2026 Swedish parliamentary election?,2026-05-23T11:48:00+00:00,2026-05-23T12:29:00+00:00,0.6833,buy_yes,sell_yes,0.27,0.27,27.2659,0,0,0.23,0.395,closed,opposite_fill
660,Will the Moderate Party (M) win the second most seats in the 2026 Swedish parliamentary election?,2026-05-23T12:10:00+00:00,2026-05-23T12:29:00+00:00,0.3167,buy_yes,sell_yes,0.22,0.27,34.7021,1.7351,5,0.205,0.395,closed,opposite_fill
661,Will the Moderate Party (M) win the second most seats in the 2026 Swedish parliamentary election?,2026-05-23T12:10:00+00:00,2026-05-23T12:32:00+00:00,0.3667,buy_yes,sell_yes,0.22,0.23,27.2659,0.2727,1,0.205,0.34,closed,opposite_fill
662,Will the Moderate Party (M) win the second most seats in the 2026 Swedish parliamentary election?,2026-05-23T12:32:00+00:00,2026-05-23T12:48:00+00:00,0.2667,sell_yes,buy_yes,0.23,0.27,34.7021,-1.3881,-4,0.34,0.245,closed,opposite_fill
663,Will the Moderate Party (M) win the second most seats in the 2026 Swedish parliamentary election?,2026-05-23T12:48:00+00:00,2026-05-23T13:07:00+00:00,0.3167,buy_yes,sell_yes,0.27,0.27,29.125,0,0,0.245,0.41,closed,opposite_fill
664,Will the Moderate Party (M) win the second most seats in the 2026 Swedish parliamentary election?,2026-05-23T13:07:00+00:00,2026-05-23T13:17:00+00:00,0.1667,sell_yes,buy_yes,0.27,0.33,32.843,-1.9706,-6,0.41,0.2,closed,opposite_fill
665,Will the Moderate Party (M) win the second most seats in the 2026 Swedish parliamentary election?,2026-05-23T13:14:00+00:00,2026-05-23T13:17:00+00:00,0.05,sell_yes,buy_yes,0.33,0.33,29.125,0,0,0.39,0.2,closed,opposite_fill
666,Will the Moderate Party (M) win the second most seats in the 2026 Swedish parliamentary election?,2026-05-23T13:14:00+00:00,2026-05-23T13:39:00+00:00,0.4167,sell_yes,buy_yes,0.33,0.38,32.843,-1.6422,-5,0.39,0.375,closed,opposite_fill
667,Will the Moderate Party (M) win the second most seats in the 2026 Swedish parliamentary election?,2026-05-23T13:28:00+00:00,2026-05-23T13:39:00+00:00,0.1833,sell_yes,buy_yes,0.28,0.38,43.9973,-4.3997,-10,0.34,0.375,closed,opposite_fill
668,Will the Moderate Party (M) win the second most seats in the 2026 Swedish parliamentary election?,2026-05-23T13:28:00+00:00,2026-05-23T13:47:00+00:00,0.3167,sell_yes,buy_yes,0.28,0.3,17.9707,-0.3594,-2,0.34,0.275,closed,opposite_fill
669,Will the Moderate Party (M) win the second most seats in the 2026 Swedish parliamentary election?,2026-05-23T13:47:00+00:00,2026-05-23T14:17:00+00:00,0.5,buy_yes,sell_yes,0.3,0.27,43.9973,-1.3199,-3,0.275,0.275,closed,opposite_fill
670,Will the Moderate Party (M) win the second most seats in the 2026 Swedish parliamentary election?,2026-05-23T14:17:00+00:00,2026-05-23T15:25:00+00:00,1.1333,sell_yes,buy_yes,0.27,0.25,17.9707,0.3594,2,0.275,0.205,closed,opposite_fill
671,Will the Moderate Party (M) win the second most seats in the 2026 Swedish parliamentary election?,2026-05-23T14:46:00+00:00,2026-05-23T15:25:00+00:00,0.65,sell_yes,buy_yes,0.27,0.25,43.9973,0.8799,2,0.285,0.205,closed,opposite_fill
672,Will the Moderate Party (M) win the third most seats in the 2026 Swedish parliamentary election?,2026-05-23T11:54:00+00:00,2026-05-23T15:41:00+00:00,3.7833,buy_yes,sell_yes,0.51,0.59,7.99387,0.6395,8,0.485,0.62,closed,opposite_fill
673,Will the Moderate Party (M) win the third most seats in the 2026 Swedish parliamentary election?,2026-05-23T14:47:00+00:00,2026-05-23T15:41:00+00:00,0.9,buy_yes,sell_yes,0.51,0.59,38.4821,3.0786,8,0.495,0.62,closed,opposite_fill
674,Will the Moderate Party (M) win the second most seats in the 2026 Swedish parliamentary election?,2026-05-23T14:46:00+00:00,2026-05-23T15:46:00+00:00,1,sell_yes,buy_yes,0.27,0.21,17.9707,1.0782,6,0.285,0.205,closed,opposite_fill
675,Will the Moderate Party (M) win the second most seats in the 2026 Swedish parliamentary election?,2026-05-23T15:46:00+00:00,2026-05-23T15:58:00+00:00,0.2,buy_yes,sell_yes,0.21,0.29,28.7532,2.3003,8,0.205,0.29,closed,opposite_fill
676,Will the Moderate Party (M) win the second most seats in the 2026 Swedish parliamentary election?,2026-05-23T15:46:00+00:00,2026-05-23T16:17:00+00:00,0.5167,buy_yes,sell_yes,0.21,0.24,15.2441,0.4573,3,0.205,0.255,closed,opposite_fill
677,Will there be no change in Fed interest rates after the September 2026 meeting?,2026-05-22T20:37:00+00:00,2026-05-23T16:33:00+00:00,19.9333,buy_yes,sell_yes,0.73,0.71,62.3811,-1.2476,-2,0.715,0.72,closed,opposite_fill
678,Will the Moderate Party (M) win the second most seats in the 2026 Swedish parliamentary election?,2026-05-23T16:17:00+00:00,2026-05-23T16:40:00+00:00,0.3833,sell_yes,buy_yes,0.24,0.26,13.509,-0.2702,-2,0.255,0.2,closed,opposite_fill
679,Will the Moderate Party (M) win the second most seats in the 2026 Swedish parliamentary election?,2026-05-23T16:20:00+00:00,2026-05-23T16:40:00+00:00,0.3333,sell_yes,buy_yes,0.24,0.26,28.7532,-0.5751,-2,0.255,0.2,closed,opposite_fill
680,Bab el-Mandeb Strait effectively closed by September 30?,2026-05-23T07:41:00+00:00,2026-05-23T16:46:00+00:00,9.0833,sell_yes,buy_yes,0.26,0.25,75.3944,0.7539,1,0.265,0.245,closed,opposite_fill
681,Bab el-Mandeb Strait effectively closed by September 30?,2026-05-23T16:46:00+00:00,2026-05-23T16:49:00+00:00,0.05,buy_yes,sell_yes,0.25,0.24,30.984,-0.3098,-1,0.245,0.25,closed,opposite_fill
682,Will the Moderate Party (M) win the second most seats in the 2026 Swedish parliamentary election?,2026-05-23T16:40:00+00:00,2026-05-23T17:17:00+00:00,0.6167,buy_yes,sell_yes,0.26,0.28,19.7058,0.3941,2,0.2,0.29,closed,opposite_fill
683,Will the Moderate Party (M) win the second most seats in the 2026 Swedish parliamentary election?,2026-05-23T16:46:00+00:00,2026-05-23T17:17:00+00:00,0.5167,buy_yes,sell_yes,0.32,0.28,42.2622,-1.6905,-4,0.215,0.29,closed,opposite_fill
684,Will the Moderate Party (M) win the second most seats in the 2026 Swedish parliamentary election?,2026-05-23T16:46:00+00:00,2026-05-23T17:24:00+00:00,0.6333,buy_yes,sell_yes,0.32,0.28,19.7058,-0.7882,-4,0.215,0.285,closed,opposite_fill
685,Will the Moderate Party (M) win the second most seats in the 2026 Swedish parliamentary election?,2026-05-23T17:19:00+00:00,2026-05-23T17:24:00+00:00,0.0833,buy_yes,sell_yes,0.25,0.28,42.2622,1.2679,3,0.215,0.285,closed,opposite_fill
686,Will the Moderate Party (M) win the second most seats in the 2026 Swedish parliamentary election?,2026-05-23T17:19:00+00:00,2026-05-23T17:45:00+00:00,0.4333,buy_yes,sell_yes,0.25,0.28,19.7058,0.5912,3,0.215,0.3,closed,opposite_fill
687,Will the Moderate Party (M) win the second most seats in the 2026 Swedish parliamentary election?,2026-05-23T17:43:00+00:00,2026-05-23T17:45:00+00:00,0.0333,buy_yes,sell_yes,0.24,0.28,42.2622,1.6905,4,0.225,0.3,closed,opposite_fill
688,Will the Moderate Party (M) win the second most seats in the 2026 Swedish parliamentary election?,2026-05-23T17:43:00+00:00,2026-05-23T17:54:00+00:00,0.1833,buy_yes,sell_yes,0.24,0.25,19.7058,0.1971,1,0.225,0.3,closed,opposite_fill
689,Will the Moderate Party (M) win the second most seats in the 2026 Swedish parliamentary election?,2026-05-23T17:52:00+00:00,2026-05-23T17:54:00+00:00,0.0333,buy_yes,sell_yes,0.26,0.25,42.2622,-0.4226,-1,0.225,0.3,closed,opposite_fill
690,Will the Moderate Party (M) win the second most seats in the 2026 Swedish parliamentary election?,2026-05-23T17:52:00+00:00,2026-05-23T18:00:00+00:00,0.1333,buy_yes,sell_yes,0.26,0.25,19.7058,-0.1971,-1,0.225,0.275,closed,opposite_fill
691,Will the Moderate Party (M) win the second most seats in the 2026 Swedish parliamentary election?,2026-05-23T17:56:00+00:00,2026-05-23T18:00:00+00:00,0.0667,buy_yes,sell_yes,0.25,0.25,42.2622,0,0,0.215,0.275,closed,opposite_fill
692,Will the Moderate Party (M) win the second most seats in the 2026 Swedish parliamentary election?,2026-05-23T17:56:00+00:00,2026-05-23T18:26:00+00:00,0.5,buy_yes,sell_yes,0.25,0.29,19.7058,0.7882,4,0.215,0.305,closed,opposite_fill
693,Will the Moderate Party (M) win the second most seats in the 2026 Swedish parliamentary election?,2026-05-23T18:26:00+00:00,2026-05-23T18:29:00+00:00,0.05,sell_yes,buy_yes,0.29,0.38,49.6983,-4.4729,-9,0.305,0.325,closed,opposite_fill
694,Will the Moderate Party (M) win the second most seats in the 2026 Swedish parliamentary election?,2026-05-23T18:29:00+00:00,2026-05-23T19:02:00+00:00,0.55,buy_yes,sell_yes,0.38,0.29,12.2697,-1.1043,-9,0.325,0.33,closed,opposite_fill
695,Will the Moderate Party (M) win the second most seats in the 2026 Swedish parliamentary election?,2026-05-23T18:57:00+00:00,2026-05-23T19:02:00+00:00,0.0833,buy_yes,sell_yes,0.26,0.29,16.4835,0.4945,3,0.255,0.33,closed,opposite_fill
696,Will the Moderate Party (M) win the second most seats in the 2026 Swedish parliamentary election?,2026-05-23T18:57:00+00:00,2026-05-23T19:17:00+00:00,0.3333,buy_yes,sell_yes,0.26,0.28,28.7532,0.5751,2,0.255,0.33,closed,opposite_fill
697,Bab el-Mandeb Strait effectively closed by September 30?,2026-05-23T16:49:00+00:00,2026-05-23T19:40:00+00:00,2.85,sell_yes,buy_yes,0.24,0.21,72.296,2.1689,3,0.25,0.2,closed,opposite_fill
698,Bab el-Mandeb Strait effectively closed by September 30?,2026-05-23T19:40:00+00:00,2026-05-23T19:43:00+00:00,0.05,buy_yes,sell_yes,0.21,0.21,34.0824,0,0,0.2,0.215,closed,opposite_fill
699,Bab el-Mandeb Strait effectively closed by September 30?,2026-05-23T19:43:00+00:00,2026-05-23T19:45:00+00:00,0.0333,sell_yes,buy_yes,0.21,0.21,69.1976,0,0,0.215,0.195,closed,opposite_fill
700,Bab el-Mandeb Strait effectively closed by September 30?,2026-05-23T19:45:00+00:00,2026-05-23T19:46:00+00:00,0.0167,buy_yes,sell_yes,0.21,0.2,34.0824,-0.3408,-1,0.195,0.21,closed,opposite_fill
701,Will the Moderate Party (M) win the third most seats in the 2026 Swedish parliamentary election?,2026-05-23T14:47:00+00:00,2026-05-23T19:46:00+00:00,4.9833,buy_yes,sell_yes,0.51,0.66,7.99387,1.1991,15,0.495,0.675,closed,opposite_fill
702,Bab el-Mandeb Strait effectively closed by September 30?,2026-05-23T19:46:00+00:00,2026-05-23T19:54:00+00:00,0.1333,sell_yes,buy_yes,0.2,0.2,69.1976,0,0,0.21,0.19,closed,opposite_fill
703,Bab el-Mandeb Strait effectively closed by September 30?,2026-05-23T19:54:00+00:00,2026-05-23T19:57:00+00:00,0.05,buy_yes,sell_yes,0.2,0.2,34.0824,0,0,0.19,0.21,closed,opposite_fill
704,Will the Moderate Party (M) win the second most seats in the 2026 Swedish parliamentary election?,2026-05-23T18:57:00+00:00,2026-05-23T20:02:00+00:00,1.0833,buy_yes,sell_yes,0.26,0.3,16.7314,0.6693,4,0.255,0.305,closed,opposite_fill
705,Bab el-Mandeb Strait effectively closed by September 30?,2026-05-23T19:57:00+00:00,2026-05-23T20:03:00+00:00,0.1,sell_yes,buy_yes,0.2,0.2,69.1976,0,0,0.21,0.19,closed,opposite_fill
706,Will the Moderate Party (M) win the second most seats in the 2026 Swedish parliamentary election?,2026-05-23T20:02:00+00:00,2026-05-23T20:40:00+00:00,0.6333,sell_yes,buy_yes,0.3,0.25,54.5318,2.7266,5,0.305,0.225,closed,opposite_fill
707,Bab el-Mandeb Strait effectively closed by September 30?,2026-05-23T20:03:00+00:00,2026-05-23T20:42:00+00:00,0.65,buy_yes,sell_yes,0.2,0.2,34.0824,0,0,0.19,0.21,closed,opposite_fill
708,Will the Moderate Party (M) win the second most seats in the 2026 Swedish parliamentary election?,2026-05-23T20:40:00+00:00,2026-05-23T20:44:00+00:00,0.0667,buy_yes,sell_yes,0.25,0.26,11.1542,0.1115,1,0.225,0.33,closed,opposite_fill
709,Will the Moderate Party (M) win the second most seats in the 2026 Swedish parliamentary election?,2026-05-23T20:44:00+00:00,2026-05-23T20:51:00+00:00,0.1167,sell_yes,buy_yes,0.26,0.28,50.8138,-1.0163,-2,0.33,0.235,closed,opposite_fill
710,Bab el-Mandeb Strait effectively closed by September 30?,2026-05-23T20:42:00+00:00,2026-05-23T20:52:00+00:00,0.1667,sell_yes,buy_yes,0.2,0.19,69.1976,0.692,1,0.21,0.185,closed,opposite_fill
711,Bab el-Mandeb Strait effectively closed by September 30?,2026-05-23T20:52:00+00:00,2026-05-23T20:53:00+00:00,0.0167,buy_yes,sell_yes,0.19,0.19,34.0824,0,0,0.185,0.2,closed,opposite_fill
712,Bab el-Mandeb Strait effectively closed by September 30?,2026-05-23T20:53:00+00:00,2026-05-23T21:00:00+00:00,0.1167,sell_yes,buy_yes,0.19,0.2,69.1976,-0.692,-1,0.2,0.195,closed,opposite_fill
713,Will the Moderate Party (M) win the second most seats in the 2026 Swedish parliamentary election?,2026-05-23T20:51:00+00:00,2026-05-23T21:00:00+00:00,0.15,buy_yes,sell_yes,0.28,0.29,11.1542,0.1115,1,0.235,0.315,closed,opposite_fill
714,Will the Moderate Party (M) win the second most seats in the 2026 Swedish parliamentary election?,2026-05-23T20:58:00+00:00,2026-05-23T21:00:00+00:00,0.0333,buy_yes,sell_yes,0.28,0.29,56.3909,0.5639,1,0.205,0.315,closed,opposite_fill
715,Will the Sweden Democrats (SD) win the third most seats in the 2026 Swedish parliamentary election?,2026-05-23T10:31:00+00:00,2026-05-23T21:05:00+00:00,10.5667,sell_yes,buy_yes,0.2,0.18,11.619,0.2324,2,0.205,0.175,closed,opposite_fill
716,Will the Sweden Democrats (SD) win the third most seats in the 2026 Swedish parliamentary election?,2026-05-23T21:05:00+00:00,2026-05-23T21:06:00+00:00,0.0167,buy_yes,sell_yes,0.18,0.18,34.857,0,0,0.175,0.19,closed,opposite_fill
717,Bab el-Mandeb Strait effectively closed by September 30?,2026-05-23T21:00:00+00:00,2026-05-23T21:09:00+00:00,0.15,buy_yes,sell_yes,0.2,0.19,37.1808,-0.3718,-1,0.195,0.2,closed,opposite_fill
718,Will the Moderate Party (M) win the second most seats in the 2026 Swedish parliamentary election?,2026-05-23T20:58:00+00:00,2026-05-23T21:16:00+00:00,0.3,buy_yes,sell_yes,0.28,0.25,5.57712,-0.1673,-3,0.205,0.33,closed,opposite_fill
719,Will the Moderate Party (M) win the second most seats in the 2026 Swedish parliamentary election?,2026-05-23T21:06:00+00:00,2026-05-23T21:16:00+00:00,0.1667,buy_yes,sell_yes,0.29,0.25,56.3909,-2.2556,-4,0.285,0.33,closed,opposite_fill
720,Bab el-Mandeb Strait effectively closed by September 30?,2026-05-23T21:09:00+00:00,2026-05-23T21:18:00+00:00,0.15,sell_yes,buy_yes,0.19,0.19,66.0992,0,0,0.2,0.175,closed,opposite_fill
721,Bab el-Mandeb Strait effectively closed by September 30?,2026-05-23T21:18:00+00:00,2026-05-23T21:24:00+00:00,0.1,buy_yes,sell_yes,0.19,0.19,37.1808,0,0,0.175,0.195,closed,opposite_fill
722,Will there be no change in Fed interest rates after the September 2026 meeting?,2026-05-23T16:33:00+00:00,2026-05-23T21:24:00+00:00,4.85,sell_yes,buy_yes,0.71,0.71,40.8989,0,0,0.72,0.705,closed,opposite_fill
723,Bab el-Mandeb Strait effectively closed by September 30?,2026-05-23T21:24:00+00:00,2026-05-23T21:27:00+00:00,0.05,sell_yes,buy_yes,0.19,0.19,66.0992,0,0,0.195,0.185,closed,opposite_fill
724,Bab el-Mandeb Strait effectively closed by September 30?,2026-05-23T21:27:00+00:00,2026-05-23T21:32:00+00:00,0.0833,buy_yes,sell_yes,0.19,0.19,37.1808,0,0,0.185,0.195,closed,opposite_fill
725,Bab el-Mandeb Strait effectively closed by September 30?,2026-05-23T21:32:00+00:00,2026-05-23T21:33:00+00:00,0.0167,sell_yes,buy_yes,0.19,0.19,66.0992,0,0,0.195,0.18,closed,opposite_fill
726,Bab el-Mandeb Strait effectively closed by September 30?,2026-05-23T21:33:00+00:00,2026-05-23T21:34:00+00:00,0.0167,buy_yes,sell_yes,0.19,0.19,37.1808,0,0,0.18,0.195,closed,opposite_fill
727,Bab el-Mandeb Strait effectively closed by September 30?,2026-05-23T21:34:00+00:00,2026-05-23T21:35:00+00:00,0.0167,sell_yes,buy_yes,0.19,0.19,66.0992,0,0,0.195,0.185,closed,opposite_fill
728,Bab el-Mandeb Strait effectively closed by September 30?,2026-05-23T21:35:00+00:00,2026-05-23T21:38:00+00:00,0.05,buy_yes,sell_yes,0.19,0.19,37.1808,0,0,0.185,0.195,closed,opposite_fill
729,Bab el-Mandeb Strait effectively closed by September 30?,2026-05-23T21:38:00+00:00,2026-05-23T21:42:00+00:00,0.0667,sell_yes,buy_yes,0.19,0.2,66.0992,-0.661,-1,0.195,0.19,closed,opposite_fill
730,Bab el-Mandeb Strait effectively closed by September 30?,2026-05-23T21:42:00+00:00,2026-05-23T21:45:00+00:00,0.05,buy_yes,sell_yes,0.2,0.2,37.1808,0,0,0.19,0.21,closed,opposite_fill
731,Bab el-Mandeb Strait effectively closed by September 30?,2026-05-23T21:45:00+00:00,2026-05-23T21:46:00+00:00,0.0167,sell_yes,buy_yes,0.2,0.2,66.0992,0,0,0.21,0.195,closed,opposite_fill
732,Bab el-Mandeb Strait effectively closed by September 30?,2026-05-23T21:46:00+00:00,2026-05-23T21:47:00+00:00,0.0167,buy_yes,sell_yes,0.2,0.2,43.3776,0,0,0.195,0.21,closed,opposite_fill
733,Bab el-Mandeb Strait effectively closed by September 30?,2026-05-23T21:47:00+00:00,2026-05-23T21:48:00+00:00,0.0167,sell_yes,buy_yes,0.2,0.2,59.9024,0,0,0.21,0.185,closed,opposite_fill
734,Will the Moderate Party (M) win the second most seats in the 2026 Swedish parliamentary election?,2026-05-23T21:06:00+00:00,2026-05-23T22:05:00+00:00,0.9833,buy_yes,sell_yes,0.29,0.24,29.7446,-1.4872,-5,0.285,0.31,closed,opposite_fill
735,Will the Moderate Party (M) win the second most seats in the 2026 Swedish parliamentary election?,2026-05-23T21:20:00+00:00,2026-05-23T22:05:00+00:00,0.75,buy_yes,sell_yes,0.29,0.24,37.8005,-1.89,-5,0.25,0.31,closed,opposite_fill
736,Bab el-Mandeb Strait effectively closed by September 30?,2026-05-23T21:48:00+00:00,2026-05-23T22:07:00+00:00,0.3167,buy_yes,sell_yes,0.2,0.2,43.3776,0,0,0.185,0.21,closed,opposite_fill
737,Bab el-Mandeb Strait effectively closed by September 30?,2026-05-23T22:07:00+00:00,2026-05-23T22:09:00+00:00,0.0333,sell_yes,buy_yes,0.2,0.2,59.9024,0,0,0.21,0.195,closed,opposite_fill
738,Bab el-Mandeb Strait effectively closed by September 30?,2026-05-23T22:09:00+00:00,2026-05-23T22:10:00+00:00,0.0167,buy_yes,sell_yes,0.2,0.2,43.3776,0,0,0.195,0.205,closed,opposite_fill
739,Bab el-Mandeb Strait effectively closed by September 30?,2026-05-23T22:10:00+00:00,2026-05-23T22:22:00+00:00,0.2,sell_yes,buy_yes,0.2,0.2,59.9024,0,0,0.205,0.195,closed,opposite_fill
740,Bab el-Mandeb Strait effectively closed by September 30?,2026-05-23T22:22:00+00:00,2026-05-23T22:23:00+00:00,0.0167,buy_yes,sell_yes,0.2,0.2,43.3776,0,0,0.195,0.21,closed,opposite_fill
741,Bab el-Mandeb Strait effectively closed by September 30?,2026-05-23T22:23:00+00:00,2026-05-23T22:29:00+00:00,0.1,sell_yes,buy_yes,0.2,0.21,63.0008,-0.63,-1,0.21,0.19,closed,opposite_fill
742,Bab el-Mandeb Strait effectively closed by September 30?,2026-05-23T22:29:00+00:00,2026-05-23T22:34:00+00:00,0.0833,buy_yes,sell_yes,0.21,0.2,40.2792,-0.4028,-1,0.19,0.21,closed,opposite_fill
743,Bab el-Mandeb Strait effectively closed by September 30?,2026-05-23T22:34:00+00:00,2026-05-23T22:35:00+00:00,0.0167,sell_yes,buy_yes,0.2,0.2,63.0008,0,0,0.21,0.19,closed,opposite_fill
744,Bab el-Mandeb Strait effectively closed by September 30?,2026-05-23T22:35:00+00:00,2026-05-23T22:41:00+00:00,0.1,buy_yes,sell_yes,0.2,0.2,40.2792,0,0,0.19,0.205,closed,opposite_fill
745,Bab el-Mandeb Strait effectively closed by September 30?,2026-05-23T22:41:00+00:00,2026-05-23T22:43:00+00:00,0.0333,sell_yes,buy_yes,0.2,0.19,66.0992,0.661,1,0.205,0.185,closed,opposite_fill
746,Bab el-Mandeb Strait effectively closed by September 30?,2026-05-23T22:43:00+00:00,2026-05-23T22:44:00+00:00,0.0167,buy_yes,sell_yes,0.19,0.19,37.1808,0,0,0.185,0.195,closed,opposite_fill
747,Bab el-Mandeb Strait effectively closed by September 30?,2026-05-23T22:44:00+00:00,2026-05-23T22:48:00+00:00,0.0667,sell_yes,buy_yes,0.19,0.2,66.0992,-0.661,-1,0.195,0.195,closed,opposite_fill
748,Bab el-Mandeb Strait effectively closed by September 30?,2026-05-23T22:48:00+00:00,2026-05-23T22:51:00+00:00,0.05,buy_yes,sell_yes,0.2,0.21,37.1808,0.3718,1,0.195,0.21,closed,opposite_fill
749,Will the Moderate Party (M) win the second most seats in the 2026 Swedish parliamentary election?,2026-05-23T21:20:00+00:00,2026-05-23T22:54:00+00:00,1.5667,buy_yes,sell_yes,0.29,0.3,24.1675,0.2417,1,0.25,0.315,closed,opposite_fill
750,Will the Moderate Party (M) win the second most seats in the 2026 Swedish parliamentary election?,2026-05-23T22:54:00+00:00,2026-05-23T23:40:00+00:00,0.7667,sell_yes,buy_yes,0.3,0.26,37.8005,1.512,4,0.315,0.21,closed,opposite_fill
751,Will the Moderate Party (M) win the second most seats in the 2026 Swedish parliamentary election?,2026-05-23T23:40:00+00:00,2026-05-23T23:48:00+00:00,0.1333,buy_yes,sell_yes,0.26,0.25,27.8856,-0.2789,-1,0.21,0.295,closed,opposite_fill
752,Bab el-Mandeb Strait effectively closed by September 30?,2026-05-23T22:51:00+00:00,2026-05-24T00:00:00+00:00,1.15,sell_yes,buy_yes,0.21,0.2,66.0992,0.661,1,0.21,0.11,closed,opposite_fill
753,Will Ulf Kristersson be the next Prime Minister of Sweden?,2026-05-22T05:38:00+00:00,2026-05-24T00:02:00+00:00,42.4,sell_yes,buy_yes,0.2,0.29,3.0984,-0.2789,-9,0.205,0.195,closed,opposite_fill
754,Will the Moderate Party (M) win the third most seats in the 2026 Swedish parliamentary election?,2026-05-23T19:46:00+00:00,2026-05-24T00:02:00+00:00,4.2667,sell_yes,buy_yes,0.66,0.61,38.4821,1.9241,5,0.675,0.425,closed,opposite_fill
755,Will the Moderate Party (M) win the third most seats in the 2026 Swedish parliamentary election?,2026-05-24T00:02:00+00:00,2026-05-24T00:07:00+00:00,0.0833,buy_yes,sell_yes,0.61,0.45,7.99387,-1.279,-16,0.425,0.66,closed,opposite_fill
756,Fed Rate Hike by October 2026 Meeting?,2026-05-23T08:52:00+00:00,2026-05-24T00:13:00+00:00,15.35,buy_yes,sell_yes,0.36,0.21,7.2296,-1.0844,-15,0.35,0.28,closed,opposite_fill
757,Fed Rate Hike by October 2026 Meeting?,2026-05-23T09:28:00+00:00,2026-05-24T00:13:00+00:00,14.75,buy_yes,sell_yes,0.34,0.21,96.0504,-12.4866,-13,0.34,0.28,closed,opposite_fill
758,Will the Sweden Democrats (SD) win the third most seats in the 2026 Swedish parliamentary election?,2026-05-23T21:06:00+00:00,2026-05-24T00:17:00+00:00,3.1833,sell_yes,buy_yes,0.18,0.28,11.619,-1.1619,-10,0.19,0.185,closed,opposite_fill
759,Bab el-Mandeb Strait effectively closed by September 30?,2026-05-24T00:00:00+00:00,2026-05-24T00:20:00+00:00,0.3333,buy_yes,sell_yes,0.2,0.12,37.1808,-2.9745,-8,0.11,0.13,closed,opposite_fill
760,Bab el-Mandeb Strait effectively closed by September 30?,2026-05-24T00:20:00+00:00,2026-05-24T01:05:00+00:00,0.75,sell_yes,buy_yes,0.12,0.13,66.0992,-0.661,-1,0.13,0.125,closed,opposite_fill
761,Bab el-Mandeb Strait effectively closed by September 30?,2026-05-24T01:05:00+00:00,2026-05-24T01:06:00+00:00,0.0167,buy_yes,sell_yes,0.13,0.13,37.1808,0,0,0.125,0.14,closed,opposite_fill
762,Bab el-Mandeb Strait effectively closed by September 30?,2026-05-24T01:06:00+00:00,2026-05-24T01:15:00+00:00,0.15,sell_yes,buy_yes,0.13,0.14,66.0992,-0.661,-1,0.14,0.135,closed,opposite_fill
763,Bab el-Mandeb Strait effectively closed by September 30?,2026-05-24T01:15:00+00:00,2026-05-24T01:17:00+00:00,0.0333,buy_yes,sell_yes,0.14,0.14,40.2792,0,0,0.135,0.145,closed,opposite_fill
764,Bab el-Mandeb Strait effectively closed by September 30?,2026-05-24T01:17:00+00:00,2026-05-24T01:18:00+00:00,0.0167,sell_yes,buy_yes,0.14,0.14,63.0008,0,0,0.145,0.135,closed,opposite_fill
765,Bab el-Mandeb Strait effectively closed by September 30?,2026-05-24T01:18:00+00:00,2026-05-24T01:22:00+00:00,0.0667,buy_yes,sell_yes,0.14,0.14,40.2792,0,0,0.135,0.145,closed,opposite_fill
766,Bab el-Mandeb Strait effectively closed by September 30?,2026-05-24T01:22:00+00:00,2026-05-24T01:29:00+00:00,0.1167,sell_yes,buy_yes,0.14,0.14,63.0008,0,0,0.145,0.135,closed,opposite_fill
767,Bab el-Mandeb Strait effectively closed by September 30?,2026-05-24T01:29:00+00:00,2026-05-24T01:30:00+00:00,0.0167,buy_yes,sell_yes,0.14,0.14,43.3776,0,0,0.135,0.145,closed,opposite_fill
768,Bab el-Mandeb Strait effectively closed by September 30?,2026-05-24T01:30:00+00:00,2026-05-24T01:31:00+00:00,0.0167,sell_yes,buy_yes,0.14,0.14,59.9024,0,0,0.145,0.13,closed,opposite_fill
769,Bab el-Mandeb Strait effectively closed by September 30?,2026-05-24T01:31:00+00:00,2026-05-24T01:36:00+00:00,0.0833,buy_yes,sell_yes,0.14,0.14,43.3776,0,0,0.13,0.145,closed,opposite_fill
770,Bab el-Mandeb Strait effectively closed by September 30?,2026-05-24T01:36:00+00:00,2026-05-24T01:38:00+00:00,0.0333,sell_yes,buy_yes,0.14,0.14,59.9024,0,0,0.145,0.13,closed,opposite_fill
771,Bab el-Mandeb Strait effectively closed by September 30?,2026-05-24T01:38:00+00:00,2026-05-24T01:39:00+00:00,0.0167,buy_yes,sell_yes,0.14,0.14,43.3776,0,0,0.13,0.145,closed,opposite_fill
772,Bab el-Mandeb Strait effectively closed by September 30?,2026-05-24T01:39:00+00:00,2026-05-24T01:40:00+00:00,0.0167,sell_yes,buy_yes,0.14,0.14,59.9024,0,0,0.145,0.135,closed,opposite_fill
773,Bab el-Mandeb Strait effectively closed by September 30?,2026-05-24T01:40:00+00:00,2026-05-24T01:41:00+00:00,0.0167,buy_yes,sell_yes,0.14,0.14,49.5744,0,0,0.135,0.145,closed,opposite_fill
774,Bab el-Mandeb Strait effectively closed by September 30?,2026-05-24T01:41:00+00:00,2026-05-24T01:42:00+00:00,0.0167,sell_yes,buy_yes,0.14,0.14,53.7056,0,0,0.145,0.135,closed,opposite_fill
775,Bab el-Mandeb Strait effectively closed by September 30?,2026-05-24T01:42:00+00:00,2026-05-24T01:46:00+00:00,0.0667,buy_yes,sell_yes,0.14,0.13,49.5744,-0.4957,-1,0.135,0.145,closed,opposite_fill
776,Bab el-Mandeb Strait effectively closed by September 30?,2026-05-24T01:46:00+00:00,2026-05-24T01:48:00+00:00,0.0333,sell_yes,buy_yes,0.13,0.14,53.7056,-0.5371,-1,0.145,0.135,closed,opposite_fill
777,Bab el-Mandeb Strait effectively closed by September 30?,2026-05-24T01:48:00+00:00,2026-05-24T01:50:00+00:00,0.0333,buy_yes,sell_yes,0.14,0.14,49.5744,0,0,0.135,0.145,closed,opposite_fill
778,Will the Moderate Party (M) win the second most seats in the 2026 Swedish parliamentary election?,2026-05-23T23:48:00+00:00,2026-05-24T01:50:00+00:00,2.0333,sell_yes,buy_yes,0.25,0.33,43.3776,-3.4702,-8,0.295,0.33,closed,opposite_fill
779,Bab el-Mandeb Strait effectively closed by September 30?,2026-05-24T01:50:00+00:00,2026-05-24T01:56:00+00:00,0.1,sell_yes,buy_yes,0.14,0.14,53.7056,0,0,0.145,0.135,closed,opposite_fill
780,Bab el-Mandeb Strait effectively closed by September 30?,2026-05-24T01:56:00+00:00,2026-05-24T01:57:00+00:00,0.0167,buy_yes,sell_yes,0.14,0.14,52.6728,0,0,0.135,0.145,closed,opposite_fill
781,Bab el-Mandeb Strait effectively closed by September 30?,2026-05-24T01:57:00+00:00,2026-05-24T01:58:00+00:00,0.0167,sell_yes,buy_yes,0.14,0.14,50.6072,0,0,0.145,0.135,closed,opposite_fill
782,Bab el-Mandeb Strait effectively closed by September 30?,2026-05-24T01:58:00+00:00,2026-05-24T02:06:00+00:00,0.1333,buy_yes,sell_yes,0.14,0.13,52.6728,-0.5267,-1,0.135,0.135,closed,opposite_fill
783,Bab el-Mandeb Strait effectively closed by September 30?,2026-05-24T02:06:00+00:00,2026-05-24T02:07:00+00:00,0.0167,sell_yes,buy_yes,0.13,0.13,50.6072,0,0,0.135,0.12,closed,opposite_fill
784,Will the Moderate Party (M) win the second most seats in the 2026 Swedish parliamentary election?,2026-05-24T01:50:00+00:00,2026-05-24T02:17:00+00:00,0.45,buy_yes,sell_yes,0.33,0.28,39.0398,-1.952,-5,0.33,0.33,closed,opposite_fill
785,Will the Moderate Party (M) win the second most seats in the 2026 Swedish parliamentary election?,2026-05-24T02:17:00+00:00,2026-05-24T02:39:00+00:00,0.3667,sell_yes,buy_yes,0.28,0.33,22.9282,-1.1464,-5,0.33,0.33,closed,opposite_fill
786,Will the Moderate Party (M) win the second most seats in the 2026 Swedish parliamentary election?,2026-05-24T02:39:00+00:00,2026-05-24T02:50:00+00:00,0.1833,buy_yes,sell_yes,0.33,0.26,61.3483,-4.2944,-7,0.33,0.27,closed,opposite_fill
787,Bab el-Mandeb Strait effectively closed by September 30?,2026-05-24T02:07:00+00:00,2026-05-24T02:59:00+00:00,0.8667,buy_yes,sell_yes,0.13,0.12,52.6728,-0.5267,-1,0.12,0.125,closed,opposite_fill
788,Bab el-Mandeb Strait effectively closed by September 30?,2026-05-24T02:59:00+00:00,2026-05-24T03:01:00+00:00,0.0333,sell_yes,buy_yes,0.12,0.13,50.6072,-0.5061,-1,0.125,0.12,closed,opposite_fill
789,Bab el-Mandeb Strait effectively closed by September 30?,2026-05-24T03:01:00+00:00,2026-05-24T03:14:00+00:00,0.2167,buy_yes,sell_yes,0.13,0.12,52.6728,-0.5267,-1,0.12,0.125,closed,opposite_fill
790,Bab el-Mandeb Strait effectively closed by September 30?,2026-05-24T03:14:00+00:00,2026-05-24T03:15:00+00:00,0.0167,sell_yes,buy_yes,0.12,0.12,50.6072,0,0,0.125,0.115,closed,opposite_fill
791,Bab el-Mandeb Strait effectively closed by September 30?,2026-05-24T03:15:00+00:00,2026-05-24T03:16:00+00:00,0.0167,buy_yes,sell_yes,0.12,0.12,52.6728,0,0,0.115,0.125,closed,opposite_fill
792,Bab el-Mandeb Strait effectively closed by September 30?,2026-05-24T03:16:00+00:00,2026-05-24T03:22:00+00:00,0.1,sell_yes,buy_yes,0.12,0.12,50.6072,0,0,0.125,0.115,closed,opposite_fill
793,Bab el-Mandeb Strait effectively closed by September 30?,2026-05-24T03:22:00+00:00,2026-05-24T03:24:00+00:00,0.0333,buy_yes,sell_yes,0.12,0.12,52.6728,0,0,0.115,0.12,closed,opposite_fill
794,Bab el-Mandeb Strait effectively closed by September 30?,2026-05-24T03:24:00+00:00,2026-05-24T03:26:00+00:00,0.0333,sell_yes,buy_yes,0.12,0.12,56.804,0,0,0.12,0.115,closed,opposite_fill
795,Will the Fed increase interest rates by 25 bps after the September 2026 meeting?,2026-05-23T16:33:00+00:00,2026-05-24T03:27:00+00:00,10.9,buy_yes,sell_yes,0.17,0.17,103.28,0,0,0.17,0.175,closed,opposite_fill
796,Bab el-Mandeb Strait effectively closed by September 30?,2026-05-24T03:26:00+00:00,2026-05-24T03:28:00+00:00,0.0333,buy_yes,sell_yes,0.12,0.12,46.476,0,0,0.115,0.13,closed,opposite_fill
797,Bab el-Mandeb Strait effectively closed by September 30?,2026-05-24T03:28:00+00:00,2026-05-24T03:31:00+00:00,0.05,sell_yes,buy_yes,0.12,0.12,56.804,0,0,0.13,0.115,closed,opposite_fill
798,Bab el-Mandeb Strait effectively closed by September 30?,2026-05-24T03:31:00+00:00,2026-05-24T03:32:00+00:00,0.0167,buy_yes,sell_yes,0.12,0.12,46.476,0,0,0.115,0.125,closed,opposite_fill
799,Bab el-Mandeb Strait effectively closed by September 30?,2026-05-24T03:32:00+00:00,2026-05-24T03:47:00+00:00,0.25,sell_yes,buy_yes,0.12,0.12,59.9024,0,0,0.125,0.115,closed,opposite_fill
800,Bab el-Mandeb Strait effectively closed by September 30?,2026-05-24T03:47:00+00:00,2026-05-24T03:49:00+00:00,0.0333,buy_yes,sell_yes,0.12,0.12,43.3776,0,0,0.115,0.13,closed,opposite_fill
801,Bab el-Mandeb Strait effectively closed by September 30?,2026-05-24T03:49:00+00:00,2026-05-24T03:52:00+00:00,0.05,sell_yes,buy_yes,0.12,0.12,59.9024,0,0,0.13,0.115,closed,opposite_fill
802,Bab el-Mandeb Strait effectively closed by September 30?,2026-05-24T03:52:00+00:00,2026-05-24T03:53:00+00:00,0.0167,buy_yes,sell_yes,0.12,0.12,43.3776,0,0,0.115,0.125,closed,opposite_fill
803,Bab el-Mandeb Strait effectively closed by September 30?,2026-05-24T03:53:00+00:00,2026-05-24T03:55:00+00:00,0.0333,sell_yes,buy_yes,0.12,0.12,59.9024,0,0,0.125,0.115,closed,opposite_fill
804,Bab el-Mandeb Strait effectively closed by September 30?,2026-05-24T03:55:00+00:00,2026-05-24T03:57:00+00:00,0.0333,buy_yes,sell_yes,0.12,0.12,43.3776,0,0,0.115,0.125,closed,opposite_fill
805,Bab el-Mandeb Strait effectively closed by September 30?,2026-05-24T03:57:00+00:00,2026-05-24T03:58:00+00:00,0.0167,sell_yes,buy_yes,0.12,0.12,59.9024,0,0,0.125,0.115,closed,opposite_fill
806,Bab el-Mandeb Strait effectively closed by September 30?,2026-05-24T03:58:00+00:00,2026-05-24T04:00:00+00:00,0.0333,buy_yes,sell_yes,0.12,0.12,43.3776,0,0,0.115,0.125,closed,opposite_fill
807,Bab el-Mandeb Strait effectively closed by September 30?,2026-05-24T04:00:00+00:00,2026-05-24T04:01:00+00:00,0.0167,sell_yes,buy_yes,0.12,0.12,59.9024,0,0,0.125,0.115,closed,opposite_fill
808,Bab el-Mandeb Strait effectively closed by September 30?,2026-05-24T04:01:00+00:00,2026-05-24T04:02:00+00:00,0.0167,buy_yes,sell_yes,0.12,0.12,43.3776,0,0,0.115,0.12,closed,opposite_fill
809,Bab el-Mandeb Strait effectively closed by September 30?,2026-05-24T04:02:00+00:00,2026-05-24T04:04:00+00:00,0.0333,sell_yes,buy_yes,0.12,0.12,66.0992,0,0,0.12,0.115,closed,opposite_fill
810,Bab el-Mandeb Strait effectively closed by September 30?,2026-05-24T04:04:00+00:00,2026-05-24T04:06:00+00:00,0.0333,buy_yes,sell_yes,0.12,0.12,37.1808,0,0,0.115,0.13,closed,opposite_fill
811,Bab el-Mandeb Strait effectively closed by September 30?,2026-05-24T04:06:00+00:00,2026-05-24T04:39:00+00:00,0.55,sell_yes,buy_yes,0.12,0.12,66.0992,0,0,0.13,0.115,closed,opposite_fill
812,Bab el-Mandeb Strait effectively closed by September 30?,2026-05-24T04:39:00+00:00,2026-05-24T04:45:00+00:00,0.1,buy_yes,sell_yes,0.12,0.12,37.1808,0,0,0.115,0.125,closed,opposite_fill
813,Bab el-Mandeb Strait effectively closed by September 30?,2026-05-24T04:45:00+00:00,2026-05-24T04:48:00+00:00,0.05,sell_yes,buy_yes,0.12,0.12,66.0992,0,0,0.125,0.115,closed,opposite_fill
814,Will the Moderate Party (M) win the second most seats in the 2026 Swedish parliamentary election?,2026-05-24T02:50:00+00:00,2026-05-24T05:50:00+00:00,3,sell_yes,buy_yes,0.26,0.32,0.61968,-0.0372,-6,0.27,0.31,closed,opposite_fill
815,Will the Moderate Party (M) win the second most seats in the 2026 Swedish parliamentary election?,2026-05-24T03:22:00+00:00,2026-05-24T05:50:00+00:00,2.4667,sell_yes,buy_yes,0.36,0.32,61.968,2.4787,4,0.405,0.31,closed,opposite_fill
816,Will the Moderate Party (M) win the second most seats in the 2026 Swedish parliamentary election?,2026-05-24T05:50:00+00:00,2026-05-24T06:16:00+00:00,0.4333,buy_yes,sell_yes,0.32,0.29,8.67552,-0.2603,-3,0.31,0.3,closed,opposite_fill
817,Will the Moderate Party (M) win the second most seats in the 2026 Swedish parliamentary election?,2026-05-24T06:02:00+00:00,2026-05-24T06:16:00+00:00,0.2333,buy_yes,sell_yes,0.31,0.29,53.2925,-1.0658,-2,0.285,0.3,closed,opposite_fill
818,Will the Moderate Party (M) win the second most seats in the 2026 Swedish parliamentary election?,2026-05-24T06:02:00+00:00,2026-05-24T07:00:00+00:00,0.9667,buy_yes,sell_yes,0.31,0.27,8.67552,-0.347,-4,0.285,0.32,closed,opposite_fill
819,Will the Moderate Party (M) win the second most seats in the 2026 Swedish parliamentary election?,2026-05-24T07:00:00+00:00,2026-05-24T07:20:00+00:00,0.3333,sell_yes,buy_yes,0.27,0.29,53.2925,-1.0658,-2,0.32,0.27,closed,opposite_fill
820,Will the Moderate Party (M) win the second most seats in the 2026 Swedish parliamentary election?,2026-05-24T07:20:00+00:00,2026-05-24T07:22:00+00:00,0.0333,buy_yes,sell_yes,0.29,0.3,8.67552,0.0868,1,0.27,0.305,closed,opposite_fill
821,Will the Moderate Party (M) win the second most seats in the 2026 Swedish parliamentary election?,2026-05-24T07:22:00+00:00,2026-05-24T07:23:00+00:00,0.0167,sell_yes,buy_yes,0.3,0.25,28.7532,1.4377,5,0.305,0.2,closed,opposite_fill
822,Bab el-Mandeb Strait effectively closed by September 30?,2026-05-24T04:48:00+00:00,2026-05-24T07:25:00+00:00,2.6167,buy_yes,sell_yes,0.12,0.12,37.1808,0,0,0.115,0.14,closed,opposite_fill
823,Will the Moderate Party (M) win the second most seats in the 2026 Swedish parliamentary election?,2026-05-24T07:22:00+00:00,2026-05-24T07:34:00+00:00,0.2,sell_yes,buy_yes,0.3,0.25,24.5393,1.227,5,0.305,0.235,closed,opposite_fill
824,Will the Moderate Party (M) win the second most seats in the 2026 Swedish parliamentary election?,2026-05-24T07:34:00+00:00,2026-05-24T09:17:00+00:00,1.7167,buy_yes,sell_yes,0.25,0.26,4.21382,0.0421,1,0.235,0.395,closed,opposite_fill
825,Will the Moderate Party (M) win the second most seats in the 2026 Swedish parliamentary election?,2026-05-24T07:46:00+00:00,2026-05-24T09:17:00+00:00,1.5167,buy_yes,sell_yes,0.21,0.26,28.7532,1.4377,5,0.2,0.395,closed,opposite_fill
826,Will the Moderate Party (M) win the second most seats in the 2026 Swedish parliamentary election?,2026-05-24T08:23:00+00:00,2026-05-24T09:17:00+00:00,0.9,buy_yes,sell_yes,0.25,0.26,29.001,0.29,1,0.24,0.395,closed,opposite_fill
827,Will the Moderate Party (M) win the second most seats in the 2026 Swedish parliamentary election?,2026-05-24T08:23:00+00:00,2026-05-24T09:43:00+00:00,1.3333,buy_yes,sell_yes,0.25,0.24,32.967,-0.3297,-1,0.24,0.31,closed,opposite_fill
828,Will the Moderate Party (M) win the second most seats in the 2026 Swedish parliamentary election?,2026-05-24T09:41:00+00:00,2026-05-24T09:43:00+00:00,0.0333,buy_yes,sell_yes,0.27,0.24,29.001,-0.87,-3,0.21,0.31,closed,opposite_fill
829,Bab el-Mandeb Strait effectively closed by September 30?,2026-05-24T07:25:00+00:00,2026-05-24T09:49:00+00:00,2.4,sell_yes,buy_yes,0.12,0.14,66.0992,-1.322,-2,0.14,0.135,closed,opposite_fill
830,Will the Moderate Party (M) win the second most seats in the 2026 Swedish parliamentary election?,2026-05-24T09:41:00+00:00,2026-05-24T09:53:00+00:00,0.2,buy_yes,sell_yes,0.27,0.25,28.7532,-0.5751,-2,0.21,0.3,closed,opposite_fill
831,Will the Moderate Party (M) win the second most seats in the 2026 Swedish parliamentary election?,2026-05-24T09:41:00+00:00,2026-05-24T10:51:00+00:00,1.1667,buy_yes,sell_yes,0.27,0.25,4.21382,-0.0843,-2,0.21,0.335,closed,opposite_fill
832,Will the Moderate Party (M) win the second most seats in the 2026 Swedish parliamentary election?,2026-05-24T09:46:00+00:00,2026-05-24T10:51:00+00:00,1.0833,buy_yes,sell_yes,0.27,0.25,57.7542,-1.1551,-2,0.265,0.335,closed,opposite_fill
833,Bab el-Mandeb Strait effectively closed by September 30?,2026-05-24T09:49:00+00:00,2026-05-24T10:53:00+00:00,1.0667,buy_yes,sell_yes,0.14,0.14,40.2792,0,0,0.135,0.145,closed,opposite_fill
834,Bab el-Mandeb Strait effectively closed by September 30?,2026-05-24T10:53:00+00:00,2026-05-24T10:54:00+00:00,0.0167,sell_yes,buy_yes,0.14,0.14,63.0008,0,0,0.145,0.13,closed,opposite_fill
835,Bab el-Mandeb Strait effectively closed by September 30?,2026-05-24T10:54:00+00:00,2026-05-24T11:14:00+00:00,0.3333,buy_yes,sell_yes,0.14,0.14,40.2792,0,0,0.13,0.145,closed,opposite_fill
836,Bab el-Mandeb Strait effectively closed by September 30?,2026-05-24T11:14:00+00:00,2026-05-24T11:17:00+00:00,0.05,sell_yes,buy_yes,0.14,0.14,63.0008,0,0,0.145,0.13,closed,opposite_fill
837,Will the Moderate Party (M) win the second most seats in the 2026 Swedish parliamentary election?,2026-05-24T09:46:00+00:00,2026-05-24T11:29:00+00:00,1.7167,buy_yes,sell_yes,0.27,0.27,19.0861,0,0,0.265,0.275,closed,opposite_fill
838,Will the Moderate Party (M) win the second most seats in the 2026 Swedish parliamentary election?,2026-05-24T10:58:00+00:00,2026-05-24T11:29:00+00:00,0.5167,buy_yes,sell_yes,0.29,0.27,42.8819,-0.8576,-2,0.205,0.275,closed,opposite_fill
839,Will the Moderate Party (M) win the second most seats in the 2026 Swedish parliamentary election?,2026-05-24T10:58:00+00:00,2026-05-24T11:35:00+00:00,0.6167,buy_yes,sell_yes,0.29,0.3,19.0861,0.1909,1,0.205,0.33,closed,opposite_fill
840,Will the Moderate Party (M) win the second most seats in the 2026 Swedish parliamentary election?,2026-05-24T11:35:00+00:00,2026-05-24T11:46:00+00:00,0.1833,sell_yes,buy_yes,0.3,0.28,42.8819,0.8576,2,0.33,0.245,closed,opposite_fill
841,Will the Moderate Party (M) win the second most seats in the 2026 Swedish parliamentary election?,2026-05-24T11:46:00+00:00,2026-05-24T11:48:00+00:00,0.0333,buy_yes,sell_yes,0.28,0.28,19.0861,0,0,0.245,0.335,closed,opposite_fill
842,Will the Moderate Party (M) win the second most seats in the 2026 Swedish parliamentary election?,2026-05-24T11:48:00+00:00,2026-05-24T12:00:00+00:00,0.2,sell_yes,buy_yes,0.28,0.27,42.8819,0.4288,1,0.335,0.215,closed,opposite_fill
843,Will the Moderate Party (M) win the second most seats in the 2026 Swedish parliamentary election?,2026-05-24T12:00:00+00:00,2026-05-24T12:05:00+00:00,0.0833,buy_yes,sell_yes,0.27,0.28,19.0861,0.1909,1,0.215,0.315,closed,opposite_fill
844,Will the Moderate Party (M) win the second most seats in the 2026 Swedish parliamentary election?,2026-05-24T12:03:00+00:00,2026-05-24T12:05:00+00:00,0.0333,buy_yes,sell_yes,0.27,0.28,42.8819,0.4288,1,0.235,0.315,closed,opposite_fill
845,Will the Moderate Party (M) win the second most seats in the 2026 Swedish parliamentary election?,2026-05-24T12:03:00+00:00,2026-05-24T12:13:00+00:00,0.1667,buy_yes,sell_yes,0.27,0.25,19.0861,-0.3817,-2,0.235,0.3,closed,opposite_fill
846,Will the Moderate Party (M) win the second most seats in the 2026 Swedish parliamentary election?,2026-05-24T12:11:00+00:00,2026-05-24T12:13:00+00:00,0.0333,buy_yes,sell_yes,0.26,0.25,42.8819,-0.4288,-1,0.24,0.3,closed,opposite_fill
847,Will the Moderate Party (M) win the second most seats in the 2026 Swedish parliamentary election?,2026-05-24T12:11:00+00:00,2026-05-24T12:19:00+00:00,0.1333,buy_yes,sell_yes,0.26,0.25,19.0861,-0.1909,-1,0.24,0.275,closed,opposite_fill
848,Will the Moderate Party (M) win the second most seats in the 2026 Swedish parliamentary election?,2026-05-24T12:19:00+00:00,2026-05-24T12:52:00+00:00,0.55,sell_yes,buy_yes,0.25,0.22,42.8819,1.2865,3,0.275,0.2,closed,opposite_fill
849,Will the Moderate Party (M) win the second most seats in the 2026 Swedish parliamentary election?,2026-05-24T12:52:00+00:00,2026-05-24T13:09:00+00:00,0.2833,buy_yes,sell_yes,0.22,0.27,19.0861,0.9543,5,0.2,0.285,closed,opposite_fill
850,Will the Moderate Party (M) win the second most seats in the 2026 Swedish parliamentary election?,2026-05-24T12:59:00+00:00,2026-05-24T13:09:00+00:00,0.1667,buy_yes,sell_yes,0.38,0.27,61.968,-6.8165,-11,0.2,0.285,closed,opposite_fill
851,Will the Moderate Party (M) win the second most seats in the 2026 Swedish parliamentary election?,2026-05-24T13:09:00+00:00,2026-05-24T13:16:00+00:00,0.1167,sell_yes,buy_yes,0.27,0.38,36.6851,-4.0354,-11,0.285,0.29,closed,opposite_fill
852,Will the Moderate Party (M) win the second most seats in the 2026 Swedish parliamentary election?,2026-05-24T13:16:00+00:00,2026-05-24T13:44:00+00:00,0.4667,buy_yes,sell_yes,0.38,0.24,58.7457,-8.2244,-14,0.29,0.435,closed,opposite_fill
853,Will the Moderate Party (M) win the second most seats in the 2026 Swedish parliamentary election?,2026-05-24T13:44:00+00:00,2026-05-24T13:48:00+00:00,0.0667,sell_yes,buy_yes,0.24,0.39,3.22234,-0.4834,-15,0.435,0.385,closed,opposite_fill
854,Will the Moderate Party (M) win the second most seats in the 2026 Swedish parliamentary election?,2026-05-24T13:48:00+00:00,2026-05-24T13:56:00+00:00,0.1333,buy_yes,sell_yes,0.39,0.32,28.7532,-2.0127,-7,0.385,0.385,closed,opposite_fill
855,Will the Moderate Party (M) win the second most seats in the 2026 Swedish parliamentary election?,2026-05-24T13:48:00+00:00,2026-05-24T14:01:00+00:00,0.2167,buy_yes,sell_yes,0.39,0.29,43.4173,-4.3417,-10,0.385,0.29,closed,opposite_fill
856,Will the Moderate Party (M) win the second most seats in the 2026 Swedish parliamentary election?,2026-05-24T13:48:00+00:00,2026-05-24T14:32:00+00:00,0.7333,buy_yes,sell_yes,0.39,0.23,28.7532,-4.6005,-16,0.385,0.27,closed,opposite_fill
857,Will the Sweden Democrats (SD) win the second most seats in the 2026 Swedish parliamentary election?,2026-05-20T00:06:00+00:00,2026-05-24T14:36:00+00:00,110.5,buy_yes,sell_yes,0.67,0.73,1.85904,0.1115,6,0.67,0.735,closed,opposite_fill
858,Will the Sweden Democrats (SD) win the second most seats in the 2026 Swedish parliamentary election?,2026-05-24T13:54:00+00:00,2026-05-24T14:36:00+00:00,0.7,buy_yes,sell_yes,0.7,0.73,60.109,1.8033,3,0.695,0.735,closed,opposite_fill
859,Will the Moderate Party (M) win the second most seats in the 2026 Swedish parliamentary election?,2026-05-24T13:48:00+00:00,2026-05-24T14:36:00+00:00,0.8,buy_yes,sell_yes,0.39,0.24,6.15714,-0.9236,-15,0.385,0.255,closed,opposite_fill
860,Will the Moderate Party (M) win the second most seats in the 2026 Swedish parliamentary election?,2026-05-24T14:36:00+00:00,2026-05-24T14:41:00+00:00,0.0833,sell_yes,buy_yes,0.24,0.22,22.596,0.4519,2,0.255,0.2,closed,opposite_fill
861,Will the Moderate Party (M) win the second most seats in the 2026 Swedish parliamentary election?,2026-05-24T14:41:00+00:00,2026-05-24T15:08:00+00:00,0.45,buy_yes,sell_yes,0.22,0.27,39.372,1.9686,5,0.2,0.37,closed,opposite_fill
862,Will the Moderate Party (M) win the second most seats in the 2026 Swedish parliamentary election?,2026-05-24T15:08:00+00:00,2026-05-24T15:18:00+00:00,0.1667,sell_yes,buy_yes,0.27,0.28,22.596,-0.226,-1,0.37,0.255,closed,opposite_fill
863,Will the Moderate Party (M) win the second most seats in the 2026 Swedish parliamentary election?,2026-05-24T15:18:00+00:00,2026-05-24T15:39:00+00:00,0.35,buy_yes,sell_yes,0.28,0.25,39.372,-1.1812,-3,0.255,0.26,closed,opposite_fill
864,Will the Moderate Party (M) win the second most seats in the 2026 Swedish parliamentary election?,2026-05-24T15:39:00+00:00,2026-05-24T15:42:00+00:00,0.05,sell_yes,buy_yes,0.25,0.23,22.596,0.4519,2,0.26,0.2,closed,opposite_fill
865,Will the Sweden Democrats (SD) win the second most seats in the 2026 Swedish parliamentary election?,2026-05-24T13:54:00+00:00,2026-05-24T15:48:00+00:00,1.9,buy_yes,sell_yes,0.7,0.72,3.71808,0.0744,2,0.695,0.735,closed,opposite_fill
866,Will the Moderate Party (M) win the second most seats in the 2026 Swedish parliamentary election?,2026-05-24T15:42:00+00:00,2026-05-24T16:26:00+00:00,0.7333,buy_yes,sell_yes,0.23,0.26,39.372,1.1812,3,0.2,0.415,closed,opposite_fill
867,Will the Moderate Party (M) win the second most seats in the 2026 Swedish parliamentary election?,2026-05-24T16:26:00+00:00,2026-05-24T16:28:00+00:00,0.0333,sell_yes,buy_yes,0.26,0.38,22.596,-2.7115,-12,0.415,0.36,closed,opposite_fill
868,Will the Moderate Party (M) win the second most seats in the 2026 Swedish parliamentary election?,2026-05-24T16:28:00+00:00,2026-05-24T16:49:00+00:00,0.35,buy_yes,sell_yes,0.38,0.25,61.968,-8.0558,-13,0.36,0.42,closed,opposite_fill
869,Will the Moderate Party (M) win the second most seats in the 2026 Swedish parliamentary election?,2026-05-24T16:28:00+00:00,2026-05-24T17:05:00+00:00,0.6167,buy_yes,sell_yes,0.38,0.29,14.5848,-1.3126,-9,0.36,0.33,closed,opposite_fill
870,Will the Moderate Party (M) win the second most seats in the 2026 Swedish parliamentary election?,2026-05-24T16:56:00+00:00,2026-05-24T17:05:00+00:00,0.15,buy_yes,sell_yes,0.31,0.29,47.3832,-0.9477,-2,0.305,0.33,closed,opposite_fill
871,Will the Moderate Party (M) win the second most seats in the 2026 Swedish parliamentary election?,2026-05-24T16:56:00+00:00,2026-05-24T17:11:00+00:00,0.25,buy_yes,sell_yes,0.31,0.28,14.5848,-0.4375,-3,0.305,0.33,closed,opposite_fill
872,Will the Moderate Party (M) win the second most seats in the 2026 Swedish parliamentary election?,2026-05-24T17:11:00+00:00,2026-05-24T17:13:00+00:00,0.0333,sell_yes,buy_yes,0.28,0.24,47.3832,1.8953,4,0.33,0.2,closed,opposite_fill
873,Will the Moderate Party (M) win the second most seats in the 2026 Swedish parliamentary election?,2026-05-24T17:13:00+00:00,2026-05-24T17:32:00+00:00,0.3167,buy_yes,sell_yes,0.24,0.25,14.5848,0.1458,1,0.2,0.335,closed,opposite_fill
874,Will the Moderate Party (M) win the second most seats in the 2026 Swedish parliamentary election?,2026-05-24T17:18:00+00:00,2026-05-24T17:32:00+00:00,0.2333,buy_yes,sell_yes,0.29,0.25,47.3832,-1.8953,-4,0.26,0.335,closed,opposite_fill
875,Clarity Act (H.R.3633) signed into law in 2026?,2026-05-22T19:12:00+00:00,2026-05-24T20:08:00+00:00,48.9333,sell_yes,buy_yes,0.52,0.58,1.5492,-0.093,-6,0.545,0.575,closed,opposite_fill
876,Bab el-Mandeb Strait effectively closed by September 30?,2026-05-24T11:17:00+00:00,2026-05-24T20:38:00+00:00,9.35,buy_yes,sell_yes,0.14,0.15,40.2792,0.4028,1,0.13,0.155,closed,opposite_fill
877,Will there be no change in Fed interest rates after the September 2026 meeting?,2026-05-23T21:24:00+00:00,2026-05-24T21:00:00+00:00,23.6,buy_yes,sell_yes,0.71,0.68,62.3811,-1.8714,-3,0.705,0.685,closed,opposite_fill
878,Will there be no change in Fed interest rates after the September 2026 meeting?,2026-05-24T21:00:00+00:00,2026-05-24T21:01:00+00:00,0.0167,sell_yes,buy_yes,0.68,0.68,40.8989,0,0,0.685,0.675,closed,opposite_fill
879,Will there be no change in Fed interest rates after the September 2026 meeting?,2026-05-24T21:01:00+00:00,2026-05-24T22:19:00+00:00,1.3,buy_yes,sell_yes,0.68,0.68,65.4795,0,0,0.675,0.685,closed,opposite_fill
880,Will there be no change in Fed interest rates after the September 2026 meeting?,2026-05-24T22:19:00+00:00,2026-05-24T22:20:00+00:00,0.0167,sell_yes,buy_yes,0.68,0.68,37.8005,0,0,0.685,0.675,closed,opposite_fill
881,Will there be no change in Fed interest rates after the September 2026 meeting?,2026-05-24T22:20:00+00:00,2026-05-24T22:22:00+00:00,0.0333,buy_yes,sell_yes,0.68,0.68,65.4795,0,0,0.675,0.69,closed,opposite_fill
882,Will there be no change in Fed interest rates after the September 2026 meeting?,2026-05-24T22:22:00+00:00,2026-05-24T22:23:00+00:00,0.0167,sell_yes,buy_yes,0.68,0.68,37.8005,0,0,0.69,0.68,closed,opposite_fill
883,Will the Moderate Party (M) win the second most seats in the 2026 Swedish parliamentary election?,2026-05-24T17:18:00+00:00,2026-05-24T22:23:00+00:00,5.0833,buy_yes,sell_yes,0.29,0.27,14.5848,-0.2917,-2,0.26,0.42,closed,opposite_fill
884,Will the Moderate Party (M) win the second most seats in the 2026 Swedish parliamentary election?,2026-05-24T17:35:00+00:00,2026-05-24T22:23:00+00:00,4.8,buy_yes,sell_yes,0.26,0.27,47.3832,0.4738,1,0.205,0.42,closed,opposite_fill
885,Will there be no change in Fed interest rates after the September 2026 meeting?,2026-05-24T22:23:00+00:00,2026-05-24T22:25:00+00:00,0.0333,buy_yes,sell_yes,0.68,0.68,65.4795,0,0,0.68,0.685,closed,opposite_fill
886,Will there be no change in Fed interest rates after the September 2026 meeting?,2026-05-24T22:25:00+00:00,2026-05-24T22:27:00+00:00,0.0333,sell_yes,buy_yes,0.68,0.69,37.8005,-0.378,-1,0.685,0.68,closed,opposite_fill
887,Will there be no change in Fed interest rates after the September 2026 meeting?,2026-05-24T22:27:00+00:00,2026-05-24T22:46:00+00:00,0.3167,buy_yes,sell_yes,0.69,0.68,65.4795,-0.6548,-1,0.68,0.69,closed,opposite_fill
888,Will there be no change in Fed interest rates after the September 2026 meeting?,2026-05-24T22:46:00+00:00,2026-05-24T22:47:00+00:00,0.0167,sell_yes,buy_yes,0.68,0.68,37.8005,0,0,0.69,0.675,closed,opposite_fill
889,Will the Sweden Democrats (SD) win the second most seats in the 2026 Swedish parliamentary election?,2026-05-24T15:48:00+00:00,2026-05-24T22:51:00+00:00,7.05,sell_yes,buy_yes,0.72,0.72,58.2499,0,0,0.735,0.69,closed,opposite_fill
890,Will the Moderate Party (M) win the second most seats in the 2026 Swedish parliamentary election?,2026-05-24T17:35:00+00:00,2026-05-24T23:01:00+00:00,5.4333,buy_yes,sell_yes,0.26,0.29,14.5848,0.4375,3,0.205,0.36,closed,opposite_fill
891,Will the Moderate Party (M) win the second most seats in the 2026 Swedish parliamentary election?,2026-05-24T22:39:00+00:00,2026-05-24T23:01:00+00:00,0.3667,buy_yes,sell_yes,0.33,0.29,47.3832,-1.8953,-4,0.23,0.36,closed,opposite_fill
892,Will there be no change in Fed interest rates after the September 2026 meeting?,2026-05-24T22:47:00+00:00,2026-05-24T23:03:00+00:00,0.2667,buy_yes,sell_yes,0.68,0.68,65.4795,0,0,0.675,0.685,closed,opposite_fill
893,Will there be no change in Fed interest rates after the September 2026 meeting?,2026-05-24T23:03:00+00:00,2026-05-24T23:05:00+00:00,0.0333,sell_yes,buy_yes,0.68,0.68,37.8005,0,0,0.685,0.68,closed,opposite_fill
894,Will there be no change in Fed interest rates after the September 2026 meeting?,2026-05-24T23:05:00+00:00,2026-05-24T23:07:00+00:00,0.0333,buy_yes,sell_yes,0.68,0.68,65.4795,0,0,0.68,0.69,closed,opposite_fill
895,Will there be no change in Fed interest rates after the September 2026 meeting?,2026-05-24T23:07:00+00:00,2026-05-24T23:12:00+00:00,0.0833,sell_yes,buy_yes,0.68,0.68,37.8005,0,0,0.69,0.675,closed,opposite_fill
896,Will there be no change in Fed interest rates after the September 2026 meeting?,2026-05-24T23:12:00+00:00,2026-05-24T23:34:00+00:00,0.3667,buy_yes,sell_yes,0.68,0.68,65.4795,0,0,0.675,0.69,closed,opposite_fill
897,Will there be no change in Fed interest rates after the September 2026 meeting?,2026-05-24T23:34:00+00:00,2026-05-24T23:37:00+00:00,0.05,sell_yes,buy_yes,0.68,0.68,37.8005,0,0,0.69,0.68,closed,opposite_fill
898,Will the Moderate Party (M) win the second most seats in the 2026 Swedish parliamentary election?,2026-05-24T22:39:00+00:00,2026-05-24T23:42:00+00:00,1.05,buy_yes,sell_yes,0.33,0.31,14.5848,-0.2917,-2,0.23,0.32,closed,opposite_fill
899,Will the Moderate Party (M) win the second most seats in the 2026 Swedish parliamentary election?,2026-05-24T23:04:00+00:00,2026-05-24T23:42:00+00:00,0.6333,buy_yes,sell_yes,0.32,0.31,47.3832,-0.4738,-1,0.26,0.32,closed,opposite_fill
900,Will the Sweden Democrats (SD) win the second most seats in the 2026 Swedish parliamentary election?,2026-05-24T22:51:00+00:00,2026-05-24T23:54:00+00:00,1.05,buy_yes,sell_yes,0.72,0.75,3.71808,0.1115,3,0.69,0.755,closed,opposite_fill
901,Will the Sweden Democrats (SD) win the second most seats in the 2026 Swedish parliamentary election?,2026-05-24T23:09:00+00:00,2026-05-24T23:54:00+00:00,0.75,buy_yes,sell_yes,0.7,0.75,58.2499,2.9125,5,0.695,0.755,closed,opposite_fill
902,Will there be no change in Fed interest rates after the September 2026 meeting?,2026-05-24T23:37:00+00:00,2026-05-24T23:59:00+00:00,0.3667,buy_yes,sell_yes,0.68,0.69,65.4795,0.6548,1,0.68,0.695,closed,opposite_fill
903,Will Harry Kane win the 2026 Ballon d'Or?,2026-05-20T00:28:00+00:00,2026-05-25T00:00:00+00:00,119.533,buy_yes,sell_yes,0.21,0.28,0.85206,0.0596,7,0.209,0.4595,closed,opposite_fill
904,Will there be no change in Fed interest rates after the September 2026 meeting?,2026-05-24T23:59:00+00:00,2026-05-25T00:00:00+00:00,0.0167,sell_yes,buy_yes,0.69,0.69,37.8005,0,0,0.695,0.68,closed,opposite_fill
905,Will Ulf Kristersson be the next Prime Minister of Sweden?,2026-05-24T00:02:00+00:00,2026-05-25T00:02:00+00:00,24,buy_yes,sell_yes,0.29,0.23,48.5416,-2.9125,-6,0.195,0.24,closed,opposite_fill
906,Will the Sweden Democrats (SD) win the second most seats in the 2026 Swedish parliamentary election?,2026-05-24T23:09:00+00:00,2026-05-25T00:06:00+00:00,0.95,buy_yes,sell_yes,0.7,0.51,3.71808,-0.7064,-19,0.695,0.74,closed,opposite_fill
907,Will Édouard Philippe win the 2027 French presidential election?,2026-05-22T00:06:00+00:00,2026-05-25T00:08:00+00:00,72.0333,sell_yes,buy_yes,0.13,0.11,1.5492,0.031,2,0.21,0.1,closed,opposite_fill
908,Will Édouard Philippe win the 2027 French presidential election?,2026-05-25T00:00:00+00:00,2026-05-25T00:08:00+00:00,0.1333,sell_yes,buy_yes,0.22,0.11,50.0908,5.51,11,0.355,0.1,closed,opposite_fill
909,Will there be no change in Fed interest rates after the September 2026 meeting?,2026-05-25T00:00:00+00:00,2026-05-25T00:09:00+00:00,0.15,buy_yes,sell_yes,0.69,0.68,65.4795,-0.6548,-1,0.68,0.685,closed,opposite_fill
910,Will there be no change in Fed interest rates after the September 2026 meeting?,2026-05-25T00:09:00+00:00,2026-05-25T00:15:00+00:00,0.1,sell_yes,buy_yes,0.68,0.68,37.8005,0,0,0.685,0.675,closed,opposite_fill
911,Will there be no change in Fed interest rates after the September 2026 meeting?,2026-05-25T00:15:00+00:00,2026-05-25T00:18:00+00:00,0.05,buy_yes,sell_yes,0.68,0.68,65.4795,0,0,0.675,0.685,closed,opposite_fill
912,Will there be no change in Fed interest rates after the September 2026 meeting?,2026-05-25T00:18:00+00:00,2026-05-25T00:19:00+00:00,0.0167,sell_yes,buy_yes,0.68,0.68,37.8005,0,0,0.685,0.675,closed,opposite_fill
913,Will the Sweden Democrats (SD) win the third most seats in the 2026 Swedish parliamentary election?,2026-05-24T00:17:00+00:00,2026-05-25T00:20:00+00:00,24.05,buy_yes,sell_yes,0.28,0.2,34.857,-2.7886,-8,0.185,0.34,closed,opposite_fill
914,Will there be no change in Fed interest rates after the September 2026 meeting?,2026-05-25T00:19:00+00:00,2026-05-25T00:20:00+00:00,0.0167,buy_yes,sell_yes,0.68,0.68,65.4795,0,0,0.675,0.685,closed,opposite_fill
915,Will there be no change in Fed interest rates after the September 2026 meeting?,2026-05-25T00:20:00+00:00,2026-05-25T00:23:00+00:00,0.05,sell_yes,buy_yes,0.68,0.68,43.9973,0,0,0.685,0.68,closed,opposite_fill
916,Will there be no change in Fed interest rates after the September 2026 meeting?,2026-05-25T00:23:00+00:00,2026-05-25T00:25:00+00:00,0.0333,buy_yes,sell_yes,0.68,0.69,59.2827,0.5928,1,0.68,0.695,closed,opposite_fill
917,Will there be no change in Fed interest rates after the September 2026 meeting?,2026-05-25T00:25:00+00:00,2026-05-25T00:26:00+00:00,0.0167,sell_yes,buy_yes,0.69,0.69,43.9973,0,0,0.695,0.68,closed,opposite_fill
918,Bab el-Mandeb Strait effectively closed by September 30?,2026-05-24T20:38:00+00:00,2026-05-25T00:27:00+00:00,3.8167,sell_yes,buy_yes,0.15,0.18,63.0008,-1.89,-3,0.155,0.145,closed,opposite_fill
919,Will the Sweden Democrats (SD) win the third most seats in the 2026 Swedish parliamentary election?,2026-05-25T00:20:00+00:00,2026-05-25T00:35:00+00:00,0.25,sell_yes,buy_yes,0.2,0.32,11.619,-1.3943,-12,0.34,0.185,closed,opposite_fill
920,Bab el-Mandeb Strait effectively closed by September 30?,2026-05-25T00:27:00+00:00,2026-05-25T00:36:00+00:00,0.15,buy_yes,sell_yes,0.18,0.15,40.2792,-1.2084,-3,0.145,0.16,closed,opposite_fill
921,Will the Moderate Party (M) win the second most seats in the 2026 Swedish parliamentary election?,2026-05-24T23:04:00+00:00,2026-05-25T00:55:00+00:00,1.85,buy_yes,sell_yes,0.32,0.24,18.3029,-1.4642,-8,0.26,0.25,closed,opposite_fill
922,Will the Moderate Party (M) win the second most seats in the 2026 Swedish parliamentary election?,2026-05-25T00:55:00+00:00,2026-05-25T01:11:00+00:00,0.2667,sell_yes,buy_yes,0.24,0.23,43.6651,0.4367,1,0.25,0.23,closed,opposite_fill
923,Will the Moderate Party (M) win the second most seats in the 2026 Swedish parliamentary election?,2026-05-25T01:11:00+00:00,2026-05-25T01:16:00+00:00,0.0833,buy_yes,sell_yes,0.23,0.22,18.3029,-0.183,-1,0.23,0.245,closed,opposite_fill
924,Will the Moderate Party (M) win the second most seats in the 2026 Swedish parliamentary election?,2026-05-25T01:16:00+00:00,2026-05-25T01:22:00+00:00,0.1,sell_yes,buy_yes,0.22,0.23,43.6651,-0.4367,-1,0.245,0.23,closed,opposite_fill
925,Will the Moderate Party (M) win the second most seats in the 2026 Swedish parliamentary election?,2026-05-25T01:22:00+00:00,2026-05-25T01:34:00+00:00,0.2,buy_yes,sell_yes,0.23,0.24,18.3029,0.183,1,0.23,0.405,closed,opposite_fill
926,Will the Moderate Party (M) win the second most seats in the 2026 Swedish parliamentary election?,2026-05-25T01:34:00+00:00,2026-05-25T01:38:00+00:00,0.0667,sell_yes,buy_yes,0.24,0.41,43.6651,-7.4231,-17,0.405,0.37,closed,opposite_fill
927,Will the Moderate Party (M) win the second most seats in the 2026 Swedish parliamentary election?,2026-05-25T01:38:00+00:00,2026-05-25T01:45:00+00:00,0.1167,buy_yes,sell_yes,0.41,0.33,31.3161,-2.5053,-8,0.37,0.335,closed,opposite_fill
928,Will there be no change in Fed interest rates after the September 2026 meeting?,2026-05-25T00:26:00+00:00,2026-05-25T01:46:00+00:00,1.3333,buy_yes,sell_yes,0.69,0.68,59.2827,-0.5928,-1,0.68,0.685,closed,opposite_fill
929,Will the Moderate Party (M) win the second most seats in the 2026 Swedish parliamentary election?,2026-05-25T01:45:00+00:00,2026-05-25T01:46:00+00:00,0.0167,sell_yes,buy_yes,0.33,0.33,30.6519,0,0,0.335,0.325,closed,opposite_fill
930,Will there be no change in Fed interest rates after the September 2026 meeting?,2026-05-25T01:46:00+00:00,2026-05-25T01:48:00+00:00,0.0333,sell_yes,buy_yes,0.68,0.68,43.9973,0,0,0.685,0.675,closed,opposite_fill
931,Will there be no change in Fed interest rates after the September 2026 meeting?,2026-05-25T01:48:00+00:00,2026-05-25T01:49:00+00:00,0.0167,buy_yes,sell_yes,0.68,0.68,59.2827,0,0,0.675,0.695,closed,opposite_fill
932,Will there be no change in Fed interest rates after the September 2026 meeting?,2026-05-25T01:49:00+00:00,2026-05-25T01:50:00+00:00,0.0167,sell_yes,buy_yes,0.68,0.69,43.9973,-0.44,-1,0.695,0.685,closed,opposite_fill
933,Will there be no change in Fed interest rates after the September 2026 meeting?,2026-05-25T01:50:00+00:00,2026-05-25T02:03:00+00:00,0.2167,buy_yes,sell_yes,0.69,0.68,59.2827,-0.5928,-1,0.685,0.685,closed,opposite_fill
934,Will there be no change in Fed interest rates after the September 2026 meeting?,2026-05-25T02:03:00+00:00,2026-05-25T02:07:00+00:00,0.0667,sell_yes,buy_yes,0.68,0.68,43.9973,0,0,0.685,0.68,closed,opposite_fill
935,Will the Moderate Party (M) win the second most seats in the 2026 Swedish parliamentary election?,2026-05-25T01:46:00+00:00,2026-05-25T02:11:00+00:00,0.4167,buy_yes,sell_yes,0.33,0.28,40.6113,-2.0306,-5,0.325,0.315,closed,opposite_fill
936,Will the Moderate Party (M) win the second most seats in the 2026 Swedish parliamentary election?,2026-05-25T02:11:00+00:00,2026-05-25T02:12:00+00:00,0.0167,sell_yes,buy_yes,0.28,0.31,21.3567,-0.6407,-3,0.315,0.305,closed,opposite_fill
937,Will the Moderate Party (M) win the second most seats in the 2026 Swedish parliamentary election?,2026-05-25T02:12:00+00:00,2026-05-25T02:13:00+00:00,0.0167,buy_yes,sell_yes,0.31,0.31,42.4704,0,0,0.305,0.315,closed,opposite_fill
938,Will the Moderate Party (M) win the third most seats in the 2026 Swedish parliamentary election?,2026-05-24T00:07:00+00:00,2026-05-25T02:19:00+00:00,26.2,sell_yes,buy_yes,0.45,0.62,38.4821,-6.542,-17,0.66,0.615,closed,opposite_fill
939,Will the Moderate Party (M) win the second most seats in the 2026 Swedish parliamentary election?,2026-05-25T02:13:00+00:00,2026-05-25T02:22:00+00:00,0.15,sell_yes,buy_yes,0.31,0.29,19.4976,0.39,2,0.315,0.255,closed,opposite_fill
940,Will the Moderate Party (M) win the second most seats in the 2026 Swedish parliamentary election?,2026-05-25T02:22:00+00:00,2026-05-25T02:25:00+00:00,0.05,buy_yes,sell_yes,0.29,0.25,42.4704,-1.6988,-4,0.255,0.315,closed,opposite_fill
941,Will there be no change in Fed interest rates after the September 2026 meeting?,2026-05-25T02:07:00+00:00,2026-05-25T02:34:00+00:00,0.45,buy_yes,sell_yes,0.68,0.68,59.2827,0,0,0.68,0.69,closed,opposite_fill
942,Will there be no change in Fed interest rates after the September 2026 meeting?,2026-05-25T02:34:00+00:00,2026-05-25T02:36:00+00:00,0.0333,sell_yes,buy_yes,0.68,0.69,43.9973,-0.44,-1,0.69,0.68,closed,opposite_fill
943,Will the Moderate Party (M) win the second most seats in the 2026 Swedish parliamentary election?,2026-05-25T02:25:00+00:00,2026-05-25T02:36:00+00:00,0.1833,sell_yes,buy_yes,0.25,0.28,19.4976,-0.5849,-3,0.315,0.28,closed,opposite_fill
944,Will the Moderate Party (M) win the second most seats in the 2026 Swedish parliamentary election?,2026-05-25T02:36:00+00:00,2026-05-25T02:38:00+00:00,0.0333,buy_yes,sell_yes,0.28,0.28,42.4704,0,0,0.28,0.295,closed,opposite_fill
945,Will the Moderate Party (M) win the second most seats in the 2026 Swedish parliamentary election?,2026-05-25T02:38:00+00:00,2026-05-25T02:40:00+00:00,0.0333,sell_yes,buy_yes,0.28,0.28,19.4976,0,0,0.295,0.28,closed,opposite_fill
946,Will there be no change in Fed interest rates after the September 2026 meeting?,2026-05-25T02:36:00+00:00,2026-05-25T02:41:00+00:00,0.0833,buy_yes,sell_yes,0.69,0.68,59.2827,-0.5928,-1,0.68,0.685,closed,opposite_fill
947,Will the Moderate Party (M) win the second most seats in the 2026 Swedish parliamentary election?,2026-05-25T02:40:00+00:00,2026-05-25T02:41:00+00:00,0.0167,buy_yes,sell_yes,0.28,0.29,55.4837,0.5548,1,0.28,0.295,closed,opposite_fill
948,Will there be no change in Fed interest rates after the September 2026 meeting?,2026-05-25T02:41:00+00:00,2026-05-25T02:42:00+00:00,0.0167,sell_yes,buy_yes,0.68,0.68,43.9973,0,0,0.685,0.675,closed,opposite_fill
949,Will there be no change in Fed interest rates after the September 2026 meeting?,2026-05-25T02:42:00+00:00,2026-05-25T02:43:00+00:00,0.0167,buy_yes,sell_yes,0.68,0.68,59.2827,0,0,0.675,0.685,closed,opposite_fill
950,Will there be no change in Fed interest rates after the September 2026 meeting?,2026-05-25T02:43:00+00:00,2026-05-25T02:45:00+00:00,0.0333,sell_yes,buy_yes,0.68,0.68,43.9973,0,0,0.685,0.68,closed,opposite_fill
951,Will the Moderate Party (M) win the second most seats in the 2026 Swedish parliamentary election?,2026-05-25T02:41:00+00:00,2026-05-25T02:45:00+00:00,0.0667,sell_yes,buy_yes,0.29,0.26,6.48433,0.1945,3,0.295,0.245,closed,opposite_fill
952,Will there be no change in Fed interest rates after the September 2026 meeting?,2026-05-25T02:45:00+00:00,2026-05-25T03:14:00+00:00,0.4833,buy_yes,sell_yes,0.68,0.69,59.2827,0.5928,1,0.68,0.695,closed,opposite_fill
953,Will there be no change in Fed interest rates after the September 2026 meeting?,2026-05-25T03:14:00+00:00,2026-05-25T03:15:00+00:00,0.0167,sell_yes,buy_yes,0.69,0.69,43.9973,0,0,0.695,0.68,closed,opposite_fill
954,Will there be no change in Fed interest rates after the September 2026 meeting?,2026-05-25T03:15:00+00:00,2026-05-25T03:50:00+00:00,0.5833,buy_yes,sell_yes,0.69,0.69,59.2827,0,0,0.68,0.705,closed,opposite_fill
955,Will the Sweden Democrats (SD) win the third most seats in the 2026 Swedish parliamentary election?,2026-05-25T00:35:00+00:00,2026-05-25T03:51:00+00:00,3.2667,buy_yes,sell_yes,0.32,0.19,34.857,-4.5314,-13,0.185,0.195,closed,opposite_fill
956,Will the Sweden Democrats (SD) win the third most seats in the 2026 Swedish parliamentary election?,2026-05-25T03:51:00+00:00,2026-05-25T03:52:00+00:00,0.0167,sell_yes,buy_yes,0.19,0.19,11.619,0,0,0.195,0.185,closed,opposite_fill
957,Will the Moderate Party (M) win the second most seats in the 2026 Swedish parliamentary election?,2026-05-25T02:45:00+00:00,2026-05-25T04:18:00+00:00,1.55,buy_yes,sell_yes,0.26,0.26,22.2688,0,0,0.245,0.285,closed,opposite_fill
958,Will the Sweden Democrats (SD) win the third most seats in the 2026 Swedish parliamentary election?,2026-05-25T03:52:00+00:00,2026-05-25T04:19:00+00:00,0.45,buy_yes,sell_yes,0.19,0.19,34.857,0,0,0.185,0.195,closed,opposite_fill
959,Will the Sweden Democrats (SD) win the third most seats in the 2026 Swedish parliamentary election?,2026-05-25T04:19:00+00:00,2026-05-25T04:20:00+00:00,0.0167,sell_yes,buy_yes,0.19,0.19,11.619,0,0,0.195,0.185,closed,opposite_fill
960,Will the Moderate Party (M) win the second most seats in the 2026 Swedish parliamentary election?,2026-05-25T04:18:00+00:00,2026-05-25T07:11:00+00:00,2.8833,sell_yes,buy_yes,0.26,0.23,39.6992,1.191,3,0.285,0.205,closed,opposite_fill
961,Will the Moderate Party (M) win the second most seats in the 2026 Swedish parliamentary election?,2026-05-25T07:11:00+00:00,2026-05-25T07:13:00+00:00,0.0333,buy_yes,sell_yes,0.23,0.24,22.2688,0.2227,1,0.205,0.285,closed,opposite_fill
962,Will the Moderate Party (M) win the second most seats in the 2026 Swedish parliamentary election?,2026-05-25T07:13:00+00:00,2026-05-25T07:15:00+00:00,0.0333,sell_yes,buy_yes,0.24,0.24,39.6992,0,0,0.285,0.215,closed,opposite_fill
963,Will the Moderate Party (M) win the second most seats in the 2026 Swedish parliamentary election?,2026-05-25T07:15:00+00:00,2026-05-25T07:26:00+00:00,0.1833,buy_yes,sell_yes,0.24,0.26,22.2688,0.4454,2,0.215,0.28,closed,opposite_fill
964,Will Édouard Philippe win the 2027 French presidential election?,2026-05-25T00:00:00+00:00,2026-05-26T00:00:00+00:00,24,sell_yes,buy_yes,0.22,0.15,1.5492,0.1084,7,0.355,0.1,closed,opposite_fill
965,Will Spider-Man: Brand New Day be the top grossing movie of 2026?,2026-05-21T00:00:00+00:00,2026-05-26T00:00:00+00:00,120,buy_yes,sell_yes,0.57,0.56,0.7746,-0.0077,-1,0.465,0.595,closed,opposite_fill
966,Will Spider-Man: Brand New Day be the top grossing movie of 2026?,2026-05-25T00:00:00+00:00,2026-05-26T00:00:00+00:00,24,buy_yes,sell_yes,0.6,0.56,25.0454,-1.0018,-4,0.48,0.595,closed,opposite_fill
967,Will Harry Kane win the 2026 Ballon d'Or?,2026-05-25T00:00:00+00:00,2026-05-26T00:01:00+00:00,24.0167,sell_yes,buy_yes,0.28,0.25,24.9679,0.749,3,0.4595,0.2425,closed,opposite_fill
968,Will Édouard Philippe win the 2027 French presidential election?,2026-05-26T00:00:00+00:00,2026-05-26T00:02:00+00:00,0.0333,buy_yes,sell_yes,0.15,0.11,50.0908,-2.0036,-4,0.1,0.125,closed,opposite_fill
969,Will there be no change in Fed interest rates after the September 2026 meeting?,2026-05-25T03:50:00+00:00,2026-05-26T00:03:00+00:00,20.2167,sell_yes,buy_yes,0.69,0.72,43.9973,-1.3199,-3,0.705,0.71,closed,opposite_fill
970,Will the Moderate Party (M) win the third most seats in the 2026 Swedish parliamentary election?,2026-05-25T02:19:00+00:00,2026-05-26T00:05:00+00:00,21.7667,buy_yes,sell_yes,0.62,0.66,7.99387,0.3198,4,0.615,0.7,closed,opposite_fill
971,Bab el-Mandeb Strait effectively closed by September 30?,2026-05-25T00:36:00+00:00,2026-05-26T00:06:00+00:00,23.5,sell_yes,buy_yes,0.15,0.17,63.0008,-1.26,-2,0.16,0.15,closed,opposite_fill
972,Will the Moderate Party (M) win the second most seats in the 2026 Swedish parliamentary election?,2026-05-25T07:26:00+00:00,2026-05-26T00:26:00+00:00,17,sell_yes,buy_yes,0.26,0.24,39.6992,0.794,2,0.28,0.215,closed,opposite_fill
973,Will the Moderate Party (M) win the second most seats in the 2026 Swedish parliamentary election?,2026-05-26T00:26:00+00:00,2026-05-26T00:31:00+00:00,0.0833,buy_yes,sell_yes,0.24,0.21,22.2688,-0.6681,-3,0.215,0.22,closed,opposite_fill
974,Will the Moderate Party (M) win the second most seats in the 2026 Swedish parliamentary election?,2026-05-26T00:31:00+00:00,2026-05-26T00:34:00+00:00,0.05,sell_yes,buy_yes,0.21,0.21,39.6992,0,0,0.22,0.205,closed,opposite_fill
975,Will the Moderate Party (M) win the second most seats in the 2026 Swedish parliamentary election?,2026-05-26T00:34:00+00:00,2026-05-26T00:35:00+00:00,0.0167,buy_yes,sell_yes,0.21,0.21,22.2688,0,0,0.205,0.22,closed,opposite_fill
976,Bab el-Mandeb Strait effectively closed by September 30?,2026-05-26T00:06:00+00:00,2026-05-26T00:51:00+00:00,0.75,buy_yes,sell_yes,0.17,0.16,40.2792,-0.4028,-1,0.15,0.165,closed,opposite_fill
977,Will the Moderate Party (M) win the second most seats in the 2026 Swedish parliamentary election?,2026-05-26T00:35:00+00:00,2026-05-26T00:56:00+00:00,0.35,sell_yes,buy_yes,0.21,0.2,39.6992,0.397,1,0.22,0.2,closed,opposite_fill
978,Will the Moderate Party (M) win the second most seats in the 2026 Swedish parliamentary election?,2026-05-26T00:56:00+00:00,2026-05-26T01:00:00+00:00,0.0667,buy_yes,sell_yes,0.2,0.21,22.2688,0.2227,1,0.2,0.255,closed,opposite_fill
979,Will the Moderate Party (M) win the second most seats in the 2026 Swedish parliamentary election?,2026-05-26T01:00:00+00:00,2026-05-26T01:04:00+00:00,0.0667,sell_yes,buy_yes,0.21,0.24,39.6992,-1.191,-3,0.255,0.235,closed,opposite_fill
980,Will the Moderate Party (M) win the second most seats in the 2026 Swedish parliamentary election?,2026-05-26T01:04:00+00:00,2026-05-26T01:05:00+00:00,0.0167,buy_yes,sell_yes,0.24,0.24,22.2688,0,0,0.235,0.245,closed,opposite_fill
981,Will the Moderate Party (M) win the second most seats in the 2026 Swedish parliamentary election?,2026-05-26T01:05:00+00:00,2026-05-26T01:06:00+00:00,0.0167,sell_yes,buy_yes,0.24,0.24,48.9944,0,0,0.245,0.225,closed,opposite_fill
982,Bab el-Mandeb Strait effectively closed by September 30?,2026-05-26T00:51:00+00:00,2026-05-26T01:07:00+00:00,0.2667,sell_yes,buy_yes,0.16,0.17,63.0008,-0.63,-1,0.165,0.17,closed,opposite_fill
983,Will the Moderate Party (M) win the second most seats in the 2026 Swedish parliamentary election?,2026-05-26T01:06:00+00:00,2026-05-26T01:07:00+00:00,0.0167,buy_yes,sell_yes,0.24,0.23,12.9736,-0.1297,-1,0.225,0.235,closed,opposite_fill
984,Will the Moderate Party (M) win the third most seats in the 2026 Swedish parliamentary election?,2026-05-26T00:05:00+00:00,2026-05-26T01:10:00+00:00,1.0833,sell_yes,buy_yes,0.66,0.65,38.4821,0.3848,1,0.7,0.625,closed,opposite_fill
985,Will the Moderate Party (M) win the second most seats in the 2026 Swedish parliamentary election?,2026-05-26T01:07:00+00:00,2026-05-26T01:40:00+00:00,0.55,sell_yes,buy_yes,0.23,0.24,61.968,-0.6197,-1,0.235,0.235,closed,opposite_fill
986,Bab el-Mandeb Strait effectively closed by September 30?,2026-05-26T01:07:00+00:00,2026-05-26T02:24:00+00:00,1.2833,buy_yes,sell_yes,0.17,0.18,40.2792,0.4028,1,0.17,0.2,closed,opposite_fill
987,Will the Sweden Democrats (SD) win the second most seats in the 2026 Swedish parliamentary election?,2026-05-25T00:06:00+00:00,2026-05-26T03:43:00+00:00,27.6167,sell_yes,buy_yes,0.51,0.73,58.2499,-12.815,-22,0.74,0.715,closed,opposite_fill
988,Will the Moderate Party (M) win the second most seats in the 2026 Swedish parliamentary election?,2026-05-26T01:07:00+00:00,2026-05-26T03:45:00+00:00,2.6333,sell_yes,buy_yes,0.23,0.34,0.03966,-0.0044,-11,0.235,0.305,closed,opposite_fill
989,Will the Moderate Party (M) win the second most seats in the 2026 Swedish parliamentary election?,2026-05-26T01:59:00+00:00,2026-05-26T03:45:00+00:00,1.7667,sell_yes,buy_yes,0.28,0.34,61.968,-3.7181,-6,0.29,0.305,closed,opposite_fill
990,Will the Sweden Democrats (SD) win the second most seats in the 2026 Swedish parliamentary election?,2026-05-26T03:43:00+00:00,2026-05-26T04:21:00+00:00,0.6333,buy_yes,sell_yes,0.73,0.72,3.71808,-0.0372,-1,0.715,0.725,closed,opposite_fill
991,Will the Moderate Party (M) win the second most seats in the 2026 Swedish parliamentary election?,2026-05-26T03:45:00+00:00,2026-05-26T04:35:00+00:00,0.8333,buy_yes,sell_yes,0.34,0.26,1.81938,-0.1456,-8,0.305,0.265,closed,opposite_fill
992,Clarity Act (H.R.3633) signed into law in 2026?,2026-05-24T20:08:00+00:00,2026-05-26T05:45:00+00:00,33.6167,buy_yes,sell_yes,0.58,0.56,50.0908,-1.0018,-2,0.575,0.565,closed,opposite_fill
993,Will the Sweden Democrats (SD) win the third most seats in the 2026 Swedish parliamentary election?,2026-05-25T04:20:00+00:00,2026-05-26T06:50:00+00:00,26.5,buy_yes,sell_yes,0.19,0.19,34.857,0,0,0.185,0.2,closed,opposite_fill
994,Will the Moderate Party (M) win the second most seats in the 2026 Swedish parliamentary election?,2026-05-26T04:35:00+00:00,2026-05-26T07:05:00+00:00,2.5,sell_yes,buy_yes,0.26,0.22,60.1486,2.4059,4,0.265,0.2,closed,opposite_fill
995,Will there be no change in Fed interest rates after the September 2026 meeting?,2026-05-26T00:03:00+00:00,2026-05-26T07:14:00+00:00,7.1833,buy_yes,sell_yes,0.72,0.68,59.2827,-2.3713,-4,0.71,0.695,closed,opposite_fill
996,Will there be no change in Fed interest rates after the September 2026 meeting?,2026-05-26T07:14:00+00:00,2026-05-26T07:15:00+00:00,0.0167,sell_yes,buy_yes,0.68,0.69,43.9973,-0.44,-1,0.695,0.685,closed,opposite_fill
997,Will there be no change in Fed interest rates after the September 2026 meeting?,2026-05-26T07:15:00+00:00,2026-05-26T07:20:00+00:00,0.0833,buy_yes,sell_yes,0.69,0.69,59.2827,0,0,0.685,0.695,closed,opposite_fill
998,Will there be no change in Fed interest rates after the September 2026 meeting?,2026-05-26T07:20:00+00:00,2026-05-26T07:21:00+00:00,0.0167,sell_yes,buy_yes,0.69,0.69,43.9973,0,0,0.695,0.685,closed,opposite_fill
999,Will the Moderate Party (M) win the second most seats in the 2026 Swedish parliamentary election?,2026-05-26T07:05:00+00:00,2026-05-26T07:27:00+00:00,0.3667,buy_yes,sell_yes,0.22,0.26,1.81938,0.0728,4,0.2,0.27,closed,opposite_fill
1000,Will there be no change in Fed interest rates after the September 2026 meeting?,2026-05-26T07:21:00+00:00,2026-05-26T07:31:00+00:00,0.1667,buy_yes,sell_yes,0.69,0.69,62.3811,0,0,0.685,0.695,closed,opposite_fill
1001,Will there be no change in Fed interest rates after the September 2026 meeting?,2026-05-26T07:31:00+00:00,2026-05-26T07:32:00+00:00,0.0167,sell_yes,buy_yes,0.69,0.69,40.8989,0,0,0.695,0.68,closed,opposite_fill
1002,Iran leadership change by December 31?,2026-05-25T00:00:00+00:00,2026-05-26T07:56:00+00:00,31.9333,sell_yes,buy_yes,0.33,0.32,103.28,1.0328,1,0.36,0.315,closed,opposite_fill
1003,Will there be no change in Fed interest rates after the September 2026 meeting?,2026-05-26T07:32:00+00:00,2026-05-26T08:10:00+00:00,0.6333,buy_yes,sell_yes,0.69,0.68,65.4795,-0.6548,-1,0.68,0.69,closed,opposite_fill
1004,Will there be no change in Fed interest rates after the September 2026 meeting?,2026-05-26T08:10:00+00:00,2026-05-26T08:11:00+00:00,0.0167,sell_yes,buy_yes,0.68,0.68,37.8005,0,0,0.69,0.68,closed,opposite_fill
1005,Will the Sweden Democrats (SD) win the third most seats in the 2026 Swedish parliamentary election?,2026-05-26T06:50:00+00:00,2026-05-26T08:24:00+00:00,1.5667,sell_yes,buy_yes,0.19,0.19,11.619,0,0,0.2,0.185,closed,opposite_fill
1006,Will the Moderate Party (M) win the second most seats in the 2026 Swedish parliamentary election?,2026-05-26T07:27:00+00:00,2026-05-26T08:27:00+00:00,1,sell_yes,buy_yes,0.26,0.22,60.1486,2.4059,4,0.27,0.21,closed,opposite_fill
1007,Will the Sweden Democrats (SD) win the third most seats in the 2026 Swedish parliamentary election?,2026-05-26T08:24:00+00:00,2026-05-26T08:41:00+00:00,0.2833,buy_yes,sell_yes,0.19,0.19,34.857,0,0,0.185,0.195,closed,opposite_fill
1008,Will the Sweden Democrats (SD) win the third most seats in the 2026 Swedish parliamentary election?,2026-05-26T08:41:00+00:00,2026-05-26T08:43:00+00:00,0.0333,sell_yes,buy_yes,0.19,0.19,11.619,0,0,0.195,0.185,closed,opposite_fill
1009,Will there be no change in Fed interest rates after the September 2026 meeting?,2026-05-26T08:11:00+00:00,2026-05-26T08:44:00+00:00,0.55,buy_yes,sell_yes,0.68,0.68,65.4795,0,0,0.68,0.685,closed,opposite_fill
1010,Will there be no change in Fed interest rates after the September 2026 meeting?,2026-05-26T08:44:00+00:00,2026-05-26T08:45:00+00:00,0.0167,sell_yes,buy_yes,0.68,0.68,37.8005,0,0,0.685,0.68,closed,opposite_fill
1011,Will the Sweden Democrats (SD) win the third most seats in the 2026 Swedish parliamentary election?,2026-05-26T08:43:00+00:00,2026-05-26T09:09:00+00:00,0.4333,buy_yes,sell_yes,0.19,0.19,34.857,0,0,0.185,0.2,closed,opposite_fill
1012,Will the Sweden Democrats (SD) win the third most seats in the 2026 Swedish parliamentary election?,2026-05-26T09:09:00+00:00,2026-05-26T09:30:00+00:00,0.35,sell_yes,buy_yes,0.19,0.19,11.619,0,0,0.2,0.185,closed,opposite_fill
1013,Will the Moderate Party (M) win the second most seats in the 2026 Swedish parliamentary election?,2026-05-26T08:27:00+00:00,2026-05-26T09:45:00+00:00,1.3,buy_yes,sell_yes,0.22,0.29,1.81938,0.1274,7,0.21,0.405,closed,opposite_fill
1014,Will the Moderate Party (M) win the second most seats in the 2026 Swedish parliamentary election?,2026-05-26T08:38:00+00:00,2026-05-26T09:45:00+00:00,1.1167,buy_yes,sell_yes,0.23,0.29,60.1486,3.6089,6,0.205,0.405,closed,opposite_fill
1015,Will the Sweden Democrats (SD) win the third most seats in the 2026 Swedish parliamentary election?,2026-05-26T09:30:00+00:00,2026-05-26T10:37:00+00:00,1.1167,buy_yes,sell_yes,0.19,0.19,34.857,0,0,0.185,0.195,closed,opposite_fill
1016,Will the Sweden Democrats (SD) win the third most seats in the 2026 Swedish parliamentary election?,2026-05-26T10:37:00+00:00,2026-05-26T10:50:00+00:00,0.2167,sell_yes,buy_yes,0.19,0.19,11.619,0,0,0.195,0.185,closed,opposite_fill
1017,Will there be no change in Fed interest rates after the September 2026 meeting?,2026-05-26T08:45:00+00:00,2026-05-26T10:56:00+00:00,2.1833,buy_yes,sell_yes,0.68,0.68,68.5779,0,0,0.68,0.725,closed,opposite_fill
1018,Will the Sweden Democrats (SD) win the third most seats in the 2026 Swedish parliamentary election?,2026-05-26T10:50:00+00:00,2026-05-26T11:40:00+00:00,0.8333,buy_yes,sell_yes,0.19,0.19,34.857,0,0,0.185,0.195,closed,opposite_fill
1019,Will the Sweden Democrats (SD) win the third most seats in the 2026 Swedish parliamentary election?,2026-05-26T11:40:00+00:00,2026-05-26T11:42:00+00:00,0.0333,sell_yes,buy_yes,0.19,0.19,11.619,0,0,0.195,0.185,closed,opposite_fill
1020,Will the Sweden Democrats (SD) win the third most seats in the 2026 Swedish parliamentary election?,2026-05-26T11:42:00+00:00,2026-05-26T12:37:00+00:00,0.9167,buy_yes,sell_yes,0.19,0.19,34.857,0,0,0.185,0.195,closed,opposite_fill
1021,Will the Sweden Democrats (SD) win the third most seats in the 2026 Swedish parliamentary election?,2026-05-26T12:37:00+00:00,2026-05-26T12:38:00+00:00,0.0167,sell_yes,buy_yes,0.19,0.19,11.619,0,0,0.195,0.185,closed,opposite_fill
1022,Will there be no change in Fed interest rates after the September 2026 meeting?,2026-05-26T10:56:00+00:00,2026-05-26T13:27:00+00:00,2.5167,sell_yes,buy_yes,0.68,0.74,47.0957,-2.8257,-6,0.725,0.735,closed,opposite_fill
1023,Will the Sweden Democrats (SD) win the third most seats in the 2026 Swedish parliamentary election?,2026-05-26T12:38:00+00:00,2026-05-26T14:02:00+00:00,1.4,buy_yes,sell_yes,0.19,0.19,34.857,0,0,0.185,0.195,closed,opposite_fill
1024,Will the Sweden Democrats (SD) win the third most seats in the 2026 Swedish parliamentary election?,2026-05-26T14:02:00+00:00,2026-05-26T14:04:00+00:00,0.0333,sell_yes,buy_yes,0.19,0.19,11.619,0,0,0.195,0.185,closed,opposite_fill
1025,Will the Sweden Democrats (SD) win the third most seats in the 2026 Swedish parliamentary election?,2026-05-26T14:04:00+00:00,2026-05-26T14:20:00+00:00,0.2667,buy_yes,sell_yes,0.19,0.19,34.857,0,0,0.185,0.2,closed,opposite_fill
1026,Bab el-Mandeb Strait effectively closed by September 30?,2026-05-26T02:24:00+00:00,2026-05-26T15:03:00+00:00,12.65,sell_yes,buy_yes,0.18,0.2,63.0008,-1.26,-2,0.2,0.175,closed,opposite_fill
1027,Will the Sweden Democrats (SD) win the third most seats in the 2026 Swedish parliamentary election?,2026-05-26T14:20:00+00:00,2026-05-26T15:26:00+00:00,1.1,sell_yes,buy_yes,0.19,0.19,11.619,0,0,0.2,0.185,closed,opposite_fill
1028,Will the Sweden Democrats (SD) win the third most seats in the 2026 Swedish parliamentary election?,2026-05-26T15:26:00+00:00,2026-05-26T15:35:00+00:00,0.15,buy_yes,sell_yes,0.19,0.19,34.857,0,0,0.185,0.2,closed,opposite_fill
1029,Will the Sweden Democrats (SD) win the third most seats in the 2026 Swedish parliamentary election?,2026-05-26T15:35:00+00:00,2026-05-26T15:54:00+00:00,0.3167,sell_yes,buy_yes,0.19,0.19,11.619,0,0,0.2,0.185,closed,opposite_fill
1030,Will the Sweden Democrats (SD) win the third most seats in the 2026 Swedish parliamentary election?,2026-05-26T15:54:00+00:00,2026-05-26T16:11:00+00:00,0.2833,buy_yes,sell_yes,0.19,0.19,34.857,0,0,0.185,0.195,closed,opposite_fill
1031,Will the Sweden Democrats (SD) win the third most seats in the 2026 Swedish parliamentary election?,2026-05-26T16:11:00+00:00,2026-05-26T16:14:00+00:00,0.05,sell_yes,buy_yes,0.19,0.19,11.619,0,0,0.195,0.185,closed,opposite_fill
1032,Will the Sweden Democrats (SD) win the third most seats in the 2026 Swedish parliamentary election?,2026-05-26T16:14:00+00:00,2026-05-26T16:30:00+00:00,0.2667,buy_yes,sell_yes,0.19,0.19,34.857,0,0,0.185,0.2,closed,opposite_fill
1033,Will the Moderate Party (M) win the second most seats in the 2026 Swedish parliamentary election?,2026-05-26T08:38:00+00:00,2026-05-26T16:41:00+00:00,8.05,buy_yes,sell_yes,0.23,0.25,1.81938,0.0364,2,0.205,0.285,closed,opposite_fill
1034,Will the Moderate Party (M) win the second most seats in the 2026 Swedish parliamentary election?,2026-05-26T09:56:00+00:00,2026-05-26T16:41:00+00:00,6.75,buy_yes,sell_yes,0.31,0.25,60.1486,-3.6089,-6,0.265,0.285,closed,opposite_fill
1035,Will the Sweden Democrats (SD) win the third most seats in the 2026 Swedish parliamentary election?,2026-05-26T16:30:00+00:00,2026-05-26T17:18:00+00:00,0.8,sell_yes,buy_yes,0.19,0.19,11.619,0,0,0.2,0.185,closed,opposite_fill
1036,Will the Moderate Party (M) win the second most seats in the 2026 Swedish parliamentary election?,2026-05-26T09:56:00+00:00,2026-05-26T17:36:00+00:00,7.6667,buy_yes,sell_yes,0.31,0.27,1.81938,-0.0728,-4,0.265,0.31,closed,opposite_fill
1037,Will the Sweden Democrats (SD) win the third most seats in the 2026 Swedish parliamentary election?,2026-05-26T17:18:00+00:00,2026-05-26T17:54:00+00:00,0.6,buy_yes,sell_yes,0.19,0.19,34.857,0,0,0.185,0.195,closed,opposite_fill
1038,Will the Sweden Democrats (SD) win the third most seats in the 2026 Swedish parliamentary election?,2026-05-26T17:54:00+00:00,2026-05-26T17:55:00+00:00,0.0167,sell_yes,buy_yes,0.19,0.19,11.619,0,0,0.195,0.185,closed,opposite_fill
1039,Will the Sweden Democrats (SD) win the third most seats in the 2026 Swedish parliamentary election?,2026-05-26T17:55:00+00:00,2026-05-26T18:31:00+00:00,0.6,buy_yes,sell_yes,0.19,0.19,34.857,0,0,0.185,0.195,closed,opposite_fill
1040,Will the Sweden Democrats (SD) win the third most seats in the 2026 Swedish parliamentary election?,2026-05-26T18:31:00+00:00,2026-05-26T18:32:00+00:00,0.0167,sell_yes,buy_yes,0.19,0.19,11.619,0,0,0.195,0.185,closed,opposite_fill
1041,Will the Moderate Party (M) win the second most seats in the 2026 Swedish parliamentary election?,2026-05-26T17:36:00+00:00,2026-05-26T19:02:00+00:00,1.4333,sell_yes,buy_yes,0.27,0.27,60.1486,0,0,0.31,0.255,closed,opposite_fill
1042,Will the Sweden Democrats (SD) win the third most seats in the 2026 Swedish parliamentary election?,2026-05-26T18:32:00+00:00,2026-05-26T19:17:00+00:00,0.75,buy_yes,sell_yes,0.19,0.19,34.857,0,0,0.185,0.195,closed,opposite_fill
1043,Will the Sweden Democrats (SD) win the third most seats in the 2026 Swedish parliamentary election?,2026-05-26T19:17:00+00:00,2026-05-26T19:19:00+00:00,0.0333,sell_yes,buy_yes,0.19,0.19,11.619,0,0,0.195,0.185,closed,opposite_fill
1044,Will the Moderate Party (M) win the second most seats in the 2026 Swedish parliamentary election?,2026-05-26T19:02:00+00:00,2026-05-26T21:18:00+00:00,2.2667,buy_yes,sell_yes,0.27,0.25,1.81938,-0.0364,-2,0.255,0.405,closed,opposite_fill
1045,Will there be no change in Fed interest rates after the September 2026 meeting?,2026-05-26T13:27:00+00:00,2026-05-26T21:51:00+00:00,8.4,buy_yes,sell_yes,0.74,0.73,56.1843,-0.5618,-1,0.735,0.735,closed,opposite_fill
1046,Will the Sweden Democrats (SD) win the third most seats in the 2026 Swedish parliamentary election?,2026-05-26T19:19:00+00:00,2026-05-26T22:02:00+00:00,2.7167,buy_yes,sell_yes,0.19,0.19,34.857,0,0,0.185,0.2,closed,opposite_fill
1047,Bab el-Mandeb Strait effectively closed by September 30?,2026-05-26T15:03:00+00:00,2026-05-26T22:57:00+00:00,7.9,buy_yes,sell_yes,0.2,0.17,40.2792,-1.2084,-3,0.175,0.175,closed,opposite_fill
1048,Bab el-Mandeb Strait effectively closed by September 30?,2026-05-26T22:57:00+00:00,2026-05-26T23:11:00+00:00,0.2333,sell_yes,buy_yes,0.17,0.17,63.0008,0,0,0.175,0.165,closed,opposite_fill
1049,Bab el-Mandeb Strait effectively closed by September 30?,2026-05-26T23:11:00+00:00,2026-05-26T23:14:00+00:00,0.05,buy_yes,sell_yes,0.17,0.17,40.2792,0,0,0.165,0.175,closed,opposite_fill
1050,Will there be no change in Fed interest rates after the September 2026 meeting?,2026-05-26T21:51:00+00:00,2026-05-26T23:33:00+00:00,1.7,sell_yes,buy_yes,0.73,0.73,47.0957,0,0,0.735,0.725,closed,opposite_fill
1051,Bab el-Mandeb Strait effectively closed by September 30?,2026-05-26T23:14:00+00:00,2026-05-26T23:55:00+00:00,0.6833,sell_yes,buy_yes,0.17,0.17,63.0008,0,0,0.175,0.165,closed,opposite_fill
1052,Bab el-Mandeb Strait effectively closed by September 30?,2026-05-26T23:55:00+00:00,2026-05-26T23:56:00+00:00,0.0167,buy_yes,sell_yes,0.17,0.17,40.2792,0,0,0.165,0.18,closed,opposite_fill
1053,Will the Moderate Party (M) win the third most seats in the 2026 Swedish parliamentary election?,2026-05-26T01:10:00+00:00,2026-05-27T00:01:00+00:00,22.85,buy_yes,sell_yes,0.65,0.66,7.99387,0.0799,1,0.625,0.69,closed,opposite_fill
1054,Will the Moderate Party (M) win the second most seats in the 2026 Swedish parliamentary election?,2026-05-26T21:18:00+00:00,2026-05-27T00:07:00+00:00,2.8167,sell_yes,buy_yes,0.25,0.23,60.1486,1.203,2,0.405,0.225,closed,opposite_fill
1055,Bab el-Mandeb Strait effectively closed by September 30?,2026-05-26T23:56:00+00:00,2026-05-27T00:12:00+00:00,0.2667,sell_yes,buy_yes,0.17,0.21,75.3944,-3.0158,-4,0.18,0.175,closed,opposite_fill
1056,Will the Moderate Party (M) win the third most seats in the 2026 Swedish parliamentary election?,2026-05-27T00:01:00+00:00,2026-05-27T00:15:00+00:00,0.2333,sell_yes,buy_yes,0.66,0.67,38.4821,-0.3848,-1,0.69,0.625,closed,opposite_fill
1057,Will there be no change in Fed interest rates after the September 2026 meeting?,2026-05-26T23:33:00+00:00,2026-05-27T00:21:00+00:00,0.8,buy_yes,sell_yes,0.73,0.5,56.1843,-12.9224,-23,0.725,0.735,closed,opposite_fill
1058,Will there be no change in Fed interest rates after the September 2026 meeting?,2026-05-27T00:21:00+00:00,2026-05-27T00:33:00+00:00,0.2,sell_yes,buy_yes,0.5,0.73,47.0957,-10.832,-23,0.735,0.69,closed,opposite_fill
1059,Will the Sweden Democrats (SD) win the second most seats in the 2026 Swedish parliamentary election?,2026-05-26T04:21:00+00:00,2026-05-27T00:41:00+00:00,20.3333,sell_yes,buy_yes,0.72,0.71,58.2499,0.5825,1,0.725,0.705,closed,opposite_fill
1060,Will the Moderate Party (M) win the second most seats in the 2026 Swedish parliamentary election?,2026-05-27T00:07:00+00:00,2026-05-27T00:41:00+00:00,0.5667,buy_yes,sell_yes,0.23,0.26,1.81938,0.0546,3,0.225,0.27,closed,opposite_fill
1061,Will there be no change in Fed interest rates after the September 2026 meeting?,2026-05-27T00:33:00+00:00,2026-05-27T00:44:00+00:00,0.1833,buy_yes,sell_yes,0.73,0.7,56.1843,-1.6855,-3,0.69,0.725,closed,opposite_fill
1062,Bab el-Mandeb Strait effectively closed by September 30?,2026-05-27T00:12:00+00:00,2026-05-27T00:46:00+00:00,0.5667,buy_yes,sell_yes,0.21,0.18,27.8856,-0.8366,-3,0.175,0.185,closed,opposite_fill
1063,Bab el-Mandeb Strait effectively closed by September 30?,2026-05-27T00:46:00+00:00,2026-05-27T00:56:00+00:00,0.1667,sell_yes,buy_yes,0.18,0.19,81.5912,-0.8159,-1,0.185,0.185,closed,opposite_fill
1064,Bab el-Mandeb Strait effectively closed by September 30?,2026-05-27T00:56:00+00:00,2026-05-27T01:04:00+00:00,0.1333,buy_yes,sell_yes,0.19,0.18,21.6888,-0.2169,-1,0.185,0.19,closed,opposite_fill
1065,Bab el-Mandeb Strait effectively closed by September 30?,2026-05-27T01:04:00+00:00,2026-05-27T01:14:00+00:00,0.1667,sell_yes,buy_yes,0.18,0.18,81.5912,0,0,0.19,0.175,closed,opposite_fill
1066,Bab el-Mandeb Strait effectively closed by September 30?,2026-05-27T01:14:00+00:00,2026-05-27T01:15:00+00:00,0.0167,buy_yes,sell_yes,0.18,0.18,21.6888,0,0,0.175,0.19,closed,opposite_fill
1067,Will the Moderate Party (M) win the second most seats in the 2026 Swedish parliamentary election?,2026-05-27T00:41:00+00:00,2026-05-27T01:22:00+00:00,0.6833,sell_yes,buy_yes,0.26,0.23,26.9338,0.808,3,0.27,0.23,closed,opposite_fill
1068,Bab el-Mandeb Strait effectively closed by September 30?,2026-05-27T01:15:00+00:00,2026-05-27T01:50:00+00:00,0.5833,sell_yes,buy_yes,0.18,0.17,81.5912,0.8159,1,0.19,0.17,closed,opposite_fill
1069,Bab el-Mandeb Strait effectively closed by September 30?,2026-05-27T01:50:00+00:00,2026-05-27T01:57:00+00:00,0.1167,buy_yes,sell_yes,0.17,0.17,21.6888,0,0,0.17,0.175,closed,opposite_fill
1070,Bab el-Mandeb Strait effectively closed by September 30?,2026-05-27T01:57:00+00:00,2026-05-27T02:01:00+00:00,0.0667,sell_yes,buy_yes,0.17,0.17,81.5912,0,0,0.175,0.17,closed,opposite_fill
1071,Bab el-Mandeb Strait effectively closed by September 30?,2026-05-27T02:01:00+00:00,2026-05-27T02:03:00+00:00,0.0333,buy_yes,sell_yes,0.17,0.17,21.6888,0,0,0.17,0.18,closed,opposite_fill
1072,Bab el-Mandeb Strait effectively closed by September 30?,2026-05-27T02:03:00+00:00,2026-05-27T02:07:00+00:00,0.0667,sell_yes,buy_yes,0.17,0.18,84.6896,-0.8469,-1,0.18,0.175,closed,opposite_fill
1073,Bab el-Mandeb Strait effectively closed by September 30?,2026-05-27T02:07:00+00:00,2026-05-27T02:08:00+00:00,0.0167,buy_yes,sell_yes,0.18,0.18,18.5904,0,0,0.175,0.185,closed,opposite_fill
1074,Bab el-Mandeb Strait effectively closed by September 30?,2026-05-27T02:08:00+00:00,2026-05-27T02:09:00+00:00,0.0167,sell_yes,buy_yes,0.18,0.18,84.6896,0,0,0.185,0.175,closed,opposite_fill
1075,Bab el-Mandeb Strait effectively closed by September 30?,2026-05-27T02:09:00+00:00,2026-05-27T02:14:00+00:00,0.0833,buy_yes,sell_yes,0.18,0.18,18.5904,0,0,0.175,0.19,closed,opposite_fill
1076,Will the Sweden Democrats (SD) win the third most seats in the 2026 Swedish parliamentary election?,2026-05-26T22:02:00+00:00,2026-05-27T02:17:00+00:00,4.25,sell_yes,buy_yes,0.19,0.2,11.619,-0.1162,-1,0.2,0.195,closed,opposite_fill
1077,Bab el-Mandeb Strait effectively closed by September 30?,2026-05-27T02:14:00+00:00,2026-05-27T02:37:00+00:00,0.3833,sell_yes,buy_yes,0.18,0.18,84.6896,0,0,0.19,0.17,closed,opposite_fill
1078,Bab el-Mandeb Strait effectively closed by September 30?,2026-05-27T02:37:00+00:00,2026-05-27T02:38:00+00:00,0.0167,buy_yes,sell_yes,0.18,0.18,18.5904,0,0,0.17,0.19,closed,opposite_fill
1079,Bab el-Mandeb Strait effectively closed by September 30?,2026-05-27T02:38:00+00:00,2026-05-27T02:55:00+00:00,0.2833,sell_yes,buy_yes,0.18,0.18,84.6896,0,0,0.19,0.17,closed,opposite_fill
1080,Bab el-Mandeb Strait effectively closed by September 30?,2026-05-27T02:55:00+00:00,2026-05-27T02:58:00+00:00,0.05,buy_yes,sell_yes,0.18,0.17,18.5904,-0.1859,-1,0.17,0.175,closed,opposite_fill
1081,Bab el-Mandeb Strait effectively closed by September 30?,2026-05-27T02:58:00+00:00,2026-05-27T03:19:00+00:00,0.35,sell_yes,buy_yes,0.17,0.18,90.8864,-0.9089,-1,0.175,0.175,closed,opposite_fill
1082,Bab el-Mandeb Strait effectively closed by September 30?,2026-05-27T03:19:00+00:00,2026-05-27T03:21:00+00:00,0.0333,buy_yes,sell_yes,0.18,0.18,12.3936,0,0,0.175,0.19,closed,opposite_fill
1083,Bab el-Mandeb Strait effectively closed by September 30?,2026-05-27T03:21:00+00:00,2026-05-27T03:25:00+00:00,0.0667,sell_yes,buy_yes,0.18,0.18,90.8864,0,0,0.19,0.165,closed,opposite_fill
1084,Bab el-Mandeb Strait effectively closed by September 30?,2026-05-27T03:25:00+00:00,2026-05-27T03:27:00+00:00,0.0333,buy_yes,sell_yes,0.18,0.18,12.3936,0,0,0.165,0.185,closed,opposite_fill
1085,Bab el-Mandeb Strait effectively closed by September 30?,2026-05-27T03:27:00+00:00,2026-05-27T03:28:00+00:00,0.0167,sell_yes,buy_yes,0.18,0.18,90.8864,0,0,0.185,0.17,closed,opposite_fill
1086,Bab el-Mandeb Strait effectively closed by September 30?,2026-05-27T03:28:00+00:00,2026-05-27T03:29:00+00:00,0.0167,buy_yes,sell_yes,0.18,0.18,12.3936,0,0,0.17,0.185,closed,opposite_fill
1087,Bab el-Mandeb Strait effectively closed by September 30?,2026-05-27T03:29:00+00:00,2026-05-27T03:30:00+00:00,0.0167,sell_yes,buy_yes,0.18,0.18,90.8864,0,0,0.185,0.17,closed,opposite_fill
1088,Will the Moderate Party (M) win the second most seats in the 2026 Swedish parliamentary election?,2026-05-27T01:22:00+00:00,2026-05-27T03:33:00+00:00,2.1833,buy_yes,sell_yes,0.23,0.24,35.0342,0.3503,1,0.23,0.255,closed,opposite_fill
1089,Bab el-Mandeb Strait effectively closed by September 30?,2026-05-27T03:30:00+00:00,2026-05-27T03:39:00+00:00,0.15,buy_yes,sell_yes,0.18,0.18,12.3936,0,0,0.17,0.19,closed,opposite_fill
1090,Bab el-Mandeb Strait effectively closed by September 30?,2026-05-27T03:39:00+00:00,2026-05-27T03:44:00+00:00,0.0833,sell_yes,buy_yes,0.18,0.17,90.8864,0.9089,1,0.19,0.17,closed,opposite_fill
1091,Bab el-Mandeb Strait effectively closed by September 30?,2026-05-27T03:44:00+00:00,2026-05-27T03:52:00+00:00,0.1333,buy_yes,sell_yes,0.17,0.18,12.3936,0.1239,1,0.17,0.185,closed,opposite_fill
1092,Bab el-Mandeb Strait effectively closed by September 30?,2026-05-27T03:52:00+00:00,2026-05-27T04:27:00+00:00,0.5833,sell_yes,buy_yes,0.18,0.18,93.9848,0,0,0.185,0.165,closed,opposite_fill
1093,Bab el-Mandeb Strait effectively closed by September 30?,2026-05-27T04:27:00+00:00,2026-05-27T04:29:00+00:00,0.0333,buy_yes,sell_yes,0.18,0.17,9.2952,-0.093,-1,0.165,0.19,closed,opposite_fill
1094,Bab el-Mandeb Strait effectively closed by September 30?,2026-05-27T04:29:00+00:00,2026-05-27T04:37:00+00:00,0.1333,sell_yes,buy_yes,0.17,0.18,93.9848,-0.9398,-1,0.19,0.165,closed,opposite_fill
1095,Bab el-Mandeb Strait effectively closed by September 30?,2026-05-27T04:37:00+00:00,2026-05-27T04:38:00+00:00,0.0167,buy_yes,sell_yes,0.18,0.17,9.2952,-0.093,-1,0.165,0.185,closed,opposite_fill
1096,Bab el-Mandeb Strait effectively closed by September 30?,2026-05-27T04:38:00+00:00,2026-05-27T04:39:00+00:00,0.0167,sell_yes,buy_yes,0.17,0.18,93.9848,-0.9398,-1,0.185,0.16,closed,opposite_fill
1097,Bab el-Mandeb Strait effectively closed by September 30?,2026-05-27T04:39:00+00:00,2026-05-27T04:40:00+00:00,0.0167,buy_yes,sell_yes,0.18,0.17,9.2952,-0.093,-1,0.16,0.185,closed,opposite_fill
1098,Bab el-Mandeb Strait effectively closed by September 30?,2026-05-27T04:40:00+00:00,2026-05-27T04:41:00+00:00,0.0167,sell_yes,buy_yes,0.17,0.18,93.9848,-0.9398,-1,0.185,0.175,closed,opposite_fill
1099,Bab el-Mandeb Strait effectively closed by September 30?,2026-05-27T04:41:00+00:00,2026-05-27T04:59:00+00:00,0.3,buy_yes,sell_yes,0.18,0.18,9.2952,0,0,0.175,0.19,closed,opposite_fill
1100,Bab el-Mandeb Strait effectively closed by September 30?,2026-05-27T04:59:00+00:00,2026-05-27T05:00:00+00:00,0.0167,sell_yes,buy_yes,0.18,0.17,93.9848,0.9398,1,0.19,0.17,closed,opposite_fill
1101,Bab el-Mandeb Strait effectively closed by September 30?,2026-05-27T05:00:00+00:00,2026-05-27T05:03:00+00:00,0.05,buy_yes,sell_yes,0.17,0.18,9.2952,0.093,1,0.17,0.185,closed,opposite_fill
1102,Bab el-Mandeb Strait effectively closed by September 30?,2026-05-27T05:03:00+00:00,2026-05-27T05:11:00+00:00,0.1333,sell_yes,buy_yes,0.18,0.18,93.9848,0,0,0.185,0.17,closed,opposite_fill
1103,Bab el-Mandeb Strait effectively closed by September 30?,2026-05-27T05:11:00+00:00,2026-05-27T05:15:00+00:00,0.0667,buy_yes,sell_yes,0.18,0.18,9.2952,0,0,0.17,0.185,closed,opposite_fill
1104,Bab el-Mandeb Strait effectively closed by September 30?,2026-05-27T05:15:00+00:00,2026-05-27T05:24:00+00:00,0.15,sell_yes,buy_yes,0.18,0.18,93.9848,0,0,0.185,0.17,closed,opposite_fill
1105,Bab el-Mandeb Strait effectively closed by September 30?,2026-05-27T05:24:00+00:00,2026-05-27T05:27:00+00:00,0.05,buy_yes,sell_yes,0.18,0.18,9.2952,0,0,0.17,0.185,closed,opposite_fill
1106,Bab el-Mandeb Strait effectively closed by September 30?,2026-05-27T05:27:00+00:00,2026-05-27T05:28:00+00:00,0.0167,sell_yes,buy_yes,0.18,0.18,93.9848,0,0,0.185,0.175,closed,opposite_fill
1107,Bab el-Mandeb Strait effectively closed by September 30?,2026-05-27T05:28:00+00:00,2026-05-27T05:38:00+00:00,0.1667,buy_yes,sell_yes,0.18,0.18,9.2952,0,0,0.175,0.185,closed,opposite_fill
1108,Will the Moderate Party (M) win the second most seats in the 2026 Swedish parliamentary election?,2026-05-27T03:33:00+00:00,2026-05-27T05:45:00+00:00,2.2,sell_yes,buy_yes,0.24,0.33,26.9338,-2.424,-9,0.255,0.3,closed,opposite_fill
1109,Will the Moderate Party (M) win the second most seats in the 2026 Swedish parliamentary election?,2026-05-27T04:19:00+00:00,2026-05-27T05:45:00+00:00,1.4333,sell_yes,buy_yes,0.27,0.33,35.0342,-2.1021,-6,0.275,0.3,closed,opposite_fill
1110,Bab el-Mandeb Strait effectively closed by September 30?,2026-05-27T05:38:00+00:00,2026-05-27T05:50:00+00:00,0.2,sell_yes,buy_yes,0.18,0.18,93.9848,0,0,0.185,0.165,closed,opposite_fill
1111,Bab el-Mandeb Strait effectively closed by September 30?,2026-05-27T05:50:00+00:00,2026-05-27T05:51:00+00:00,0.0167,buy_yes,sell_yes,0.18,0.17,9.2952,-0.093,-1,0.165,0.18,closed,opposite_fill
1112,Will the Moderate Party (M) win the second most seats in the 2026 Swedish parliamentary election?,2026-05-27T04:19:00+00:00,2026-05-27T07:34:00+00:00,3.25,sell_yes,buy_yes,0.27,0.38,26.9338,-2.9627,-11,0.275,0.355,closed,opposite_fill
1113,Will the Moderate Party (M) win the second most seats in the 2026 Swedish parliamentary election?,2026-05-27T07:23:00+00:00,2026-05-27T07:34:00+00:00,0.1833,sell_yes,buy_yes,0.28,0.38,35.0342,-3.5034,-10,0.4,0.355,closed,opposite_fill
1114,Will the Moderate Party (M) win the second most seats in the 2026 Swedish parliamentary election?,2026-05-27T07:23:00+00:00,2026-05-27T07:38:00+00:00,0.25,sell_yes,buy_yes,0.28,0.37,32.5109,-2.926,-9,0.4,0.3,closed,opposite_fill
1115,Will there be no change in Fed interest rates after the September 2026 meeting?,2026-05-27T00:44:00+00:00,2026-05-27T08:22:00+00:00,7.6333,sell_yes,buy_yes,0.7,0.72,47.0957,-0.9419,-2,0.725,0.69,closed,opposite_fill
1116,Will there be no change in Fed interest rates after the September 2026 meeting?,2026-05-27T08:22:00+00:00,2026-05-27T08:23:00+00:00,0.0167,buy_yes,sell_yes,0.72,0.7,56.1843,-1.1237,-2,0.69,0.71,closed,opposite_fill
1117,Will there be no change in Fed interest rates after the September 2026 meeting?,2026-05-27T08:23:00+00:00,2026-05-27T08:24:00+00:00,0.0167,sell_yes,buy_yes,0.7,0.7,47.0957,0,0,0.71,0.695,closed,opposite_fill
1118,Will there be no change in Fed interest rates after the September 2026 meeting?,2026-05-27T08:24:00+00:00,2026-05-27T08:25:00+00:00,0.0167,buy_yes,sell_yes,0.7,0.7,56.1843,0,0,0.695,0.705,closed,opposite_fill
1119,Will the Sweden Democrats (SD) win the third most seats in the 2026 Swedish parliamentary election?,2026-05-27T02:17:00+00:00,2026-05-27T09:26:00+00:00,7.15,buy_yes,sell_yes,0.2,0.18,36.2513,-0.725,-2,0.195,0.19,closed,opposite_fill
1120,Will the Sweden Democrats (SD) win the third most seats in the 2026 Swedish parliamentary election?,2026-05-27T09:26:00+00:00,2026-05-27T10:58:00+00:00,1.5333,sell_yes,buy_yes,0.18,0.19,10.2247,-0.1022,-1,0.19,0.185,closed,opposite_fill
1121,Will the Sweden Democrats (SD) win the third most seats in the 2026 Swedish parliamentary election?,2026-05-27T10:58:00+00:00,2026-05-27T10:59:00+00:00,0.0167,buy_yes,sell_yes,0.19,0.19,36.2513,0,0,0.185,0.195,closed,opposite_fill
1122,Will the Moderate Party (M) win the second most seats in the 2026 Swedish parliamentary election?,2026-05-27T07:38:00+00:00,2026-05-27T11:32:00+00:00,3.9,buy_yes,sell_yes,0.37,0.34,29.4571,-0.8837,-3,0.3,0.415,closed,opposite_fill
1123,Will the Moderate Party (M) win the second most seats in the 2026 Swedish parliamentary election?,2026-05-27T08:09:00+00:00,2026-05-27T11:32:00+00:00,3.3833,buy_yes,sell_yes,0.3,0.34,32.5109,1.3004,4,0.27,0.415,closed,opposite_fill
1124,Will the Moderate Party (M) win the second most seats in the 2026 Swedish parliamentary election?,2026-05-27T08:09:00+00:00,2026-05-27T11:42:00+00:00,3.55,buy_yes,sell_yes,0.3,0.39,29.4571,2.6511,9,0.27,0.41,closed,opposite_fill
1125,Will the Moderate Party (M) win the second most seats in the 2026 Swedish parliamentary election?,2026-05-27T11:42:00+00:00,2026-05-27T11:45:00+00:00,0.05,sell_yes,buy_yes,0.39,0.38,32.5109,0.3251,1,0.41,0.31,closed,opposite_fill
1126,Will the Sweden Democrats (SD) win the second most seats in the 2026 Swedish parliamentary election?,2026-05-27T00:41:00+00:00,2026-05-27T11:51:00+00:00,11.1667,buy_yes,sell_yes,0.71,0.74,5.57712,0.1673,3,0.705,0.75,closed,opposite_fill
1127,Will the Sweden Democrats (SD) win the third most seats in the 2026 Swedish parliamentary election?,2026-05-27T10:59:00+00:00,2026-05-27T11:53:00+00:00,0.9,sell_yes,buy_yes,0.19,0.18,10.2247,0.1022,1,0.195,0.17,closed,opposite_fill
1128,Will the Moderate Party (M) win the third most seats in the 2026 Swedish parliamentary election?,2026-05-27T00:15:00+00:00,2026-05-27T11:53:00+00:00,11.6333,buy_yes,sell_yes,0.67,0.62,7.99387,-0.3997,-5,0.625,0.63,closed,opposite_fill
1129,Will the Sweden Democrats (SD) win the third most seats in the 2026 Swedish parliamentary election?,2026-05-27T11:53:00+00:00,2026-05-27T11:54:00+00:00,0.0167,buy_yes,sell_yes,0.18,0.18,36.2513,0,0,0.17,0.19,closed,opposite_fill
1130,Will the Moderate Party (M) win the second most seats in the 2026 Swedish parliamentary election?,2026-05-27T11:45:00+00:00,2026-05-27T13:00:00+00:00,1.25,buy_yes,sell_yes,0.38,0.35,29.4571,-0.8837,-3,0.31,0.435,closed,opposite_fill
1131,Will the Moderate Party (M) win the second most seats in the 2026 Swedish parliamentary election?,2026-05-27T12:58:00+00:00,2026-05-27T13:00:00+00:00,0.0333,buy_yes,sell_yes,0.4,0.35,32.5109,-1.6255,-5,0.31,0.435,closed,opposite_fill
1132,Will the Moderate Party (M) win the second most seats in the 2026 Swedish parliamentary election?,2026-05-27T12:58:00+00:00,2026-05-27T13:08:00+00:00,0.1667,buy_yes,sell_yes,0.4,0.35,29.4571,-1.4729,-5,0.31,0.435,closed,opposite_fill
1133,Will the Moderate Party (M) win the second most seats in the 2026 Swedish parliamentary election?,2026-05-27T13:05:00+00:00,2026-05-27T13:08:00+00:00,0.05,buy_yes,sell_yes,0.4,0.35,32.5109,-1.6255,-5,0.315,0.435,closed,opposite_fill
1134,Will the Sweden Democrats (SD) win the third most seats in the 2026 Swedish parliamentary election?,2026-05-27T11:54:00+00:00,2026-05-27T13:30:00+00:00,1.6,sell_yes,buy_yes,0.18,0.19,10.2247,-0.1022,-1,0.19,0.18,closed,opposite_fill
1135,Bab el-Mandeb Strait effectively closed by September 30?,2026-05-27T05:51:00+00:00,2026-05-27T13:38:00+00:00,7.7833,sell_yes,buy_yes,0.17,0.17,93.9848,0,0,0.18,0.165,closed,opposite_fill
1136,Bab el-Mandeb Strait effectively closed by September 30?,2026-05-27T13:38:00+00:00,2026-05-27T13:39:00+00:00,0.0167,buy_yes,sell_yes,0.17,0.17,9.2952,0,0,0.165,0.175,closed,opposite_fill
1137,Will the Moderate Party (M) win the second most seats in the 2026 Swedish parliamentary election?,2026-05-27T13:05:00+00:00,2026-05-27T14:47:00+00:00,1.7,buy_yes,sell_yes,0.4,0.36,29.4571,-1.1783,-4,0.315,0.41,closed,opposite_fill
1138,Will the Moderate Party (M) win the second most seats in the 2026 Swedish parliamentary election?,2026-05-27T13:50:00+00:00,2026-05-27T14:47:00+00:00,0.95,buy_yes,sell_yes,0.38,0.36,32.5109,-0.6502,-2,0.31,0.41,closed,opposite_fill
1139,Will the Sweden Democrats (SD) win the third most seats in the 2026 Swedish parliamentary election?,2026-05-27T13:30:00+00:00,2026-05-27T14:58:00+00:00,1.4667,buy_yes,sell_yes,0.19,0.17,36.2513,-0.725,-2,0.18,0.18,closed,opposite_fill
1140,Will the Moderate Party (M) win the second most seats in the 2026 Swedish parliamentary election?,2026-05-27T13:50:00+00:00,2026-05-27T15:05:00+00:00,1.25,buy_yes,sell_yes,0.38,0.36,29.4571,-0.5891,-2,0.31,0.415,closed,opposite_fill
1141,Will the Moderate Party (M) win the second most seats in the 2026 Swedish parliamentary election?,2026-05-27T14:53:00+00:00,2026-05-27T15:05:00+00:00,0.2,buy_yes,sell_yes,0.36,0.36,36.229,0,0,0.3,0.415,closed,opposite_fill
1142,Will the Sweden Democrats (SD) win the third most seats in the 2026 Swedish parliamentary election?,2026-05-27T14:58:00+00:00,2026-05-27T15:38:00+00:00,0.6667,sell_yes,buy_yes,0.17,0.18,11.619,-0.1162,-1,0.18,0.175,closed,opposite_fill
1143,Will the Sweden Democrats (SD) win the third most seats in the 2026 Swedish parliamentary election?,2026-05-27T15:38:00+00:00,2026-05-27T16:28:00+00:00,0.8333,buy_yes,sell_yes,0.18,0.18,34.857,0,0,0.175,0.185,closed,opposite_fill
1144,Will the Moderate Party (M) win the third most seats in the 2026 Swedish parliamentary election?,2026-05-27T11:53:00+00:00,2026-05-27T17:06:00+00:00,5.2167,sell_yes,buy_yes,0.62,0.58,38.4821,1.5393,4,0.63,0.55,closed,opposite_fill
1145,Will the Moderate Party (M) win the second most seats in the 2026 Swedish parliamentary election?,2026-05-27T14:53:00+00:00,2026-05-27T17:38:00+00:00,2.75,buy_yes,sell_yes,0.36,0.42,25.739,1.5443,6,0.3,0.42,closed,opposite_fill
1146,Will the Moderate Party (M) win the second most seats in the 2026 Swedish parliamentary election?,2026-05-27T15:20:00+00:00,2026-05-27T17:38:00+00:00,2.3,buy_yes,sell_yes,0.37,0.42,36.229,1.8114,5,0.315,0.42,closed,opposite_fill
1147,Will the Sweden Democrats (SD) win the second most seats in the 2026 Swedish parliamentary election?,2026-05-27T11:51:00+00:00,2026-05-27T18:08:00+00:00,6.2833,sell_yes,buy_yes,0.74,0.71,56.3909,1.6917,3,0.75,0.695,closed,opposite_fill
1148,Will there be no change in Fed interest rates after the September 2026 meeting?,2026-05-27T08:25:00+00:00,2026-05-27T18:13:00+00:00,9.8,sell_yes,buy_yes,0.7,0.75,50.1941,-2.5097,-5,0.705,0.745,closed,opposite_fill
1149,Will the Sweden Democrats (SD) win the second most seats in the 2026 Swedish parliamentary election?,2026-05-27T18:08:00+00:00,2026-05-27T18:14:00+00:00,0.1,buy_yes,sell_yes,0.71,0.73,5.57712,0.1115,2,0.695,0.74,closed,opposite_fill
1150,Will there be no change in Fed interest rates after the September 2026 meeting?,2026-05-27T18:13:00+00:00,2026-05-27T18:14:00+00:00,0.0167,buy_yes,sell_yes,0.75,0.75,53.0859,0,0,0.745,0.755,closed,opposite_fill
1151,Bab el-Mandeb Strait effectively closed by September 30?,2026-05-27T13:39:00+00:00,2026-05-27T18:16:00+00:00,4.6167,sell_yes,buy_yes,0.17,0.18,97.0832,-0.9708,-1,0.175,0.17,closed,opposite_fill
1152,Will the Moderate Party (M) win the second most seats in the 2026 Swedish parliamentary election?,2026-05-27T15:20:00+00:00,2026-05-27T18:53:00+00:00,3.55,buy_yes,sell_yes,0.37,0.27,25.739,-2.5739,-10,0.315,0.33,closed,opposite_fill
1153,Will the Moderate Party (M) win the second most seats in the 2026 Swedish parliamentary election?,2026-05-27T17:41:00+00:00,2026-05-27T18:53:00+00:00,1.2,buy_yes,sell_yes,0.38,0.27,36.229,-3.9852,-11,0.295,0.33,closed,opposite_fill
1154,Will the Moderate Party (M) win the second most seats in the 2026 Swedish parliamentary election?,2026-05-27T17:41:00+00:00,2026-05-27T19:20:00+00:00,1.65,buy_yes,sell_yes,0.38,0.27,25.739,-2.8313,-11,0.295,0.275,closed,opposite_fill
1155,Will the Moderate Party (M) win the second most seats in the 2026 Swedish parliamentary election?,2026-05-27T19:18:00+00:00,2026-05-27T19:20:00+00:00,0.0333,buy_yes,sell_yes,0.23,0.27,9.05229,0.3621,4,0.23,0.275,closed,opposite_fill
1156,Will the Moderate Party (M) win the second most seats in the 2026 Swedish parliamentary election?,2026-05-27T19:18:00+00:00,2026-05-27T19:35:00+00:00,0.2833,buy_yes,sell_yes,0.23,0.3,28.7532,2.0127,7,0.23,0.32,closed,opposite_fill
1157,Will the Moderate Party (M) win the second most seats in the 2026 Swedish parliamentary election?,2026-05-27T19:18:00+00:00,2026-05-27T19:42:00+00:00,0.4,buy_yes,sell_yes,0.23,0.3,24.1626,1.6914,7,0.23,0.315,closed,opposite_fill
1158,Will the Moderate Party (M) win the second most seats in the 2026 Swedish parliamentary election?,2026-05-27T19:42:00+00:00,2026-05-27T19:49:00+00:00,0.1167,sell_yes,buy_yes,0.3,0.28,4.59059,0.0918,2,0.315,0.265,closed,opposite_fill
1159,Will the Moderate Party (M) win the second most seats in the 2026 Swedish parliamentary election?,2026-05-27T19:49:00+00:00,2026-05-27T21:04:00+00:00,1.25,buy_yes,sell_yes,0.28,0.28,57.3774,0,0,0.265,0.325,closed,opposite_fill
1160,Will the Sweden Democrats (SD) win the second most seats in the 2026 Swedish parliamentary election?,2026-05-27T18:14:00+00:00,2026-05-27T21:08:00+00:00,2.9,sell_yes,buy_yes,0.73,0.65,56.3909,4.5113,8,0.74,0.53,closed,opposite_fill
1161,Will Édouard Philippe win the 2027 French presidential election?,2026-05-26T00:02:00+00:00,2026-05-28T00:00:00+00:00,47.9667,sell_yes,buy_yes,0.11,0.16,1.5492,-0.0775,-5,0.125,0.155,closed,opposite_fill
1162,Will Édouard Philippe win the 2027 French presidential election?,2026-05-27T00:00:00+00:00,2026-05-28T00:00:00+00:00,24,sell_yes,buy_yes,0.19,0.16,50.0908,1.5027,3,0.355,0.155,closed,opposite_fill
1163,Will there be no change in Fed interest rates after the September 2026 meeting?,2026-05-27T18:14:00+00:00,2026-05-28T00:00:00+00:00,5.7667,sell_yes,buy_yes,0.75,0.75,50.1941,0,0,0.755,0.505,closed,opposite_fill
1164,Will the Sweden Democrats (SD) win the third most seats in the 2026 Swedish parliamentary election?,2026-05-27T16:28:00+00:00,2026-05-28T00:01:00+00:00,7.55,sell_yes,buy_yes,0.18,0.18,13.0133,0,0,0.185,0.12,closed,opposite_fill
1165,Will the Sweden Democrats (SD) win the second most seats in the 2026 Swedish parliamentary election?,2026-05-27T21:08:00+00:00,2026-05-28T00:05:00+00:00,2.95,buy_yes,sell_yes,0.65,0.41,16.7314,-4.0155,-24,0.53,0.41,closed,opposite_fill
1166,Will the Sweden Democrats (SD) win the second most seats in the 2026 Swedish parliamentary election?,2026-05-28T00:03:00+00:00,2026-05-28T00:05:00+00:00,0.0333,buy_yes,sell_yes,0.43,0.41,45.2366,-0.9047,-2,0.415,0.41,closed,opposite_fill
1167,Will there be no change in Fed interest rates after the September 2026 meeting?,2026-05-28T00:00:00+00:00,2026-05-28T00:05:00+00:00,0.0833,buy_yes,sell_yes,0.75,0.69,53.0859,-3.1852,-6,0.505,0.755,closed,opposite_fill
1168,Will the Moderate Party (M) win the second most seats in the 2026 Swedish parliamentary election?,2026-05-27T21:04:00+00:00,2026-05-28T00:06:00+00:00,3.0333,sell_yes,buy_yes,0.28,0.42,4.59059,-0.6427,-14,0.325,0.405,closed,opposite_fill
1169,Will the Moderate Party (M) win the second most seats in the 2026 Swedish parliamentary election?,2026-05-27T23:52:00+00:00,2026-05-28T00:06:00+00:00,0.2333,sell_yes,buy_yes,0.37,0.42,61.968,-3.0984,-5,0.425,0.405,closed,opposite_fill
1170,Will the Moderate Party (M) win the second most seats in the 2026 Swedish parliamentary election?,2026-05-28T00:06:00+00:00,2026-05-28T00:07:00+00:00,0.0167,buy_yes,sell_yes,0.42,0.41,17.7179,-0.1772,-1,0.405,0.41,closed,opposite_fill
1171,Will the Moderate Party (M) win the second most seats in the 2026 Swedish parliamentary election?,2026-05-28T00:07:00+00:00,2026-05-28T00:11:00+00:00,0.0667,sell_yes,buy_yes,0.41,0.41,47.9682,0,0,0.41,0.345,closed,opposite_fill
1172,Will the Sweden Democrats (SD) win the third most seats in the 2026 Swedish parliamentary election?,2026-05-28T00:01:00+00:00,2026-05-28T00:13:00+00:00,0.2,buy_yes,sell_yes,0.18,0.12,36.2513,-2.1751,-6,0.12,0.185,closed,opposite_fill
1173,Will the Moderate Party (M) win the third most seats in the 2026 Swedish parliamentary election?,2026-05-27T17:06:00+00:00,2026-05-28T00:14:00+00:00,7.1333,buy_yes,sell_yes,0.58,0.45,7.99387,-1.0392,-13,0.55,0.475,closed,opposite_fill
1174,Will the Moderate Party (M) win the third most seats in the 2026 Swedish parliamentary election?,2026-05-28T00:07:00+00:00,2026-05-28T00:14:00+00:00,0.1167,buy_yes,sell_yes,0.51,0.45,39.8764,-2.3926,-6,0.425,0.475,closed,opposite_fill
1175,Will the Moderate Party (M) win the second most seats in the 2026 Swedish parliamentary election?,2026-05-28T00:11:00+00:00,2026-05-28T00:16:00+00:00,0.0833,buy_yes,sell_yes,0.41,0.42,13.9998,0.14,1,0.345,0.425,closed,opposite_fill
1176,Will the Sweden Democrats (SD) win the second most seats in the 2026 Swedish parliamentary election?,2026-05-28T00:03:00+00:00,2026-05-28T00:19:00+00:00,0.2667,buy_yes,sell_yes,0.43,0.39,27.8856,-1.1154,-4,0.415,0.485,closed,opposite_fill
1177,Will the Moderate Party (M) win the second most seats in the 2026 Swedish parliamentary election?,2026-05-28T00:16:00+00:00,2026-05-28T00:19:00+00:00,0.05,sell_yes,buy_yes,0.42,0.42,47.9682,0,0,0.425,0.41,closed,opposite_fill
1178,Will the Moderate Party (M) win the second most seats in the 2026 Swedish parliamentary election?,2026-05-28T00:19:00+00:00,2026-05-28T00:20:00+00:00,0.0167,buy_yes,sell_yes,0.42,0.42,15.8589,0,0,0.41,0.425,closed,opposite_fill
1179,Will the Moderate Party (M) win the third most seats in the 2026 Swedish parliamentary election?,2026-05-28T00:07:00+00:00,2026-05-28T00:20:00+00:00,0.2167,buy_yes,sell_yes,0.51,0.51,6.59959,0,0,0.425,0.58,closed,opposite_fill
1180,Will the Moderate Party (M) win the second most seats in the 2026 Swedish parliamentary election?,2026-05-28T00:20:00+00:00,2026-05-28T00:21:00+00:00,0.0167,sell_yes,buy_yes,0.42,0.42,46.1091,0,0,0.425,0.355,closed,opposite_fill
1181,Will the Moderate Party (M) win the second most seats in the 2026 Swedish parliamentary election?,2026-05-28T00:21:00+00:00,2026-05-28T00:25:00+00:00,0.0667,buy_yes,sell_yes,0.42,0.41,15.8589,-0.1586,-1,0.355,0.42,closed,opposite_fill
1182,Will the Moderate Party (M) win the second most seats in the 2026 Swedish parliamentary election?,2026-05-28T00:25:00+00:00,2026-05-28T00:47:00+00:00,0.3667,sell_yes,buy_yes,0.41,0.42,46.1091,-0.4611,-1,0.42,0.4,closed,opposite_fill
1183,Will the Moderate Party (M) win the second most seats in the 2026 Swedish parliamentary election?,2026-05-28T00:47:00+00:00,2026-05-28T00:48:00+00:00,0.0167,buy_yes,sell_yes,0.42,0.41,15.8589,-0.1586,-1,0.4,0.41,closed,opposite_fill
1184,Will the Moderate Party (M) win the second most seats in the 2026 Swedish parliamentary election?,2026-05-28T00:48:00+00:00,2026-05-28T00:55:00+00:00,0.1167,sell_yes,buy_yes,0.41,0.41,49.8272,0,0,0.41,0.4,closed,opposite_fill
1185,Will the Moderate Party (M) win the second most seats in the 2026 Swedish parliamentary election?,2026-05-28T00:55:00+00:00,2026-05-28T00:57:00+00:00,0.0333,buy_yes,sell_yes,0.41,0.41,12.1408,0,0,0.4,0.415,closed,opposite_fill
1186,Will the Moderate Party (M) win the second most seats in the 2026 Swedish parliamentary election?,2026-05-28T00:57:00+00:00,2026-05-28T01:00:00+00:00,0.05,sell_yes,buy_yes,0.41,0.42,49.8272,-0.4983,-1,0.415,0.41,closed,opposite_fill
1187,Will the Moderate Party (M) win the second most seats in the 2026 Swedish parliamentary election?,2026-05-28T01:00:00+00:00,2026-05-28T01:01:00+00:00,0.0167,buy_yes,sell_yes,0.42,0.42,13.9998,0,0,0.41,0.42,closed,opposite_fill
1188,Will the Moderate Party (M) win the second most seats in the 2026 Swedish parliamentary election?,2026-05-28T01:01:00+00:00,2026-05-28T01:04:00+00:00,0.05,sell_yes,buy_yes,0.42,0.42,47.9682,0,0,0.42,0.415,closed,opposite_fill
1189,Will the Moderate Party (M) win the second most seats in the 2026 Swedish parliamentary election?,2026-05-28T01:04:00+00:00,2026-05-28T01:06:00+00:00,0.0333,buy_yes,sell_yes,0.42,0.41,13.9998,-0.14,-1,0.415,0.41,closed,opposite_fill
1190,Will the Moderate Party (M) win the second most seats in the 2026 Swedish parliamentary election?,2026-05-28T01:06:00+00:00,2026-05-28T01:13:00+00:00,0.1167,sell_yes,buy_yes,0.41,0.42,53.5453,-0.5355,-1,0.41,0.41,closed,opposite_fill
1191,Will the Moderate Party (M) win the second most seats in the 2026 Swedish parliamentary election?,2026-05-28T01:13:00+00:00,2026-05-28T01:14:00+00:00,0.0167,buy_yes,sell_yes,0.42,0.42,12.1408,0,0,0.41,0.425,closed,opposite_fill
1192,Will the Moderate Party (M) win the second most seats in the 2026 Swedish parliamentary election?,2026-05-28T01:14:00+00:00,2026-05-28T01:18:00+00:00,0.0667,sell_yes,buy_yes,0.42,0.41,49.8272,0.4983,1,0.425,0.4,closed,opposite_fill
1193,Will the Moderate Party (M) win the second most seats in the 2026 Swedish parliamentary election?,2026-05-28T01:18:00+00:00,2026-05-28T01:19:00+00:00,0.0167,buy_yes,sell_yes,0.41,0.41,12.1408,0,0,0.4,0.41,closed,opposite_fill
1194,Will the Sweden Democrats (SD) win the third most seats in the 2026 Swedish parliamentary election?,2026-05-28T00:13:00+00:00,2026-05-28T01:23:00+00:00,1.1667,sell_yes,buy_yes,0.12,0.19,10.2247,-0.7157,-7,0.185,0.185,closed,opposite_fill
1195,Will the Moderate Party (M) win the second most seats in the 2026 Swedish parliamentary election?,2026-05-28T01:19:00+00:00,2026-05-28T01:23:00+00:00,0.0667,sell_yes,buy_yes,0.41,0.42,51.6863,-0.5169,-1,0.41,0.41,closed,opposite_fill
1196,Will the Sweden Democrats (SD) win the third most seats in the 2026 Swedish parliamentary election?,2026-05-28T01:23:00+00:00,2026-05-28T01:24:00+00:00,0.0167,buy_yes,sell_yes,0.19,0.19,36.2513,0,0,0.185,0.195,closed,opposite_fill
1197,Will the Moderate Party (M) win the second most seats in the 2026 Swedish parliamentary election?,2026-05-28T01:23:00+00:00,2026-05-28T01:26:00+00:00,0.05,buy_yes,sell_yes,0.42,0.41,10.2817,-0.1028,-1,0.41,0.425,closed,opposite_fill
1198,Will the Moderate Party (M) win the second most seats in the 2026 Swedish parliamentary election?,2026-05-28T01:26:00+00:00,2026-05-28T01:28:00+00:00,0.0333,sell_yes,buy_yes,0.41,0.42,51.6863,-0.5169,-1,0.425,0.41,closed,opposite_fill
1199,Will the Moderate Party (M) win the second most seats in the 2026 Swedish parliamentary election?,2026-05-28T01:28:00+00:00,2026-05-28T01:31:00+00:00,0.05,buy_yes,sell_yes,0.42,0.41,10.2817,-0.1028,-1,0.41,0.415,closed,opposite_fill
1200,Will the Moderate Party (M) win the second most seats in the 2026 Swedish parliamentary election?,2026-05-28T01:31:00+00:00,2026-05-28T01:51:00+00:00,0.3333,sell_yes,buy_yes,0.41,0.41,51.6863,0,0,0.415,0.395,closed,opposite_fill
1201,Will the Moderate Party (M) win the second most seats in the 2026 Swedish parliamentary election?,2026-05-28T01:51:00+00:00,2026-05-28T01:57:00+00:00,0.1,buy_yes,sell_yes,0.41,0.41,10.2817,0,0,0.395,0.425,closed,opposite_fill
1202,Will the Moderate Party (M) win the second most seats in the 2026 Swedish parliamentary election?,2026-05-28T01:57:00+00:00,2026-05-28T01:58:00+00:00,0.0167,sell_yes,buy_yes,0.41,0.42,51.6863,-0.5169,-1,0.425,0.41,closed,opposite_fill
1203,Will the Moderate Party (M) win the second most seats in the 2026 Swedish parliamentary election?,2026-05-28T01:58:00+00:00,2026-05-28T02:05:00+00:00,0.1167,buy_yes,sell_yes,0.42,0.41,13.9998,-0.14,-1,0.41,0.425,closed,opposite_fill
1204,Will the Moderate Party (M) win the second most seats in the 2026 Swedish parliamentary election?,2026-05-28T02:05:00+00:00,2026-05-28T02:09:00+00:00,0.0667,sell_yes,buy_yes,0.41,0.42,47.9682,-0.4797,-1,0.425,0.41,closed,opposite_fill
1205,Will the Moderate Party (M) win the second most seats in the 2026 Swedish parliamentary election?,2026-05-28T02:09:00+00:00,2026-05-28T02:10:00+00:00,0.0167,buy_yes,sell_yes,0.42,0.42,17.7179,0,0,0.41,0.42,closed,opposite_fill
1206,Will the Sweden Democrats (SD) win the second most seats in the 2026 Swedish parliamentary election?,2026-05-28T00:19:00+00:00,2026-05-28T02:15:00+00:00,1.9333,sell_yes,buy_yes,0.39,0.48,34.0824,-3.0674,-9,0.485,0.475,closed,opposite_fill
1207,Will the Sweden Democrats (SD) win the second most seats in the 2026 Swedish parliamentary election?,2026-05-28T02:15:00+00:00,2026-05-28T02:16:00+00:00,0.0167,buy_yes,sell_yes,0.48,0.48,27.8856,0,0,0.475,0.485,closed,opposite_fill
1208,Will the Moderate Party (M) win the second most seats in the 2026 Swedish parliamentary election?,2026-05-28T02:10:00+00:00,2026-05-28T02:22:00+00:00,0.2,sell_yes,buy_yes,0.42,0.42,44.2501,0,0,0.42,0.415,closed,opposite_fill
1209,Will the Moderate Party (M) win the second most seats in the 2026 Swedish parliamentary election?,2026-05-28T02:22:00+00:00,2026-05-28T02:25:00+00:00,0.05,buy_yes,sell_yes,0.42,0.41,17.7179,-0.1772,-1,0.415,0.43,closed,opposite_fill
1210,Will the Moderate Party (M) win the second most seats in the 2026 Swedish parliamentary election?,2026-05-28T02:25:00+00:00,2026-05-28T02:26:00+00:00,0.0167,sell_yes,buy_yes,0.41,0.42,44.2501,-0.4425,-1,0.43,0.415,closed,opposite_fill
1211,Will the Moderate Party (M) win the second most seats in the 2026 Swedish parliamentary election?,2026-05-28T02:26:00+00:00,2026-05-28T02:27:00+00:00,0.0167,buy_yes,sell_yes,0.42,0.42,17.7179,0,0,0.415,0.42,closed,opposite_fill
1212,Will the Moderate Party (M) win the second most seats in the 2026 Swedish parliamentary election?,2026-05-28T02:27:00+00:00,2026-05-28T02:40:00+00:00,0.2167,sell_yes,buy_yes,0.42,0.42,47.9682,0,0,0.42,0.415,closed,opposite_fill
1213,Will the Moderate Party (M) win the second most seats in the 2026 Swedish parliamentary election?,2026-05-28T02:40:00+00:00,2026-05-28T02:42:00+00:00,0.0333,buy_yes,sell_yes,0.42,0.42,13.9998,0,0,0.415,0.425,closed,opposite_fill
1214,Will the Moderate Party (M) win the second most seats in the 2026 Swedish parliamentary election?,2026-05-28T02:42:00+00:00,2026-05-28T02:44:00+00:00,0.0333,sell_yes,buy_yes,0.42,0.42,47.9682,0,0,0.425,0.415,closed,opposite_fill
1215,Will the Moderate Party (M) win the second most seats in the 2026 Swedish parliamentary election?,2026-05-28T02:44:00+00:00,2026-05-28T02:45:00+00:00,0.0167,buy_yes,sell_yes,0.42,0.42,13.9998,0,0,0.415,0.42,closed,opposite_fill
1216,Will the Moderate Party (M) win the second most seats in the 2026 Swedish parliamentary election?,2026-05-28T02:45:00+00:00,2026-05-28T02:55:00+00:00,0.1667,sell_yes,buy_yes,0.42,0.43,49.8272,-0.4983,-1,0.42,0.42,closed,opposite_fill
1217,Will the Moderate Party (M) win the third most seats in the 2026 Swedish parliamentary election?,2026-05-28T00:20:00+00:00,2026-05-28T03:04:00+00:00,2.7333,sell_yes,buy_yes,0.51,0.56,39.8764,-1.9938,-5,0.58,0.545,closed,opposite_fill
1218,Will the Moderate Party (M) win the second most seats in the 2026 Swedish parliamentary election?,2026-05-28T02:55:00+00:00,2026-05-28T03:05:00+00:00,0.1667,buy_yes,sell_yes,0.43,0.41,12.1408,-0.2428,-2,0.42,0.425,closed,opposite_fill
1219,Will the Moderate Party (M) win the second most seats in the 2026 Swedish parliamentary election?,2026-05-28T03:05:00+00:00,2026-05-28T03:07:00+00:00,0.0333,sell_yes,buy_yes,0.41,0.42,51.6863,-0.5169,-1,0.425,0.41,closed,opposite_fill
1220,Will the Moderate Party (M) win the second most seats in the 2026 Swedish parliamentary election?,2026-05-28T03:07:00+00:00,2026-05-28T03:08:00+00:00,0.0167,buy_yes,sell_yes,0.42,0.42,10.2817,0,0,0.41,0.42,closed,opposite_fill
1221,Will the Moderate Party (M) win the second most seats in the 2026 Swedish parliamentary election?,2026-05-28T03:08:00+00:00,2026-05-28T03:11:00+00:00,0.05,sell_yes,buy_yes,0.42,0.42,53.5453,0,0,0.42,0.415,closed,opposite_fill
1222,Will the Sweden Democrats (SD) win the third most seats in the 2026 Swedish parliamentary election?,2026-05-28T01:24:00+00:00,2026-05-28T03:13:00+00:00,1.8167,sell_yes,buy_yes,0.19,0.19,10.2247,0,0,0.195,0.185,closed,opposite_fill
1223,Will the Moderate Party (M) win the second most seats in the 2026 Swedish parliamentary election?,2026-05-28T03:11:00+00:00,2026-05-28T03:13:00+00:00,0.0333,buy_yes,sell_yes,0.42,0.42,8.42269,0,0,0.415,0.425,closed,opposite_fill
1224,Will the Sweden Democrats (SD) win the third most seats in the 2026 Swedish parliamentary election?,2026-05-28T03:13:00+00:00,2026-05-28T03:14:00+00:00,0.0167,buy_yes,sell_yes,0.19,0.19,36.2513,0,0,0.185,0.195,closed,opposite_fill
1225,Will the Moderate Party (M) win the second most seats in the 2026 Swedish parliamentary election?,2026-05-28T03:13:00+00:00,2026-05-28T03:19:00+00:00,0.1,sell_yes,buy_yes,0.42,0.42,53.5453,0,0,0.425,0.415,closed,opposite_fill
1226,Will the Moderate Party (M) win the second most seats in the 2026 Swedish parliamentary election?,2026-05-28T03:19:00+00:00,2026-05-28T03:21:00+00:00,0.0333,buy_yes,sell_yes,0.42,0.42,10.2817,0,0,0.415,0.425,closed,opposite_fill
1227,Will the Moderate Party (M) win the second most seats in the 2026 Swedish parliamentary election?,2026-05-28T03:21:00+00:00,2026-05-28T03:24:00+00:00,0.05,sell_yes,buy_yes,0.42,0.42,51.6863,0,0,0.425,0.41,closed,opposite_fill
1228,Will the Moderate Party (M) win the second most seats in the 2026 Swedish parliamentary election?,2026-05-28T03:24:00+00:00,2026-05-28T03:25:00+00:00,0.0167,buy_yes,sell_yes,0.42,0.42,10.2817,0,0,0.41,0.42,closed,opposite_fill
1229,Will the Moderate Party (M) win the second most seats in the 2026 Swedish parliamentary election?,2026-05-28T03:25:00+00:00,2026-05-28T03:36:00+00:00,0.1833,sell_yes,buy_yes,0.42,0.42,53.5453,0,0,0.42,0.415,closed,opposite_fill
1230,Will the Moderate Party (M) win the second most seats in the 2026 Swedish parliamentary election?,2026-05-28T03:36:00+00:00,2026-05-28T03:37:00+00:00,0.0167,buy_yes,sell_yes,0.42,0.42,8.42269,0,0,0.415,0.435,closed,opposite_fill
1231,Will the Sweden Democrats (SD) win the third most seats in the 2026 Swedish parliamentary election?,2026-05-28T03:14:00+00:00,2026-05-28T03:47:00+00:00,0.55,sell_yes,buy_yes,0.19,0.2,10.2247,-0.1022,-1,0.195,0.195,closed,opposite_fill
1232,Will the Moderate Party (M) win the second most seats in the 2026 Swedish parliamentary election?,2026-05-28T03:37:00+00:00,2026-05-28T03:52:00+00:00,0.25,sell_yes,buy_yes,0.42,0.42,53.5453,0,0,0.435,0.41,closed,opposite_fill
1233,Will the Moderate Party (M) win the second most seats in the 2026 Swedish parliamentary election?,2026-05-28T03:52:00+00:00,2026-05-28T03:53:00+00:00,0.0167,buy_yes,sell_yes,0.42,0.42,8.42269,0,0,0.41,0.43,closed,opposite_fill
1234,Will the Moderate Party (M) win the second most seats in the 2026 Swedish parliamentary election?,2026-05-28T03:53:00+00:00,2026-05-28T04:10:00+00:00,0.2833,sell_yes,buy_yes,0.42,0.42,53.5453,0,0,0.43,0.415,closed,opposite_fill
1235,Will the Moderate Party (M) win the second most seats in the 2026 Swedish parliamentary election?,2026-05-28T04:10:00+00:00,2026-05-28T04:12:00+00:00,0.0333,buy_yes,sell_yes,0.42,0.42,8.42269,0,0,0.415,0.43,closed,opposite_fill
1236,Will the Moderate Party (M) win the second most seats in the 2026 Swedish parliamentary election?,2026-05-28T04:12:00+00:00,2026-05-28T04:19:00+00:00,0.1167,sell_yes,buy_yes,0.42,0.42,53.5453,0,0,0.43,0.415,closed,opposite_fill
1237,Will the Moderate Party (M) win the second most seats in the 2026 Swedish parliamentary election?,2026-05-28T04:19:00+00:00,2026-05-28T04:21:00+00:00,0.0333,buy_yes,sell_yes,0.42,0.42,8.42269,0,0,0.415,0.43,closed,opposite_fill
1238,Will the Moderate Party (M) win the second most seats in the 2026 Swedish parliamentary election?,2026-05-28T04:21:00+00:00,2026-05-28T04:26:00+00:00,0.0833,sell_yes,buy_yes,0.42,0.42,53.5453,0,0,0.43,0.415,closed,opposite_fill
1239,Will the Moderate Party (M) win the second most seats in the 2026 Swedish parliamentary election?,2026-05-28T04:26:00+00:00,2026-05-28T04:27:00+00:00,0.0167,buy_yes,sell_yes,0.42,0.42,8.42269,0,0,0.415,0.425,closed,opposite_fill
1240,Will the Moderate Party (M) win the second most seats in the 2026 Swedish parliamentary election?,2026-05-28T04:27:00+00:00,2026-05-28T04:30:00+00:00,0.05,sell_yes,buy_yes,0.42,0.42,53.5453,0,0,0.425,0.415,closed,opposite_fill
1241,Will the Moderate Party (M) win the second most seats in the 2026 Swedish parliamentary election?,2026-05-28T04:30:00+00:00,2026-05-28T04:31:00+00:00,0.0167,buy_yes,sell_yes,0.42,0.42,8.42269,0,0,0.415,0.425,closed,opposite_fill
1242,Will the Moderate Party (M) win the second most seats in the 2026 Swedish parliamentary election?,2026-05-28T04:31:00+00:00,2026-05-28T04:32:00+00:00,0.0167,sell_yes,buy_yes,0.42,0.42,53.5453,0,0,0.425,0.415,closed,opposite_fill
1243,Will the Moderate Party (M) win the second most seats in the 2026 Swedish parliamentary election?,2026-05-28T04:32:00+00:00,2026-05-28T04:34:00+00:00,0.0333,buy_yes,sell_yes,0.42,0.42,8.42269,0,0,0.415,0.425,closed,opposite_fill
1244,Will the Moderate Party (M) win the second most seats in the 2026 Swedish parliamentary election?,2026-05-28T04:34:00+00:00,2026-05-28T04:36:00+00:00,0.0333,sell_yes,buy_yes,0.42,0.42,53.5453,0,0,0.425,0.415,closed,opposite_fill
1245,Will the Moderate Party (M) win the second most seats in the 2026 Swedish parliamentary election?,2026-05-28T04:36:00+00:00,2026-05-28T04:37:00+00:00,0.0167,buy_yes,sell_yes,0.42,0.42,13.9998,0,0,0.415,0.425,closed,opposite_fill
1246,Will the Sweden Democrats (SD) win the third most seats in the 2026 Swedish parliamentary election?,2026-05-28T03:47:00+00:00,2026-05-28T04:41:00+00:00,0.9,buy_yes,sell_yes,0.2,0.18,37.6456,-0.7529,-2,0.195,0.19,closed,opposite_fill
1247,Will the Moderate Party (M) win the second most seats in the 2026 Swedish parliamentary election?,2026-05-28T04:37:00+00:00,2026-05-28T04:41:00+00:00,0.0667,sell_yes,buy_yes,0.42,0.42,47.9682,0,0,0.425,0.4,closed,opposite_fill
1248,Will the Moderate Party (M) win the second most seats in the 2026 Swedish parliamentary election?,2026-05-28T04:41:00+00:00,2026-05-28T04:43:00+00:00,0.0333,buy_yes,sell_yes,0.42,0.41,13.9998,-0.14,-1,0.4,0.42,closed,opposite_fill
1249,Will the Moderate Party (M) win the second most seats in the 2026 Swedish parliamentary election?,2026-05-28T04:43:00+00:00,2026-05-28T04:44:00+00:00,0.0167,sell_yes,buy_yes,0.41,0.41,47.9682,0,0,0.42,0.405,closed,opposite_fill
1250,Will the Moderate Party (M) win the second most seats in the 2026 Swedish parliamentary election?,2026-05-28T04:44:00+00:00,2026-05-28T04:45:00+00:00,0.0167,buy_yes,sell_yes,0.41,0.41,17.7179,0,0,0.405,0.425,closed,opposite_fill
1251,Will the Moderate Party (M) win the second most seats in the 2026 Swedish parliamentary election?,2026-05-28T04:45:00+00:00,2026-05-28T04:46:00+00:00,0.0167,sell_yes,buy_yes,0.41,0.42,44.2501,-0.4425,-1,0.425,0.415,closed,opposite_fill
1252,Will the Moderate Party (M) win the second most seats in the 2026 Swedish parliamentary election?,2026-05-28T04:46:00+00:00,2026-05-28T04:48:00+00:00,0.0333,buy_yes,sell_yes,0.42,0.41,17.7179,-0.1772,-1,0.415,0.41,closed,opposite_fill
1253,Will the Moderate Party (M) win the second most seats in the 2026 Swedish parliamentary election?,2026-05-28T04:48:00+00:00,2026-05-28T04:49:00+00:00,0.0167,sell_yes,buy_yes,0.41,0.4,47.9682,0.4797,1,0.41,0.395,closed,opposite_fill
1254,Will the Moderate Party (M) win the second most seats in the 2026 Swedish parliamentary election?,2026-05-28T04:49:00+00:00,2026-05-28T04:50:00+00:00,0.0167,buy_yes,sell_yes,0.4,0.4,13.9998,0,0,0.395,0.415,closed,opposite_fill
1255,Will the Moderate Party (M) win the second most seats in the 2026 Swedish parliamentary election?,2026-05-28T04:50:00+00:00,2026-05-28T04:52:00+00:00,0.0333,sell_yes,buy_yes,0.4,0.41,49.8272,-0.4983,-1,0.415,0.405,closed,opposite_fill
1256,Will the Moderate Party (M) win the second most seats in the 2026 Swedish parliamentary election?,2026-05-28T04:52:00+00:00,2026-05-28T04:53:00+00:00,0.0167,buy_yes,sell_yes,0.41,0.41,12.1408,0,0,0.405,0.42,closed,opposite_fill
1257,Will the Moderate Party (M) win the second most seats in the 2026 Swedish parliamentary election?,2026-05-28T04:53:00+00:00,2026-05-28T05:01:00+00:00,0.1333,sell_yes,buy_yes,0.41,0.42,51.6863,-0.5169,-1,0.42,0.415,closed,opposite_fill
1258,Will the Moderate Party (M) win the second most seats in the 2026 Swedish parliamentary election?,2026-05-28T05:01:00+00:00,2026-05-28T05:02:00+00:00,0.0167,buy_yes,sell_yes,0.42,0.42,10.2817,0,0,0.415,0.425,closed,opposite_fill
1259,Will the Sweden Democrats (SD) win the third most seats in the 2026 Swedish parliamentary election?,2026-05-28T04:41:00+00:00,2026-05-28T05:09:00+00:00,0.4667,sell_yes,buy_yes,0.18,0.19,10.2247,-0.1022,-1,0.19,0.185,closed,opposite_fill
1260,Will the Moderate Party (M) win the second most seats in the 2026 Swedish parliamentary election?,2026-05-28T05:02:00+00:00,2026-05-28T05:09:00+00:00,0.1167,sell_yes,buy_yes,0.42,0.42,51.6863,0,0,0.425,0.41,closed,opposite_fill
1261,Will the Moderate Party (M) win the second most seats in the 2026 Swedish parliamentary election?,2026-05-28T05:09:00+00:00,2026-05-28T05:10:00+00:00,0.0167,buy_yes,sell_yes,0.42,0.42,10.2817,0,0,0.41,0.435,closed,opposite_fill
1262,Will the Moderate Party (M) win the second most seats in the 2026 Swedish parliamentary election?,2026-05-28T05:10:00+00:00,2026-05-28T05:11:00+00:00,0.0167,sell_yes,buy_yes,0.42,0.43,51.6863,-0.5169,-1,0.435,0.425,closed,opposite_fill
1263,Will the Sweden Democrats (SD) win the second most seats in the 2026 Swedish parliamentary election?,2026-05-28T02:16:00+00:00,2026-05-28T05:13:00+00:00,2.95,sell_yes,buy_yes,0.48,0.48,34.0824,0,0,0.485,0.47,closed,opposite_fill
1264,Will the Sweden Democrats (SD) win the second most seats in the 2026 Swedish parliamentary election?,2026-05-28T05:13:00+00:00,2026-05-28T05:14:00+00:00,0.0167,buy_yes,sell_yes,0.48,0.48,27.8856,0,0,0.47,0.485,closed,opposite_fill
1265,Will the Moderate Party (M) win the second most seats in the 2026 Swedish parliamentary election?,2026-05-28T05:11:00+00:00,2026-05-28T05:18:00+00:00,0.1167,buy_yes,sell_yes,0.43,0.41,19.5769,-0.3915,-2,0.425,0.415,closed,opposite_fill
1266,Will the Moderate Party (M) win the second most seats in the 2026 Swedish parliamentary election?,2026-05-28T05:18:00+00:00,2026-05-28T05:31:00+00:00,0.2167,sell_yes,buy_yes,0.41,0.42,44.2501,-0.4425,-1,0.415,0.415,closed,opposite_fill
1267,Will the Moderate Party (M) win the second most seats in the 2026 Swedish parliamentary election?,2026-05-28T05:31:00+00:00,2026-05-28T05:32:00+00:00,0.0167,buy_yes,sell_yes,0.42,0.42,17.7179,0,0,0.415,0.425,closed,opposite_fill
1268,Will the Moderate Party (M) win the second most seats in the 2026 Swedish parliamentary election?,2026-05-28T05:32:00+00:00,2026-05-28T05:34:00+00:00,0.0333,sell_yes,buy_yes,0.42,0.42,46.1091,0,0,0.425,0.415,closed,opposite_fill
1269,Will the Sweden Democrats (SD) win the third most seats in the 2026 Swedish parliamentary election?,2026-05-28T05:09:00+00:00,2026-05-28T05:36:00+00:00,0.45,buy_yes,sell_yes,0.19,0.19,36.2513,0,0,0.185,0.195,closed,opposite_fill
1270,Will the Moderate Party (M) win the second most seats in the 2026 Swedish parliamentary election?,2026-05-28T05:34:00+00:00,2026-05-28T05:36:00+00:00,0.0333,buy_yes,sell_yes,0.42,0.42,15.8589,0,0,0.415,0.435,closed,opposite_fill
1271,Will the Sweden Democrats (SD) win the third most seats in the 2026 Swedish parliamentary election?,2026-05-28T05:36:00+00:00,2026-05-28T05:37:00+00:00,0.0167,sell_yes,buy_yes,0.19,0.19,10.2247,0,0,0.195,0.185,closed,opposite_fill
1272,Will the Moderate Party (M) win the second most seats in the 2026 Swedish parliamentary election?,2026-05-28T05:36:00+00:00,2026-05-28T05:42:00+00:00,0.1,sell_yes,buy_yes,0.42,0.42,46.1091,0,0,0.435,0.405,closed,opposite_fill
1273,Will the Moderate Party (M) win the second most seats in the 2026 Swedish parliamentary election?,2026-05-28T05:42:00+00:00,2026-05-28T05:43:00+00:00,0.0167,buy_yes,sell_yes,0.42,0.41,15.8589,-0.1586,-1,0.405,0.41,closed,opposite_fill
1274,Will the Moderate Party (M) win the second most seats in the 2026 Swedish parliamentary election?,2026-05-28T05:43:00+00:00,2026-05-28T05:56:00+00:00,0.2167,sell_yes,buy_yes,0.41,0.42,49.8272,-0.4983,-1,0.41,0.405,closed,opposite_fill
1275,Will the Moderate Party (M) win the second most seats in the 2026 Swedish parliamentary election?,2026-05-28T05:56:00+00:00,2026-05-28T05:57:00+00:00,0.0167,buy_yes,sell_yes,0.42,0.41,12.1408,-0.1214,-1,0.405,0.425,closed,opposite_fill
1276,Will the Moderate Party (M) win the second most seats in the 2026 Swedish parliamentary election?,2026-05-28T05:57:00+00:00,2026-05-28T05:59:00+00:00,0.0333,sell_yes,buy_yes,0.41,0.42,49.8272,-0.4983,-1,0.425,0.405,closed,opposite_fill
1277,Will the Moderate Party (M) win the second most seats in the 2026 Swedish parliamentary election?,2026-05-28T05:59:00+00:00,2026-05-28T06:00:00+00:00,0.0167,buy_yes,sell_yes,0.42,0.41,12.1408,-0.1214,-1,0.405,0.425,closed,opposite_fill
1278,Will the Moderate Party (M) win the second most seats in the 2026 Swedish parliamentary election?,2026-05-28T06:00:00+00:00,2026-05-28T06:01:00+00:00,0.0167,sell_yes,buy_yes,0.41,0.42,53.5453,-0.5355,-1,0.425,0.41,closed,opposite_fill
1279,Will the Moderate Party (M) win the second most seats in the 2026 Swedish parliamentary election?,2026-05-28T06:01:00+00:00,2026-05-28T06:03:00+00:00,0.0333,buy_yes,sell_yes,0.42,0.41,8.42269,-0.0842,-1,0.41,0.415,closed,opposite_fill
1280,Will the Moderate Party (M) win the second most seats in the 2026 Swedish parliamentary election?,2026-05-28T06:03:00+00:00,2026-05-28T06:06:00+00:00,0.05,sell_yes,buy_yes,0.41,0.43,53.5453,-1.0709,-2,0.415,0.42,closed,opposite_fill
1281,Will the Moderate Party (M) win the second most seats in the 2026 Swedish parliamentary election?,2026-05-28T06:06:00+00:00,2026-05-28T06:09:00+00:00,0.05,buy_yes,sell_yes,0.43,0.42,8.42269,-0.0842,-1,0.42,0.42,closed,opposite_fill
1282,Will the Moderate Party (M) win the second most seats in the 2026 Swedish parliamentary election?,2026-05-28T06:09:00+00:00,2026-05-28T06:20:00+00:00,0.1833,sell_yes,buy_yes,0.42,0.42,53.5453,0,0,0.42,0.41,closed,opposite_fill
1283,Will the Moderate Party (M) win the second most seats in the 2026 Swedish parliamentary election?,2026-05-28T06:20:00+00:00,2026-05-28T06:21:00+00:00,0.0167,buy_yes,sell_yes,0.42,0.42,8.42269,0,0,0.41,0.42,closed,opposite_fill
1284,Will the Moderate Party (M) win the second most seats in the 2026 Swedish parliamentary election?,2026-05-28T06:21:00+00:00,2026-05-28T06:25:00+00:00,0.0667,sell_yes,buy_yes,0.42,0.42,53.5453,0,0,0.42,0.41,closed,opposite_fill
1285,Will the Moderate Party (M) win the second most seats in the 2026 Swedish parliamentary election?,2026-05-28T06:25:00+00:00,2026-05-28T06:26:00+00:00,0.0167,buy_yes,sell_yes,0.42,0.42,8.42269,0,0,0.41,0.42,closed,opposite_fill
1286,Will the Moderate Party (M) win the second most seats in the 2026 Swedish parliamentary election?,2026-05-28T06:26:00+00:00,2026-05-28T06:30:00+00:00,0.0667,sell_yes,buy_yes,0.42,0.42,53.5453,0,0,0.42,0.41,closed,opposite_fill
1287,Will the Moderate Party (M) win the second most seats in the 2026 Swedish parliamentary election?,2026-05-28T06:30:00+00:00,2026-05-28T06:32:00+00:00,0.0333,buy_yes,sell_yes,0.42,0.42,8.42269,0,0,0.41,0.425,closed,opposite_fill
1288,Will the Sweden Democrats (SD) win the third most seats in the 2026 Swedish parliamentary election?,2026-05-28T05:37:00+00:00,2026-05-28T06:40:00+00:00,1.05,buy_yes,sell_yes,0.19,0.19,36.2513,0,0,0.185,0.195,closed,opposite_fill
1289,Will the Sweden Democrats (SD) win the third most seats in the 2026 Swedish parliamentary election?,2026-05-28T06:40:00+00:00,2026-05-28T06:41:00+00:00,0.0167,sell_yes,buy_yes,0.19,0.19,10.2247,0,0,0.195,0.185,closed,opposite_fill
1290,Will the Moderate Party (M) win the second most seats in the 2026 Swedish parliamentary election?,2026-05-28T06:32:00+00:00,2026-05-28T06:55:00+00:00,0.3833,sell_yes,buy_yes,0.42,0.42,53.5453,0,0,0.425,0.41,closed,opposite_fill
1291,Will the Moderate Party (M) win the second most seats in the 2026 Swedish parliamentary election?,2026-05-28T06:55:00+00:00,2026-05-28T06:56:00+00:00,0.0167,buy_yes,sell_yes,0.42,0.42,8.42269,0,0,0.41,0.42,closed,opposite_fill
1292,Will the Moderate Party (M) win the second most seats in the 2026 Swedish parliamentary election?,2026-05-28T06:56:00+00:00,2026-05-28T07:02:00+00:00,0.1,sell_yes,buy_yes,0.42,0.42,55.4044,0,0,0.42,0.415,closed,opposite_fill
1293,Will the Moderate Party (M) win the second most seats in the 2026 Swedish parliamentary election?,2026-05-28T07:02:00+00:00,2026-05-28T07:03:00+00:00,0.0167,buy_yes,sell_yes,0.42,0.42,10.2817,0,0,0.415,0.425,closed,opposite_fill
1294,Bab el-Mandeb Strait effectively closed by September 30?,2026-05-27T18:16:00+00:00,2026-05-28T07:04:00+00:00,12.8,buy_yes,sell_yes,0.18,0.18,6.1968,0,0,0.17,0.195,closed,opposite_fill
1295,Will the Moderate Party (M) win the second most seats in the 2026 Swedish parliamentary election?,2026-05-28T07:03:00+00:00,2026-05-28T07:05:00+00:00,0.0333,sell_yes,buy_yes,0.42,0.43,51.6863,-0.5169,-1,0.425,0.42,closed,opposite_fill
1296,Will the Sweden Democrats (SD) win the third most seats in the 2026 Swedish parliamentary election?,2026-05-28T06:41:00+00:00,2026-05-28T07:07:00+00:00,0.4333,buy_yes,sell_yes,0.19,0.19,36.2513,0,0,0.185,0.2,closed,opposite_fill
1297,Will the Moderate Party (M) win the second most seats in the 2026 Swedish parliamentary election?,2026-05-28T07:05:00+00:00,2026-05-28T07:08:00+00:00,0.05,buy_yes,sell_yes,0.43,0.41,10.2817,-0.2056,-2,0.42,0.425,closed,opposite_fill
1298,Will the Sweden Democrats (SD) win the second most seats in the 2026 Swedish parliamentary election?,2026-05-28T05:14:00+00:00,2026-05-28T07:09:00+00:00,1.9167,sell_yes,buy_yes,0.48,0.48,34.0824,0,0,0.485,0.475,closed,opposite_fill
1299,Will the Sweden Democrats (SD) win the second most seats in the 2026 Swedish parliamentary election?,2026-05-28T07:09:00+00:00,2026-05-28T07:10:00+00:00,0.0167,buy_yes,sell_yes,0.48,0.48,27.8856,0,0,0.475,0.485,closed,opposite_fill
1300,Will the Moderate Party (M) win the second most seats in the 2026 Swedish parliamentary election?,2026-05-28T07:08:00+00:00,2026-05-28T07:22:00+00:00,0.2333,sell_yes,buy_yes,0.41,0.41,51.6863,0,0,0.425,0.405,closed,opposite_fill
1301,Will the Moderate Party (M) win the second most seats in the 2026 Swedish parliamentary election?,2026-05-28T07:22:00+00:00,2026-05-28T07:23:00+00:00,0.0167,buy_yes,sell_yes,0.41,0.41,10.2817,0,0,0.405,0.415,closed,opposite_fill
1302,Will the Moderate Party (M) win the second most seats in the 2026 Swedish parliamentary election?,2026-05-28T07:23:00+00:00,2026-05-28T07:27:00+00:00,0.0667,sell_yes,buy_yes,0.41,0.42,51.6863,-0.5169,-1,0.415,0.415,closed,opposite_fill
1303,Will the Moderate Party (M) win the second most seats in the 2026 Swedish parliamentary election?,2026-05-28T07:27:00+00:00,2026-05-28T07:33:00+00:00,0.1,buy_yes,sell_yes,0.42,0.42,12.1408,0,0,0.415,0.42,closed,opposite_fill
1304,Will the Moderate Party (M) win the second most seats in the 2026 Swedish parliamentary election?,2026-05-28T07:33:00+00:00,2026-05-28T07:35:00+00:00,0.0333,sell_yes,buy_yes,0.42,0.42,51.6863,0,0,0.42,0.41,closed,opposite_fill
1305,Will the Moderate Party (M) win the second most seats in the 2026 Swedish parliamentary election?,2026-05-28T07:35:00+00:00,2026-05-28T07:36:00+00:00,0.0167,buy_yes,sell_yes,0.42,0.42,12.1408,0,0,0.41,0.42,closed,opposite_fill
1306,Will the Moderate Party (M) win the second most seats in the 2026 Swedish parliamentary election?,2026-05-28T07:36:00+00:00,2026-05-28T07:40:00+00:00,0.0667,sell_yes,buy_yes,0.42,0.42,49.8272,0,0,0.42,0.405,closed,opposite_fill
1307,Will the Moderate Party (M) win the second most seats in the 2026 Swedish parliamentary election?,2026-05-28T07:40:00+00:00,2026-05-28T07:41:00+00:00,0.0167,buy_yes,sell_yes,0.42,0.41,12.1408,-0.1214,-1,0.405,0.41,closed,opposite_fill
1308,Will the Moderate Party (M) win the second most seats in the 2026 Swedish parliamentary election?,2026-05-28T07:41:00+00:00,2026-05-28T07:46:00+00:00,0.0833,sell_yes,buy_yes,0.41,0.43,53.5453,-1.0709,-2,0.41,0.42,closed,opposite_fill
1309,Will the Sweden Democrats (SD) win the third most seats in the 2026 Swedish parliamentary election?,2026-05-28T07:07:00+00:00,2026-05-28T07:55:00+00:00,0.8,sell_yes,buy_yes,0.19,0.19,10.2247,0,0,0.2,0.185,closed,opposite_fill
1310,Will the Moderate Party (M) win the second most seats in the 2026 Swedish parliamentary election?,2026-05-28T07:46:00+00:00,2026-05-28T08:00:00+00:00,0.2333,buy_yes,sell_yes,0.43,0.42,8.42269,-0.0842,-1,0.42,0.42,closed,opposite_fill
1311,Will the Moderate Party (M) win the second most seats in the 2026 Swedish parliamentary election?,2026-05-28T08:00:00+00:00,2026-05-28T08:03:00+00:00,0.05,sell_yes,buy_yes,0.42,0.42,55.4044,0,0,0.42,0.4,closed,opposite_fill
1312,Will the Sweden Democrats (SD) win the second most seats in the 2026 Swedish parliamentary election?,2026-05-28T07:10:00+00:00,2026-05-28T08:17:00+00:00,1.1167,sell_yes,buy_yes,0.48,0.48,34.0824,0,0,0.485,0.465,closed,opposite_fill
1313,Will the Sweden Democrats (SD) win the second most seats in the 2026 Swedish parliamentary election?,2026-05-28T08:17:00+00:00,2026-05-28T08:18:00+00:00,0.0167,buy_yes,sell_yes,0.48,0.47,27.8856,-0.2789,-1,0.465,0.485,closed,opposite_fill
1314,Fed Rate Hike by October 2026 Meeting?,2026-05-23T09:28:00+00:00,2026-05-28T08:20:00+00:00,118.867,buy_yes,sell_yes,0.34,0.26,7.2296,-0.5784,-8,0.34,0.265,closed,opposite_fill
1315,Fed Rate Hike by October 2026 Meeting?,2026-05-28T08:07:00+00:00,2026-05-28T08:20:00+00:00,0.2167,buy_yes,sell_yes,0.26,0.26,96.0504,0,0,0.24,0.265,closed,opposite_fill
1316,Fed Rate Hike by October 2026 Meeting?,2026-05-28T08:07:00+00:00,2026-05-28T08:26:00+00:00,0.3167,buy_yes,sell_yes,0.26,0.25,7.2296,-0.0723,-1,0.24,0.275,closed,opposite_fill
1317,Fed Rate Hike by October 2026 Meeting?,2026-05-28T08:26:00+00:00,2026-05-28T08:36:00+00:00,0.1667,sell_yes,buy_yes,0.25,0.26,96.0504,-0.9605,-1,0.275,0.235,closed,opposite_fill
1318,Fed Rate Hike by October 2026 Meeting?,2026-05-28T08:36:00+00:00,2026-05-28T08:38:00+00:00,0.0333,buy_yes,sell_yes,0.26,0.26,7.2296,0,0,0.235,0.27,closed,opposite_fill
1319,Fed Rate Hike by October 2026 Meeting?,2026-05-28T08:38:00+00:00,2026-05-28T08:49:00+00:00,0.1833,sell_yes,buy_yes,0.26,0.26,96.0504,0,0,0.27,0.245,closed,opposite_fill
1320,Fed Rate Hike by October 2026 Meeting?,2026-05-28T08:49:00+00:00,2026-05-28T08:55:00+00:00,0.1,buy_yes,sell_yes,0.26,0.27,10.328,0.1033,1,0.245,0.29,closed,opposite_fill
1321,Fed Rate Hike by October 2026 Meeting?,2026-05-28T08:55:00+00:00,2026-05-28T08:58:00+00:00,0.05,sell_yes,buy_yes,0.27,0.25,92.952,1.859,2,0.29,0.235,closed,opposite_fill
1322,Fed Rate Hike by October 2026 Meeting?,2026-05-28T08:58:00+00:00,2026-05-28T09:21:00+00:00,0.3833,buy_yes,sell_yes,0.25,0.27,10.328,0.2066,2,0.235,0.275,closed,opposite_fill
1323,Fed Rate Hike by October 2026 Meeting?,2026-05-28T09:21:00+00:00,2026-05-28T09:23:00+00:00,0.0333,sell_yes,buy_yes,0.27,0.25,47.9219,0.9584,2,0.275,0.245,closed,opposite_fill
1324,Fed Rate Hike by October 2026 Meeting?,2026-05-28T09:21:00+00:00,2026-05-28T09:32:00+00:00,0.1833,sell_yes,buy_yes,0.27,0.26,45.0301,0.4503,1,0.275,0.255,closed,opposite_fill
1325,Fed Rate Hike by October 2026 Meeting?,2026-05-28T09:32:00+00:00,2026-05-28T09:45:00+00:00,0.2167,buy_yes,sell_yes,0.26,0.25,2.89184,-0.0289,-1,0.255,0.26,closed,opposite_fill
1326,Fed Rate Hike by October 2026 Meeting?,2026-05-28T09:40:00+00:00,2026-05-28T09:45:00+00:00,0.0833,buy_yes,sell_yes,0.25,0.25,47.9219,0,0,0.24,0.26,closed,opposite_fill
1327,Fed Rate Hike by October 2026 Meeting?,2026-05-28T09:45:00+00:00,2026-05-28T09:53:00+00:00,0.1333,sell_yes,buy_yes,0.25,0.23,1.42113,0.0284,2,0.26,0.225,closed,opposite_fill
1328,Fed Rate Hike by October 2026 Meeting?,2026-05-28T09:53:00+00:00,2026-05-28T10:17:00+00:00,0.4,buy_yes,sell_yes,0.23,0.25,46.5008,0.93,2,0.225,0.265,closed,opposite_fill
1329,Fed Rate Hike by October 2026 Meeting?,2026-05-28T10:17:00+00:00,2026-05-28T10:20:00+00:00,0.05,sell_yes,buy_yes,0.25,0.25,2.85879,0,0,0.265,0.23,closed,opposite_fill
1330,Fed Rate Hike by October 2026 Meeting?,2026-05-28T10:20:00+00:00,2026-05-28T10:27:00+00:00,0.1167,buy_yes,sell_yes,0.25,0.25,103.28,0,0,0.23,0.26,closed,opposite_fill
1331,Fed Rate Hike by October 2026 Meeting?,2026-05-28T10:20:00+00:00,2026-05-28T10:30:00+00:00,0.1667,buy_yes,sell_yes,0.25,0.25,6.43641,0,0,0.23,0.255,closed,opposite_fill
1332,Fed Rate Hike by October 2026 Meeting?,2026-05-28T10:30:00+00:00,2026-05-28T11:28:00+00:00,0.9667,sell_yes,buy_yes,0.25,0.24,96.8436,0.9684,1,0.255,0.235,closed,opposite_fill
1333,Fed Rate Hike by October 2026 Meeting?,2026-05-28T11:28:00+00:00,2026-05-28T11:41:00+00:00,0.2167,buy_yes,sell_yes,0.24,0.25,6.43641,0.0644,1,0.235,0.26,closed,opposite_fill
1334,Fed Rate Hike by October 2026 Meeting?,2026-05-28T11:41:00+00:00,2026-05-28T11:59:00+00:00,0.3,sell_yes,buy_yes,0.25,0.26,41.4855,-0.4149,-1,0.26,0.255,closed,opposite_fill
1335,Fed Rate Hike by October 2026 Meeting?,2026-05-28T11:59:00+00:00,2026-05-28T12:02:00+00:00,0.05,buy_yes,sell_yes,0.26,0.26,12.187,0,0,0.255,0.27,closed,opposite_fill
1336,Will the Moderate Party (M) win the second most seats in the 2026 Swedish parliamentary election?,2026-05-28T08:03:00+00:00,2026-05-28T12:03:00+00:00,4,buy_yes,sell_yes,0.42,0.43,6.56365,0.0656,1,0.4,0.43,closed,opposite_fill
1337,Will the Moderate Party (M) win the second most seats in the 2026 Swedish parliamentary election?,2026-05-28T09:26:00+00:00,2026-05-28T12:03:00+00:00,2.6167,buy_yes,sell_yes,0.41,0.43,55.4044,1.1081,2,0.4,0.43,closed,opposite_fill
1338,Will the Sweden Democrats (SD) win the third most seats in the 2026 Swedish parliamentary election?,2026-05-28T07:55:00+00:00,2026-05-28T12:34:00+00:00,4.65,buy_yes,sell_yes,0.19,0.19,36.2513,0,0,0.185,0.195,closed,opposite_fill
1339,Will the Sweden Democrats (SD) win the third most seats in the 2026 Swedish parliamentary election?,2026-05-28T12:34:00+00:00,2026-05-28T12:36:00+00:00,0.0333,sell_yes,buy_yes,0.19,0.19,10.2247,0,0,0.195,0.185,closed,opposite_fill
1340,Will the Sweden Democrats (SD) win the third most seats in the 2026 Swedish parliamentary election?,2026-05-28T12:36:00+00:00,2026-05-28T12:55:00+00:00,0.3167,buy_yes,sell_yes,0.19,0.19,36.2513,0,0,0.185,0.195,closed,opposite_fill
1341,Will the Moderate Party (M) win the second most seats in the 2026 Swedish parliamentary election?,2026-05-28T09:26:00+00:00,2026-05-28T13:34:00+00:00,4.1333,buy_yes,sell_yes,0.41,0.35,6.56365,-0.3938,-6,0.4,0.42,closed,opposite_fill
1342,Fed Rate Hike by October 2026 Meeting?,2026-05-28T12:02:00+00:00,2026-05-28T14:07:00+00:00,2.0833,sell_yes,buy_yes,0.26,0.22,35.7349,1.4294,4,0.27,0.215,closed,opposite_fill
1343,Fed Rate Hike by October 2026 Meeting?,2026-05-28T14:07:00+00:00,2026-05-28T14:21:00+00:00,0.2333,buy_yes,sell_yes,0.22,0.25,67.5451,2.0264,3,0.215,0.26,closed,opposite_fill
1344,Fed Rate Hike by October 2026 Meeting?,2026-05-28T14:21:00+00:00,2026-05-28T14:58:00+00:00,0.6167,sell_yes,buy_yes,0.25,0.23,35.7349,0.7147,2,0.26,0.23,closed,opposite_fill
1345,Fed Rate Hike by October 2026 Meeting?,2026-05-28T14:58:00+00:00,2026-05-28T15:05:00+00:00,0.1167,buy_yes,sell_yes,0.23,0.25,67.5451,1.3509,2,0.23,0.26,closed,opposite_fill
1346,Will the Sweden Democrats (SD) win the second most seats in the 2026 Swedish parliamentary election?,2026-05-28T08:18:00+00:00,2026-05-28T15:37:00+00:00,7.3167,sell_yes,buy_yes,0.47,0.48,34.0824,-0.3408,-1,0.485,0.46,closed,opposite_fill
1347,Will the Sweden Democrats (SD) win the second most seats in the 2026 Swedish parliamentary election?,2026-05-28T15:37:00+00:00,2026-05-28T15:38:00+00:00,0.0167,buy_yes,sell_yes,0.48,0.47,27.8856,-0.2789,-1,0.46,0.485,closed,opposite_fill
1348,Will the Sweden Democrats (SD) win the second most seats in the 2026 Swedish parliamentary election?,2026-05-28T15:38:00+00:00,2026-05-28T16:41:00+00:00,1.05,sell_yes,buy_yes,0.47,0.48,34.0824,-0.3408,-1,0.485,0.47,closed,opposite_fill
1349,Will the Sweden Democrats (SD) win the second most seats in the 2026 Swedish parliamentary election?,2026-05-28T16:41:00+00:00,2026-05-28T16:42:00+00:00,0.0167,buy_yes,sell_yes,0.48,0.48,27.8856,0,0,0.47,0.485,closed,opposite_fill
1350,Fed Rate Hike by October 2026 Meeting?,2026-05-28T15:05:00+00:00,2026-05-28T17:27:00+00:00,2.3667,sell_yes,buy_yes,0.25,0.23,35.7349,0.7147,2,0.26,0.23,closed,opposite_fill
1351,Fed Rate Hike by October 2026 Meeting?,2026-05-28T17:27:00+00:00,2026-05-28T17:36:00+00:00,0.15,buy_yes,sell_yes,0.23,0.24,47.9219,0.4792,1,0.23,0.255,closed,opposite_fill
1352,Fed Rate Hike by October 2026 Meeting?,2026-05-28T17:27:00+00:00,2026-05-28T17:41:00+00:00,0.2333,buy_yes,sell_yes,0.23,0.24,19.6232,0.1962,1,0.23,0.255,closed,opposite_fill
1353,Fed Rate Hike by October 2026 Meeting?,2026-05-28T17:41:00+00:00,2026-05-28T18:41:00+00:00,1,sell_yes,buy_yes,0.24,0.23,28.2987,0.283,1,0.255,0.215,closed,opposite_fill
1354,Will the Sweden Democrats (SD) win the second most seats in the 2026 Swedish parliamentary election?,2026-05-28T16:42:00+00:00,2026-05-28T18:41:00+00:00,1.9833,sell_yes,buy_yes,0.48,0.48,34.0824,0,0,0.485,0.46,closed,opposite_fill
1355,Will the Sweden Democrats (SD) win the second most seats in the 2026 Swedish parliamentary election?,2026-05-28T18:41:00+00:00,2026-05-28T18:42:00+00:00,0.0167,buy_yes,sell_yes,0.48,0.47,27.8856,-0.2789,-1,0.46,0.485,closed,opposite_fill
1356,Fed Rate Hike by October 2026 Meeting?,2026-05-28T18:41:00+00:00,2026-05-28T18:48:00+00:00,0.1167,buy_yes,sell_yes,0.23,0.25,74.9813,1.4996,2,0.215,0.27,closed,opposite_fill
1357,Fed Rate Hike by October 2026 Meeting?,2026-05-28T18:48:00+00:00,2026-05-28T19:01:00+00:00,0.2167,sell_yes,buy_yes,0.25,0.26,28.2987,-0.283,-1,0.27,0.235,closed,opposite_fill
1358,Fed Rate Hike by October 2026 Meeting?,2026-05-28T19:01:00+00:00,2026-05-28T19:27:00+00:00,0.4333,buy_yes,sell_yes,0.26,0.25,74.9813,-0.7498,-1,0.235,0.255,closed,opposite_fill
1359,Will the Sweden Democrats (SD) win the second most seats in the 2026 Swedish parliamentary election?,2026-05-28T18:42:00+00:00,2026-05-28T19:57:00+00:00,1.25,sell_yes,buy_yes,0.47,0.48,34.0824,-0.3408,-1,0.485,0.45,closed,opposite_fill
1360,Fed Rate Hike by October 2026 Meeting?,2026-05-28T19:27:00+00:00,2026-05-28T20:10:00+00:00,0.7167,sell_yes,buy_yes,0.25,0.24,28.2987,0.283,1,0.255,0.23,closed,opposite_fill
1361,Fed Rate Hike by October 2026 Meeting?,2026-05-28T20:10:00+00:00,2026-05-28T20:32:00+00:00,0.3667,buy_yes,sell_yes,0.24,0.25,74.9813,0.7498,1,0.23,0.265,closed,opposite_fill
1362,Will the Sweden Democrats (SD) win the second most seats in the 2026 Swedish parliamentary election?,2026-05-28T19:57:00+00:00,2026-05-28T20:40:00+00:00,0.7167,buy_yes,sell_yes,0.48,0.46,27.8856,-0.5577,-2,0.45,0.485,closed,opposite_fill
1363,Fed Rate Hike by October 2026 Meeting?,2026-05-28T20:32:00+00:00,2026-05-28T20:53:00+00:00,0.35,sell_yes,buy_yes,0.25,0.24,28.2987,0.283,1,0.265,0.23,closed,opposite_fill
1364,Fed Rate Hike by October 2026 Meeting?,2026-05-28T20:53:00+00:00,2026-05-28T20:55:00+00:00,0.0333,buy_yes,sell_yes,0.24,0.25,74.9813,0.7498,1,0.23,0.255,closed,opposite_fill
1365,Fed Rate Hike by October 2026 Meeting?,2026-05-28T20:55:00+00:00,2026-05-28T21:25:00+00:00,0.5,sell_yes,buy_yes,0.25,0.23,28.2987,0.566,2,0.255,0.22,closed,opposite_fill
1366,Fed Rate Hike by October 2026 Meeting?,2026-05-28T21:25:00+00:00,2026-05-28T21:27:00+00:00,0.0333,buy_yes,sell_yes,0.23,0.26,47.9219,1.4377,3,0.22,0.275,closed,opposite_fill
1367,Will the Sweden Democrats (SD) win the third most seats in the 2026 Swedish parliamentary election?,2026-05-28T12:55:00+00:00,2026-05-28T22:51:00+00:00,9.9333,sell_yes,buy_yes,0.19,0.31,10.2247,-1.227,-12,0.195,0.305,closed,opposite_fill
1368,Fed Rate Hike by October 2026 Meeting?,2026-05-28T21:25:00+00:00,2026-05-28T22:53:00+00:00,1.4667,buy_yes,sell_yes,0.23,0.27,27.0594,1.0824,4,0.22,0.285,closed,opposite_fill
1369,Will the Sweden Democrats (SD) win the third most seats in the 2026 Swedish parliamentary election?,2026-05-28T22:51:00+00:00,2026-05-28T22:56:00+00:00,0.0833,buy_yes,sell_yes,0.31,0.31,36.2513,0,0,0.305,0.34,closed,opposite_fill
1370,Will the Sweden Democrats (SD) win the third most seats in the 2026 Swedish parliamentary election?,2026-05-28T22:56:00+00:00,2026-05-28T23:01:00+00:00,0.0833,sell_yes,buy_yes,0.31,0.33,10.2247,-0.2045,-2,0.34,0.32,closed,opposite_fill
1371,Will the Sweden Democrats (SD) win the third most seats in the 2026 Swedish parliamentary election?,2026-05-28T23:01:00+00:00,2026-05-28T23:02:00+00:00,0.0167,buy_yes,sell_yes,0.33,0.33,39.0398,0,0,0.32,0.34,closed,opposite_fill
1372,Will the Sweden Democrats (SD) win the second most seats in the 2026 Swedish parliamentary election?,2026-05-28T20:40:00+00:00,2026-05-28T23:10:00+00:00,2.5,sell_yes,buy_yes,0.46,0.49,34.0824,-1.0225,-3,0.485,0.475,closed,opposite_fill
1373,Will the Sweden Democrats (SD) win the second most seats in the 2026 Swedish parliamentary election?,2026-05-28T23:10:00+00:00,2026-05-28T23:11:00+00:00,0.0167,buy_yes,sell_yes,0.49,0.48,27.8856,-0.2789,-1,0.475,0.495,closed,opposite_fill
1374,Fed Rate Hike by October 2026 Meeting?,2026-05-28T22:53:00+00:00,2026-05-28T23:17:00+00:00,0.4,sell_yes,buy_yes,0.27,0.23,76.2206,3.0488,4,0.285,0.225,closed,opposite_fill
1375,Will the Sweden Democrats (SD) win the second most seats in the 2026 Swedish parliamentary election?,2026-05-28T23:11:00+00:00,2026-05-28T23:23:00+00:00,0.2,sell_yes,buy_yes,0.48,0.49,35.9414,-0.3594,-1,0.495,0.475,closed,opposite_fill
1376,Fed Rate Hike by October 2026 Meeting?,2026-05-28T23:17:00+00:00,2026-05-28T23:24:00+00:00,0.1167,buy_yes,sell_yes,0.23,0.25,30.1578,0.6032,2,0.225,0.255,closed,opposite_fill
1377,Will the Sweden Democrats (SD) win the second most seats in the 2026 Swedish parliamentary election?,2026-05-28T23:23:00+00:00,2026-05-28T23:24:00+00:00,0.0167,buy_yes,sell_yes,0.49,0.48,26.0266,-0.2603,-1,0.475,0.495,closed,opposite_fill
1378,Will the Sweden Democrats (SD) win the second most seats in the 2026 Swedish parliamentary election?,2026-05-28T23:24:00+00:00,2026-05-28T23:36:00+00:00,0.2,sell_yes,buy_yes,0.48,0.48,35.9414,0,0,0.495,0.475,closed,opposite_fill
1379,Will the Sweden Democrats (SD) win the second most seats in the 2026 Swedish parliamentary election?,2026-05-28T23:36:00+00:00,2026-05-28T23:37:00+00:00,0.0167,buy_yes,sell_yes,0.48,0.48,26.0266,0,0,0.475,0.5,closed,opposite_fill
1380,Fed Rate Hike by October 2026 Meeting?,2026-05-28T23:24:00+00:00,2026-05-28T23:43:00+00:00,0.3167,sell_yes,buy_yes,0.25,0.24,19.2018,0.192,1,0.255,0.23,closed,opposite_fill
1381,Fed Rate Hike by October 2026 Meeting?,2026-05-28T23:43:00+00:00,2026-05-28T23:45:00+00:00,0.0333,buy_yes,sell_yes,0.24,0.25,30.1578,0.3016,1,0.23,0.255,closed,opposite_fill
1382,Fed Rate Hike by October 2026 Meeting?,2026-05-28T23:45:00+00:00,2026-05-28T23:54:00+00:00,0.15,sell_yes,buy_yes,0.25,0.25,17.7642,0,0,0.255,0.225,closed,opposite_fill
1383,Will Harry Kane win the 2026 Ballon d'Or?,2026-05-26T00:01:00+00:00,2026-05-29T00:00:00+00:00,71.9833,buy_yes,sell_yes,0.25,0.28,0.85206,0.0256,3,0.2425,0.4155,closed,opposite_fill
1384,Will there be no change in Fed interest rates after the September 2026 meeting?,2026-05-28T00:05:00+00:00,2026-05-29T00:03:00+00:00,23.9667,sell_yes,buy_yes,0.69,0.75,50.1941,-3.0116,-6,0.755,0.555,closed,opposite_fill
1385,Fed Rate Hike by October 2026 Meeting?,2026-05-28T23:54:00+00:00,2026-05-29T00:07:00+00:00,0.2167,buy_yes,sell_yes,0.25,0.25,30.1578,0,0,0.225,0.265,closed,opposite_fill
1386,Will the U.S. invade Iran before 2027?,2026-05-28T18:02:00+00:00,2026-05-29T00:07:00+00:00,6.0833,buy_yes,sell_yes,0.17,0.17,103.28,0,0,0.165,0.175,closed,opposite_fill
1387,Will Édouard Philippe win the 2027 French presidential election?,2026-05-27T00:00:00+00:00,2026-05-29T00:10:00+00:00,48.1667,sell_yes,buy_yes,0.19,0.15,1.5492,0.062,4,0.355,0.135,closed,opposite_fill
1388,Fed Rate Hike by October 2026 Meeting?,2026-05-29T00:07:00+00:00,2026-05-29T00:12:00+00:00,0.0833,sell_yes,buy_yes,0.25,0.22,73.1222,2.1937,3,0.265,0.215,closed,opposite_fill
1389,Will Harry Kane win the 2026 Ballon d'Or?,2026-05-29T00:00:00+00:00,2026-05-29T00:12:00+00:00,0.2,sell_yes,buy_yes,0.28,0.28,24.9679,0,0,0.4155,0.246,closed,opposite_fill
1390,Fed Rate Hike by October 2026 Meeting?,2026-05-29T00:12:00+00:00,2026-05-29T00:13:00+00:00,0.0167,buy_yes,sell_yes,0.22,0.22,30.1578,0,0,0.215,0.22,closed,opposite_fill
1391,Fed Rate Hike by October 2026 Meeting?,2026-05-29T00:13:00+00:00,2026-05-29T00:15:00+00:00,0.0333,sell_yes,buy_yes,0.22,0.25,73.1222,-2.1937,-3,0.22,0.245,closed,opposite_fill
1392,Fed Rate Hike by October 2026 Meeting?,2026-05-29T00:15:00+00:00,2026-05-29T00:19:00+00:00,0.0667,buy_yes,sell_yes,0.25,0.22,30.1578,-0.9047,-3,0.245,0.22,closed,opposite_fill
1393,Fed Rate Hike by October 2026 Meeting?,2026-05-29T00:19:00+00:00,2026-05-29T00:21:00+00:00,0.0333,sell_yes,buy_yes,0.22,0.25,94.811,-2.8443,-3,0.22,0.245,closed,opposite_fill
1394,Fed Rate Hike by October 2026 Meeting?,2026-05-29T00:21:00+00:00,2026-05-29T00:24:00+00:00,0.05,buy_yes,sell_yes,0.25,0.23,8.46896,-0.1694,-2,0.245,0.255,closed,opposite_fill
1395,Fed Rate Hike by October 2026 Meeting?,2026-05-29T00:24:00+00:00,2026-05-29T00:27:00+00:00,0.05,sell_yes,buy_yes,0.23,0.24,94.811,-0.9481,-1,0.255,0.235,closed,opposite_fill
1396,Will the Moderate Party (M) win the second most seats in the 2026 Swedish parliamentary election?,2026-05-28T13:34:00+00:00,2026-05-29T00:29:00+00:00,10.9167,sell_yes,buy_yes,0.35,0.42,55.4044,-3.8783,-7,0.42,0.41,closed,opposite_fill
1397,Fed Rate Hike by October 2026 Meeting?,2026-05-29T00:27:00+00:00,2026-05-29T00:30:00+00:00,0.05,buy_yes,sell_yes,0.24,0.23,8.46896,-0.0847,-1,0.235,0.255,closed,opposite_fill
1398,Will there be no change in Fed interest rates after the September 2026 meeting?,2026-05-29T00:03:00+00:00,2026-05-29T00:37:00+00:00,0.5667,buy_yes,sell_yes,0.75,0.56,56.1843,-10.675,-19,0.555,0.725,closed,opposite_fill
1399,Fed Rate Hike by October 2026 Meeting?,2026-05-29T00:30:00+00:00,2026-05-29T00:38:00+00:00,0.1333,sell_yes,buy_yes,0.23,0.25,94.811,-1.8962,-2,0.255,0.24,closed,opposite_fill
1400,Fed Rate Hike by October 2026 Meeting?,2026-05-29T00:38:00+00:00,2026-05-29T00:41:00+00:00,0.05,buy_yes,sell_yes,0.25,0.24,8.46896,-0.0847,-1,0.24,0.255,closed,opposite_fill
1401,Fed Rate Hike by October 2026 Meeting?,2026-05-29T00:41:00+00:00,2026-05-29T00:44:00+00:00,0.05,sell_yes,buy_yes,0.24,0.25,94.811,-0.9481,-1,0.255,0.24,closed,opposite_fill
1402,Fed Rate Hike by October 2026 Meeting?,2026-05-29T00:44:00+00:00,2026-05-29T00:47:00+00:00,0.05,buy_yes,sell_yes,0.25,0.23,8.46896,-0.1694,-2,0.24,0.255,closed,opposite_fill
1403,Fed Rate Hike by October 2026 Meeting?,2026-05-29T00:47:00+00:00,2026-05-29T00:51:00+00:00,0.0667,sell_yes,buy_yes,0.23,0.24,106.378,-1.0638,-1,0.255,0.23,closed,opposite_fill
1404,Will the Moderate Party (M) win the second most seats in the 2026 Swedish parliamentary election?,2026-05-29T00:29:00+00:00,2026-05-29T00:57:00+00:00,0.4667,buy_yes,sell_yes,0.42,0.36,6.56365,-0.3938,-6,0.41,0.43,closed,opposite_fill
1405,Will there be no change in Fed interest rates after the September 2026 meeting?,2026-05-29T00:37:00+00:00,2026-05-29T01:00:00+00:00,0.3833,sell_yes,buy_yes,0.56,0.72,47.0957,-7.5353,-16,0.725,0.71,closed,opposite_fill
1406,Will there be no change in Fed interest rates after the September 2026 meeting?,2026-05-29T01:00:00+00:00,2026-05-29T01:10:00+00:00,0.1667,buy_yes,sell_yes,0.72,0.72,56.1843,0,0,0.71,0.755,closed,opposite_fill
1407,Fed Rate Hike by October 2026 Meeting?,2026-05-29T00:47:00+00:00,2026-05-29T01:28:00+00:00,0.6833,sell_yes,buy_yes,0.23,0.22,0.826241,0.0083,1,0.255,0.215,closed,opposite_fill
1408,Fed Rate Hike by October 2026 Meeting?,2026-05-29T01:24:00+00:00,2026-05-29T01:28:00+00:00,0.0667,sell_yes,buy_yes,0.26,0.22,47.0957,1.8838,4,0.265,0.215,closed,opposite_fill
1409,Will the Sweden Democrats (SD) win the second most seats in the 2026 Swedish parliamentary election?,2026-05-28T23:37:00+00:00,2026-05-29T01:37:00+00:00,2,sell_yes,buy_yes,0.48,0.53,35.9414,-1.7971,-5,0.5,0.515,closed,opposite_fill
1410,Fed Rate Hike by October 2026 Meeting?,2026-05-29T01:24:00+00:00,2026-05-29T01:53:00+00:00,0.4833,sell_yes,buy_yes,0.26,0.23,56.1843,1.6855,3,0.265,0.23,closed,opposite_fill
1411,Fed Rate Hike by October 2026 Meeting?,2026-05-29T01:53:00+00:00,2026-05-29T02:08:00+00:00,0.25,buy_yes,sell_yes,0.23,0.25,47.9219,0.9584,2,0.23,0.255,closed,opposite_fill
1412,Fed Rate Hike by October 2026 Meeting?,2026-05-29T01:53:00+00:00,2026-05-29T02:12:00+00:00,0.3167,buy_yes,sell_yes,0.23,0.25,2.27216,0.0454,2,0.23,0.255,closed,opposite_fill
1413,Fed Rate Hike by October 2026 Meeting?,2026-05-29T02:12:00+00:00,2026-05-29T02:25:00+00:00,0.2167,sell_yes,buy_yes,0.25,0.23,47.9219,0.9584,2,0.255,0.225,closed,opposite_fill
1414,Fed Rate Hike by October 2026 Meeting?,2026-05-29T02:12:00+00:00,2026-05-29T02:30:00+00:00,0.3,sell_yes,buy_yes,0.25,0.23,2.04081,0.0408,2,0.255,0.23,closed,opposite_fill
1415,Fed Rate Hike by October 2026 Meeting?,2026-05-29T02:30:00+00:00,2026-05-29T02:37:00+00:00,0.1167,buy_yes,sell_yes,0.23,0.26,47.3188,1.4196,3,0.23,0.265,closed,opposite_fill
1416,Fed Rate Hike by October 2026 Meeting?,2026-05-29T02:37:00+00:00,2026-05-29T02:40:00+00:00,0.05,sell_yes,buy_yes,0.26,0.25,0.603156,0.006,1,0.265,0.235,closed,opposite_fill
1417,Fed Rate Hike by October 2026 Meeting?,2026-05-29T02:40:00+00:00,2026-05-29T03:07:00+00:00,0.45,buy_yes,sell_yes,0.25,0.25,47.3188,0,0,0.235,0.265,closed,opposite_fill
1418,Will the Moderate Party (M) win the third most seats in the 2026 Swedish parliamentary election?,2026-05-28T03:04:00+00:00,2026-05-29T03:11:00+00:00,24.1167,buy_yes,sell_yes,0.56,0.55,6.59959,-0.066,-1,0.545,0.555,closed,opposite_fill
1419,Will the Moderate Party (M) win the third most seats in the 2026 Swedish parliamentary election?,2026-05-28T03:32:00+00:00,2026-05-29T03:11:00+00:00,23.65,buy_yes,sell_yes,0.57,0.55,39.8764,-0.7975,-2,0.54,0.555,closed,opposite_fill
1420,Will the Sweden Democrats (SD) win the second most seats in the 2026 Swedish parliamentary election?,2026-05-29T01:37:00+00:00,2026-05-29T03:30:00+00:00,1.8833,buy_yes,sell_yes,0.53,0.5,27.8856,-0.8366,-3,0.515,0.505,closed,opposite_fill
1421,Will the Sweden Democrats (SD) win the second most seats in the 2026 Swedish parliamentary election?,2026-05-29T03:30:00+00:00,2026-05-29T03:39:00+00:00,0.15,sell_yes,buy_yes,0.5,0.49,34.0824,0.3408,1,0.505,0.485,closed,opposite_fill
1422,Will the Sweden Democrats (SD) win the third most seats in the 2026 Swedish parliamentary election?,2026-05-28T23:02:00+00:00,2026-05-29T04:21:00+00:00,5.3167,sell_yes,buy_yes,0.33,0.29,7.43616,0.2974,4,0.34,0.265,closed,opposite_fill
1423,Bab el-Mandeb Strait effectively closed by September 30?,2026-05-28T07:04:00+00:00,2026-05-29T04:42:00+00:00,21.6333,sell_yes,buy_yes,0.18,0.18,97.0832,0,0,0.195,0.165,closed,opposite_fill
1424,Will the Sweden Democrats (SD) win the second most seats in the 2026 Swedish parliamentary election?,2026-05-29T03:39:00+00:00,2026-05-29T04:52:00+00:00,1.2167,buy_yes,sell_yes,0.49,0.49,27.8856,0,0,0.485,0.515,closed,opposite_fill
1425,Will the Sweden Democrats (SD) win the second most seats in the 2026 Swedish parliamentary election?,2026-05-29T04:52:00+00:00,2026-05-29T04:54:00+00:00,0.0333,sell_yes,buy_yes,0.49,0.51,34.0824,-0.6816,-2,0.515,0.5,closed,opposite_fill
1426,Will the Sweden Democrats (SD) win the second most seats in the 2026 Swedish parliamentary election?,2026-05-29T04:54:00+00:00,2026-05-29T05:07:00+00:00,0.2167,buy_yes,sell_yes,0.51,0.47,27.8856,-1.1154,-4,0.5,0.485,closed,opposite_fill
1427,Will the Sweden Democrats (SD) win the second most seats in the 2026 Swedish parliamentary election?,2026-05-29T05:07:00+00:00,2026-05-29T05:21:00+00:00,0.2333,sell_yes,buy_yes,0.47,0.5,39.6595,-1.1898,-3,0.485,0.49,closed,opposite_fill
1428,Will the Sweden Democrats (SD) win the second most seats in the 2026 Swedish parliamentary election?,2026-05-29T05:21:00+00:00,2026-05-29T05:22:00+00:00,0.0167,buy_yes,sell_yes,0.5,0.5,24.1675,0,0,0.49,0.515,closed,opposite_fill
1429,Will the Sweden Democrats (SD) win the second most seats in the 2026 Swedish parliamentary election?,2026-05-29T05:22:00+00:00,2026-05-29T05:23:00+00:00,0.0167,sell_yes,buy_yes,0.5,0.51,37.8005,-0.378,-1,0.515,0.505,closed,opposite_fill
1430,Will the Sweden Democrats (SD) win the third most seats in the 2026 Swedish parliamentary election?,2026-05-29T04:21:00+00:00,2026-05-29T05:45:00+00:00,1.4,buy_yes,sell_yes,0.29,0.34,39.0398,1.952,5,0.265,0.35,closed,opposite_fill
1431,Will the Sweden Democrats (SD) win the third most seats in the 2026 Swedish parliamentary election?,2026-05-29T05:45:00+00:00,2026-05-29T05:47:00+00:00,0.0333,sell_yes,buy_yes,0.34,0.33,7.43616,0.0744,1,0.35,0.33,closed,opposite_fill
1432,Will there be no change in Fed interest rates after the September 2026 meeting?,2026-05-29T01:10:00+00:00,2026-05-29T07:06:00+00:00,5.9333,sell_yes,buy_yes,0.72,0.75,47.0957,-1.4129,-3,0.755,0.735,closed,opposite_fill
1433,Will there be no change in Fed interest rates after the September 2026 meeting?,2026-05-29T07:06:00+00:00,2026-05-29T07:07:00+00:00,0.0167,buy_yes,sell_yes,0.75,0.74,56.1843,-0.5618,-1,0.735,0.745,closed,opposite_fill
1434,Fed Rate Hike by October 2026 Meeting?,2026-05-29T03:07:00+00:00,2026-05-29T07:08:00+00:00,4.0167,sell_yes,buy_yes,0.25,0.23,55.9612,1.1192,2,0.265,0.22,closed,opposite_fill
1435,Fed Rate Hike by October 2026 Meeting?,2026-05-29T07:08:00+00:00,2026-05-29T07:27:00+00:00,0.3167,buy_yes,sell_yes,0.23,0.25,47.3188,0.9464,2,0.22,0.255,closed,opposite_fill
1436,Fed Rate Hike by October 2026 Meeting?,2026-05-29T07:27:00+00:00,2026-05-29T07:40:00+00:00,0.2167,sell_yes,buy_yes,0.25,0.25,49.3596,0,0,0.255,0.235,closed,opposite_fill
1437,Fed Rate Hike by October 2026 Meeting?,2026-05-29T07:27:00+00:00,2026-05-29T07:55:00+00:00,0.4667,sell_yes,buy_yes,0.25,0.23,12.7985,0.256,2,0.255,0.23,closed,opposite_fill
1438,Fed Rate Hike by October 2026 Meeting?,2026-05-29T07:55:00+00:00,2026-05-29T08:04:00+00:00,0.15,buy_yes,sell_yes,0.23,0.27,35.1235,1.4049,4,0.23,0.28,closed,opposite_fill
1439,Fed Rate Hike by October 2026 Meeting?,2026-05-29T08:04:00+00:00,2026-05-29T13:39:00+00:00,5.5833,sell_yes,buy_yes,0.27,0.23,68.1565,2.7263,4,0.28,0.23,closed,opposite_fill
1440,Will the Sweden Democrats (SD) win the third most seats in the 2026 Swedish parliamentary election?,2026-05-29T05:47:00+00:00,2026-05-29T13:42:00+00:00,7.9167,buy_yes,sell_yes,0.33,0.27,46.0112,-2.7607,-6,0.33,0.335,closed,opposite_fill
1441,Fed Rate Hike by October 2026 Meeting?,2026-05-29T13:39:00+00:00,2026-05-29T14:25:00+00:00,0.7667,buy_yes,sell_yes,0.23,0.25,35.1235,0.7025,2,0.23,0.255,closed,opposite_fill
1442,Will the Sweden Democrats (SD) win the second most seats in the 2026 Swedish parliamentary election?,2026-05-29T05:23:00+00:00,2026-05-29T17:47:00+00:00,12.4,buy_yes,sell_yes,0.51,0.38,31.6037,-4.1085,-13,0.505,0.505,closed,opposite_fill
1443,Will the Sweden Democrats (SD) win the second most seats in the 2026 Swedish parliamentary election?,2026-05-29T17:47:00+00:00,2026-05-29T18:26:00+00:00,0.65,sell_yes,buy_yes,0.38,0.5,30.3643,-3.6437,-12,0.505,0.495,closed,opposite_fill
1444,Will the Sweden Democrats (SD) win the second most seats in the 2026 Swedish parliamentary election?,2026-05-29T18:26:00+00:00,2026-05-29T18:28:00+00:00,0.0333,buy_yes,sell_yes,0.5,0.5,31.6037,0,0,0.495,0.505,closed,opposite_fill
1445,Will the Sweden Democrats (SD) win the second most seats in the 2026 Swedish parliamentary election?,2026-05-29T18:28:00+00:00,2026-05-29T18:32:00+00:00,0.0667,sell_yes,buy_yes,0.5,0.5,30.3643,0,0,0.505,0.49,closed,opposite_fill
1446,Will the Sweden Democrats (SD) win the second most seats in the 2026 Swedish parliamentary election?,2026-05-29T18:32:00+00:00,2026-05-29T18:33:00+00:00,0.0167,buy_yes,sell_yes,0.5,0.5,31.6037,0,0,0.49,0.505,closed,opposite_fill
1447,Will the Sweden Democrats (SD) win the second most seats in the 2026 Swedish parliamentary election?,2026-05-29T18:33:00+00:00,2026-05-29T18:41:00+00:00,0.1333,sell_yes,buy_yes,0.5,0.5,30.3643,0,0,0.505,0.49,closed,opposite_fill
1448,Will the Sweden Democrats (SD) win the second most seats in the 2026 Swedish parliamentary election?,2026-05-29T18:41:00+00:00,2026-05-29T18:42:00+00:00,0.0167,buy_yes,sell_yes,0.5,0.5,31.6037,0,0,0.49,0.505,closed,opposite_fill
1449,Will the Sweden Democrats (SD) win the second most seats in the 2026 Swedish parliamentary election?,2026-05-29T18:42:00+00:00,2026-05-29T18:44:00+00:00,0.0333,sell_yes,buy_yes,0.5,0.5,30.3643,0,0,0.505,0.485,closed,opposite_fill
1450,Will the Sweden Democrats (SD) win the second most seats in the 2026 Swedish parliamentary election?,2026-05-29T18:44:00+00:00,2026-05-29T18:45:00+00:00,0.0167,buy_yes,sell_yes,0.5,0.49,31.6037,-0.316,-1,0.485,0.5,closed,opposite_fill
1451,Will the Sweden Democrats (SD) win the second most seats in the 2026 Swedish parliamentary election?,2026-05-29T18:45:00+00:00,2026-05-29T19:19:00+00:00,0.5667,sell_yes,buy_yes,0.49,0.5,32.2234,-0.3222,-1,0.5,0.49,closed,opposite_fill
1452,Fed Rate Hike by October 2026 Meeting?,2026-05-29T14:25:00+00:00,2026-05-29T19:32:00+00:00,5.1167,sell_yes,buy_yes,0.25,0.23,68.1565,1.3631,2,0.255,0.225,closed,opposite_fill
1453,Fed Rate Hike by October 2026 Meeting?,2026-05-29T19:32:00+00:00,2026-05-29T19:34:00+00:00,0.0333,buy_yes,sell_yes,0.23,0.25,35.1235,0.7025,2,0.225,0.26,closed,opposite_fill
1454,Will the Sweden Democrats (SD) win the second most seats in the 2026 Swedish parliamentary election?,2026-05-29T19:19:00+00:00,2026-05-29T20:20:00+00:00,1.0167,buy_yes,sell_yes,0.5,0.49,31.6037,-0.316,-1,0.49,0.52,closed,opposite_fill
1455,Will the Sweden Democrats (SD) win the second most seats in the 2026 Swedish parliamentary election?,2026-05-29T20:20:00+00:00,2026-05-29T20:21:00+00:00,0.0167,sell_yes,buy_yes,0.49,0.51,30.3643,-0.6073,-2,0.52,0.5,closed,opposite_fill
1456,Fed Rate Hike by October 2026 Meeting?,2026-05-29T19:34:00+00:00,2026-05-29T20:48:00+00:00,1.2333,sell_yes,buy_yes,0.25,0.23,12.7985,0.256,2,0.26,0.225,closed,opposite_fill
1457,Fed Rate Hike by October 2026 Meeting?,2026-05-29T19:40:00+00:00,2026-05-29T20:48:00+00:00,1.1333,sell_yes,buy_yes,0.25,0.23,47.9219,0.9584,2,0.255,0.225,closed,opposite_fill
1458,Fed Rate Hike by October 2026 Meeting?,2026-05-29T20:48:00+00:00,2026-05-29T20:50:00+00:00,0.0333,buy_yes,sell_yes,0.23,0.25,42.5596,0.8512,2,0.225,0.255,closed,opposite_fill
1459,Fed Rate Hike by October 2026 Meeting?,2026-05-29T20:50:00+00:00,2026-05-29T20:56:00+00:00,0.1,sell_yes,buy_yes,0.25,0.23,6.79996,0.136,2,0.255,0.23,closed,opposite_fill
1460,Fed Rate Hike by October 2026 Meeting?,2026-05-29T20:56:00+00:00,2026-05-29T21:02:00+00:00,0.1,buy_yes,sell_yes,0.23,0.24,46.8726,0.4687,1,0.23,0.25,closed,opposite_fill
1461,Will the Sweden Democrats (SD) win the second most seats in the 2026 Swedish parliamentary election?,2026-05-29T20:21:00+00:00,2026-05-29T21:13:00+00:00,0.8667,buy_yes,sell_yes,0.51,0.5,33.4627,-0.3346,-1,0.5,0.52,closed,opposite_fill
1462,Will the Sweden Democrats (SD) win the second most seats in the 2026 Swedish parliamentary election?,2026-05-29T21:13:00+00:00,2026-05-29T21:33:00+00:00,0.3333,sell_yes,buy_yes,0.5,0.51,28.5053,-0.2851,-1,0.52,0.505,closed,opposite_fill
1463,Will the Sweden Democrats (SD) win the second most seats in the 2026 Swedish parliamentary election?,2026-05-29T21:33:00+00:00,2026-05-29T21:34:00+00:00,0.0167,buy_yes,sell_yes,0.51,0.51,33.4627,0,0,0.505,0.515,closed,opposite_fill
1464,Will the Sweden Democrats (SD) win the second most seats in the 2026 Swedish parliamentary election?,2026-05-29T21:34:00+00:00,2026-05-29T21:44:00+00:00,0.1667,sell_yes,buy_yes,0.51,0.51,28.5053,0,0,0.515,0.505,closed,opposite_fill
1465,Will the Sweden Democrats (SD) win the second most seats in the 2026 Swedish parliamentary election?,2026-05-29T21:44:00+00:00,2026-05-29T21:59:00+00:00,0.25,buy_yes,sell_yes,0.51,0.5,35.3218,-0.3532,-1,0.505,0.515,closed,opposite_fill
1466,Will the Sweden Democrats (SD) win the second most seats in the 2026 Swedish parliamentary election?,2026-05-29T21:59:00+00:00,2026-05-29T22:01:00+00:00,0.0333,sell_yes,buy_yes,0.5,0.51,26.6462,-0.2665,-1,0.515,0.505,closed,opposite_fill
1467,Will the Sweden Democrats (SD) win the second most seats in the 2026 Swedish parliamentary election?,2026-05-29T22:01:00+00:00,2026-05-29T22:08:00+00:00,0.1167,buy_yes,sell_yes,0.51,0.49,40.8989,-0.818,-2,0.505,0.52,closed,opposite_fill
1468,Will the Sweden Democrats (SD) win the second most seats in the 2026 Swedish parliamentary election?,2026-05-29T22:08:00+00:00,2026-05-29T22:09:00+00:00,0.0167,sell_yes,buy_yes,0.49,0.51,21.0691,-0.4214,-2,0.52,0.485,closed,opposite_fill
1469,Will the Sweden Democrats (SD) win the second most seats in the 2026 Swedish parliamentary election?,2026-05-29T22:09:00+00:00,2026-05-29T22:10:00+00:00,0.0167,buy_yes,sell_yes,0.51,0.49,40.8989,-0.818,-2,0.485,0.515,closed,opposite_fill
1470,Will the Moderate Party (M) win the third most seats in the 2026 Swedish parliamentary election?,2026-05-28T03:32:00+00:00,2026-05-29T22:14:00+00:00,42.7,buy_yes,sell_yes,0.57,0.54,6.59959,-0.198,-3,0.54,0.55,closed,opposite_fill
1471,Will the Moderate Party (M) win the third most seats in the 2026 Swedish parliamentary election?,2026-05-29T12:47:00+00:00,2026-05-29T22:14:00+00:00,9.45,buy_yes,sell_yes,0.51,0.54,39.8764,1.1963,3,0.505,0.55,closed,opposite_fill
1472,Fed Rate Hike by October 2026 Meeting?,2026-05-29T21:02:00+00:00,2026-05-29T23:07:00+00:00,2.0833,sell_yes,buy_yes,0.24,0.22,2.48698,0.0497,2,0.25,0.215,closed,opposite_fill
1473,Fed Rate Hike by October 2026 Meeting?,2026-05-29T22:55:00+00:00,2026-05-29T23:07:00+00:00,0.2,sell_yes,buy_yes,0.27,0.22,100.793,5.0397,5,0.28,0.215,closed,opposite_fill
1474,Fed Rate Hike by October 2026 Meeting?,2026-05-29T22:55:00+00:00,2026-05-29T23:17:00+00:00,0.3667,sell_yes,buy_yes,0.27,0.23,2.48698,0.0995,4,0.28,0.23,closed,opposite_fill
1475,Fed Rate Hike by October 2026 Meeting?,2026-05-29T23:17:00+00:00,2026-05-29T23:20:00+00:00,0.05,buy_yes,sell_yes,0.23,0.25,47.9219,0.9584,2,0.23,0.255,closed,opposite_fill
1476,Fed Rate Hike by October 2026 Meeting?,2026-05-29T23:17:00+00:00,2026-05-29T23:30:00+00:00,0.2167,buy_yes,sell_yes,0.23,0.25,47.9219,0.9584,2,0.23,0.255,closed,opposite_fill
1477,Fed Rate Hike by October 2026 Meeting?,2026-05-29T23:17:00+00:00,2026-05-29T23:34:00+00:00,0.2833,buy_yes,sell_yes,0.23,0.26,4.94918,0.1485,3,0.23,0.275,closed,opposite_fill
1478,Will the Sweden Democrats (SD) win the second most seats in the 2026 Swedish parliamentary election?,2026-05-29T22:10:00+00:00,2026-05-29T23:38:00+00:00,1.4667,sell_yes,buy_yes,0.49,0.48,21.0691,0.2107,1,0.515,0.47,closed,opposite_fill
1479,Fed Rate Hike by October 2026 Meeting?,2026-05-29T23:34:00+00:00,2026-05-29T23:54:00+00:00,0.3333,sell_yes,buy_yes,0.26,0.23,42.9727,1.2892,3,0.275,0.23,closed,opposite_fill
1480,Bab el-Mandeb Strait effectively closed by September 30?,2026-05-29T04:42:00+00:00,2026-05-30T00:00:00+00:00,19.3,buy_yes,sell_yes,0.18,0.18,6.1968,0,0,0.165,0.355,closed,opposite_fill
1481,Will the Sweden Democrats (SD) win the second most seats in the 2026 Swedish parliamentary election?,2026-05-29T23:38:00+00:00,2026-05-30T00:00:00+00:00,0.3667,buy_yes,sell_yes,0.48,0.47,42.7579,-0.4276,-1,0.47,0.52,closed,opposite_fill
1482,Will there be no change in Fed interest rates after the September 2026 meeting?,2026-05-29T07:07:00+00:00,2026-05-30T00:04:00+00:00,16.95,sell_yes,buy_yes,0.74,0.73,47.0957,0.471,1,0.745,0.645,closed,opposite_fill
1483,Fed Rate Hike by October 2026 Meeting?,2026-05-29T23:54:00+00:00,2026-05-30T00:05:00+00:00,0.1833,buy_yes,sell_yes,0.23,0.15,60.3073,-4.8246,-8,0.23,0.175,closed,opposite_fill
1484,Clarity Act (H.R.3633) signed into law in 2026?,2026-05-26T05:45:00+00:00,2026-05-30T00:05:00+00:00,90.3333,sell_yes,buy_yes,0.56,0.61,1.5492,-0.0775,-5,0.565,0.58,closed,opposite_fill
1485,Fed Rate Hike by October 2026 Meeting?,2026-05-30T00:05:00+00:00,2026-05-30T00:06:00+00:00,0.0167,sell_yes,buy_yes,0.15,0.17,55.3663,-1.1073,-2,0.175,0.165,closed,opposite_fill
1486,Will the Moderate Party (M) win the second most seats in the 2026 Swedish parliamentary election?,2026-05-29T00:57:00+00:00,2026-05-30T00:06:00+00:00,23.15,sell_yes,buy_yes,0.36,0.45,22.1895,-1.9971,-9,0.43,0.445,closed,opposite_fill
1487,Will the Moderate Party (M) win the second most seats in the 2026 Swedish parliamentary election?,2026-05-29T01:08:00+00:00,2026-05-30T00:06:00+00:00,22.9667,sell_yes,buy_yes,0.41,0.45,39.7785,-1.5911,-4,0.415,0.445,closed,opposite_fill
1488,Fed Rate Hike by October 2026 Meeting?,2026-05-30T00:06:00+00:00,2026-05-30T00:08:00+00:00,0.0333,buy_yes,sell_yes,0.17,0.16,47.9137,-0.4791,-1,0.165,0.165,closed,opposite_fill
1489,Will the Sweden Democrats (SD) win the second most seats in the 2026 Swedish parliamentary election?,2026-05-30T00:00:00+00:00,2026-05-30T00:08:00+00:00,0.1333,sell_yes,buy_yes,0.47,0.5,19.2101,-0.5763,-3,0.52,0.47,closed,opposite_fill
1490,Will Édouard Philippe win the 2027 French presidential election?,2026-05-29T00:10:00+00:00,2026-05-30T00:10:00+00:00,24,buy_yes,sell_yes,0.15,0.13,50.0908,-1.0018,-2,0.135,0.145,closed,opposite_fill
1491,Fed Rate Hike by October 2026 Meeting?,2026-05-30T00:08:00+00:00,2026-05-30T00:11:00+00:00,0.05,sell_yes,buy_yes,0.16,0.19,58.4647,-1.7539,-3,0.165,0.185,closed,opposite_fill
1492,Will the Moderate Party (M) win the second most seats in the 2026 Swedish parliamentary election?,2026-05-29T01:08:00+00:00,2026-05-30T00:14:00+00:00,23.1,sell_yes,buy_yes,0.41,0.46,29.6257,-1.4813,-5,0.415,0.45,closed,opposite_fill
1493,Fed Rate Hike by October 2026 Meeting?,2026-05-30T00:11:00+00:00,2026-05-30T00:15:00+00:00,0.0667,buy_yes,sell_yes,0.19,0.18,44.8153,-0.4482,-1,0.185,0.205,closed,opposite_fill
1494,Will the Moderate Party (M) win the second most seats in the 2026 Swedish parliamentary election?,2026-05-30T00:14:00+00:00,2026-05-30T00:15:00+00:00,0.0167,buy_yes,sell_yes,0.46,0.46,34.2014,0,0,0.45,0.465,closed,opposite_fill
1495,Will the Moderate Party (M) win the third most seats in the 2026 Swedish parliamentary election?,2026-05-29T12:47:00+00:00,2026-05-30T00:15:00+00:00,11.4667,buy_yes,sell_yes,0.51,0.51,6.59959,0,0,0.505,0.515,closed,opposite_fill
1496,Will the Moderate Party (M) win the third most seats in the 2026 Swedish parliamentary election?,2026-05-29T22:35:00+00:00,2026-05-30T00:15:00+00:00,1.6667,buy_yes,sell_yes,0.51,0.51,39.8764,0,0,0.475,0.515,closed,opposite_fill
1497,Fed Rate Hike by October 2026 Meeting?,2026-05-30T00:15:00+00:00,2026-05-30T00:16:00+00:00,0.0167,sell_yes,buy_yes,0.18,0.2,58.4647,-1.1693,-2,0.205,0.195,closed,opposite_fill
1498,Will the Moderate Party (M) win the second most seats in the 2026 Swedish parliamentary election?,2026-05-30T00:15:00+00:00,2026-05-30T00:17:00+00:00,0.0333,sell_yes,buy_yes,0.46,0.46,27.7666,0,0,0.465,0.455,closed,opposite_fill
1499,Fed Rate Hike by October 2026 Meeting?,2026-05-30T00:16:00+00:00,2026-05-30T00:18:00+00:00,0.0333,buy_yes,sell_yes,0.2,0.19,60.3073,-0.6031,-1,0.195,0.205,closed,opposite_fill
1500,Fed Rate Hike by October 2026 Meeting?,2026-05-30T00:18:00+00:00,2026-05-30T00:20:00+00:00,0.0333,sell_yes,buy_yes,0.19,0.19,42.9727,0,0,0.205,0.18,closed,opposite_fill
1501,Fed Rate Hike by October 2026 Meeting?,2026-05-30T00:20:00+00:00,2026-05-30T00:24:00+00:00,0.0667,buy_yes,sell_yes,0.19,0.17,66.5041,-1.3301,-2,0.18,0.185,closed,opposite_fill
1502,Fed Rate Hike by October 2026 Meeting?,2026-05-30T00:24:00+00:00,2026-05-30T00:25:00+00:00,0.0167,sell_yes,buy_yes,0.17,0.18,36.7759,-0.3678,-1,0.185,0.17,closed,opposite_fill
1503,Will the Sweden Democrats (SD) win the second most seats in the 2026 Swedish parliamentary election?,2026-05-30T00:08:00+00:00,2026-05-30T00:28:00+00:00,0.3333,buy_yes,sell_yes,0.5,0.48,42.7579,-0.8552,-2,0.47,0.495,closed,opposite_fill
1504,Fed Rate Hike by October 2026 Meeting?,2026-05-30T00:25:00+00:00,2026-05-30T00:30:00+00:00,0.0833,buy_yes,sell_yes,0.18,0.16,66.5041,-1.3301,-2,0.17,0.185,closed,opposite_fill
1505,Will the Moderate Party (M) win the second most seats in the 2026 Swedish parliamentary election?,2026-05-30T00:17:00+00:00,2026-05-30T00:30:00+00:00,0.2167,buy_yes,sell_yes,0.46,0.46,36.0604,0,0,0.455,0.465,closed,opposite_fill
1506,Fed Rate Hike by October 2026 Meeting?,2026-05-30T00:30:00+00:00,2026-05-30T00:31:00+00:00,0.0167,sell_yes,buy_yes,0.16,0.18,36.7759,-0.7355,-2,0.185,0.175,closed,opposite_fill
1507,Will the Moderate Party (M) win the second most seats in the 2026 Swedish parliamentary election?,2026-05-30T00:30:00+00:00,2026-05-30T00:31:00+00:00,0.0167,sell_yes,buy_yes,0.46,0.46,25.9076,0,0,0.465,0.455,closed,opposite_fill
1508,Fed Rate Hike by October 2026 Meeting?,2026-05-30T00:31:00+00:00,2026-05-30T00:33:00+00:00,0.0333,buy_yes,sell_yes,0.18,0.17,66.5041,-0.665,-1,0.175,0.23,closed,opposite_fill
1509,Will the Moderate Party (M) win the second most seats in the 2026 Swedish parliamentary election?,2026-05-30T00:31:00+00:00,2026-05-30T00:33:00+00:00,0.0333,buy_yes,sell_yes,0.46,0.44,39.7785,-0.7956,-2,0.455,0.445,closed,opposite_fill
1510,Fed Rate Hike by October 2026 Meeting?,2026-05-30T00:33:00+00:00,2026-05-30T00:35:00+00:00,0.0333,sell_yes,buy_yes,0.17,0.26,52.2679,-4.7041,-9,0.23,0.175,closed,opposite_fill
1511,Fed Rate Hike by October 2026 Meeting?,2026-05-30T00:35:00+00:00,2026-05-30T00:37:00+00:00,0.0333,buy_yes,sell_yes,0.26,0.18,51.0121,-4.081,-8,0.175,0.245,closed,opposite_fill
1512,Fed Rate Hike by October 2026 Meeting?,2026-05-30T00:37:00+00:00,2026-05-30T00:40:00+00:00,0.05,sell_yes,buy_yes,0.18,0.25,61.5631,-4.3094,-7,0.245,0.235,closed,opposite_fill
1513,Will there be no change in Fed interest rates after the September 2026 meeting?,2026-05-30T00:04:00+00:00,2026-05-30T00:40:00+00:00,0.6,buy_yes,sell_yes,0.73,0.61,56.1843,-6.7421,-12,0.645,0.735,closed,opposite_fill
1514,Will the Moderate Party (M) win the second most seats in the 2026 Swedish parliamentary election?,2026-05-30T00:33:00+00:00,2026-05-30T00:41:00+00:00,0.1333,sell_yes,buy_yes,0.44,0.45,22.1895,-0.2219,-1,0.445,0.445,closed,opposite_fill
1515,Fed Rate Hike by October 2026 Meeting?,2026-05-30T00:40:00+00:00,2026-05-30T00:42:00+00:00,0.0333,buy_yes,sell_yes,0.25,0.23,47.9137,-0.9583,-2,0.235,0.26,closed,opposite_fill
1516,Fed Rate Hike by October 2026 Meeting?,2026-05-30T00:42:00+00:00,2026-05-30T00:44:00+00:00,0.0333,sell_yes,buy_yes,0.23,0.25,55.3663,-1.1073,-2,0.26,0.245,closed,opposite_fill
1517,Fed Rate Hike by October 2026 Meeting?,2026-05-30T00:44:00+00:00,2026-05-30T00:46:00+00:00,0.0333,buy_yes,sell_yes,0.25,0.23,54.1105,-1.0822,-2,0.245,0.235,closed,opposite_fill
1518,Will the Moderate Party (M) win the second most seats in the 2026 Swedish parliamentary election?,2026-05-30T00:41:00+00:00,2026-05-30T00:46:00+00:00,0.0833,buy_yes,sell_yes,0.45,0.44,39.7785,-0.3978,-1,0.445,0.455,closed,opposite_fill
1519,Will the Moderate Party (M) win the second most seats in the 2026 Swedish parliamentary election?,2026-05-30T00:46:00+00:00,2026-05-30T00:47:00+00:00,0.0167,sell_yes,buy_yes,0.44,0.45,22.1895,-0.2219,-1,0.455,0.445,closed,opposite_fill
1520,Will the Moderate Party (M) win the second most seats in the 2026 Swedish parliamentary election?,2026-05-30T00:47:00+00:00,2026-05-30T00:48:00+00:00,0.0167,buy_yes,sell_yes,0.45,0.45,39.7785,0,0,0.445,0.455,closed,opposite_fill
1521,Fed Rate Hike by October 2026 Meeting?,2026-05-30T00:46:00+00:00,2026-05-30T00:50:00+00:00,0.0667,sell_yes,buy_yes,0.23,0.23,49.1695,0,0,0.235,0.23,closed,opposite_fill
1522,Will the Moderate Party (M) win the second most seats in the 2026 Swedish parliamentary election?,2026-05-30T00:48:00+00:00,2026-05-30T00:51:00+00:00,0.05,sell_yes,buy_yes,0.45,0.45,25.9076,0,0,0.455,0.435,closed,opposite_fill
1523,Will the Moderate Party (M) win the second most seats in the 2026 Swedish parliamentary election?,2026-05-30T00:51:00+00:00,2026-05-30T00:52:00+00:00,0.0167,buy_yes,sell_yes,0.45,0.44,36.0604,-0.3606,-1,0.435,0.465,closed,opposite_fill
1524,Fed Rate Hike by October 2026 Meeting?,2026-05-30T00:50:00+00:00,2026-05-30T00:53:00+00:00,0.05,buy_yes,sell_yes,0.23,0.23,54.1105,0,0,0.23,0.26,closed,opposite_fill
1525,Fed Rate Hike by October 2026 Meeting?,2026-05-30T00:53:00+00:00,2026-05-30T00:54:00+00:00,0.0167,sell_yes,buy_yes,0.23,0.25,49.1695,-0.9834,-2,0.26,0.245,closed,opposite_fill
1526,Will the Moderate Party (M) win the second most seats in the 2026 Swedish parliamentary election?,2026-05-30T00:52:00+00:00,2026-05-30T00:56:00+00:00,0.0667,sell_yes,buy_yes,0.44,0.46,25.9076,-0.5182,-2,0.465,0.455,closed,opposite_fill
1527,Will the Moderate Party (M) win the second most seats in the 2026 Swedish parliamentary election?,2026-05-30T00:56:00+00:00,2026-05-30T00:57:00+00:00,0.0167,buy_yes,sell_yes,0.46,0.46,36.0604,0,0,0.455,0.465,closed,opposite_fill
1528,Fed Rate Hike by October 2026 Meeting?,2026-05-30T00:54:00+00:00,2026-05-30T00:58:00+00:00,0.0667,buy_yes,sell_yes,0.25,0.23,54.1105,-1.0822,-2,0.245,0.255,closed,opposite_fill
1529,Will the Moderate Party (M) win the second most seats in the 2026 Swedish parliamentary election?,2026-05-30T00:57:00+00:00,2026-05-30T00:58:00+00:00,0.0167,sell_yes,buy_yes,0.46,0.46,25.9076,0,0,0.465,0.46,closed,opposite_fill
1530,Fed Rate Hike by October 2026 Meeting?,2026-05-30T00:58:00+00:00,2026-05-30T01:00:00+00:00,0.0333,sell_yes,buy_yes,0.23,0.25,49.1695,-0.9834,-2,0.255,0.245,closed,opposite_fill
1531,Bab el-Mandeb Strait effectively closed by September 30?,2026-05-30T00:00:00+00:00,2026-05-30T01:00:00+00:00,1,sell_yes,buy_yes,0.18,0.33,97.0832,-14.5625,-15,0.355,0.15,closed,opposite_fill
1532,Fed Rate Hike by October 2026 Meeting?,2026-05-30T01:00:00+00:00,2026-05-30T01:02:00+00:00,0.0333,buy_yes,sell_yes,0.25,0.24,60.3073,-0.6031,-1,0.245,0.26,closed,opposite_fill
1533,Fed Rate Hike by October 2026 Meeting?,2026-05-30T01:02:00+00:00,2026-05-30T01:04:00+00:00,0.0333,sell_yes,buy_yes,0.24,0.25,42.9727,-0.4297,-1,0.26,0.245,closed,opposite_fill
1534,Will the Moderate Party (M) win the second most seats in the 2026 Swedish parliamentary election?,2026-05-30T00:58:00+00:00,2026-05-30T01:05:00+00:00,0.1167,buy_yes,sell_yes,0.46,0.44,41.6375,-0.8328,-2,0.46,0.455,closed,opposite_fill
1535,Fed Rate Hike by October 2026 Meeting?,2026-05-30T01:04:00+00:00,2026-05-30T01:08:00+00:00,0.0667,buy_yes,sell_yes,0.25,0.23,60.3073,-1.2061,-2,0.245,0.255,closed,opposite_fill
1536,Fed Rate Hike by October 2026 Meeting?,2026-05-30T01:08:00+00:00,2026-05-30T01:10:00+00:00,0.0333,sell_yes,buy_yes,0.23,0.25,42.9727,-0.8595,-2,0.255,0.245,closed,opposite_fill
1537,Will the Moderate Party (M) win the second most seats in the 2026 Swedish parliamentary election?,2026-05-30T01:05:00+00:00,2026-05-30T01:12:00+00:00,0.1167,sell_yes,buy_yes,0.44,0.45,20.3305,-0.2033,-1,0.455,0.445,closed,opposite_fill
1538,Will the Moderate Party (M) win the second most seats in the 2026 Swedish parliamentary election?,2026-05-30T01:12:00+00:00,2026-05-30T01:13:00+00:00,0.0167,buy_yes,sell_yes,0.45,0.45,41.6375,0,0,0.445,0.465,closed,opposite_fill
1539,Fed Rate Hike by October 2026 Meeting?,2026-05-30T01:10:00+00:00,2026-05-30T01:14:00+00:00,0.0667,buy_yes,sell_yes,0.25,0.23,63.4057,-1.2681,-2,0.245,0.25,closed,opposite_fill
1540,Will the Moderate Party (M) win the second most seats in the 2026 Swedish parliamentary election?,2026-05-30T01:13:00+00:00,2026-05-30T01:15:00+00:00,0.0333,sell_yes,buy_yes,0.45,0.46,20.3305,-0.2033,-1,0.465,0.46,closed,opposite_fill
1541,Fed Rate Hike by October 2026 Meeting?,2026-05-30T01:14:00+00:00,2026-05-30T01:16:00+00:00,0.0333,sell_yes,buy_yes,0.23,0.23,42.9727,0,0,0.25,0.23,closed,opposite_fill
1542,Fed Rate Hike by October 2026 Meeting?,2026-05-30T01:16:00+00:00,2026-05-30T01:18:00+00:00,0.0333,buy_yes,sell_yes,0.23,0.23,60.3073,0,0,0.23,0.255,closed,opposite_fill
1543,Will the Sweden Democrats (SD) win the third most seats in the 2026 Swedish parliamentary election?,2026-05-29T13:42:00+00:00,2026-05-30T01:19:00+00:00,11.6167,sell_yes,buy_yes,0.27,0.26,0.46476,0.0046,1,0.335,0.23,closed,opposite_fill
1544,Will the Sweden Democrats (SD) win the third most seats in the 2026 Swedish parliamentary election?,2026-05-29T14:37:00+00:00,2026-05-30T01:19:00+00:00,10.7,sell_yes,buy_yes,0.35,0.26,46.476,4.1828,9,0.37,0.23,closed,opposite_fill
1545,Fed Rate Hike by October 2026 Meeting?,2026-05-30T01:18:00+00:00,2026-05-30T01:20:00+00:00,0.0333,sell_yes,buy_yes,0.23,0.25,42.9727,-0.8595,-2,0.255,0.245,closed,opposite_fill
1546,Fed Rate Hike by October 2026 Meeting?,2026-05-30T01:20:00+00:00,2026-05-30T01:24:00+00:00,0.0667,buy_yes,sell_yes,0.25,0.24,60.3073,-0.6031,-1,0.245,0.255,closed,opposite_fill
1547,Will the Moderate Party (M) win the second most seats in the 2026 Swedish parliamentary election?,2026-05-30T01:15:00+00:00,2026-05-30T01:26:00+00:00,0.1833,buy_yes,sell_yes,0.46,0.44,47.2147,-0.9443,-2,0.46,0.445,closed,opposite_fill
1548,Fed Rate Hike by October 2026 Meeting?,2026-05-30T01:24:00+00:00,2026-05-30T01:27:00+00:00,0.05,sell_yes,buy_yes,0.24,0.23,42.9727,0.4297,1,0.255,0.23,closed,opposite_fill
1549,Will the Sweden Democrats (SD) win the third most seats in the 2026 Swedish parliamentary election?,2026-05-30T01:19:00+00:00,2026-05-30T01:27:00+00:00,0.1333,buy_yes,sell_yes,0.26,0.2,9.2952,-0.5577,-6,0.23,0.335,closed,opposite_fill
1550,Will the Sweden Democrats (SD) win the third most seats in the 2026 Swedish parliamentary election?,2026-05-30T01:27:00+00:00,2026-05-30T01:29:00+00:00,0.0333,sell_yes,buy_yes,0.2,0.32,37.1808,-4.4617,-12,0.335,0.315,closed,opposite_fill
1551,Will the Moderate Party (M) win the second most seats in the 2026 Swedish parliamentary election?,2026-05-30T01:26:00+00:00,2026-05-30T01:29:00+00:00,0.05,sell_yes,buy_yes,0.44,0.46,22.1895,-0.4438,-2,0.445,0.455,closed,opposite_fill
1552,Will the Moderate Party (M) win the second most seats in the 2026 Swedish parliamentary election?,2026-05-30T01:29:00+00:00,2026-05-30T01:30:00+00:00,0.0167,buy_yes,sell_yes,0.46,0.46,39.7785,0,0,0.455,0.465,closed,opposite_fill
1553,Fed Rate Hike by October 2026 Meeting?,2026-05-30T01:27:00+00:00,2026-05-30T01:31:00+00:00,0.0667,buy_yes,sell_yes,0.23,0.23,60.3073,0,0,0.23,0.255,closed,opposite_fill
1554,Fed Rate Hike by October 2026 Meeting?,2026-05-30T01:31:00+00:00,2026-05-30T01:32:00+00:00,0.0167,sell_yes,buy_yes,0.23,0.25,42.9727,-0.8595,-2,0.255,0.245,closed,opposite_fill
1555,Will the Moderate Party (M) win the second most seats in the 2026 Swedish parliamentary election?,2026-05-30T01:30:00+00:00,2026-05-30T01:32:00+00:00,0.0333,sell_yes,buy_yes,0.46,0.46,22.1895,0,0,0.465,0.455,closed,opposite_fill
1556,Will the Moderate Party (M) win the second most seats in the 2026 Swedish parliamentary election?,2026-05-30T01:32:00+00:00,2026-05-30T01:33:00+00:00,0.0167,buy_yes,sell_yes,0.46,0.46,39.7785,0,0,0.455,0.465,closed,opposite_fill
1557,Fed Rate Hike by October 2026 Meeting?,2026-05-30T01:32:00+00:00,2026-05-30T01:34:00+00:00,0.0333,buy_yes,sell_yes,0.25,0.24,69.6025,-0.696,-1,0.245,0.255,closed,opposite_fill
1558,Will the Moderate Party (M) win the second most seats in the 2026 Swedish parliamentary election?,2026-05-30T01:33:00+00:00,2026-05-30T01:34:00+00:00,0.0167,sell_yes,buy_yes,0.46,0.46,22.1895,0,0,0.465,0.46,closed,opposite_fill
1559,Fed Rate Hike by October 2026 Meeting?,2026-05-30T01:34:00+00:00,2026-05-30T01:35:00+00:00,0.0167,sell_yes,buy_yes,0.24,0.25,33.6775,-0.3368,-1,0.255,0.24,closed,opposite_fill
1560,Will the Moderate Party (M) win the second most seats in the 2026 Swedish parliamentary election?,2026-05-30T01:34:00+00:00,2026-05-30T01:37:00+00:00,0.05,buy_yes,sell_yes,0.46,0.44,41.6375,-0.8328,-2,0.46,0.455,closed,opposite_fill
1561,Fed Rate Hike by October 2026 Meeting?,2026-05-30T01:35:00+00:00,2026-05-30T01:40:00+00:00,0.0833,buy_yes,sell_yes,0.25,0.23,69.6025,-1.392,-2,0.24,0.255,closed,opposite_fill
1562,Fed Rate Hike by October 2026 Meeting?,2026-05-30T01:40:00+00:00,2026-05-30T01:41:00+00:00,0.0167,sell_yes,buy_yes,0.23,0.25,33.6775,-0.6736,-2,0.255,0.235,closed,opposite_fill
1563,Fed Rate Hike by October 2026 Meeting?,2026-05-30T01:41:00+00:00,2026-05-30T01:43:00+00:00,0.0333,buy_yes,sell_yes,0.25,0.23,69.6025,-1.392,-2,0.235,0.235,closed,opposite_fill
1564,Will the Sweden Democrats (SD) win the third most seats in the 2026 Swedish parliamentary election?,2026-05-30T01:29:00+00:00,2026-05-30T01:43:00+00:00,0.2333,buy_yes,sell_yes,0.32,0.22,20.4494,-2.0449,-10,0.315,0.335,closed,opposite_fill
1565,Fed Rate Hike by October 2026 Meeting?,2026-05-30T01:43:00+00:00,2026-05-30T01:45:00+00:00,0.0333,sell_yes,buy_yes,0.23,0.24,49.1695,-0.4917,-1,0.235,0.235,closed,opposite_fill
1566,Will the Moderate Party (M) win the second most seats in the 2026 Swedish parliamentary election?,2026-05-30T01:37:00+00:00,2026-05-30T01:45:00+00:00,0.1333,sell_yes,buy_yes,0.44,0.47,25.9076,-0.7772,-3,0.455,0.465,closed,opposite_fill
1567,Will the Moderate Party (M) win the second most seats in the 2026 Swedish parliamentary election?,2026-05-30T01:45:00+00:00,2026-05-30T01:46:00+00:00,0.0167,buy_yes,sell_yes,0.47,0.47,36.0604,0,0,0.465,0.48,closed,opposite_fill
1568,Will the Sweden Democrats (SD) win the third most seats in the 2026 Swedish parliamentary election?,2026-05-30T01:43:00+00:00,2026-05-30T01:47:00+00:00,0.0667,sell_yes,buy_yes,0.22,0.33,26.0266,-2.8629,-11,0.335,0.325,closed,opposite_fill
1569,Fed Rate Hike by October 2026 Meeting?,2026-05-30T01:45:00+00:00,2026-05-30T01:48:00+00:00,0.05,buy_yes,sell_yes,0.24,0.23,54.1105,-0.5411,-1,0.235,0.26,closed,opposite_fill
1570,Will the Moderate Party (M) win the second most seats in the 2026 Swedish parliamentary election?,2026-05-30T01:46:00+00:00,2026-05-30T01:49:00+00:00,0.05,sell_yes,buy_yes,0.47,0.48,25.9076,-0.2591,-1,0.48,0.47,closed,opposite_fill
1571,Will the Moderate Party (M) win the second most seats in the 2026 Swedish parliamentary election?,2026-05-30T01:49:00+00:00,2026-05-30T01:52:00+00:00,0.05,buy_yes,sell_yes,0.48,0.46,39.7785,-0.7956,-2,0.47,0.47,closed,opposite_fill
1572,Fed Rate Hike by October 2026 Meeting?,2026-05-30T01:48:00+00:00,2026-05-30T01:54:00+00:00,0.1,sell_yes,buy_yes,0.23,0.25,49.1695,-0.9834,-2,0.26,0.245,closed,opposite_fill
1573,Fed Rate Hike by October 2026 Meeting?,2026-05-30T01:54:00+00:00,2026-05-30T01:55:00+00:00,0.0167,buy_yes,sell_yes,0.25,0.25,63.4057,0,0,0.245,0.26,closed,opposite_fill
1574,Fed Rate Hike by October 2026 Meeting?,2026-05-30T01:55:00+00:00,2026-05-30T01:57:00+00:00,0.0333,sell_yes,buy_yes,0.25,0.25,39.8743,0,0,0.26,0.245,closed,opposite_fill
1575,Fed Rate Hike by October 2026 Meeting?,2026-05-30T01:57:00+00:00,2026-05-30T02:00:00+00:00,0.05,buy_yes,sell_yes,0.25,0.24,72.7009,-0.727,-1,0.245,0.26,closed,opposite_fill
1576,Fed Rate Hike by October 2026 Meeting?,2026-05-30T02:00:00+00:00,2026-05-30T02:01:00+00:00,0.0167,sell_yes,buy_yes,0.24,0.25,30.5791,-0.3058,-1,0.26,0.245,closed,opposite_fill
1577,Fed Rate Hike by October 2026 Meeting?,2026-05-30T02:01:00+00:00,2026-05-30T02:03:00+00:00,0.0333,buy_yes,sell_yes,0.25,0.23,72.7009,-1.454,-2,0.245,0.235,closed,opposite_fill
1578,Will the Sweden Democrats (SD) win the third most seats in the 2026 Swedish parliamentary election?,2026-05-30T01:47:00+00:00,2026-05-30T02:04:00+00:00,0.2833,buy_yes,sell_yes,0.33,0.21,31.6037,-3.7924,-12,0.325,0.345,closed,opposite_fill
1579,Fed Rate Hike by October 2026 Meeting?,2026-05-30T02:03:00+00:00,2026-05-30T02:07:00+00:00,0.0667,sell_yes,buy_yes,0.23,0.24,42.9727,-0.4297,-1,0.235,0.235,closed,opposite_fill
1580,Fed Rate Hike by October 2026 Meeting?,2026-05-30T02:07:00+00:00,2026-05-30T02:08:00+00:00,0.0167,buy_yes,sell_yes,0.24,0.24,69.6025,0,0,0.235,0.255,closed,opposite_fill
1581,Fed Rate Hike by October 2026 Meeting?,2026-05-30T02:08:00+00:00,2026-05-30T02:10:00+00:00,0.0333,sell_yes,buy_yes,0.24,0.25,33.6775,-0.3368,-1,0.255,0.245,closed,opposite_fill
1582,Will the Moderate Party (M) win the second most seats in the 2026 Swedish parliamentary election?,2026-05-30T01:52:00+00:00,2026-05-30T02:10:00+00:00,0.3,sell_yes,buy_yes,0.46,0.48,22.1895,-0.4438,-2,0.47,0.475,closed,opposite_fill
1583,Fed Rate Hike by October 2026 Meeting?,2026-05-30T02:10:00+00:00,2026-05-30T02:14:00+00:00,0.0667,buy_yes,sell_yes,0.25,0.24,75.7993,-0.758,-1,0.245,0.255,closed,opposite_fill
1584,Fed Rate Hike by October 2026 Meeting?,2026-05-30T02:14:00+00:00,2026-05-30T02:15:00+00:00,0.0167,sell_yes,buy_yes,0.24,0.25,27.4807,-0.2748,-1,0.255,0.235,closed,opposite_fill
1585,Will the Moderate Party (M) win the second most seats in the 2026 Swedish parliamentary election?,2026-05-30T02:10:00+00:00,2026-05-30T02:17:00+00:00,0.1167,buy_yes,sell_yes,0.48,0.47,39.7785,-0.3978,-1,0.475,0.47,closed,opposite_fill
1586,Fed Rate Hike by October 2026 Meeting?,2026-05-30T02:15:00+00:00,2026-05-30T02:18:00+00:00,0.05,buy_yes,sell_yes,0.25,0.23,81.9961,-1.6399,-2,0.235,0.245,closed,opposite_fill
1587,Fed Rate Hike by October 2026 Meeting?,2026-05-30T02:18:00+00:00,2026-05-30T02:20:00+00:00,0.0333,sell_yes,buy_yes,0.23,0.25,27.4807,-0.5496,-2,0.245,0.225,closed,opposite_fill
1588,Fed Rate Hike by October 2026 Meeting?,2026-05-30T02:20:00+00:00,2026-05-30T02:22:00+00:00,0.0333,buy_yes,sell_yes,0.25,0.24,75.7993,-0.758,-1,0.225,0.26,closed,opposite_fill
1589,Fed Rate Hike by October 2026 Meeting?,2026-05-30T02:22:00+00:00,2026-05-30T02:24:00+00:00,0.0333,sell_yes,buy_yes,0.24,0.25,27.4807,-0.2748,-1,0.26,0.24,closed,opposite_fill
1590,Will the Sweden Democrats (SD) win the third most seats in the 2026 Swedish parliamentary election?,2026-05-30T02:04:00+00:00,2026-05-30T02:26:00+00:00,0.3667,sell_yes,buy_yes,0.21,0.3,14.8723,-1.3385,-9,0.345,0.295,closed,opposite_fill
1591,Will the Moderate Party (M) win the second most seats in the 2026 Swedish parliamentary election?,2026-05-30T02:17:00+00:00,2026-05-30T02:26:00+00:00,0.15,sell_yes,buy_yes,0.47,0.47,22.1895,0,0,0.47,0.46,closed,opposite_fill
1592,Fed Rate Hike by October 2026 Meeting?,2026-05-30T02:24:00+00:00,2026-05-30T02:27:00+00:00,0.05,buy_yes,sell_yes,0.25,0.23,75.7993,-1.516,-2,0.24,0.255,closed,opposite_fill
1593,Fed Rate Hike by October 2026 Meeting?,2026-05-30T02:27:00+00:00,2026-05-30T02:28:00+00:00,0.0167,sell_yes,buy_yes,0.23,0.25,27.4807,-0.5496,-2,0.255,0.235,closed,opposite_fill
1594,Fed Rate Hike by October 2026 Meeting?,2026-05-30T02:28:00+00:00,2026-05-30T02:29:00+00:00,0.0167,buy_yes,sell_yes,0.25,0.24,75.7993,-0.758,-1,0.235,0.245,closed,opposite_fill
1595,Fed Rate Hike by October 2026 Meeting?,2026-05-30T02:29:00+00:00,2026-05-30T02:30:00+00:00,0.0167,sell_yes,buy_yes,0.24,0.24,27.4807,0,0,0.245,0.215,closed,opposite_fill
1596,Fed Rate Hike by October 2026 Meeting?,2026-05-30T02:30:00+00:00,2026-05-30T02:31:00+00:00,0.0167,buy_yes,sell_yes,0.24,0.22,75.7993,-1.516,-2,0.215,0.255,closed,opposite_fill
1597,Fed Rate Hike by October 2026 Meeting?,2026-05-30T02:31:00+00:00,2026-05-30T02:32:00+00:00,0.0167,sell_yes,buy_yes,0.22,0.25,27.4807,-0.8244,-3,0.255,0.245,closed,opposite_fill
1598,Will the Moderate Party (M) win the second most seats in the 2026 Swedish parliamentary election?,2026-05-30T02:26:00+00:00,2026-05-30T02:32:00+00:00,0.1,buy_yes,sell_yes,0.47,0.47,39.7785,0,0,0.46,0.47,closed,opposite_fill
1599,Will the Moderate Party (M) win the second most seats in the 2026 Swedish parliamentary election?,2026-05-30T02:32:00+00:00,2026-05-30T02:34:00+00:00,0.0333,sell_yes,buy_yes,0.47,0.46,22.1895,0.2219,1,0.47,0.455,closed,opposite_fill
1600,Will the Moderate Party (M) win the second most seats in the 2026 Swedish parliamentary election?,2026-05-30T02:34:00+00:00,2026-05-30T02:35:00+00:00,0.0167,buy_yes,sell_yes,0.46,0.46,39.7785,0,0,0.455,0.47,closed,opposite_fill
1601,Fed Rate Hike by October 2026 Meeting?,2026-05-30T02:32:00+00:00,2026-05-30T02:37:00+00:00,0.0833,buy_yes,sell_yes,0.25,0.23,75.7993,-1.516,-2,0.245,0.255,closed,opposite_fill
1602,Will the Sweden Democrats (SD) win the third most seats in the 2026 Swedish parliamentary election?,2026-05-30T02:26:00+00:00,2026-05-30T02:39:00+00:00,0.2167,buy_yes,sell_yes,0.3,0.21,42.7579,-3.8482,-9,0.295,0.33,closed,opposite_fill
1603,Fed Rate Hike by October 2026 Meeting?,2026-05-30T02:37:00+00:00,2026-05-30T02:40:00+00:00,0.05,sell_yes,buy_yes,0.23,0.24,27.4807,-0.2748,-1,0.255,0.235,closed,opposite_fill
1604,Fed Rate Hike by October 2026 Meeting?,2026-05-30T02:40:00+00:00,2026-05-30T02:41:00+00:00,0.0167,buy_yes,sell_yes,0.24,0.24,75.7993,0,0,0.235,0.255,closed,opposite_fill
1605,Will the Moderate Party (M) win the second most seats in the 2026 Swedish parliamentary election?,2026-05-30T02:35:00+00:00,2026-05-30T02:41:00+00:00,0.1,sell_yes,buy_yes,0.46,0.48,27.7666,-0.5553,-2,0.47,0.47,closed,opposite_fill
1606,Fed Rate Hike by October 2026 Meeting?,2026-05-30T02:41:00+00:00,2026-05-30T02:42:00+00:00,0.0167,sell_yes,buy_yes,0.24,0.25,30.5791,-0.3058,-1,0.255,0.245,closed,opposite_fill
1607,Fed Rate Hike by October 2026 Meeting?,2026-05-30T02:42:00+00:00,2026-05-30T02:43:00+00:00,0.0167,buy_yes,sell_yes,0.25,0.25,78.8977,0,0,0.245,0.255,closed,opposite_fill
1608,Fed Rate Hike by October 2026 Meeting?,2026-05-30T02:43:00+00:00,2026-05-30T02:47:00+00:00,0.0667,sell_yes,buy_yes,0.25,0.25,24.3823,0,0,0.255,0.235,closed,opposite_fill
1609,Will the Moderate Party (M) win the second most seats in the 2026 Swedish parliamentary election?,2026-05-30T02:41:00+00:00,2026-05-30T02:47:00+00:00,0.1,buy_yes,sell_yes,0.48,0.47,36.0604,-0.3606,-1,0.47,0.47,closed,opposite_fill
1610,Will the Moderate Party (M) win the second most seats in the 2026 Swedish parliamentary election?,2026-05-30T02:47:00+00:00,2026-05-30T02:48:00+00:00,0.0167,sell_yes,buy_yes,0.47,0.46,31.4847,0.3148,1,0.47,0.455,closed,opposite_fill
1611,Fed Rate Hike by October 2026 Meeting?,2026-05-30T02:47:00+00:00,2026-05-30T02:50:00+00:00,0.05,buy_yes,sell_yes,0.25,0.24,78.8977,-0.789,-1,0.235,0.26,closed,opposite_fill
1612,Will the Moderate Party (M) win the second most seats in the 2026 Swedish parliamentary election?,2026-05-30T02:48:00+00:00,2026-05-30T02:50:00+00:00,0.0333,buy_yes,sell_yes,0.46,0.46,30.4833,0,0,0.455,0.47,closed,opposite_fill
1613,Fed Rate Hike by October 2026 Meeting?,2026-05-30T02:50:00+00:00,2026-05-30T02:54:00+00:00,0.0667,sell_yes,buy_yes,0.24,0.27,24.3823,-0.7315,-3,0.26,0.25,closed,opposite_fill
1614,Will the Moderate Party (M) win the second most seats in the 2026 Swedish parliamentary election?,2026-05-30T02:50:00+00:00,2026-05-30T02:57:00+00:00,0.1167,sell_yes,buy_yes,0.46,0.47,35.2028,-0.352,-1,0.47,0.46,closed,opposite_fill
1615,Fed Rate Hike by October 2026 Meeting?,2026-05-30T02:54:00+00:00,2026-05-30T02:58:00+00:00,0.0667,buy_yes,sell_yes,0.27,0.22,78.8977,-3.9449,-5,0.25,0.22,closed,opposite_fill
1616,Will the Moderate Party (M) win the second most seats in the 2026 Swedish parliamentary election?,2026-05-30T02:57:00+00:00,2026-05-30T02:58:00+00:00,0.0167,buy_yes,sell_yes,0.47,0.47,26.7652,0,0,0.46,0.47,closed,opposite_fill
1617,Will the Sweden Democrats (SD) win the third most seats in the 2026 Swedish parliamentary election?,2026-05-30T02:39:00+00:00,2026-05-30T03:00:00+00:00,0.35,sell_yes,buy_yes,0.21,0.24,3.71808,-0.1115,-3,0.33,0.23,closed,opposite_fill
1618,Will the Sweden Democrats (SD) win the third most seats in the 2026 Swedish parliamentary election?,2026-05-30T02:55:00+00:00,2026-05-30T03:00:00+00:00,0.0833,sell_yes,buy_yes,0.23,0.24,42.7579,-0.4276,-1,0.31,0.23,closed,opposite_fill
1619,Fed Rate Hike by October 2026 Meeting?,2026-05-30T02:58:00+00:00,2026-05-30T03:02:00+00:00,0.0667,sell_yes,buy_yes,0.22,0.25,27.4807,-0.8244,-3,0.22,0.225,closed,opposite_fill
1620,Fed Rate Hike by October 2026 Meeting?,2026-05-30T03:02:00+00:00,2026-05-30T03:04:00+00:00,0.0333,buy_yes,sell_yes,0.25,0.23,75.7993,-1.516,-2,0.225,0.255,closed,opposite_fill
1621,Fed Rate Hike by October 2026 Meeting?,2026-05-30T03:04:00+00:00,2026-05-30T03:05:00+00:00,0.0167,sell_yes,buy_yes,0.23,0.25,27.4807,-0.5496,-2,0.255,0.245,closed,opposite_fill
1622,Will the Moderate Party (M) win the second most seats in the 2026 Swedish parliamentary election?,2026-05-30T02:58:00+00:00,2026-05-30T03:07:00+00:00,0.15,sell_yes,buy_yes,0.47,0.47,35.2028,0,0,0.47,0.465,closed,opposite_fill
1623,Will the Moderate Party (M) win the second most seats in the 2026 Swedish parliamentary election?,2026-05-30T03:07:00+00:00,2026-05-30T03:08:00+00:00,0.0167,buy_yes,sell_yes,0.47,0.47,30.4833,0,0,0.465,0.475,closed,opposite_fill
1624,Fed Rate Hike by October 2026 Meeting?,2026-05-30T03:05:00+00:00,2026-05-30T03:10:00+00:00,0.0833,buy_yes,sell_yes,0.25,0.24,75.7993,-0.758,-1,0.245,0.255,closed,opposite_fill
1625,Will the Moderate Party (M) win the second most seats in the 2026 Swedish parliamentary election?,2026-05-30T03:08:00+00:00,2026-05-30T03:10:00+00:00,0.0333,sell_yes,buy_yes,0.47,0.47,31.4847,0,0,0.475,0.465,closed,opposite_fill
1626,Fed Rate Hike by October 2026 Meeting?,2026-05-30T03:10:00+00:00,2026-05-30T03:11:00+00:00,0.0167,sell_yes,buy_yes,0.24,0.25,27.4807,-0.2748,-1,0.255,0.245,closed,opposite_fill
1627,Fed Rate Hike by October 2026 Meeting?,2026-05-30T03:11:00+00:00,2026-05-30T03:13:00+00:00,0.0333,buy_yes,sell_yes,0.25,0.24,91.2913,-0.9129,-1,0.245,0.26,closed,opposite_fill
1628,Will the Moderate Party (M) win the second most seats in the 2026 Swedish parliamentary election?,2026-05-30T03:10:00+00:00,2026-05-30T03:13:00+00:00,0.05,buy_yes,sell_yes,0.47,0.46,30.4833,-0.3048,-1,0.465,0.465,closed,opposite_fill
1629,Fed Rate Hike by October 2026 Meeting?,2026-05-30T03:13:00+00:00,2026-05-30T03:14:00+00:00,0.0167,sell_yes,buy_yes,0.24,0.25,11.9887,-0.1199,-1,0.26,0.24,closed,opposite_fill
1630,Will the Moderate Party (M) win the second most seats in the 2026 Swedish parliamentary election?,2026-05-30T03:13:00+00:00,2026-05-30T03:14:00+00:00,0.0167,sell_yes,buy_yes,0.46,0.46,33.3437,0,0,0.465,0.445,closed,opposite_fill
1631,Will the Moderate Party (M) win the second most seats in the 2026 Swedish parliamentary election?,2026-05-30T03:14:00+00:00,2026-05-30T03:15:00+00:00,0.0167,buy_yes,sell_yes,0.46,0.45,28.6243,-0.2862,-1,0.445,0.465,closed,opposite_fill
1632,Fed Rate Hike by October 2026 Meeting?,2026-05-30T03:14:00+00:00,2026-05-30T03:20:00+00:00,0.1,buy_yes,sell_yes,0.25,0.24,91.2913,-0.9129,-1,0.24,0.26,closed,opposite_fill
1633,Fed Rate Hike by October 2026 Meeting?,2026-05-30T03:20:00+00:00,2026-05-30T03:21:00+00:00,0.0167,sell_yes,buy_yes,0.24,0.25,11.9887,-0.1199,-1,0.26,0.245,closed,opposite_fill
1634,Fed Rate Hike by October 2026 Meeting?,2026-05-30T03:21:00+00:00,2026-05-30T03:24:00+00:00,0.05,buy_yes,sell_yes,0.25,0.24,91.2913,-0.9129,-1,0.245,0.245,closed,opposite_fill
1635,Will the Moderate Party (M) win the second most seats in the 2026 Swedish parliamentary election?,2026-05-30T03:15:00+00:00,2026-05-30T03:26:00+00:00,0.1833,sell_yes,buy_yes,0.45,0.47,38.9209,-0.7784,-2,0.465,0.44,closed,opposite_fill
1636,Will the Moderate Party (M) win the second most seats in the 2026 Swedish parliamentary election?,2026-05-30T03:26:00+00:00,2026-05-30T03:27:00+00:00,0.0167,buy_yes,sell_yes,0.47,0.45,23.0471,-0.4609,-2,0.44,0.455,closed,opposite_fill
1637,Will the Moderate Party (M) win the second most seats in the 2026 Swedish parliamentary election?,2026-05-30T03:27:00+00:00,2026-05-30T03:36:00+00:00,0.15,sell_yes,buy_yes,0.45,0.47,44.498,-0.89,-2,0.455,0.465,closed,opposite_fill
1638,Will the Moderate Party (M) win the second most seats in the 2026 Swedish parliamentary election?,2026-05-30T03:36:00+00:00,2026-05-30T03:37:00+00:00,0.0167,buy_yes,sell_yes,0.47,0.47,19.3291,0,0,0.465,0.475,closed,opposite_fill
1639,Fed Rate Hike by October 2026 Meeting?,2026-05-30T03:24:00+00:00,2026-05-30T03:38:00+00:00,0.2333,sell_yes,buy_yes,0.24,0.23,18.1855,0.1819,1,0.245,0.22,closed,opposite_fill
1640,Fed Rate Hike by October 2026 Meeting?,2026-05-30T03:38:00+00:00,2026-05-30T03:40:00+00:00,0.0333,buy_yes,sell_yes,0.23,0.24,85.0945,0.8509,1,0.22,0.255,closed,opposite_fill
1641,Fed Rate Hike by October 2026 Meeting?,2026-05-30T03:40:00+00:00,2026-05-30T03:41:00+00:00,0.0167,sell_yes,buy_yes,0.24,0.25,18.1855,-0.1819,-1,0.255,0.24,closed,opposite_fill
1642,Will the Sweden Democrats (SD) win the second most seats in the 2026 Swedish parliamentary election?,2026-05-30T00:28:00+00:00,2026-05-30T03:41:00+00:00,3.2167,sell_yes,buy_yes,0.48,0.48,19.2101,0,0,0.495,0.475,closed,opposite_fill
1643,Will the Sweden Democrats (SD) win the second most seats in the 2026 Swedish parliamentary election?,2026-05-30T03:41:00+00:00,2026-05-30T03:42:00+00:00,0.0167,buy_yes,sell_yes,0.48,0.48,42.7579,0,0,0.475,0.49,closed,opposite_fill
1644,Fed Rate Hike by October 2026 Meeting?,2026-05-30T03:41:00+00:00,2026-05-30T03:43:00+00:00,0.0333,buy_yes,sell_yes,0.25,0.23,94.3897,-1.8878,-2,0.24,0.255,closed,opposite_fill
1645,Fed Rate Hike by October 2026 Meeting?,2026-05-30T03:43:00+00:00,2026-05-30T03:44:00+00:00,0.0167,sell_yes,buy_yes,0.23,0.25,18.1855,-0.3637,-2,0.255,0.245,closed,opposite_fill
1646,Will the Moderate Party (M) win the second most seats in the 2026 Swedish parliamentary election?,2026-05-30T03:37:00+00:00,2026-05-30T03:45:00+00:00,0.1333,sell_yes,buy_yes,0.47,0.46,42.6389,0.4264,1,0.475,0.45,closed,opposite_fill
1647,Fed Rate Hike by October 2026 Meeting?,2026-05-30T03:44:00+00:00,2026-05-30T03:46:00+00:00,0.0333,buy_yes,sell_yes,0.25,0.22,85.0945,-2.5528,-3,0.245,0.225,closed,opposite_fill
1648,Will the Moderate Party (M) win the second most seats in the 2026 Swedish parliamentary election?,2026-05-30T03:45:00+00:00,2026-05-30T03:46:00+00:00,0.0167,buy_yes,sell_yes,0.46,0.46,19.3291,0,0,0.45,0.47,closed,opposite_fill
1649,Will the Sweden Democrats (SD) win the second most seats in the 2026 Swedish parliamentary election?,2026-05-30T03:42:00+00:00,2026-05-30T03:50:00+00:00,0.1333,sell_yes,buy_yes,0.48,0.48,19.2101,0,0,0.49,0.475,closed,opposite_fill
1650,Fed Rate Hike by October 2026 Meeting?,2026-05-30T03:46:00+00:00,2026-05-30T03:51:00+00:00,0.0833,sell_yes,buy_yes,0.22,0.25,18.1855,-0.5456,-3,0.225,0.215,closed,opposite_fill
1651,Will the Sweden Democrats (SD) win the second most seats in the 2026 Swedish parliamentary election?,2026-05-30T03:50:00+00:00,2026-05-30T03:51:00+00:00,0.0167,buy_yes,sell_yes,0.48,0.48,42.7579,0,0,0.475,0.485,closed,opposite_fill
1652,Will the Moderate Party (M) win the second most seats in the 2026 Swedish parliamentary election?,2026-05-30T03:46:00+00:00,2026-05-30T03:51:00+00:00,0.0833,sell_yes,buy_yes,0.46,0.47,42.6389,-0.4264,-1,0.47,0.465,closed,opposite_fill
1653,Will the Sweden Democrats (SD) win the second most seats in the 2026 Swedish parliamentary election?,2026-05-30T03:51:00+00:00,2026-05-30T03:52:00+00:00,0.0167,sell_yes,buy_yes,0.48,0.48,19.2101,0,0,0.485,0.475,closed,opposite_fill
1654,Will the Moderate Party (M) win the second most seats in the 2026 Swedish parliamentary election?,2026-05-30T03:51:00+00:00,2026-05-30T03:52:00+00:00,0.0167,buy_yes,sell_yes,0.47,0.47,19.3291,0,0,0.465,0.475,closed,opposite_fill
1655,Will the Moderate Party (M) win the second most seats in the 2026 Swedish parliamentary election?,2026-05-30T03:52:00+00:00,2026-05-30T03:54:00+00:00,0.0333,sell_yes,buy_yes,0.47,0.47,42.6389,0,0,0.475,0.46,closed,opposite_fill
1656,Will the Moderate Party (M) win the second most seats in the 2026 Swedish parliamentary election?,2026-05-30T03:54:00+00:00,2026-05-30T03:56:00+00:00,0.0333,buy_yes,sell_yes,0.47,0.47,21.1881,0,0,0.46,0.47,closed,opposite_fill
1657,Fed Rate Hike by October 2026 Meeting?,2026-05-30T03:51:00+00:00,2026-05-30T04:01:00+00:00,0.1667,buy_yes,sell_yes,0.25,0.24,85.0945,-0.8509,-1,0.215,0.26,closed,opposite_fill
1658,Fed Rate Hike by October 2026 Meeting?,2026-05-30T04:01:00+00:00,2026-05-30T04:02:00+00:00,0.0167,sell_yes,buy_yes,0.24,0.25,18.1855,-0.1819,-1,0.26,0.245,closed,opposite_fill
1659,Will the Sweden Democrats (SD) win the third most seats in the 2026 Swedish parliamentary election?,2026-05-30T02:55:00+00:00,2026-05-30T04:03:00+00:00,1.1333,sell_yes,buy_yes,0.23,0.25,3.71808,-0.0744,-2,0.31,0.235,closed,opposite_fill
1660,Will the Sweden Democrats (SD) win the third most seats in the 2026 Swedish parliamentary election?,2026-05-30T03:04:00+00:00,2026-05-30T04:03:00+00:00,0.9833,sell_yes,buy_yes,0.24,0.25,46.476,-0.4648,-1,0.335,0.235,closed,opposite_fill
1661,Fed Rate Hike by October 2026 Meeting?,2026-05-30T04:02:00+00:00,2026-05-30T04:06:00+00:00,0.0667,buy_yes,sell_yes,0.25,0.23,85.0945,-1.7019,-2,0.245,0.235,closed,opposite_fill
1662,Fed Rate Hike by October 2026 Meeting?,2026-05-30T04:06:00+00:00,2026-05-30T04:08:00+00:00,0.0333,sell_yes,buy_yes,0.23,0.25,18.1855,-0.3637,-2,0.235,0.235,closed,opposite_fill
1663,Will the Sweden Democrats (SD) win the third most seats in the 2026 Swedish parliamentary election?,2026-05-30T04:03:00+00:00,2026-05-30T04:10:00+00:00,0.1167,buy_yes,sell_yes,0.25,0.23,4.6476,-0.093,-2,0.235,0.315,closed,opposite_fill
1664,Fed Rate Hike by October 2026 Meeting?,2026-05-30T04:08:00+00:00,2026-05-30T04:12:00+00:00,0.0667,buy_yes,sell_yes,0.25,0.24,85.0945,-0.8509,-1,0.235,0.255,closed,opposite_fill
1665,Fed Rate Hike by October 2026 Meeting?,2026-05-30T04:12:00+00:00,2026-05-30T04:14:00+00:00,0.0333,sell_yes,buy_yes,0.24,0.25,18.1855,-0.1819,-1,0.255,0.245,closed,opposite_fill
1666,Fed Rate Hike by October 2026 Meeting?,2026-05-30T04:14:00+00:00,2026-05-30T04:15:00+00:00,0.0167,buy_yes,sell_yes,0.25,0.25,94.3897,0,0,0.245,0.26,closed,opposite_fill
1667,Fed Rate Hike by October 2026 Meeting?,2026-05-30T04:15:00+00:00,2026-05-30T04:17:00+00:00,0.0333,sell_yes,buy_yes,0.25,0.25,8.89034,0,0,0.26,0.235,closed,opposite_fill
1668,Will the Moderate Party (M) win the second most seats in the 2026 Swedish parliamentary election?,2026-05-30T03:56:00+00:00,2026-05-30T04:18:00+00:00,0.3667,sell_yes,buy_yes,0.47,0.47,42.6389,0,0,0.47,0.465,closed,opposite_fill
1669,Will the Moderate Party (M) win the second most seats in the 2026 Swedish parliamentary election?,2026-05-30T04:18:00+00:00,2026-05-30T04:19:00+00:00,0.0167,buy_yes,sell_yes,0.47,0.47,19.3291,0,0,0.465,0.48,closed,opposite_fill
1670,Fed Rate Hike by October 2026 Meeting?,2026-05-30T04:17:00+00:00,2026-05-30T04:20:00+00:00,0.05,buy_yes,sell_yes,0.25,0.23,94.3897,-1.8878,-2,0.235,0.255,closed,opposite_fill
1671,Fed Rate Hike by October 2026 Meeting?,2026-05-30T04:20:00+00:00,2026-05-30T04:21:00+00:00,0.0167,sell_yes,buy_yes,0.23,0.25,11.9887,-0.2398,-2,0.255,0.245,closed,opposite_fill
1672,Will the Moderate Party (M) win the second most seats in the 2026 Swedish parliamentary election?,2026-05-30T04:19:00+00:00,2026-05-30T04:21:00+00:00,0.0333,sell_yes,buy_yes,0.47,0.47,42.6389,0,0,0.48,0.46,closed,opposite_fill
1673,Will the Moderate Party (M) win the second most seats in the 2026 Swedish parliamentary election?,2026-05-30T04:21:00+00:00,2026-05-30T04:23:00+00:00,0.0333,buy_yes,sell_yes,0.47,0.47,24.9062,0,0,0.46,0.47,closed,opposite_fill
1674,Fed Rate Hike by October 2026 Meeting?,2026-05-30T04:21:00+00:00,2026-05-30T04:25:00+00:00,0.0667,buy_yes,sell_yes,0.25,0.23,91.2913,-1.8258,-2,0.245,0.26,closed,opposite_fill
1675,Will the Moderate Party (M) win the second most seats in the 2026 Swedish parliamentary election?,2026-05-30T04:23:00+00:00,2026-05-30T04:26:00+00:00,0.05,sell_yes,buy_yes,0.47,0.45,37.0618,0.7412,2,0.47,0.445,closed,opposite_fill
1676,Fed Rate Hike by October 2026 Meeting?,2026-05-30T04:25:00+00:00,2026-05-30T04:27:00+00:00,0.0333,sell_yes,buy_yes,0.23,0.25,21.2839,-0.4257,-2,0.26,0.245,closed,opposite_fill
1677,Will the Moderate Party (M) win the second most seats in the 2026 Swedish parliamentary election?,2026-05-30T04:26:00+00:00,2026-05-30T04:27:00+00:00,0.0167,buy_yes,sell_yes,0.45,0.45,24.9062,0,0,0.445,0.465,closed,opposite_fill
1678,Will the Moderate Party (M) win the second most seats in the 2026 Swedish parliamentary election?,2026-05-30T04:27:00+00:00,2026-05-30T04:28:00+00:00,0.0167,sell_yes,buy_yes,0.45,0.46,42.6389,-0.4264,-1,0.465,0.455,closed,opposite_fill
1679,Will the Moderate Party (M) win the second most seats in the 2026 Swedish parliamentary election?,2026-05-30T04:28:00+00:00,2026-05-30T04:29:00+00:00,0.0167,buy_yes,sell_yes,0.46,0.46,19.3291,0,0,0.455,0.465,closed,opposite_fill
1680,Fed Rate Hike by October 2026 Meeting?,2026-05-30T04:27:00+00:00,2026-05-30T04:30:00+00:00,0.05,buy_yes,sell_yes,0.25,0.24,94.3897,-0.9439,-1,0.245,0.275,closed,opposite_fill
1681,Will the Moderate Party (M) win the second most seats in the 2026 Swedish parliamentary election?,2026-05-30T04:29:00+00:00,2026-05-30T04:33:00+00:00,0.0667,sell_yes,buy_yes,0.46,0.47,46.357,-0.4636,-1,0.465,0.46,closed,opposite_fill
1682,Will the Moderate Party (M) win the second most seats in the 2026 Swedish parliamentary election?,2026-05-30T04:33:00+00:00,2026-05-30T04:34:00+00:00,0.0167,buy_yes,sell_yes,0.47,0.47,15.611,0,0,0.46,0.475,closed,opposite_fill
1683,Fed Rate Hike by October 2026 Meeting?,2026-05-30T04:30:00+00:00,2026-05-30T04:35:00+00:00,0.0833,sell_yes,buy_yes,0.24,0.25,8.89034,-0.0889,-1,0.275,0.245,closed,opposite_fill
1684,Fed Rate Hike by October 2026 Meeting?,2026-05-30T04:35:00+00:00,2026-05-30T04:40:00+00:00,0.0833,buy_yes,sell_yes,0.25,0.23,94.3897,-1.8878,-2,0.245,0.255,closed,opposite_fill
1685,Fed Rate Hike by October 2026 Meeting?,2026-05-30T04:40:00+00:00,2026-05-30T04:41:00+00:00,0.0167,sell_yes,buy_yes,0.23,0.25,8.89034,-0.1778,-2,0.255,0.235,closed,opposite_fill
1686,Fed Rate Hike by October 2026 Meeting?,2026-05-30T04:41:00+00:00,2026-05-30T04:44:00+00:00,0.05,buy_yes,sell_yes,0.25,0.23,94.3897,-1.8878,-2,0.235,0.245,closed,opposite_fill
1687,Fed Rate Hike by October 2026 Meeting?,2026-05-30T04:44:00+00:00,2026-05-30T04:45:00+00:00,0.0167,sell_yes,buy_yes,0.23,0.24,8.89034,-0.0889,-1,0.245,0.235,closed,opposite_fill
1688,Will the Moderate Party (M) win the second most seats in the 2026 Swedish parliamentary election?,2026-05-30T04:34:00+00:00,2026-05-30T04:45:00+00:00,0.1833,sell_yes,buy_yes,0.47,0.47,46.357,0,0,0.475,0.455,closed,opposite_fill
1689,Will the Moderate Party (M) win the second most seats in the 2026 Swedish parliamentary election?,2026-05-30T04:45:00+00:00,2026-05-30T04:46:00+00:00,0.0167,buy_yes,sell_yes,0.47,0.46,15.611,-0.1561,-1,0.455,0.48,closed,opposite_fill
1690,Fed Rate Hike by October 2026 Meeting?,2026-05-30T04:45:00+00:00,2026-05-30T04:48:00+00:00,0.05,buy_yes,sell_yes,0.24,0.23,103.685,-1.0368,-1,0.235,0.245,closed,opposite_fill
1691,Will the Moderate Party (M) win the second most seats in the 2026 Swedish parliamentary election?,2026-05-30T04:46:00+00:00,2026-05-30T04:48:00+00:00,0.0333,sell_yes,buy_yes,0.46,0.47,46.357,-0.4636,-1,0.48,0.465,closed,opposite_fill
1692,Will the Moderate Party (M) win the second most seats in the 2026 Swedish parliamentary election?,2026-05-30T04:48:00+00:00,2026-05-30T04:49:00+00:00,0.0167,buy_yes,sell_yes,0.47,0.47,15.611,0,0,0.465,0.485,closed,opposite_fill
1693,Will the Moderate Party (M) win the second most seats in the 2026 Swedish parliamentary election?,2026-05-30T04:49:00+00:00,2026-05-30T05:04:00+00:00,0.25,sell_yes,buy_yes,0.47,0.46,46.357,0.4636,1,0.485,0.46,closed,opposite_fill
1694,Will the Moderate Party (M) win the second most seats in the 2026 Swedish parliamentary election?,2026-05-30T05:04:00+00:00,2026-05-30T05:07:00+00:00,0.05,buy_yes,sell_yes,0.46,0.46,15.611,0,0,0.46,0.475,closed,opposite_fill
1695,Will the Moderate Party (M) win the second most seats in the 2026 Swedish parliamentary election?,2026-05-30T05:07:00+00:00,2026-05-30T05:08:00+00:00,0.0167,sell_yes,buy_yes,0.46,0.47,46.357,-0.4636,-1,0.475,0.445,closed,opposite_fill
1696,Will the Moderate Party (M) win the second most seats in the 2026 Swedish parliamentary election?,2026-05-30T05:08:00+00:00,2026-05-30T05:09:00+00:00,0.0167,buy_yes,sell_yes,0.47,0.45,15.611,-0.3122,-2,0.445,0.465,closed,opposite_fill
1697,Will the Moderate Party (M) win the second most seats in the 2026 Swedish parliamentary election?,2026-05-30T05:09:00+00:00,2026-05-30T05:17:00+00:00,0.1333,sell_yes,buy_yes,0.45,0.47,50.0751,-1.0015,-2,0.465,0.465,closed,opposite_fill
1698,Will the Moderate Party (M) win the second most seats in the 2026 Swedish parliamentary election?,2026-05-30T05:17:00+00:00,2026-05-30T05:18:00+00:00,0.0167,buy_yes,sell_yes,0.47,0.47,11.8929,0,0,0.465,0.475,closed,opposite_fill
1699,Will the Moderate Party (M) win the second most seats in the 2026 Swedish parliamentary election?,2026-05-30T05:18:00+00:00,2026-05-30T05:19:00+00:00,0.0167,sell_yes,buy_yes,0.47,0.47,50.0751,0,0,0.475,0.465,closed,opposite_fill
1700,Will the Moderate Party (M) win the second most seats in the 2026 Swedish parliamentary election?,2026-05-30T05:19:00+00:00,2026-05-30T05:21:00+00:00,0.0333,buy_yes,sell_yes,0.47,0.47,11.8929,0,0,0.465,0.475,closed,opposite_fill
1701,Will the Moderate Party (M) win the second most seats in the 2026 Swedish parliamentary election?,2026-05-30T05:21:00+00:00,2026-05-30T05:23:00+00:00,0.0333,sell_yes,buy_yes,0.47,0.47,50.0751,0,0,0.475,0.465,closed,opposite_fill
1702,Will the Moderate Party (M) win the second most seats in the 2026 Swedish parliamentary election?,2026-05-30T05:23:00+00:00,2026-05-30T05:26:00+00:00,0.05,buy_yes,sell_yes,0.47,0.46,11.8929,-0.1189,-1,0.465,0.465,closed,opposite_fill
1703,Will the Moderate Party (M) win the second most seats in the 2026 Swedish parliamentary election?,2026-05-30T05:26:00+00:00,2026-05-30T05:29:00+00:00,0.05,sell_yes,buy_yes,0.46,0.48,50.0751,-1.0015,-2,0.465,0.465,closed,opposite_fill
1704,Will the Moderate Party (M) win the second most seats in the 2026 Swedish parliamentary election?,2026-05-30T05:29:00+00:00,2026-05-30T05:36:00+00:00,0.1167,buy_yes,sell_yes,0.48,0.46,15.611,-0.3122,-2,0.465,0.475,closed,opposite_fill
1705,Will the Moderate Party (M) win the second most seats in the 2026 Swedish parliamentary election?,2026-05-30T05:36:00+00:00,2026-05-30T05:47:00+00:00,0.1833,sell_yes,buy_yes,0.46,0.48,46.357,-0.9271,-2,0.475,0.465,closed,opposite_fill
1706,Will the Moderate Party (M) win the second most seats in the 2026 Swedish parliamentary election?,2026-05-30T05:47:00+00:00,2026-05-30T05:48:00+00:00,0.0167,buy_yes,sell_yes,0.48,0.47,15.611,-0.1561,-1,0.465,0.47,closed,opposite_fill
1707,Will the Moderate Party (M) win the second most seats in the 2026 Swedish parliamentary election?,2026-05-30T05:48:00+00:00,2026-05-30T05:59:00+00:00,0.1833,sell_yes,buy_yes,0.47,0.48,46.357,-0.4636,-1,0.47,0.465,closed,opposite_fill
1708,Will the Moderate Party (M) win the second most seats in the 2026 Swedish parliamentary election?,2026-05-30T05:59:00+00:00,2026-05-30T06:00:00+00:00,0.0167,buy_yes,sell_yes,0.48,0.47,17.47,-0.1747,-1,0.465,0.48,closed,opposite_fill
1709,Will the Moderate Party (M) win the second most seats in the 2026 Swedish parliamentary election?,2026-05-30T06:00:00+00:00,2026-05-30T06:04:00+00:00,0.0667,sell_yes,buy_yes,0.47,0.46,44.498,0.445,1,0.48,0.46,closed,opposite_fill
1710,Will the Moderate Party (M) win the second most seats in the 2026 Swedish parliamentary election?,2026-05-30T06:04:00+00:00,2026-05-30T06:05:00+00:00,0.0167,buy_yes,sell_yes,0.46,0.47,17.47,0.1747,1,0.46,0.48,closed,opposite_fill
1711,Will the Moderate Party (M) win the second most seats in the 2026 Swedish parliamentary election?,2026-05-30T06:05:00+00:00,2026-05-30T06:07:00+00:00,0.0333,sell_yes,buy_yes,0.47,0.47,44.498,0,0,0.48,0.465,closed,opposite_fill
1712,Will the Moderate Party (M) win the second most seats in the 2026 Swedish parliamentary election?,2026-05-30T06:07:00+00:00,2026-05-30T06:09:00+00:00,0.0333,buy_yes,sell_yes,0.47,0.47,17.47,0,0,0.465,0.48,closed,opposite_fill
1713,Will the Moderate Party (M) win the second most seats in the 2026 Swedish parliamentary election?,2026-05-30T06:09:00+00:00,2026-05-30T06:15:00+00:00,0.1,sell_yes,buy_yes,0.47,0.47,44.498,0,0,0.48,0.46,closed,opposite_fill
1714,Will the Moderate Party (M) win the second most seats in the 2026 Swedish parliamentary election?,2026-05-30T06:15:00+00:00,2026-05-30T06:17:00+00:00,0.0333,buy_yes,sell_yes,0.47,0.47,17.47,0,0,0.46,0.47,closed,opposite_fill
1715,Will the Moderate Party (M) win the second most seats in the 2026 Swedish parliamentary election?,2026-05-30T06:17:00+00:00,2026-05-30T06:25:00+00:00,0.1333,sell_yes,buy_yes,0.47,0.47,44.498,0,0,0.47,0.465,closed,opposite_fill
1716,Will the Moderate Party (M) win the second most seats in the 2026 Swedish parliamentary election?,2026-05-30T06:25:00+00:00,2026-05-30T06:26:00+00:00,0.0167,buy_yes,sell_yes,0.47,0.47,17.47,0,0,0.465,0.48,closed,opposite_fill
1717,Will the Moderate Party (M) win the second most seats in the 2026 Swedish parliamentary election?,2026-05-30T06:26:00+00:00,2026-05-30T06:32:00+00:00,0.1,sell_yes,buy_yes,0.47,0.46,44.498,0.445,1,0.48,0.455,closed,opposite_fill
1718,Will the Moderate Party (M) win the second most seats in the 2026 Swedish parliamentary election?,2026-05-30T06:32:00+00:00,2026-05-30T06:33:00+00:00,0.0167,buy_yes,sell_yes,0.46,0.46,17.47,0,0,0.455,0.465,closed,opposite_fill
1719,Will the Moderate Party (M) win the second most seats in the 2026 Swedish parliamentary election?,2026-05-30T06:33:00+00:00,2026-05-30T06:34:00+00:00,0.0167,sell_yes,buy_yes,0.46,0.46,50.0751,0,0,0.465,0.45,closed,opposite_fill
1720,Will the Moderate Party (M) win the second most seats in the 2026 Swedish parliamentary election?,2026-05-30T06:34:00+00:00,2026-05-30T06:35:00+00:00,0.0167,buy_yes,sell_yes,0.46,0.46,11.8929,0,0,0.45,0.47,closed,opposite_fill
1721,Will the Moderate Party (M) win the second most seats in the 2026 Swedish parliamentary election?,2026-05-30T06:35:00+00:00,2026-05-30T06:37:00+00:00,0.0333,sell_yes,buy_yes,0.46,0.48,50.0751,-1.0015,-2,0.47,0.465,closed,opposite_fill
1722,Will the Moderate Party (M) win the second most seats in the 2026 Swedish parliamentary election?,2026-05-30T06:37:00+00:00,2026-05-30T06:38:00+00:00,0.0167,buy_yes,sell_yes,0.48,0.47,11.8929,-0.1189,-1,0.465,0.48,closed,opposite_fill
1723,Will the Moderate Party (M) win the second most seats in the 2026 Swedish parliamentary election?,2026-05-30T06:38:00+00:00,2026-05-30T06:41:00+00:00,0.05,sell_yes,buy_yes,0.47,0.46,50.0751,0.5008,1,0.48,0.46,closed,opposite_fill
1724,Will the Moderate Party (M) win the second most seats in the 2026 Swedish parliamentary election?,2026-05-30T06:41:00+00:00,2026-05-30T06:45:00+00:00,0.0667,buy_yes,sell_yes,0.46,0.47,11.8929,0.1189,1,0.46,0.47,closed,opposite_fill
1725,Will the Moderate Party (M) win the second most seats in the 2026 Swedish parliamentary election?,2026-05-30T06:45:00+00:00,2026-05-30T06:47:00+00:00,0.0333,sell_yes,buy_yes,0.47,0.46,50.0751,0.5008,1,0.47,0.45,closed,opposite_fill
1726,Will the Moderate Party (M) win the second most seats in the 2026 Swedish parliamentary election?,2026-05-30T06:47:00+00:00,2026-05-30T06:49:00+00:00,0.0333,buy_yes,sell_yes,0.46,0.45,11.8929,-0.1189,-1,0.45,0.455,closed,opposite_fill
1727,Will the Moderate Party (M) win the second most seats in the 2026 Swedish parliamentary election?,2026-05-30T06:49:00+00:00,2026-05-30T06:55:00+00:00,0.1,sell_yes,buy_yes,0.45,0.46,55.6522,-0.5565,-1,0.455,0.455,closed,opposite_fill
1728,Will the Sweden Democrats (SD) win the third most seats in the 2026 Swedish parliamentary election?,2026-05-30T04:10:00+00:00,2026-05-30T07:03:00+00:00,2.8833,sell_yes,buy_yes,0.23,0.24,41.8284,-0.4183,-1,0.315,0.23,closed,opposite_fill
1729,Will the Sweden Democrats (SD) win the third most seats in the 2026 Swedish parliamentary election?,2026-05-30T07:03:00+00:00,2026-05-30T07:20:00+00:00,0.2833,buy_yes,sell_yes,0.24,0.23,10.2247,-0.1022,-1,0.23,0.32,closed,opposite_fill
1730,Fed Rate Hike by October 2026 Meeting?,2026-05-30T04:48:00+00:00,2026-05-30T11:40:00+00:00,6.8667,sell_yes,buy_yes,0.23,0.24,5.79194,-0.0579,-1,0.245,0.22,closed,opposite_fill
1731,Fed Rate Hike by October 2026 Meeting?,2026-05-30T05:17:00+00:00,2026-05-30T11:40:00+00:00,6.3833,sell_yes,buy_yes,0.25,0.24,97.4881,0.9749,1,0.255,0.22,closed,opposite_fill
1732,Will the Sweden Democrats (SD) win the second most seats in the 2026 Swedish parliamentary election?,2026-05-30T03:52:00+00:00,2026-05-30T12:09:00+00:00,8.2833,buy_yes,sell_yes,0.48,0.36,42.7579,-5.131,-12,0.475,0.505,closed,opposite_fill
1733,Will the Sweden Democrats (SD) win the second most seats in the 2026 Swedish parliamentary election?,2026-05-30T12:09:00+00:00,2026-05-30T12:14:00+00:00,0.0833,sell_yes,buy_yes,0.36,0.49,19.2101,-2.4973,-13,0.505,0.435,closed,opposite_fill
1734,Will the Sweden Democrats (SD) win the second most seats in the 2026 Swedish parliamentary election?,2026-05-30T12:14:00+00:00,2026-05-30T12:16:00+00:00,0.0333,buy_yes,sell_yes,0.49,0.47,42.7579,-0.8552,-2,0.435,0.51,closed,opposite_fill
1735,Will the Sweden Democrats (SD) win the second most seats in the 2026 Swedish parliamentary election?,2026-05-30T12:16:00+00:00,2026-05-30T12:19:00+00:00,0.05,sell_yes,buy_yes,0.47,0.51,19.2101,-0.7684,-4,0.51,0.44,closed,opposite_fill
1736,Will the Moderate Party (M) win the second most seats in the 2026 Swedish parliamentary election?,2026-05-30T06:55:00+00:00,2026-05-30T12:19:00+00:00,5.4,buy_yes,sell_yes,0.46,0.46,6.31578,0,0,0.455,0.465,closed,opposite_fill
1737,Will the Sweden Democrats (SD) win the second most seats in the 2026 Swedish parliamentary election?,2026-05-30T12:19:00+00:00,2026-05-30T12:21:00+00:00,0.0333,buy_yes,sell_yes,0.51,0.47,42.7579,-1.7103,-4,0.44,0.495,closed,opposite_fill
1738,Will the Sweden Democrats (SD) win the second most seats in the 2026 Swedish parliamentary election?,2026-05-30T12:21:00+00:00,2026-05-30T12:24:00+00:00,0.05,sell_yes,buy_yes,0.47,0.55,21.0691,-1.6855,-8,0.495,0.5,closed,opposite_fill
1739,Fed Rate Hike by October 2026 Meeting?,2026-05-30T05:17:00+00:00,2026-05-30T12:34:00+00:00,7.2833,sell_yes,buy_yes,0.25,0.23,5.79194,0.1158,2,0.255,0.23,closed,opposite_fill
1740,Fed Rate Hike by October 2026 Meeting?,2026-05-30T12:00:00+00:00,2026-05-30T12:34:00+00:00,0.5667,sell_yes,buy_yes,0.25,0.23,97.4881,1.9498,2,0.26,0.23,closed,opposite_fill
1741,Will the Sweden Democrats (SD) win the second most seats in the 2026 Swedish parliamentary election?,2026-05-30T12:24:00+00:00,2026-05-30T12:45:00+00:00,0.35,buy_yes,sell_yes,0.55,0.46,40.8989,-3.6809,-9,0.5,0.5,closed,opposite_fill
1742,Fed Rate Hike by October 2026 Meeting?,2026-05-30T12:00:00+00:00,2026-05-30T15:01:00+00:00,3.0167,sell_yes,buy_yes,0.25,0.22,5.79194,0.1738,3,0.26,0.215,closed,opposite_fill
1743,Fed Rate Hike by October 2026 Meeting?,2026-05-30T12:51:00+00:00,2026-05-30T15:01:00+00:00,2.1667,sell_yes,buy_yes,0.25,0.22,97.4881,2.9246,3,0.265,0.215,closed,opposite_fill
1744,Fed Rate Hike by October 2026 Meeting?,2026-05-30T12:51:00+00:00,2026-05-30T15:05:00+00:00,2.2333,sell_yes,buy_yes,0.25,0.23,5.79194,0.1158,2,0.265,0.23,closed,opposite_fill
1745,Fed Rate Hike by October 2026 Meeting?,2026-05-30T15:05:00+00:00,2026-05-30T15:18:00+00:00,0.2167,buy_yes,sell_yes,0.23,0.27,47.9219,1.9169,4,0.23,0.275,closed,opposite_fill
1746,Fed Rate Hike by October 2026 Meeting?,2026-05-30T15:05:00+00:00,2026-05-30T15:41:00+00:00,0.6,buy_yes,sell_yes,0.23,0.26,52.6645,1.5799,3,0.23,0.28,closed,opposite_fill
1747,Fed Rate Hike by October 2026 Meeting?,2026-05-30T15:41:00+00:00,2026-05-30T17:37:00+00:00,1.9333,sell_yes,buy_yes,0.26,0.23,50.6155,1.5185,3,0.28,0.23,closed,opposite_fill
1748,Fed Rate Hike by October 2026 Meeting?,2026-05-30T17:37:00+00:00,2026-05-30T17:51:00+00:00,0.2333,buy_yes,sell_yes,0.23,0.26,47.9219,1.4377,3,0.23,0.265,closed,opposite_fill
1749,Fed Rate Hike by October 2026 Meeting?,2026-05-30T17:37:00+00:00,2026-05-30T18:00:00+00:00,0.3833,buy_yes,sell_yes,0.23,0.25,4.74262,0.0949,2,0.23,0.26,closed,opposite_fill
1750,Fed Rate Hike by October 2026 Meeting?,2026-05-30T18:00:00+00:00,2026-05-30T19:32:00+00:00,1.5333,sell_yes,buy_yes,0.25,0.23,43.1793,0.8636,2,0.26,0.22,closed,opposite_fill
1751,Will the Sweden Democrats (SD) win the second most seats in the 2026 Swedish parliamentary election?,2026-05-30T12:45:00+00:00,2026-05-30T19:52:00+00:00,7.1167,sell_yes,buy_yes,0.46,0.52,22.9282,-1.3757,-6,0.5,0.5,closed,opposite_fill
1752,Fed Rate Hike by October 2026 Meeting?,2026-05-30T19:32:00+00:00,2026-05-30T20:00:00+00:00,0.4667,buy_yes,sell_yes,0.23,0.25,60.1007,1.202,2,0.22,0.255,closed,opposite_fill
1753,Fed Rate Hike by October 2026 Meeting?,2026-05-30T20:00:00+00:00,2026-05-30T20:10:00+00:00,0.1667,sell_yes,buy_yes,0.25,0.23,43.1793,0.8636,2,0.255,0.23,closed,opposite_fill
1754,Fed Rate Hike by October 2026 Meeting?,2026-05-30T20:10:00+00:00,2026-05-30T20:29:00+00:00,0.3167,buy_yes,sell_yes,0.23,0.25,4.74262,0.0949,2,0.23,0.255,closed,opposite_fill
1755,Will the Moderate Party (M) win the second most seats in the 2026 Swedish parliamentary election?,2026-05-30T12:19:00+00:00,2026-05-30T21:40:00+00:00,9.35,sell_yes,buy_yes,0.46,0.44,61.2293,1.2246,2,0.465,0.44,closed,opposite_fill
1756,Fed Rate Hike by October 2026 Meeting?,2026-05-30T20:29:00+00:00,2026-05-30T23:27:00+00:00,2.9667,sell_yes,buy_yes,0.25,0.23,43.1793,0.8636,2,0.255,0.23,closed,opposite_fill
1757,Bab el-Mandeb Strait effectively closed by September 30?,2026-05-30T01:00:00+00:00,2026-05-31T00:00:00+00:00,23,buy_yes,sell_yes,0.33,0.16,6.1968,-1.0535,-17,0.15,0.335,closed,opposite_fill
1758,Will Édouard Philippe win the 2027 French presidential election?,2026-05-30T00:10:00+00:00,2026-05-31T00:03:00+00:00,23.8833,sell_yes,buy_yes,0.13,0.36,1.5492,-0.3563,-23,0.145,0.18,closed,opposite_fill
1759,Fed Rate Hike by October 2026 Meeting?,2026-05-30T23:27:00+00:00,2026-05-31T00:05:00+00:00,0.6333,buy_yes,sell_yes,0.23,0.15,60.1007,-4.8081,-8,0.23,0.26,closed,opposite_fill
1760,Will Harry Kane win the 2026 Ballon d'Or?,2026-05-29T00:12:00+00:00,2026-05-31T00:05:00+00:00,47.8833,buy_yes,sell_yes,0.28,0.21,0.85206,-0.0596,-7,0.246,0.255,closed,opposite_fill
1761,Will the Moderate Party (M) win the second most seats in the 2026 Swedish parliamentary election?,2026-05-30T21:40:00+00:00,2026-05-31T00:05:00+00:00,2.4167,buy_yes,sell_yes,0.44,0.46,0.738658,0.0148,2,0.44,0.475,closed,opposite_fill
1762,Will the Moderate Party (M) win the second most seats in the 2026 Swedish parliamentary election?,2026-05-30T23:26:00+00:00,2026-05-31T00:05:00+00:00,0.65,buy_yes,sell_yes,0.45,0.46,61.2293,0.6123,1,0.45,0.475,closed,opposite_fill
1763,Fed Rate Hike by October 2026 Meeting?,2026-05-31T00:05:00+00:00,2026-05-31T00:07:00+00:00,0.0333,sell_yes,buy_yes,0.15,0.26,43.1793,-4.7497,-11,0.26,0.225,closed,opposite_fill
1764,Fed Rate Hike by October 2026 Meeting?,2026-05-31T00:07:00+00:00,2026-05-31T00:11:00+00:00,0.0667,buy_yes,sell_yes,0.26,0.23,60.1007,-1.803,-3,0.225,0.255,closed,opposite_fill
1765,Fed Rate Hike by October 2026 Meeting?,2026-05-31T00:11:00+00:00,2026-05-31T00:14:00+00:00,0.05,sell_yes,buy_yes,0.23,0.24,43.1793,-0.4318,-1,0.255,0.22,closed,opposite_fill
1766,Fed Rate Hike by October 2026 Meeting?,2026-05-31T00:14:00+00:00,2026-05-31T00:15:00+00:00,0.0167,buy_yes,sell_yes,0.24,0.23,60.1007,-0.601,-1,0.22,0.24,closed,opposite_fill
1767,Bab el-Mandeb Strait effectively closed by September 30?,2026-05-31T00:00:00+00:00,2026-05-31T00:15:00+00:00,0.25,sell_yes,buy_yes,0.16,0.18,97.0832,-1.9417,-2,0.335,0.115,closed,opposite_fill
1768,Fed Rate Hike by October 2026 Meeting?,2026-05-31T00:15:00+00:00,2026-05-31T00:17:00+00:00,0.0333,sell_yes,buy_yes,0.23,0.23,43.1793,0,0,0.24,0.225,closed,opposite_fill
1769,Fed Rate Hike by October 2026 Meeting?,2026-05-31T00:17:00+00:00,2026-05-31T00:18:00+00:00,0.0167,buy_yes,sell_yes,0.23,0.23,60.1007,0,0,0.225,0.25,closed,opposite_fill
1770,Fed Rate Hike by October 2026 Meeting?,2026-05-31T00:18:00+00:00,2026-05-31T00:20:00+00:00,0.0333,sell_yes,buy_yes,0.23,0.24,43.1793,-0.4318,-1,0.25,0.235,closed,opposite_fill
1771,Fed Rate Hike by October 2026 Meeting?,2026-05-31T00:20:00+00:00,2026-05-31T00:22:00+00:00,0.0333,buy_yes,sell_yes,0.24,0.23,60.1007,-0.601,-1,0.235,0.25,closed,opposite_fill
1772,Fed Rate Hike by October 2026 Meeting?,2026-05-31T00:22:00+00:00,2026-05-31T00:26:00+00:00,0.0667,sell_yes,buy_yes,0.23,0.26,43.1793,-1.2954,-3,0.25,0.24,closed,opposite_fill
1773,Fed Rate Hike by October 2026 Meeting?,2026-05-31T00:26:00+00:00,2026-05-31T00:34:00+00:00,0.1333,buy_yes,sell_yes,0.26,0.17,94.1831,-8.4765,-9,0.24,0.25,closed,opposite_fill
1774,Fed Rate Hike by October 2026 Meeting?,2026-05-31T00:34:00+00:00,2026-05-31T00:40:00+00:00,0.1,sell_yes,buy_yes,0.17,0.24,9.0969,-0.6368,-7,0.25,0.225,closed,opposite_fill
1775,Fed Rate Hike by October 2026 Meeting?,2026-05-31T00:40:00+00:00,2026-05-31T00:41:00+00:00,0.0167,buy_yes,sell_yes,0.24,0.23,94.1831,-0.9418,-1,0.225,0.255,closed,opposite_fill
1776,Fed Rate Hike by October 2026 Meeting?,2026-05-31T00:41:00+00:00,2026-05-31T00:42:00+00:00,0.0167,sell_yes,buy_yes,0.23,0.25,9.0969,-0.1819,-2,0.255,0.235,closed,opposite_fill
1777,Fed Rate Hike by October 2026 Meeting?,2026-05-31T00:42:00+00:00,2026-05-31T00:44:00+00:00,0.0333,buy_yes,sell_yes,0.25,0.23,94.1831,-1.8837,-2,0.235,0.25,closed,opposite_fill
1778,Fed Rate Hike by October 2026 Meeting?,2026-05-31T00:44:00+00:00,2026-05-31T00:46:00+00:00,0.0333,sell_yes,buy_yes,0.23,0.23,9.0969,0,0,0.25,0.23,closed,opposite_fill
1779,Fed Rate Hike by October 2026 Meeting?,2026-05-31T00:46:00+00:00,2026-05-31T00:47:00+00:00,0.0167,buy_yes,sell_yes,0.23,0.23,94.1831,0,0,0.23,0.25,closed,opposite_fill
1780,Fed Rate Hike by October 2026 Meeting?,2026-05-31T00:47:00+00:00,2026-05-31T00:48:00+00:00,0.0167,sell_yes,buy_yes,0.23,0.24,9.0969,-0.091,-1,0.25,0.235,closed,opposite_fill
1781,Fed Rate Hike by October 2026 Meeting?,2026-05-31T00:48:00+00:00,2026-05-31T00:50:00+00:00,0.0333,buy_yes,sell_yes,0.24,0.23,103.28,-1.0328,-1,0.235,0.25,closed,opposite_fill
1782,Fed Rate Hike by October 2026 Meeting?,2026-05-31T00:48:00+00:00,2026-05-31T01:18:00+00:00,0.5,buy_yes,sell_yes,0.24,0.25,0.198296,0.002,1,0.235,0.255,closed,opposite_fill
1783,Will the Sweden Democrats (SD) win the third most seats in the 2026 Swedish parliamentary election?,2026-05-30T07:20:00+00:00,2026-05-31T01:22:00+00:00,18.0333,sell_yes,buy_yes,0.23,0.33,36.2513,-3.6251,-10,0.32,0.315,closed,opposite_fill
1784,Will the Sweden Democrats (SD) win the third most seats in the 2026 Swedish parliamentary election?,2026-05-31T01:22:00+00:00,2026-05-31T02:10:00+00:00,0.8,buy_yes,sell_yes,0.33,0.23,10.2247,-1.0225,-10,0.315,0.235,closed,opposite_fill
1785,Fed Rate Hike by October 2026 Meeting?,2026-05-31T01:18:00+00:00,2026-05-31T02:24:00+00:00,1.1,sell_yes,buy_yes,0.25,0.23,103.082,2.0616,2,0.255,0.225,closed,opposite_fill
1786,Will the Moderate Party (M) win the third most seats in the 2026 Swedish parliamentary election?,2026-05-29T22:35:00+00:00,2026-05-31T02:25:00+00:00,27.8333,buy_yes,sell_yes,0.51,0.54,6.59959,0.198,3,0.475,0.545,closed,opposite_fill
1787,Will the Moderate Party (M) win the third most seats in the 2026 Swedish parliamentary election?,2026-05-30T18:43:00+00:00,2026-05-31T02:25:00+00:00,7.7,buy_yes,sell_yes,0.51,0.54,39.8764,1.1963,3,0.5,0.545,closed,opposite_fill
1788,Fed Rate Hike by October 2026 Meeting?,2026-05-31T02:24:00+00:00,2026-05-31T02:27:00+00:00,0.05,buy_yes,sell_yes,0.23,0.25,0.198296,0.004,2,0.225,0.26,closed,opposite_fill
1789,Will the Moderate Party (M) win the third most seats in the 2026 Swedish parliamentary election?,2026-05-30T18:43:00+00:00,2026-05-31T03:23:00+00:00,8.6667,buy_yes,sell_yes,0.51,0.54,6.59959,0.198,3,0.5,0.575,closed,opposite_fill
1790,Will the Sweden Democrats (SD) win the third most seats in the 2026 Swedish parliamentary election?,2026-05-31T02:10:00+00:00,2026-05-31T03:25:00+00:00,1.25,sell_yes,buy_yes,0.23,0.23,36.2513,0,0,0.235,0.205,closed,opposite_fill
1791,Will the Sweden Democrats (SD) win the third most seats in the 2026 Swedish parliamentary election?,2026-05-31T03:25:00+00:00,2026-05-31T03:27:00+00:00,0.0333,buy_yes,sell_yes,0.23,0.21,10.2247,-0.2045,-2,0.205,0.21,closed,opposite_fill
1792,Will the Sweden Democrats (SD) win the second most seats in the 2026 Swedish parliamentary election?,2026-05-30T19:52:00+00:00,2026-05-31T03:28:00+00:00,7.6,buy_yes,sell_yes,0.52,0.52,39.0398,0,0,0.5,0.525,closed,opposite_fill
1793,Will the Sweden Democrats (SD) win the second most seats in the 2026 Swedish parliamentary election?,2026-05-31T03:28:00+00:00,2026-05-31T03:38:00+00:00,0.1667,sell_yes,buy_yes,0.52,0.61,47.0957,-4.2386,-9,0.525,0.51,closed,opposite_fill
1794,Will the Sweden Democrats (SD) win the second most seats in the 2026 Swedish parliamentary election?,2026-05-31T03:38:00+00:00,2026-05-31T03:43:00+00:00,0.0833,buy_yes,sell_yes,0.61,0.53,14.8723,-1.1898,-8,0.51,0.54,closed,opposite_fill
1795,Will the Sweden Democrats (SD) win the second most seats in the 2026 Swedish parliamentary election?,2026-05-31T03:43:00+00:00,2026-05-31T03:50:00+00:00,0.1167,sell_yes,buy_yes,0.53,0.58,61.968,-3.0984,-5,0.54,0.555,closed,opposite_fill
1796,Will the Sweden Democrats (SD) win the second most seats in the 2026 Swedish parliamentary election?,2026-05-31T03:43:00+00:00,2026-05-31T04:03:00+00:00,0.3333,sell_yes,buy_yes,0.53,0.57,1.85904,-0.0744,-4,0.54,0.49,closed,opposite_fill
1797,Will the Sweden Democrats (SD) win the third most seats in the 2026 Swedish parliamentary election?,2026-05-31T03:27:00+00:00,2026-05-31T04:20:00+00:00,0.8833,sell_yes,buy_yes,0.21,0.28,36.2513,-2.5376,-7,0.21,0.28,closed,opposite_fill
1798,Will the Sweden Democrats (SD) win the second most seats in the 2026 Swedish parliamentary election?,2026-05-31T04:03:00+00:00,2026-05-31T04:28:00+00:00,0.4167,buy_yes,sell_yes,0.57,0.56,26.8941,-0.2689,-1,0.49,0.565,closed,opposite_fill
1799,Will the Sweden Democrats (SD) win the second most seats in the 2026 Swedish parliamentary election?,2026-05-31T04:28:00+00:00,2026-05-31T04:32:00+00:00,0.0667,sell_yes,buy_yes,0.56,0.56,33.9287,0,0,0.565,0.535,closed,opposite_fill
1800,Will the Moderate Party (M) win the third most seats in the 2026 Swedish parliamentary election?,2026-05-31T03:23:00+00:00,2026-05-31T04:35:00+00:00,1.2,sell_yes,buy_yes,0.54,0.5,39.8764,1.5951,4,0.575,0.46,closed,opposite_fill
1801,Will the Sweden Democrats (SD) win the second most seats in the 2026 Swedish parliamentary election?,2026-05-31T04:28:00+00:00,2026-05-31T04:46:00+00:00,0.3,sell_yes,buy_yes,0.56,0.58,1.14517,-0.0229,-2,0.565,0.48,closed,opposite_fill
1802,Will the Sweden Democrats (SD) win the second most seats in the 2026 Swedish parliamentary election?,2026-05-31T04:46:00+00:00,2026-05-31T04:57:00+00:00,0.1833,buy_yes,sell_yes,0.58,0.58,27.608,0,0,0.48,0.585,closed,opposite_fill
1803,Will the Sweden Democrats (SD) win the second most seats in the 2026 Swedish parliamentary election?,2026-05-31T04:57:00+00:00,2026-05-31T04:59:00+00:00,0.0333,sell_yes,buy_yes,0.58,0.56,28.7532,0.5751,2,0.585,0.51,closed,opposite_fill
1804,Will the Sweden Democrats (SD) win the second most seats in the 2026 Swedish parliamentary election?,2026-05-31T04:57:00+00:00,2026-05-31T05:11:00+00:00,0.2333,sell_yes,buy_yes,0.58,0.6,5.60686,-0.1121,-2,0.585,0.53,closed,opposite_fill
1805,Will the Sweden Democrats (SD) win the third most seats in the 2026 Swedish parliamentary election?,2026-05-31T04:20:00+00:00,2026-05-31T05:31:00+00:00,1.1833,buy_yes,sell_yes,0.28,0.22,24.1675,-1.4501,-6,0.28,0.22,closed,opposite_fill
1806,Will the Moderate Party (M) win the second most seats in the 2026 Swedish parliamentary election?,2026-05-30T23:26:00+00:00,2026-05-31T05:33:00+00:00,6.1167,buy_yes,sell_yes,0.45,0.39,0.738658,-0.0443,-6,0.45,0.445,closed,opposite_fill
1807,Will the Sweden Democrats (SD) win the second most seats in the 2026 Swedish parliamentary election?,2026-05-31T05:11:00+00:00,2026-05-31T05:56:00+00:00,0.75,buy_yes,sell_yes,0.6,0.55,23.1463,-1.1573,-5,0.53,0.595,closed,opposite_fill
1808,Will the Sweden Democrats (SD) win the second most seats in the 2026 Swedish parliamentary election?,2026-05-31T05:23:00+00:00,2026-05-31T05:56:00+00:00,0.55,buy_yes,sell_yes,0.59,0.55,28.7532,-1.1501,-4,0.505,0.595,closed,opposite_fill
1809,Will the Sweden Democrats (SD) win the second most seats in the 2026 Swedish parliamentary election?,2026-05-31T05:56:00+00:00,2026-05-31T06:00:00+00:00,0.0667,sell_yes,buy_yes,0.55,0.56,10.0686,-0.1007,-1,0.595,0.515,closed,opposite_fill
1810,Will the Sweden Democrats (SD) win the second most seats in the 2026 Swedish parliamentary election?,2026-05-31T06:00:00+00:00,2026-05-31T06:23:00+00:00,0.3833,buy_yes,sell_yes,0.56,0.56,51.8994,0,0,0.515,0.565,closed,opposite_fill
1811,Will the Sweden Democrats (SD) win the second most seats in the 2026 Swedish parliamentary election?,2026-05-31T06:23:00+00:00,2026-05-31T06:28:00+00:00,0.0833,sell_yes,buy_yes,0.56,0.56,10.0686,0,0,0.565,0.53,closed,opposite_fill
1812,Will the Sweden Democrats (SD) win the second most seats in the 2026 Swedish parliamentary election?,2026-05-31T06:28:00+00:00,2026-05-31T06:49:00+00:00,0.35,buy_yes,sell_yes,0.56,0.55,61.1946,-0.6119,-1,0.53,0.57,closed,opposite_fill
1813,Will the Sweden Democrats (SD) win the second most seats in the 2026 Swedish parliamentary election?,2026-05-31T06:49:00+00:00,2026-05-31T06:55:00+00:00,0.1,sell_yes,buy_yes,0.55,0.55,4.49144,0,0,0.57,0.51,closed,opposite_fill
1814,Will the Sweden Democrats (SD) win the second most seats in the 2026 Swedish parliamentary election?,2026-05-31T06:55:00+00:00,2026-05-31T07:03:00+00:00,0.1333,buy_yes,sell_yes,0.55,0.55,63.0537,0,0,0.51,0.575,closed,opposite_fill
1815,Will the Sweden Democrats (SD) win the third most seats in the 2026 Swedish parliamentary election?,2026-05-31T05:31:00+00:00,2026-05-31T07:05:00+00:00,1.5667,sell_yes,buy_yes,0.22,0.36,22.3085,-3.1232,-14,0.22,0.33,closed,opposite_fill
1816,Will the Sweden Democrats (SD) win the third most seats in the 2026 Swedish parliamentary election?,2026-05-31T07:05:00+00:00,2026-05-31T07:06:00+00:00,0.0167,buy_yes,sell_yes,0.36,0.34,24.1675,-0.4834,-2,0.33,0.365,closed,opposite_fill
1817,Will the Sweden Democrats (SD) win the second most seats in the 2026 Swedish parliamentary election?,2026-05-31T07:03:00+00:00,2026-05-31T07:19:00+00:00,0.2667,sell_yes,buy_yes,0.55,0.57,10.0686,-0.2014,-2,0.575,0.495,closed,opposite_fill
1818,Will the Sweden Democrats (SD) win the second most seats in the 2026 Swedish parliamentary election?,2026-05-31T07:19:00+00:00,2026-05-31T07:26:00+00:00,0.1167,buy_yes,sell_yes,0.57,0.57,51.8994,0,0,0.495,0.575,closed,opposite_fill
1819,Will the Sweden Democrats (SD) win the second most seats in the 2026 Swedish parliamentary election?,2026-05-31T07:26:00+00:00,2026-05-31T07:32:00+00:00,0.1,sell_yes,buy_yes,0.57,0.55,19.3638,0.3873,2,0.575,0.52,closed,opposite_fill
1820,Will the Sweden Democrats (SD) win the third most seats in the 2026 Swedish parliamentary election?,2026-05-31T07:06:00+00:00,2026-05-31T07:36:00+00:00,0.5,sell_yes,buy_yes,0.34,0.37,22.3085,-0.6693,-3,0.365,0.345,closed,opposite_fill
1821,Will the Sweden Democrats (SD) win the second most seats in the 2026 Swedish parliamentary election?,2026-05-31T07:32:00+00:00,2026-05-31T07:42:00+00:00,0.1667,buy_yes,sell_yes,0.55,0.57,50.0404,1.0008,2,0.52,0.59,closed,opposite_fill
1822,Will the Moderate Party (M) win the third most seats in the 2026 Swedish parliamentary election?,2026-05-31T04:35:00+00:00,2026-05-31T07:44:00+00:00,3.15,buy_yes,sell_yes,0.5,0.58,6.59959,0.528,8,0.46,0.585,closed,opposite_fill
1823,Will the Sweden Democrats (SD) win the second most seats in the 2026 Swedish parliamentary election?,2026-05-31T07:42:00+00:00,2026-05-31T07:45:00+00:00,0.05,sell_yes,buy_yes,0.57,0.57,11.9276,0,0,0.59,0.555,closed,opposite_fill
1824,Will the Sweden Democrats (SD) win the third most seats in the 2026 Swedish parliamentary election?,2026-05-31T07:36:00+00:00,2026-05-31T07:52:00+00:00,0.2667,buy_yes,sell_yes,0.37,0.34,24.1675,-0.725,-3,0.345,0.375,closed,opposite_fill
1825,Will the Sweden Democrats (SD) win the second most seats in the 2026 Swedish parliamentary election?,2026-05-31T07:45:00+00:00,2026-05-31T07:56:00+00:00,0.1833,buy_yes,sell_yes,0.57,0.58,50.0404,0.5004,1,0.555,0.585,closed,opposite_fill
1826,Will the Sweden Democrats (SD) win the third most seats in the 2026 Swedish parliamentary election?,2026-05-31T07:52:00+00:00,2026-05-31T08:02:00+00:00,0.1667,sell_yes,buy_yes,0.34,0.37,22.3085,-0.6693,-3,0.375,0.365,closed,opposite_fill
1827,Will the Sweden Democrats (SD) win the third most seats in the 2026 Swedish parliamentary election?,2026-05-31T08:02:00+00:00,2026-05-31T08:13:00+00:00,0.1833,buy_yes,sell_yes,0.37,0.35,29.7446,-0.5949,-2,0.365,0.395,closed,opposite_fill
1828,Will the Sweden Democrats (SD) win the second most seats in the 2026 Swedish parliamentary election?,2026-05-31T07:56:00+00:00,2026-05-31T08:13:00+00:00,0.2833,sell_yes,buy_yes,0.58,0.58,11.9276,0,0,0.585,0.49,closed,opposite_fill
1829,Fed Rate Hike by October 2026 Meeting?,2026-05-31T02:27:00+00:00,2026-05-31T08:17:00+00:00,5.8333,sell_yes,buy_yes,0.25,0.23,47.7236,0.9545,2,0.26,0.22,closed,opposite_fill
1830,Fed Rate Hike by October 2026 Meeting?,2026-05-31T08:17:00+00:00,2026-05-31T08:29:00+00:00,0.2,buy_yes,sell_yes,0.23,0.25,47.9219,0.9584,2,0.22,0.255,closed,opposite_fill
1831,Will the Sweden Democrats (SD) win the second most seats in the 2026 Swedish parliamentary election?,2026-05-31T08:13:00+00:00,2026-05-31T08:34:00+00:00,0.35,buy_yes,sell_yes,0.58,0.59,50.0404,0.5004,1,0.49,0.6,closed,opposite_fill
1832,Will the Sweden Democrats (SD) win the second most seats in the 2026 Swedish parliamentary election?,2026-05-31T08:34:00+00:00,2026-05-31T08:36:00+00:00,0.0333,sell_yes,buy_yes,0.59,0.57,11.9276,0.2386,2,0.6,0.51,closed,opposite_fill
1833,Fed Rate Hike by October 2026 Meeting?,2026-05-31T08:17:00+00:00,2026-05-31T08:41:00+00:00,0.4,buy_yes,sell_yes,0.23,0.25,7.63446,0.1527,2,0.22,0.255,closed,opposite_fill
1834,Will the Sweden Democrats (SD) win the second most seats in the 2026 Swedish parliamentary election?,2026-05-31T08:36:00+00:00,2026-05-31T08:43:00+00:00,0.1167,buy_yes,sell_yes,0.57,0.55,50.0404,-1.0008,-2,0.51,0.56,closed,opposite_fill
1835,Will the Sweden Democrats (SD) win the second most seats in the 2026 Swedish parliamentary election?,2026-05-31T08:43:00+00:00,2026-05-31T08:49:00+00:00,0.1,sell_yes,buy_yes,0.55,0.59,37.9542,-1.5182,-4,0.56,0.56,closed,opposite_fill
1836,Will the Sweden Democrats (SD) win the second most seats in the 2026 Swedish parliamentary election?,2026-05-31T08:49:00+00:00,2026-05-31T09:00:00+00:00,0.1833,buy_yes,sell_yes,0.59,0.56,31.45,-0.9435,-3,0.56,0.57,closed,opposite_fill
1837,Will the Sweden Democrats (SD) win the third most seats in the 2026 Swedish parliamentary election?,2026-05-31T08:13:00+00:00,2026-05-31T09:01:00+00:00,0.8,sell_yes,buy_yes,0.35,0.38,16.7314,-0.5019,-3,0.395,0.365,closed,opposite_fill
1838,Will the Sweden Democrats (SD) win the second most seats in the 2026 Swedish parliamentary election?,2026-05-31T09:00:00+00:00,2026-05-31T09:03:00+00:00,0.05,sell_yes,buy_yes,0.56,0.56,30.518,0,0,0.57,0.49,closed,opposite_fill
1839,Will the Sweden Democrats (SD) win the third most seats in the 2026 Swedish parliamentary election?,2026-05-31T09:01:00+00:00,2026-05-31T09:27:00+00:00,0.4333,buy_yes,sell_yes,0.38,0.36,32.5332,-0.6507,-2,0.365,0.385,closed,opposite_fill
1840,Will the Sweden Democrats (SD) win the second most seats in the 2026 Swedish parliamentary election?,2026-05-31T09:03:00+00:00,2026-05-31T09:28:00+00:00,0.4167,buy_yes,sell_yes,0.56,0.56,35.1681,0,0,0.49,0.57,closed,opposite_fill
1841,Will the Sweden Democrats (SD) win the second most seats in the 2026 Swedish parliamentary election?,2026-05-31T09:28:00+00:00,2026-05-31T09:32:00+00:00,0.0667,sell_yes,buy_yes,0.56,0.55,26.7999,0.268,1,0.57,0.495,closed,opposite_fill
1842,Will the Sweden Democrats (SD) win the third most seats in the 2026 Swedish parliamentary election?,2026-05-31T09:27:00+00:00,2026-05-31T09:45:00+00:00,0.3,sell_yes,buy_yes,0.36,0.38,13.9428,-0.2789,-2,0.385,0.265,closed,opposite_fill
1843,Fed Rate Hike by October 2026 Meeting?,2026-05-31T08:41:00+00:00,2026-05-31T09:50:00+00:00,1.15,sell_yes,buy_yes,0.25,0.23,40.2875,0.8057,2,0.255,0.23,closed,opposite_fill
1844,Fed Rate Hike by October 2026 Meeting?,2026-05-31T09:50:00+00:00,2026-05-31T09:52:00+00:00,0.0333,buy_yes,sell_yes,0.23,0.25,47.9219,0.9584,2,0.23,0.26,closed,opposite_fill
1845,Fed Rate Hike by October 2026 Meeting?,2026-05-31T09:50:00+00:00,2026-05-31T10:00:00+00:00,0.1667,buy_yes,sell_yes,0.23,0.25,21.2674,0.4253,2,0.23,0.255,closed,opposite_fill
1846,Will the Sweden Democrats (SD) win the second most seats in the 2026 Swedish parliamentary election?,2026-05-31T09:32:00+00:00,2026-05-31T10:03:00+00:00,0.5167,buy_yes,sell_yes,0.55,0.51,35.1681,-1.4067,-4,0.495,0.53,closed,opposite_fill
1847,Will the Sweden Democrats (SD) win the second most seats in the 2026 Swedish parliamentary election?,2026-05-31T10:03:00+00:00,2026-05-31T10:13:00+00:00,0.1667,sell_yes,buy_yes,0.51,0.56,34.2361,-1.7118,-5,0.53,0.51,closed,opposite_fill
1848,Fed Rate Hike by October 2026 Meeting?,2026-05-31T10:00:00+00:00,2026-05-31T10:17:00+00:00,0.2833,sell_yes,buy_yes,0.25,0.22,26.6545,0.7996,3,0.255,0.215,closed,opposite_fill
1849,Will the Sweden Democrats (SD) win the second most seats in the 2026 Swedish parliamentary election?,2026-05-31T10:13:00+00:00,2026-05-31T10:17:00+00:00,0.0667,buy_yes,sell_yes,0.56,0.54,27.7319,-0.5546,-2,0.51,0.55,closed,opposite_fill
1850,Fed Rate Hike by October 2026 Meeting?,2026-05-31T10:17:00+00:00,2026-05-31T10:24:00+00:00,0.1167,buy_yes,sell_yes,0.22,0.25,21.2674,0.638,3,0.215,0.26,closed,opposite_fill
1851,Will the Sweden Democrats (SD) win the second most seats in the 2026 Swedish parliamentary election?,2026-05-31T10:17:00+00:00,2026-05-31T10:24:00+00:00,0.1167,sell_yes,buy_yes,0.54,0.58,63.9807,-2.5592,-4,0.55,0.575,closed,opposite_fill
1852,Will the Sweden Democrats (SD) win the third most seats in the 2026 Swedish parliamentary election?,2026-05-31T09:45:00+00:00,2026-05-31T10:38:00+00:00,0.8833,buy_yes,sell_yes,0.38,0.27,32.5332,-3.5787,-11,0.265,0.275,closed,opposite_fill
1853,Will the Moderate Party (M) win the third most seats in the 2026 Swedish parliamentary election?,2026-05-31T07:44:00+00:00,2026-05-31T10:45:00+00:00,3.0167,sell_yes,buy_yes,0.58,0.5,39.8764,3.1901,8,0.585,0.49,closed,opposite_fill
1854,Will the Sweden Democrats (SD) win the second most seats in the 2026 Swedish parliamentary election?,2026-05-31T10:24:00+00:00,2026-05-31T10:48:00+00:00,0.4,buy_yes,sell_yes,0.58,0.56,1.70536,-0.0341,-2,0.575,0.565,closed,opposite_fill
1855,Fed Rate Hike by October 2026 Meeting?,2026-05-31T10:24:00+00:00,2026-05-31T10:50:00+00:00,0.4333,sell_yes,buy_yes,0.25,0.23,26.6545,0.5331,2,0.26,0.22,closed,opposite_fill
1856,Will the Sweden Democrats (SD) win the second most seats in the 2026 Swedish parliamentary election?,2026-05-31T10:48:00+00:00,2026-05-31T10:55:00+00:00,0.1167,sell_yes,buy_yes,0.56,0.55,28.7532,0.2875,1,0.565,0.475,closed,opposite_fill
1857,Fed Rate Hike by October 2026 Meeting?,2026-05-31T10:50:00+00:00,2026-05-31T11:02:00+00:00,0.2,buy_yes,sell_yes,0.23,0.25,21.2674,0.4253,2,0.22,0.26,closed,opposite_fill
1858,Will the Sweden Democrats (SD) win the second most seats in the 2026 Swedish parliamentary election?,2026-05-31T10:48:00+00:00,2026-05-31T11:07:00+00:00,0.3167,sell_yes,buy_yes,0.56,0.56,32.2035,0,0,0.565,0.56,closed,opposite_fill
1859,Will the Sweden Democrats (SD) win the second most seats in the 2026 Swedish parliamentary election?,2026-05-31T10:48:00+00:00,2026-05-31T11:22:00+00:00,0.5667,sell_yes,buy_yes,0.56,0.56,6.74212,0,0,0.565,0.48,closed,opposite_fill
1860,Fed Rate Hike by October 2026 Meeting?,2026-05-31T11:02:00+00:00,2026-05-31T11:50:00+00:00,0.8,sell_yes,buy_yes,0.25,0.23,26.6545,0.5331,2,0.26,0.23,closed,opposite_fill
1861,Fed Rate Hike by October 2026 Meeting?,2026-05-31T11:50:00+00:00,2026-05-31T13:02:00+00:00,1.2,buy_yes,sell_yes,0.23,0.27,76.6255,3.065,4,0.23,0.275,closed,opposite_fill
1862,Fed Rate Hike by October 2026 Meeting?,2026-05-31T13:02:00+00:00,2026-05-31T13:16:00+00:00,0.2333,sell_yes,buy_yes,0.27,0.23,26.6545,1.0662,4,0.275,0.225,closed,opposite_fill
1863,Fed Rate Hike by October 2026 Meeting?,2026-05-31T13:16:00+00:00,2026-05-31T16:04:00+00:00,2.8,buy_yes,sell_yes,0.23,0.25,76.6255,1.5325,2,0.225,0.26,closed,opposite_fill
1864,Will the Sweden Democrats (SD) win the third most seats in the 2026 Swedish parliamentary election?,2026-05-31T10:38:00+00:00,2026-05-31T16:15:00+00:00,5.6167,sell_yes,buy_yes,0.27,0.29,13.9428,-0.2789,-2,0.275,0.27,closed,opposite_fill
1865,Fed Rate Hike by October 2026 Meeting?,2026-05-31T16:04:00+00:00,2026-05-31T16:52:00+00:00,0.8,sell_yes,buy_yes,0.25,0.23,26.6545,0.5331,2,0.26,0.225,closed,opposite_fill
1866,Fed Rate Hike by October 2026 Meeting?,2026-05-31T16:52:00+00:00,2026-05-31T17:03:00+00:00,0.1833,buy_yes,sell_yes,0.23,0.25,47.9219,0.9584,2,0.225,0.255,closed,opposite_fill
1867,Fed Rate Hike by October 2026 Meeting?,2026-05-31T16:52:00+00:00,2026-05-31T17:07:00+00:00,0.25,buy_yes,sell_yes,0.23,0.25,34.9004,0.698,2,0.225,0.255,closed,opposite_fill
1868,Clarity Act (H.R.3633) signed into law in 2026?,2026-05-30T00:05:00+00:00,2026-05-31T17:13:00+00:00,41.1333,buy_yes,sell_yes,0.61,0.54,50.0908,-3.5064,-7,0.58,0.545,closed,opposite_fill
1869,Fed Rate Hike by October 2026 Meeting?,2026-05-31T17:07:00+00:00,2026-05-31T17:24:00+00:00,0.2833,sell_yes,buy_yes,0.25,0.23,13.0215,0.2604,2,0.255,0.22,closed,opposite_fill
1870,Will the Moderate Party (M) win the third most seats in the 2026 Swedish parliamentary election?,2026-05-31T10:45:00+00:00,2026-05-31T17:45:00+00:00,7,buy_yes,sell_yes,0.5,0.53,6.59959,0.198,3,0.49,0.545,closed,opposite_fill
1871,Fed Rate Hike by October 2026 Meeting?,2026-05-31T17:24:00+00:00,2026-05-31T18:10:00+00:00,0.7667,buy_yes,sell_yes,0.23,0.24,34.9004,0.349,1,0.22,0.255,closed,opposite_fill
1872,Will the Moderate Party (M) win the third most seats in the 2026 Swedish parliamentary election?,2026-05-31T17:45:00+00:00,2026-05-31T18:37:00+00:00,0.8667,sell_yes,buy_yes,0.53,0.5,39.8764,1.1963,3,0.545,0.46,closed,opposite_fill
1873,Will there be no change in Fed interest rates after the September 2026 meeting?,2026-05-30T00:40:00+00:00,2026-05-31T18:40:00+00:00,42,sell_yes,buy_yes,0.61,0.75,47.0957,-6.5934,-14,0.735,0.745,closed,opposite_fill
1874,Will the Moderate Party (M) win the third most seats in the 2026 Swedish parliamentary election?,2026-05-31T18:37:00+00:00,2026-05-31T19:05:00+00:00,0.4667,buy_yes,sell_yes,0.5,0.49,7.99387,-0.0799,-1,0.46,0.545,closed,opposite_fill
1875,Will the Sweden Democrats (SD) win the third most seats in the 2026 Swedish parliamentary election?,2026-05-31T16:15:00+00:00,2026-05-31T20:01:00+00:00,3.7667,buy_yes,sell_yes,0.29,0.23,32.5332,-1.952,-6,0.27,0.35,closed,opposite_fill
1876,Fed Rate Hike by October 2026 Meeting?,2026-05-31T18:10:00+00:00,2026-05-31T20:47:00+00:00,2.6167,sell_yes,buy_yes,0.24,0.23,68.3796,0.6838,1,0.255,0.23,closed,opposite_fill
1877,Will the Sweden Democrats (SD) win the third most seats in the 2026 Swedish parliamentary election?,2026-05-31T20:01:00+00:00,2026-05-31T20:49:00+00:00,0.8,sell_yes,buy_yes,0.23,0.32,13.9428,-1.2549,-9,0.35,0.31,closed,opposite_fill
1878,Will the Sweden Democrats (SD) win the third most seats in the 2026 Swedish parliamentary election?,2026-05-31T20:49:00+00:00,2026-05-31T22:11:00+00:00,1.3667,buy_yes,sell_yes,0.32,0.31,32.5332,-0.3253,-1,0.31,0.335,closed,opposite_fill
1879,Will the Sweden Democrats (SD) win the third most seats in the 2026 Swedish parliamentary election?,2026-05-31T22:11:00+00:00,2026-05-31T22:25:00+00:00,0.2333,sell_yes,buy_yes,0.31,0.34,15.3371,-0.4601,-3,0.335,0.33,closed,opposite_fill
1880,Will Édouard Philippe win the 2027 French presidential election?,2026-05-31T00:03:00+00:00,2026-06-01T00:00:00+00:00,23.95,buy_yes,sell_yes,0.36,0.22,50.0908,-7.0127,-14,0.18,0.345,closed,opposite_fill
1881,Will the Fed increase interest rates by 25 bps after the September 2026 meeting?,2026-05-30T01:26:00+00:00,2026-06-01T00:00:00+00:00,46.5667,sell_yes,buy_yes,0.11,0.13,103.28,-2.0656,-2,0.12,0.1,closed,opposite_fill
1882,Bab el-Mandeb Strait effectively closed by September 30?,2026-05-31T00:15:00+00:00,2026-06-01T00:00:00+00:00,23.75,buy_yes,sell_yes,0.18,0.17,6.1968,-0.062,-1,0.115,0.345,closed,opposite_fill
1883,Clarity Act (H.R.3633) signed into law in 2026?,2026-05-31T17:13:00+00:00,2026-06-01T00:00:00+00:00,6.7833,sell_yes,buy_yes,0.54,0.53,1.5492,0.0155,1,0.545,0.38,closed,opposite_fill
1884,Will Harry Kane win the 2026 Ballon d'Or?,2026-05-31T00:05:00+00:00,2026-06-01T00:01:00+00:00,23.9333,sell_yes,buy_yes,0.21,0.28,24.9679,-1.7478,-7,0.255,0.2795,closed,opposite_fill
1885,Will Édouard Philippe win the 2027 French presidential election?,2026-06-01T00:00:00+00:00,2026-06-01T00:03:00+00:00,0.05,sell_yes,buy_yes,0.22,0.31,1.5492,-0.1394,-9,0.345,0.105,closed,opposite_fill
1886,Will Édouard Philippe win the 2027 French presidential election?,2026-06-01T00:03:00+00:00,2026-06-01T00:09:00+00:00,0.1,buy_yes,sell_yes,0.31,0.15,50.0908,-8.0145,-16,0.105,0.165,closed,opposite_fill
1887,Will there be no change in Fed interest rates after the September 2026 meeting?,2026-05-31T18:40:00+00:00,2026-06-01T00:22:00+00:00,5.7,buy_yes,sell_yes,0.75,0.6,56.1843,-8.4276,-15,0.745,0.75,closed,opposite_fill
1888,Will the Sweden Democrats (SD) win the second most seats in the 2026 Swedish parliamentary election?,2026-05-31T11:22:00+00:00,2026-06-01T00:57:00+00:00,13.5833,buy_yes,sell_yes,0.56,0.42,55.2259,-7.7316,-14,0.48,0.5,closed,opposite_fill
1889,Will the Sweden Democrats (SD) win the third most seats in the 2026 Swedish parliamentary election?,2026-05-31T22:25:00+00:00,2026-06-01T01:08:00+00:00,2.7167,buy_yes,sell_yes,0.34,0.23,31.1389,-3.4253,-11,0.33,0.235,closed,opposite_fill
1890,Bab el-Mandeb Strait effectively closed by September 30?,2026-06-01T00:00:00+00:00,2026-06-01T01:17:00+00:00,1.2833,sell_yes,buy_yes,0.17,0.34,97.0832,-16.5041,-17,0.345,0.34,closed,opposite_fill
1891,Will the Sweden Democrats (SD) win the third most seats in the 2026 Swedish parliamentary election?,2026-06-01T01:08:00+00:00,2026-06-01T01:30:00+00:00,0.3667,sell_yes,buy_yes,0.23,0.23,19.5199,0,0,0.235,0.23,closed,opposite_fill
1892,Will the Sweden Democrats (SD) win the third most seats in the 2026 Swedish parliamentary election?,2026-06-01T01:30:00+00:00,2026-06-01T01:33:00+00:00,0.05,buy_yes,sell_yes,0.23,0.23,28.3504,0,0,0.23,0.235,closed,opposite_fill
1893,Will the Sweden Democrats (SD) win the third most seats in the 2026 Swedish parliamentary election?,2026-06-01T01:33:00+00:00,2026-06-01T01:34:00+00:00,0.0167,sell_yes,buy_yes,0.23,0.23,18.1256,0,0,0.235,0.225,closed,opposite_fill
1894,Will the Moderate Party (M) win the second most seats in the 2026 Swedish parliamentary election?,2026-05-31T05:33:00+00:00,2026-06-01T02:28:00+00:00,20.9167,sell_yes,buy_yes,0.39,0.4,61.968,-0.6197,-1,0.445,0.39,closed,opposite_fill
1895,Will the Moderate Party (M) win the third most seats in the 2026 Swedish parliamentary election?,2026-05-31T19:05:00+00:00,2026-06-01T02:46:00+00:00,7.6833,sell_yes,buy_yes,0.49,0.49,38.4821,0,0,0.545,0.43,closed,opposite_fill
1896,Will the Moderate Party (M) win the third most seats in the 2026 Swedish parliamentary election?,2026-06-01T02:46:00+00:00,2026-06-01T02:50:00+00:00,0.0667,buy_yes,sell_yes,0.49,0.47,7.99387,-0.1599,-2,0.43,0.495,closed,opposite_fill
1897,Will the Moderate Party (M) win the third most seats in the 2026 Swedish parliamentary election?,2026-06-01T02:50:00+00:00,2026-06-01T03:42:00+00:00,0.8667,sell_yes,buy_yes,0.47,0.45,38.4821,0.7696,2,0.495,0.43,closed,opposite_fill
1898,Will the Moderate Party (M) win the third most seats in the 2026 Swedish parliamentary election?,2026-06-01T03:42:00+00:00,2026-06-01T03:47:00+00:00,0.0833,buy_yes,sell_yes,0.45,0.47,7.99387,0.1599,2,0.43,0.495,closed,opposite_fill
1899,Will the Moderate Party (M) win the third most seats in the 2026 Swedish parliamentary election?,2026-06-01T03:47:00+00:00,2026-06-01T04:07:00+00:00,0.3333,sell_yes,buy_yes,0.47,0.45,38.4821,0.7696,2,0.495,0.43,closed,opposite_fill
1900,Will the Moderate Party (M) win the third most seats in the 2026 Swedish parliamentary election?,2026-06-01T04:07:00+00:00,2026-06-01T04:11:00+00:00,0.0667,buy_yes,sell_yes,0.45,0.47,7.99387,0.1599,2,0.43,0.495,closed,opposite_fill
1901,Will the Moderate Party (M) win the third most seats in the 2026 Swedish parliamentary election?,2026-06-01T04:11:00+00:00,2026-06-01T04:42:00+00:00,0.5167,sell_yes,buy_yes,0.47,0.45,38.4821,0.7696,2,0.495,0.43,closed,opposite_fill
1902,Will the Moderate Party (M) win the third most seats in the 2026 Swedish parliamentary election?,2026-06-01T04:42:00+00:00,2026-06-01T04:47:00+00:00,0.0833,buy_yes,sell_yes,0.45,0.47,7.99387,0.1599,2,0.43,0.495,closed,opposite_fill
1903,Will the Moderate Party (M) win the third most seats in the 2026 Swedish parliamentary election?,2026-06-01T04:47:00+00:00,2026-06-01T05:07:00+00:00,0.3333,sell_yes,buy_yes,0.47,0.45,38.4821,0.7696,2,0.495,0.425,closed,opposite_fill
1904,Will the Moderate Party (M) win the third most seats in the 2026 Swedish parliamentary election?,2026-06-01T05:07:00+00:00,2026-06-01T05:34:00+00:00,0.45,buy_yes,sell_yes,0.45,0.47,7.99387,0.1599,2,0.425,0.48,closed,opposite_fill
1905,Will the Moderate Party (M) win the third most seats in the 2026 Swedish parliamentary election?,2026-06-01T05:34:00+00:00,2026-06-01T05:53:00+00:00,0.3167,sell_yes,buy_yes,0.47,0.44,38.4821,1.1545,3,0.48,0.425,closed,opposite_fill
1906,Will the Moderate Party (M) win the third most seats in the 2026 Swedish parliamentary election?,2026-06-01T05:53:00+00:00,2026-06-01T05:57:00+00:00,0.0667,buy_yes,sell_yes,0.44,0.46,7.99387,0.1599,2,0.425,0.48,closed,opposite_fill
1907,Will the Moderate Party (M) win the third most seats in the 2026 Swedish parliamentary election?,2026-06-01T05:57:00+00:00,2026-06-01T06:14:00+00:00,0.2833,sell_yes,buy_yes,0.46,0.44,39.8764,0.7975,2,0.48,0.425,closed,opposite_fill
1908,Will the Moderate Party (M) win the third most seats in the 2026 Swedish parliamentary election?,2026-06-01T06:14:00+00:00,2026-06-01T06:31:00+00:00,0.2833,buy_yes,sell_yes,0.44,0.47,6.59959,0.198,3,0.425,0.48,closed,opposite_fill
1909,Fed Rate Hike by October 2026 Meeting?,2026-05-31T20:47:00+00:00,2026-06-01T06:37:00+00:00,9.8333,buy_yes,sell_yes,0.23,0.21,37.9988,-0.76,-2,0.23,0.265,closed,opposite_fill
1910,Fed Rate Hike by October 2026 Meeting?,2026-06-01T06:37:00+00:00,2026-06-01T07:22:00+00:00,0.75,sell_yes,buy_yes,0.21,0.25,65.2812,-2.6112,-4,0.265,0.19,closed,opposite_fill
1911,Will the Sweden Democrats (SD) win the second most seats in the 2026 Swedish parliamentary election?,2026-06-01T00:57:00+00:00,2026-06-01T07:28:00+00:00,6.5167,sell_yes,buy_yes,0.42,0.53,6.74212,-0.7416,-11,0.5,0.46,closed,opposite_fill
1912,Fed Rate Hike by October 2026 Meeting?,2026-06-01T07:22:00+00:00,2026-06-01T07:32:00+00:00,0.1667,buy_yes,sell_yes,0.25,0.2,37.9988,-1.8999,-5,0.19,0.245,closed,opposite_fill
1913,Fed Rate Hike by October 2026 Meeting?,2026-06-01T07:32:00+00:00,2026-06-01T07:34:00+00:00,0.0333,sell_yes,buy_yes,0.2,0.24,65.2812,-2.6112,-4,0.245,0.225,closed,opposite_fill
1914,Fed Rate Hike by October 2026 Meeting?,2026-06-01T07:34:00+00:00,2026-06-01T07:35:00+00:00,0.0167,buy_yes,sell_yes,0.24,0.23,37.9988,-0.38,-1,0.225,0.26,closed,opposite_fill
1915,Fed Rate Hike by October 2026 Meeting?,2026-06-01T07:35:00+00:00,2026-06-01T07:38:00+00:00,0.05,sell_yes,buy_yes,0.23,0.23,65.2812,0,0,0.26,0.225,closed,opposite_fill
1916,Fed Rate Hike by October 2026 Meeting?,2026-06-01T07:38:00+00:00,2026-06-01T07:40:00+00:00,0.0333,buy_yes,sell_yes,0.23,0.24,37.9988,0.38,1,0.225,0.245,closed,opposite_fill
1917,Fed Rate Hike by October 2026 Meeting?,2026-06-01T07:40:00+00:00,2026-06-01T07:41:00+00:00,0.0167,sell_yes,buy_yes,0.24,0.24,68.3796,0,0,0.245,0.225,closed,opposite_fill
1918,Fed Rate Hike by October 2026 Meeting?,2026-06-01T07:41:00+00:00,2026-06-01T07:42:00+00:00,0.0167,buy_yes,sell_yes,0.24,0.23,34.9004,-0.349,-1,0.225,0.25,closed,opposite_fill
1919,Will the Moderate Party (M) win the second most seats in the 2026 Swedish parliamentary election?,2026-05-31T05:33:00+00:00,2026-06-01T07:44:00+00:00,26.1833,sell_yes,buy_yes,0.39,0.33,1.12038,0.0672,6,0.445,0.325,closed,opposite_fill
1920,Fed Rate Hike by October 2026 Meeting?,2026-06-01T07:42:00+00:00,2026-06-01T07:47:00+00:00,0.0833,sell_yes,buy_yes,0.23,0.25,68.3796,-1.3676,-2,0.25,0.17,closed,opposite_fill
1921,Will the Moderate Party (M) win the second most seats in the 2026 Swedish parliamentary election?,2026-06-01T07:44:00+00:00,2026-06-01T07:47:00+00:00,0.05,buy_yes,sell_yes,0.33,0.38,60.8476,3.0424,5,0.325,0.39,closed,opposite_fill
1922,Fed Rate Hike by October 2026 Meeting?,2026-06-01T07:47:00+00:00,2026-06-01T07:49:00+00:00,0.0333,buy_yes,sell_yes,0.25,0.2,34.9004,-1.745,-5,0.17,0.235,closed,opposite_fill
1923,Fed Rate Hike by October 2026 Meeting?,2026-06-01T07:49:00+00:00,2026-06-01T07:50:00+00:00,0.0167,sell_yes,buy_yes,0.2,0.23,74.5764,-2.2373,-3,0.235,0.225,closed,opposite_fill
1924,Fed Rate Hike by October 2026 Meeting?,2026-06-01T07:50:00+00:00,2026-06-01T07:51:00+00:00,0.0167,buy_yes,sell_yes,0.23,0.23,28.7036,0,0,0.225,0.25,closed,opposite_fill
1925,Will the Sweden Democrats (SD) win the third most seats in the 2026 Swedish parliamentary election?,2026-06-01T01:34:00+00:00,2026-06-01T07:51:00+00:00,6.2833,buy_yes,sell_yes,0.23,0.24,28.3504,0.2835,1,0.225,0.245,closed,opposite_fill
1926,Fed Rate Hike by October 2026 Meeting?,2026-06-01T07:51:00+00:00,2026-06-01T07:54:00+00:00,0.05,sell_yes,buy_yes,0.23,0.27,74.5764,-2.9831,-4,0.25,0.245,closed,opposite_fill
1927,Fed Rate Hike by October 2026 Meeting?,2026-06-01T07:54:00+00:00,2026-06-01T07:57:00+00:00,0.05,buy_yes,sell_yes,0.27,0.24,41.0972,-1.2329,-3,0.245,0.26,closed,opposite_fill
1928,Fed Rate Hike by October 2026 Meeting?,2026-06-01T07:57:00+00:00,2026-06-01T07:58:00+00:00,0.0167,sell_yes,buy_yes,0.24,0.25,62.1828,-0.6218,-1,0.26,0.245,closed,opposite_fill
1929,Fed Rate Hike by October 2026 Meeting?,2026-06-01T07:58:00+00:00,2026-06-01T08:00:00+00:00,0.0333,buy_yes,sell_yes,0.25,0.23,53.4908,-1.0698,-2,0.245,0.255,closed,opposite_fill
1930,Fed Rate Hike by October 2026 Meeting?,2026-06-01T08:00:00+00:00,2026-06-01T08:01:00+00:00,0.0167,sell_yes,buy_yes,0.23,0.25,49.7892,-0.9958,-2,0.255,0.245,closed,opposite_fill
1931,Fed Rate Hike by October 2026 Meeting?,2026-06-01T08:01:00+00:00,2026-06-01T08:04:00+00:00,0.05,buy_yes,sell_yes,0.25,0.23,56.5892,-1.1318,-2,0.245,0.24,closed,opposite_fill
1932,Fed Rate Hike by October 2026 Meeting?,2026-06-01T08:04:00+00:00,2026-06-01T08:11:00+00:00,0.1167,sell_yes,buy_yes,0.23,0.25,52.8876,-1.0578,-2,0.24,0.225,closed,opposite_fill
1933,Fed Rate Hike by October 2026 Meeting?,2026-06-01T08:11:00+00:00,2026-06-01T08:12:00+00:00,0.0167,buy_yes,sell_yes,0.25,0.23,50.3924,-1.0078,-2,0.225,0.25,closed,opposite_fill
1934,Fed Rate Hike by October 2026 Meeting?,2026-06-01T08:12:00+00:00,2026-06-01T08:16:00+00:00,0.0667,sell_yes,buy_yes,0.23,0.24,55.986,-0.5599,-1,0.25,0.23,closed,opposite_fill
1935,Fed Rate Hike by October 2026 Meeting?,2026-06-01T08:16:00+00:00,2026-06-01T08:17:00+00:00,0.0167,buy_yes,sell_yes,0.24,0.24,47.294,0,0,0.23,0.255,closed,opposite_fill
1936,Fed Rate Hike by October 2026 Meeting?,2026-06-01T08:17:00+00:00,2026-06-01T08:21:00+00:00,0.0667,sell_yes,buy_yes,0.24,0.23,55.986,0.5599,1,0.255,0.23,closed,opposite_fill
1937,Fed Rate Hike by October 2026 Meeting?,2026-06-01T08:21:00+00:00,2026-06-01T08:22:00+00:00,0.0167,buy_yes,sell_yes,0.23,0.24,50.3924,0.5039,1,0.23,0.255,closed,opposite_fill
1938,Fed Rate Hike by October 2026 Meeting?,2026-06-01T08:22:00+00:00,2026-06-01T08:23:00+00:00,0.0167,sell_yes,buy_yes,0.24,0.25,52.8876,-0.5289,-1,0.255,0.245,closed,opposite_fill
1939,Fed Rate Hike by October 2026 Meeting?,2026-06-01T08:23:00+00:00,2026-06-01T08:36:00+00:00,0.2167,buy_yes,sell_yes,0.25,0.23,62.786,-1.2557,-2,0.245,0.25,closed,opposite_fill
1940,Fed Rate Hike by October 2026 Meeting?,2026-06-01T08:36:00+00:00,2026-06-01T08:37:00+00:00,0.0167,sell_yes,buy_yes,0.23,0.24,40.494,-0.4049,-1,0.25,0.235,closed,opposite_fill
1941,Will the Moderate Party (M) win the second most seats in the 2026 Swedish parliamentary election?,2026-06-01T07:47:00+00:00,2026-06-01T08:39:00+00:00,0.8667,sell_yes,buy_yes,0.38,0.39,4.83846,-0.0484,-1,0.39,0.385,closed,opposite_fill
1942,Will the Moderate Party (M) win the second most seats in the 2026 Swedish parliamentary election?,2026-06-01T07:57:00+00:00,2026-06-01T08:39:00+00:00,0.7,sell_yes,buy_yes,0.42,0.39,61.968,1.859,3,0.445,0.385,closed,opposite_fill
1943,Fed Rate Hike by October 2026 Meeting?,2026-06-01T08:37:00+00:00,2026-06-01T08:40:00+00:00,0.05,buy_yes,sell_yes,0.24,0.23,62.786,-0.6279,-1,0.235,0.26,closed,opposite_fill
1944,Fed Rate Hike by October 2026 Meeting?,2026-06-01T08:40:00+00:00,2026-06-01T08:41:00+00:00,0.0167,sell_yes,buy_yes,0.23,0.25,40.494,-0.8099,-2,0.26,0.235,closed,opposite_fill
1945,Fed Rate Hike by October 2026 Meeting?,2026-06-01T08:41:00+00:00,2026-06-01T08:42:00+00:00,0.0167,buy_yes,sell_yes,0.25,0.24,72.0812,-0.7208,-1,0.235,0.265,closed,opposite_fill
1946,Fed Rate Hike by October 2026 Meeting?,2026-06-01T08:42:00+00:00,2026-06-01T08:43:00+00:00,0.0167,sell_yes,buy_yes,0.24,0.26,31.1988,-0.624,-2,0.265,0.245,closed,opposite_fill
1947,Fed Rate Hike by October 2026 Meeting?,2026-06-01T08:43:00+00:00,2026-06-01T08:47:00+00:00,0.0667,buy_yes,sell_yes,0.26,0.24,75.1796,-1.5036,-2,0.245,0.25,closed,opposite_fill
1948,Will the Moderate Party (M) win the second most seats in the 2026 Swedish parliamentary election?,2026-06-01T08:39:00+00:00,2026-06-01T08:48:00+00:00,0.15,buy_yes,sell_yes,0.39,0.37,0.738658,-0.0148,-2,0.385,0.385,closed,opposite_fill
1949,Fed Rate Hike by October 2026 Meeting?,2026-06-01T08:47:00+00:00,2026-06-01T08:49:00+00:00,0.0333,sell_yes,buy_yes,0.24,0.23,28.1004,0.281,1,0.25,0.225,closed,opposite_fill
1950,Fed Rate Hike by October 2026 Meeting?,2026-06-01T08:49:00+00:00,2026-06-01T08:50:00+00:00,0.0167,buy_yes,sell_yes,0.23,0.23,75.1796,0,0,0.225,0.25,closed,opposite_fill
1951,Fed Rate Hike by October 2026 Meeting?,2026-06-01T08:50:00+00:00,2026-06-01T08:51:00+00:00,0.0167,sell_yes,buy_yes,0.23,0.24,28.1004,-0.281,-1,0.25,0.235,closed,opposite_fill
1952,Fed Rate Hike by October 2026 Meeting?,2026-06-01T08:51:00+00:00,2026-06-01T08:54:00+00:00,0.05,buy_yes,sell_yes,0.24,0.24,75.1796,0,0,0.235,0.25,closed,opposite_fill
1953,Fed Rate Hike by October 2026 Meeting?,2026-06-01T08:54:00+00:00,2026-06-01T08:55:00+00:00,0.0167,sell_yes,buy_yes,0.24,0.24,37.3956,0,0,0.25,0.225,closed,opposite_fill
1954,Fed Rate Hike by October 2026 Meeting?,2026-06-01T08:55:00+00:00,2026-06-01T08:56:00+00:00,0.0167,buy_yes,sell_yes,0.24,0.23,65.8844,-0.6588,-1,0.225,0.235,closed,opposite_fill
1955,Will the Moderate Party (M) win the second most seats in the 2026 Swedish parliamentary election?,2026-06-01T08:48:00+00:00,2026-06-01T08:56:00+00:00,0.1333,sell_yes,buy_yes,0.37,0.38,61.968,-0.6197,-1,0.385,0.375,closed,opposite_fill
1956,Will the Moderate Party (M) win the third most seats in the 2026 Swedish parliamentary election?,2026-06-01T06:31:00+00:00,2026-06-01T08:58:00+00:00,2.45,sell_yes,buy_yes,0.47,0.5,39.8764,-1.1963,-3,0.48,0.46,closed,opposite_fill
1957,Fed Rate Hike by October 2026 Meeting?,2026-06-01T08:56:00+00:00,2026-06-01T09:00:00+00:00,0.0667,sell_yes,buy_yes,0.23,0.26,46.6908,-1.4007,-3,0.235,0.25,closed,opposite_fill
1958,Fed Rate Hike by October 2026 Meeting?,2026-06-01T09:00:00+00:00,2026-06-01T09:05:00+00:00,0.0833,buy_yes,sell_yes,0.26,0.25,56.5892,-0.5659,-1,0.25,0.26,closed,opposite_fill
1959,Will the Sweden Democrats (SD) win the third most seats in the 2026 Swedish parliamentary election?,2026-06-01T07:51:00+00:00,2026-06-01T09:07:00+00:00,1.2667,sell_yes,buy_yes,0.24,0.34,18.1256,-1.8126,-10,0.245,0.32,closed,opposite_fill
1960,Fed Rate Hike by October 2026 Meeting?,2026-06-01T09:05:00+00:00,2026-06-01T09:22:00+00:00,0.2833,sell_yes,buy_yes,0.25,0.28,46.6908,-1.4007,-3,0.26,0.255,closed,opposite_fill
1961,Will the Sweden Democrats (SD) win the third most seats in the 2026 Swedish parliamentary election?,2026-06-01T09:07:00+00:00,2026-06-01T09:22:00+00:00,0.25,buy_yes,sell_yes,0.34,0.32,31.1389,-0.6228,-2,0.32,0.345,closed,opposite_fill
1962,Will the Sweden Democrats (SD) win the third most seats in the 2026 Swedish parliamentary election?,2026-06-01T09:22:00+00:00,2026-06-01T09:23:00+00:00,0.0167,sell_yes,buy_yes,0.32,0.34,15.3371,-0.3067,-2,0.345,0.305,closed,opposite_fill
1963,Fed Rate Hike by October 2026 Meeting?,2026-06-01T09:22:00+00:00,2026-06-01T09:34:00+00:00,0.2,buy_yes,sell_yes,0.28,0.24,59.6876,-2.3875,-4,0.255,0.25,closed,opposite_fill
1964,Will the Sweden Democrats (SD) win the third most seats in the 2026 Swedish parliamentary election?,2026-06-01T09:23:00+00:00,2026-06-01T09:34:00+00:00,0.1833,buy_yes,sell_yes,0.34,0.26,39.5046,-3.1604,-8,0.305,0.265,closed,opposite_fill
1965,Fed Rate Hike by October 2026 Meeting?,2026-06-01T09:34:00+00:00,2026-06-01T09:38:00+00:00,0.0667,sell_yes,buy_yes,0.24,0.26,43.5924,-0.8718,-2,0.25,0.245,closed,opposite_fill
1966,Fed Rate Hike by October 2026 Meeting?,2026-06-01T09:38:00+00:00,2026-06-01T09:40:00+00:00,0.0333,buy_yes,sell_yes,0.26,0.24,59.6876,-1.1938,-2,0.245,0.245,closed,opposite_fill
1967,Fed Rate Hike by October 2026 Meeting?,2026-06-01T09:40:00+00:00,2026-06-01T09:46:00+00:00,0.1,sell_yes,buy_yes,0.24,0.25,49.7892,-0.4979,-1,0.245,0.24,closed,opposite_fill
1968,Fed Rate Hike by October 2026 Meeting?,2026-06-01T09:46:00+00:00,2026-06-01T09:47:00+00:00,0.0167,buy_yes,sell_yes,0.25,0.25,53.4908,0,0,0.24,0.26,closed,opposite_fill
1969,Fed Rate Hike by October 2026 Meeting?,2026-06-01T09:47:00+00:00,2026-06-01T09:53:00+00:00,0.1,sell_yes,buy_yes,0.25,0.27,59.0844,-1.1817,-2,0.26,0.26,closed,opposite_fill
1970,Fed Rate Hike by October 2026 Meeting?,2026-06-01T09:53:00+00:00,2026-06-01T09:55:00+00:00,0.0333,buy_yes,sell_yes,0.27,0.26,53.4908,-0.5349,-1,0.26,0.27,closed,opposite_fill
1971,Fed Rate Hike by October 2026 Meeting?,2026-06-01T09:55:00+00:00,2026-06-01T09:56:00+00:00,0.0167,sell_yes,buy_yes,0.26,0.26,49.7892,0,0,0.27,0.25,closed,opposite_fill
1972,Fed Rate Hike by October 2026 Meeting?,2026-06-01T09:56:00+00:00,2026-06-01T09:58:00+00:00,0.0333,buy_yes,sell_yes,0.26,0.24,53.4908,-1.0698,-2,0.25,0.245,closed,opposite_fill
1973,Fed Rate Hike by October 2026 Meeting?,2026-06-01T09:58:00+00:00,2026-06-01T10:03:00+00:00,0.0833,sell_yes,buy_yes,0.24,0.28,55.986,-2.2394,-4,0.245,0.255,closed,opposite_fill
1974,Fed Rate Hike by October 2026 Meeting?,2026-06-01T10:03:00+00:00,2026-06-01T10:09:00+00:00,0.1,buy_yes,sell_yes,0.28,0.25,53.4908,-1.6047,-3,0.255,0.255,closed,opposite_fill
1975,Fed Rate Hike by October 2026 Meeting?,2026-06-01T10:09:00+00:00,2026-06-01T10:17:00+00:00,0.1333,sell_yes,buy_yes,0.25,0.27,49.7892,-0.9958,-2,0.255,0.255,closed,opposite_fill
1976,Will the Sweden Democrats (SD) win the second most seats in the 2026 Swedish parliamentary election?,2026-06-01T07:28:00+00:00,2026-06-01T10:18:00+00:00,2.8333,buy_yes,sell_yes,0.53,0.56,55.2259,1.6568,3,0.46,0.58,closed,opposite_fill
1977,Will the Sweden Democrats (SD) win the second most seats in the 2026 Swedish parliamentary election?,2026-06-01T10:18:00+00:00,2026-06-01T10:24:00+00:00,0.1,sell_yes,buy_yes,0.56,0.58,19.7554,-0.3951,-2,0.58,0.47,closed,opposite_fill
1978,Fed Rate Hike by October 2026 Meeting?,2026-06-01T10:17:00+00:00,2026-06-01T10:27:00+00:00,0.1667,buy_yes,sell_yes,0.27,0.23,53.4908,-2.1396,-4,0.255,0.26,closed,opposite_fill
1979,Fed Rate Hike by October 2026 Meeting?,2026-06-01T10:27:00+00:00,2026-06-01T10:28:00+00:00,0.0167,sell_yes,buy_yes,0.23,0.25,49.7892,-0.9958,-2,0.26,0.23,closed,opposite_fill
1980,Fed Rate Hike by October 2026 Meeting?,2026-06-01T10:28:00+00:00,2026-06-01T10:31:00+00:00,0.05,buy_yes,sell_yes,0.25,0.23,53.4908,-1.0698,-2,0.23,0.26,closed,opposite_fill
1981,Fed Rate Hike by October 2026 Meeting?,2026-06-01T10:31:00+00:00,2026-06-01T10:32:00+00:00,0.0167,sell_yes,buy_yes,0.23,0.25,49.7892,-0.9958,-2,0.26,0.24,closed,opposite_fill
1982,Fed Rate Hike by October 2026 Meeting?,2026-06-01T10:32:00+00:00,2026-06-01T10:34:00+00:00,0.0333,buy_yes,sell_yes,0.25,0.24,53.4908,-0.5349,-1,0.24,0.245,closed,opposite_fill
1983,Will the Sweden Democrats (SD) win the second most seats in the 2026 Swedish parliamentary election?,2026-06-01T10:24:00+00:00,2026-06-01T10:35:00+00:00,0.1833,buy_yes,sell_yes,0.58,0.55,42.2126,-1.2664,-3,0.47,0.56,closed,opposite_fill
1984,Fed Rate Hike by October 2026 Meeting?,2026-06-01T10:34:00+00:00,2026-06-01T10:36:00+00:00,0.0333,sell_yes,buy_yes,0.24,0.25,49.7892,-0.4979,-1,0.245,0.245,closed,opposite_fill
1985,Fed Rate Hike by October 2026 Meeting?,2026-06-01T10:36:00+00:00,2026-06-01T10:41:00+00:00,0.0833,buy_yes,sell_yes,0.25,0.24,53.4908,-0.5349,-1,0.245,0.26,closed,opposite_fill
1986,Will the Sweden Democrats (SD) win the second most seats in the 2026 Swedish parliamentary election?,2026-06-01T10:35:00+00:00,2026-06-01T10:42:00+00:00,0.1167,sell_yes,buy_yes,0.55,0.59,43.9229,-1.7569,-4,0.56,0.485,closed,opposite_fill
1987,Fed Rate Hike by October 2026 Meeting?,2026-06-01T10:41:00+00:00,2026-06-01T10:43:00+00:00,0.0333,sell_yes,buy_yes,0.24,0.24,49.7892,0,0,0.26,0.23,closed,opposite_fill
1988,Fed Rate Hike by October 2026 Meeting?,2026-06-01T10:43:00+00:00,2026-06-01T10:45:00+00:00,0.0333,buy_yes,sell_yes,0.24,0.23,53.4908,-0.5349,-1,0.23,0.24,closed,opposite_fill
1989,Fed Rate Hike by October 2026 Meeting?,2026-06-01T10:45:00+00:00,2026-06-01T10:49:00+00:00,0.0667,sell_yes,buy_yes,0.23,0.24,52.8876,-0.5289,-1,0.24,0.235,closed,opposite_fill
1990,Fed Rate Hike by October 2026 Meeting?,2026-06-01T10:49:00+00:00,2026-06-01T10:50:00+00:00,0.0167,buy_yes,sell_yes,0.24,0.24,59.6876,0,0,0.235,0.245,closed,opposite_fill
1991,Will the Sweden Democrats (SD) win the third most seats in the 2026 Swedish parliamentary election?,2026-06-01T09:34:00+00:00,2026-06-01T10:50:00+00:00,1.2667,sell_yes,buy_yes,0.26,0.23,6.9714,0.2091,3,0.265,0.225,closed,opposite_fill
1992,Fed Rate Hike by October 2026 Meeting?,2026-06-01T10:50:00+00:00,2026-06-01T10:51:00+00:00,0.0167,sell_yes,buy_yes,0.24,0.24,43.5924,0,0,0.245,0.23,closed,opposite_fill
1993,Fed Rate Hike by October 2026 Meeting?,2026-06-01T10:51:00+00:00,2026-06-01T10:52:00+00:00,0.0167,buy_yes,sell_yes,0.24,0.24,59.6876,0,0,0.23,0.25,closed,opposite_fill
1994,Fed Rate Hike by October 2026 Meeting?,2026-06-01T10:52:00+00:00,2026-06-01T10:54:00+00:00,0.0333,sell_yes,buy_yes,0.24,0.24,43.5924,0,0,0.25,0.22,closed,opposite_fill
1995,Fed Rate Hike by October 2026 Meeting?,2026-06-01T10:54:00+00:00,2026-06-01T10:55:00+00:00,0.0167,buy_yes,sell_yes,0.24,0.23,59.6876,-0.5969,-1,0.22,0.235,closed,opposite_fill
1996,Fed Rate Hike by October 2026 Meeting?,2026-06-01T10:55:00+00:00,2026-06-01T10:56:00+00:00,0.0167,sell_yes,buy_yes,0.23,0.23,62.1828,0,0,0.235,0.23,closed,opposite_fill
1997,Fed Rate Hike by October 2026 Meeting?,2026-06-01T10:56:00+00:00,2026-06-01T10:57:00+00:00,0.0167,buy_yes,sell_yes,0.23,0.24,41.0972,0.411,1,0.23,0.245,closed,opposite_fill
1998,Fed Rate Hike by October 2026 Meeting?,2026-06-01T10:57:00+00:00,2026-06-01T10:58:00+00:00,0.0167,sell_yes,buy_yes,0.24,0.24,68.3796,0,0,0.245,0.23,closed,opposite_fill
1999,Fed Rate Hike by October 2026 Meeting?,2026-06-01T10:58:00+00:00,2026-06-01T11:00:00+00:00,0.0333,buy_yes,sell_yes,0.24,0.23,34.9004,-0.349,-1,0.23,0.265,closed,opposite_fill
2000,Fed Rate Hike by October 2026 Meeting?,2026-06-01T11:00:00+00:00,2026-06-01T11:01:00+00:00,0.0167,sell_yes,buy_yes,0.23,0.26,68.3796,-2.0514,-3,0.265,0.23,closed,opposite_fill
2001,Fed Rate Hike by October 2026 Meeting?,2026-06-01T11:01:00+00:00,2026-06-01T11:02:00+00:00,0.0167,buy_yes,sell_yes,0.26,0.24,34.9004,-0.698,-2,0.23,0.255,closed,opposite_fill
2002,Fed Rate Hike by October 2026 Meeting?,2026-06-01T11:02:00+00:00,2026-06-01T11:03:00+00:00,0.0167,sell_yes,buy_yes,0.24,0.25,68.3796,-0.6838,-1,0.255,0.235,closed,opposite_fill
2003,Fed Rate Hike by October 2026 Meeting?,2026-06-01T11:03:00+00:00,2026-06-01T11:05:00+00:00,0.0333,buy_yes,sell_yes,0.25,0.23,34.9004,-0.698,-2,0.235,0.245,closed,opposite_fill
2004,Fed Rate Hike by October 2026 Meeting?,2026-06-01T11:05:00+00:00,2026-06-01T11:06:00+00:00,0.0167,sell_yes,buy_yes,0.23,0.24,68.3796,-0.6838,-1,0.245,0.23,closed,opposite_fill
2005,Fed Rate Hike by October 2026 Meeting?,2026-06-01T11:06:00+00:00,2026-06-01T11:07:00+00:00,0.0167,buy_yes,sell_yes,0.24,0.24,34.9004,0,0,0.23,0.245,closed,opposite_fill
2006,Will the Moderate Party (M) win the second most seats in the 2026 Swedish parliamentary election?,2026-06-01T08:48:00+00:00,2026-06-01T11:07:00+00:00,2.3167,sell_yes,buy_yes,0.37,0.37,10.4156,0,0,0.385,0.36,closed,opposite_fill
2007,Will the Moderate Party (M) win the second most seats in the 2026 Swedish parliamentary election?,2026-06-01T08:58:00+00:00,2026-06-01T11:07:00+00:00,2.15,sell_yes,buy_yes,0.41,0.37,61.968,2.4787,4,0.42,0.36,closed,opposite_fill
2008,Fed Rate Hike by October 2026 Meeting?,2026-06-01T11:07:00+00:00,2026-06-01T11:13:00+00:00,0.1,sell_yes,buy_yes,0.24,0.23,71.478,0.7148,1,0.245,0.22,closed,opposite_fill
2009,Fed Rate Hike by October 2026 Meeting?,2026-06-01T11:13:00+00:00,2026-06-01T11:14:00+00:00,0.0167,buy_yes,sell_yes,0.23,0.23,31.802,0,0,0.22,0.25,closed,opposite_fill
2010,Fed Rate Hike by October 2026 Meeting?,2026-06-01T11:14:00+00:00,2026-06-01T11:22:00+00:00,0.1333,sell_yes,buy_yes,0.23,0.24,71.478,-0.7148,-1,0.25,0.235,closed,opposite_fill
2011,Fed Rate Hike by October 2026 Meeting?,2026-06-01T11:22:00+00:00,2026-06-01T11:24:00+00:00,0.0333,buy_yes,sell_yes,0.24,0.25,31.802,0.318,1,0.235,0.26,closed,opposite_fill
2012,Fed Rate Hike by October 2026 Meeting?,2026-06-01T11:24:00+00:00,2026-06-01T11:29:00+00:00,0.0833,sell_yes,buy_yes,0.25,0.23,71.478,1.4296,2,0.26,0.23,closed,opposite_fill
2013,Fed Rate Hike by October 2026 Meeting?,2026-06-01T11:29:00+00:00,2026-06-01T11:30:00+00:00,0.0167,buy_yes,sell_yes,0.23,0.24,37.9988,0.38,1,0.23,0.26,closed,opposite_fill
2014,Fed Rate Hike by October 2026 Meeting?,2026-06-01T11:30:00+00:00,2026-06-01T11:32:00+00:00,0.0333,sell_yes,buy_yes,0.24,0.23,71.478,0.7148,1,0.26,0.22,closed,opposite_fill
2015,Fed Rate Hike by October 2026 Meeting?,2026-06-01T11:32:00+00:00,2026-06-01T11:35:00+00:00,0.05,buy_yes,sell_yes,0.23,0.23,31.802,0,0,0.22,0.27,closed,opposite_fill
2016,Fed Rate Hike by October 2026 Meeting?,2026-06-01T11:35:00+00:00,2026-06-01T11:37:00+00:00,0.0333,sell_yes,buy_yes,0.23,0.24,71.478,-0.7148,-1,0.27,0.22,closed,opposite_fill
2017,Fed Rate Hike by October 2026 Meeting?,2026-06-01T11:37:00+00:00,2026-06-01T11:57:00+00:00,0.3333,buy_yes,sell_yes,0.24,0.23,31.802,-0.318,-1,0.22,0.26,closed,opposite_fill
2018,Fed Rate Hike by October 2026 Meeting?,2026-06-01T11:57:00+00:00,2026-06-01T12:08:00+00:00,0.1833,sell_yes,buy_yes,0.23,0.26,71.478,-2.1443,-3,0.26,0.245,closed,opposite_fill
2019,Fed Rate Hike by October 2026 Meeting?,2026-06-01T12:08:00+00:00,2026-06-01T12:11:00+00:00,0.05,buy_yes,sell_yes,0.26,0.23,31.802,-0.9541,-3,0.245,0.26,closed,opposite_fill
2020,Fed Rate Hike by October 2026 Meeting?,2026-06-01T12:11:00+00:00,2026-06-01T12:14:00+00:00,0.05,sell_yes,buy_yes,0.23,0.23,71.478,0,0,0.26,0.22,closed,opposite_fill
2021,Fed Rate Hike by October 2026 Meeting?,2026-06-01T12:14:00+00:00,2026-06-01T12:15:00+00:00,0.0167,buy_yes,sell_yes,0.23,0.23,31.802,0,0,0.22,0.25,closed,opposite_fill
2022,Fed Rate Hike by October 2026 Meeting?,2026-06-01T12:15:00+00:00,2026-06-01T12:31:00+00:00,0.2667,sell_yes,buy_yes,0.23,0.23,71.478,0,0,0.25,0.23,closed,opposite_fill
2023,Fed Rate Hike by October 2026 Meeting?,2026-06-01T12:31:00+00:00,2026-06-01T12:32:00+00:00,0.0167,buy_yes,sell_yes,0.23,0.24,31.802,0.318,1,0.23,0.245,closed,opposite_fill
2024,Fed Rate Hike by October 2026 Meeting?,2026-06-01T12:32:00+00:00,2026-06-01T12:35:00+00:00,0.05,sell_yes,buy_yes,0.24,0.25,77.6748,-0.7767,-1,0.245,0.235,closed,opposite_fill
2025,Fed Rate Hike by October 2026 Meeting?,2026-06-01T12:35:00+00:00,2026-06-01T12:36:00+00:00,0.0167,buy_yes,sell_yes,0.25,0.24,28.7036,-0.287,-1,0.235,0.245,closed,opposite_fill
2026,Fed Rate Hike by October 2026 Meeting?,2026-06-01T12:36:00+00:00,2026-06-01T12:38:00+00:00,0.0333,sell_yes,buy_yes,0.24,0.25,80.7732,-0.8077,-1,0.245,0.245,closed,opposite_fill
2027,Fed Rate Hike by October 2026 Meeting?,2026-06-01T12:38:00+00:00,2026-06-01T12:39:00+00:00,0.0167,buy_yes,sell_yes,0.25,0.25,25.6052,0,0,0.245,0.255,closed,opposite_fill
2028,Fed Rate Hike by October 2026 Meeting?,2026-06-01T12:39:00+00:00,2026-06-01T12:40:00+00:00,0.0167,sell_yes,buy_yes,0.25,0.25,77.6748,0,0,0.255,0.23,closed,opposite_fill
2029,Fed Rate Hike by October 2026 Meeting?,2026-06-01T12:40:00+00:00,2026-06-01T12:41:00+00:00,0.0167,buy_yes,sell_yes,0.25,0.24,31.802,-0.318,-1,0.23,0.255,closed,opposite_fill
2030,Fed Rate Hike by October 2026 Meeting?,2026-06-01T12:41:00+00:00,2026-06-01T12:42:00+00:00,0.0167,sell_yes,buy_yes,0.24,0.25,71.478,-0.7148,-1,0.255,0.235,closed,opposite_fill
2031,Fed Rate Hike by October 2026 Meeting?,2026-06-01T12:42:00+00:00,2026-06-01T12:46:00+00:00,0.0667,buy_yes,sell_yes,0.25,0.23,34.9004,-0.698,-2,0.235,0.245,closed,opposite_fill
2032,Fed Rate Hike by October 2026 Meeting?,2026-06-01T12:46:00+00:00,2026-06-01T12:47:00+00:00,0.0167,sell_yes,buy_yes,0.23,0.24,68.3796,-0.6838,-1,0.245,0.23,closed,opposite_fill
2033,Fed Rate Hike by October 2026 Meeting?,2026-06-01T12:47:00+00:00,2026-06-01T12:48:00+00:00,0.0167,buy_yes,sell_yes,0.24,0.24,37.9988,0,0,0.23,0.245,closed,opposite_fill
2034,Fed Rate Hike by October 2026 Meeting?,2026-06-01T12:48:00+00:00,2026-06-01T12:49:00+00:00,0.0167,sell_yes,buy_yes,0.24,0.24,65.2812,0,0,0.245,0.235,closed,opposite_fill
2035,Fed Rate Hike by October 2026 Meeting?,2026-06-01T12:49:00+00:00,2026-06-01T12:50:00+00:00,0.0167,buy_yes,sell_yes,0.24,0.24,37.9988,0,0,0.235,0.25,closed,opposite_fill
2036,Fed Rate Hike by October 2026 Meeting?,2026-06-01T12:50:00+00:00,2026-06-01T12:52:00+00:00,0.0333,sell_yes,buy_yes,0.24,0.23,65.2812,0.6528,1,0.25,0.225,closed,opposite_fill
2037,Fed Rate Hike by October 2026 Meeting?,2026-06-01T12:52:00+00:00,2026-06-01T12:54:00+00:00,0.0333,buy_yes,sell_yes,0.23,0.24,37.9988,0.38,1,0.225,0.25,closed,opposite_fill
2038,Fed Rate Hike by October 2026 Meeting?,2026-06-01T12:54:00+00:00,2026-06-01T12:57:00+00:00,0.05,sell_yes,buy_yes,0.24,0.23,65.2812,0.6528,1,0.25,0.225,closed,opposite_fill
2039,Fed Rate Hike by October 2026 Meeting?,2026-06-01T12:57:00+00:00,2026-06-01T13:00:00+00:00,0.05,buy_yes,sell_yes,0.23,0.23,37.9988,0,0,0.225,0.25,closed,opposite_fill
2040,Fed Rate Hike by October 2026 Meeting?,2026-06-01T13:00:00+00:00,2026-06-01T13:03:00+00:00,0.05,sell_yes,buy_yes,0.23,0.24,65.2812,-0.6528,-1,0.25,0.235,closed,opposite_fill
2041,Fed Rate Hike by October 2026 Meeting?,2026-06-01T13:03:00+00:00,2026-06-01T13:07:00+00:00,0.0667,buy_yes,sell_yes,0.24,0.23,41.0972,-0.411,-1,0.235,0.245,closed,opposite_fill
2042,Fed Rate Hike by October 2026 Meeting?,2026-06-01T13:07:00+00:00,2026-06-01T13:08:00+00:00,0.0167,sell_yes,buy_yes,0.23,0.24,62.1828,-0.6218,-1,0.245,0.23,closed,opposite_fill
2043,Fed Rate Hike by October 2026 Meeting?,2026-06-01T13:08:00+00:00,2026-06-01T13:09:00+00:00,0.0167,buy_yes,sell_yes,0.24,0.24,41.0972,0,0,0.23,0.245,closed,opposite_fill
2044,Fed Rate Hike by October 2026 Meeting?,2026-06-01T13:09:00+00:00,2026-06-01T13:11:00+00:00,0.0333,sell_yes,buy_yes,0.24,0.26,62.1828,-1.2437,-2,0.245,0.235,closed,opposite_fill
2045,Fed Rate Hike by October 2026 Meeting?,2026-06-01T13:11:00+00:00,2026-06-01T13:12:00+00:00,0.0167,buy_yes,sell_yes,0.26,0.24,41.0972,-0.8219,-2,0.235,0.245,closed,opposite_fill
2046,Fed Rate Hike by October 2026 Meeting?,2026-06-01T13:12:00+00:00,2026-06-01T13:14:00+00:00,0.0333,sell_yes,buy_yes,0.24,0.23,62.1828,0.6218,1,0.245,0.225,closed,opposite_fill
2047,Fed Rate Hike by October 2026 Meeting?,2026-06-01T13:14:00+00:00,2026-06-01T13:15:00+00:00,0.0167,buy_yes,sell_yes,0.23,0.23,41.0972,0,0,0.225,0.25,closed,opposite_fill
2048,Fed Rate Hike by October 2026 Meeting?,2026-06-01T13:15:00+00:00,2026-06-01T13:17:00+00:00,0.0333,sell_yes,buy_yes,0.23,0.27,62.1828,-2.4873,-4,0.25,0.225,closed,opposite_fill
2049,Will the Sweden Democrats (SD) win the third most seats in the 2026 Swedish parliamentary election?,2026-06-01T10:50:00+00:00,2026-06-01T13:19:00+00:00,2.4833,buy_yes,sell_yes,0.23,0.3,39.5046,2.7653,7,0.225,0.315,closed,opposite_fill
2050,Fed Rate Hike by October 2026 Meeting?,2026-06-01T13:17:00+00:00,2026-06-01T13:20:00+00:00,0.05,buy_yes,sell_yes,0.27,0.23,41.0972,-1.6439,-4,0.225,0.245,closed,opposite_fill
2051,Fed Rate Hike by October 2026 Meeting?,2026-06-01T13:20:00+00:00,2026-06-01T13:22:00+00:00,0.0333,sell_yes,buy_yes,0.23,0.25,65.2812,-1.3056,-2,0.245,0.245,closed,opposite_fill
2052,Bab el-Mandeb Strait effectively closed by September 30?,2026-06-01T01:17:00+00:00,2026-06-01T13:22:00+00:00,12.0833,buy_yes,sell_yes,0.34,0.17,6.1968,-1.0535,-17,0.34,0.195,closed,opposite_fill
2053,Fed Rate Hike by October 2026 Meeting?,2026-06-01T13:22:00+00:00,2026-06-01T13:25:00+00:00,0.05,buy_yes,sell_yes,0.25,0.23,47.294,-0.9459,-2,0.245,0.25,closed,opposite_fill
2054,Will the Sweden Democrats (SD) win the third most seats in the 2026 Swedish parliamentary election?,2026-06-01T13:19:00+00:00,2026-06-01T13:25:00+00:00,0.1,sell_yes,buy_yes,0.3,0.3,11.1542,0,0,0.315,0.275,closed,opposite_fill
2055,Fed Rate Hike by October 2026 Meeting?,2026-06-01T13:25:00+00:00,2026-06-01T13:27:00+00:00,0.0333,sell_yes,buy_yes,0.23,0.25,55.986,-1.1197,-2,0.25,0.23,closed,opposite_fill
2056,Fed Rate Hike by October 2026 Meeting?,2026-06-01T13:27:00+00:00,2026-06-01T13:28:00+00:00,0.0167,buy_yes,sell_yes,0.25,0.24,47.294,-0.4729,-1,0.23,0.255,closed,opposite_fill
2057,Fed Rate Hike by October 2026 Meeting?,2026-06-01T13:28:00+00:00,2026-06-01T13:30:00+00:00,0.0333,sell_yes,buy_yes,0.24,0.25,55.986,-0.5599,-1,0.255,0.245,closed,opposite_fill
2058,Fed Rate Hike by October 2026 Meeting?,2026-06-01T13:30:00+00:00,2026-06-01T13:31:00+00:00,0.0167,buy_yes,sell_yes,0.25,0.25,56.5892,0,0,0.245,0.255,closed,opposite_fill
2059,Fed Rate Hike by October 2026 Meeting?,2026-06-01T13:31:00+00:00,2026-06-01T13:32:00+00:00,0.0167,sell_yes,buy_yes,0.25,0.25,46.6908,0,0,0.255,0.245,closed,opposite_fill
2060,Fed Rate Hike by October 2026 Meeting?,2026-06-01T13:32:00+00:00,2026-06-01T13:36:00+00:00,0.0667,buy_yes,sell_yes,0.25,0.24,65.8844,-0.6588,-1,0.245,0.245,closed,opposite_fill
2061,Fed Rate Hike by October 2026 Meeting?,2026-06-01T13:36:00+00:00,2026-06-01T13:37:00+00:00,0.0167,sell_yes,buy_yes,0.24,0.24,49.7892,0,0,0.245,0.23,closed,opposite_fill
2062,Fed Rate Hike by October 2026 Meeting?,2026-06-01T13:37:00+00:00,2026-06-01T13:38:00+00:00,0.0167,buy_yes,sell_yes,0.24,0.24,53.4908,0,0,0.23,0.26,closed,opposite_fill
2063,Fed Rate Hike by October 2026 Meeting?,2026-06-01T13:38:00+00:00,2026-06-01T13:39:00+00:00,0.0167,sell_yes,buy_yes,0.24,0.25,49.7892,-0.4979,-1,0.26,0.245,closed,opposite_fill
2064,Will the Sweden Democrats (SD) win the second most seats in the 2026 Swedish parliamentary election?,2026-06-01T10:42:00+00:00,2026-06-01T13:39:00+00:00,2.95,buy_yes,sell_yes,0.59,0.61,18.0451,0.3609,2,0.485,0.635,closed,opposite_fill
2065,Will the Sweden Democrats (SD) win the second most seats in the 2026 Swedish parliamentary election?,2026-06-01T11:14:00+00:00,2026-06-01T13:39:00+00:00,2.4167,buy_yes,sell_yes,0.46,0.61,43.9229,6.5884,15,0.45,0.635,closed,opposite_fill
2066,Will the Moderate Party (M) win the second most seats in the 2026 Swedish parliamentary election?,2026-06-01T11:07:00+00:00,2026-06-01T13:40:00+00:00,2.55,buy_yes,sell_yes,0.37,0.33,10.0339,-0.4014,-4,0.36,0.345,closed,opposite_fill
2067,Fed Rate Hike by October 2026 Meeting?,2026-06-01T13:39:00+00:00,2026-06-01T13:41:00+00:00,0.0333,buy_yes,sell_yes,0.25,0.24,53.4908,-0.5349,-1,0.245,0.265,closed,opposite_fill
2068,Fed Rate Hike by October 2026 Meeting?,2026-06-01T13:41:00+00:00,2026-06-01T13:42:00+00:00,0.0167,sell_yes,buy_yes,0.24,0.26,49.7892,-0.9958,-2,0.265,0.245,closed,opposite_fill
2069,Fed Rate Hike by October 2026 Meeting?,2026-06-01T13:42:00+00:00,2026-06-01T13:48:00+00:00,0.1,buy_yes,sell_yes,0.26,0.25,53.4908,-0.5349,-1,0.245,0.255,closed,opposite_fill
2070,Fed Rate Hike by October 2026 Meeting?,2026-06-01T13:48:00+00:00,2026-06-01T13:49:00+00:00,0.0167,sell_yes,buy_yes,0.25,0.25,49.7892,0,0,0.255,0.235,closed,opposite_fill
2071,Fed Rate Hike by October 2026 Meeting?,2026-06-01T13:49:00+00:00,2026-06-01T13:50:00+00:00,0.0167,buy_yes,sell_yes,0.25,0.24,53.4908,-0.5349,-1,0.235,0.245,closed,opposite_fill
2072,Fed Rate Hike by October 2026 Meeting?,2026-06-01T13:50:00+00:00,2026-06-01T13:52:00+00:00,0.0333,sell_yes,buy_yes,0.24,0.24,49.7892,0,0,0.245,0.235,closed,opposite_fill
2073,Fed Rate Hike by October 2026 Meeting?,2026-06-01T13:52:00+00:00,2026-06-01T13:53:00+00:00,0.0167,buy_yes,sell_yes,0.24,0.24,53.4908,0,0,0.235,0.245,closed,opposite_fill
2074,Fed Rate Hike by October 2026 Meeting?,2026-06-01T13:53:00+00:00,2026-06-01T13:54:00+00:00,0.0167,sell_yes,buy_yes,0.24,0.24,49.7892,0,0,0.245,0.235,closed,opposite_fill
2075,Fed Rate Hike by October 2026 Meeting?,2026-06-01T13:54:00+00:00,2026-06-01T13:55:00+00:00,0.0167,buy_yes,sell_yes,0.24,0.24,53.4908,0,0,0.235,0.245,closed,opposite_fill
2076,Will the Sweden Democrats (SD) win the second most seats in the 2026 Swedish parliamentary election?,2026-06-01T11:14:00+00:00,2026-06-01T14:00:00+00:00,2.7667,buy_yes,sell_yes,0.46,0.58,18.0451,2.1654,12,0.45,0.6,closed,opposite_fill
2077,Fed Rate Hike by October 2026 Meeting?,2026-06-01T13:55:00+00:00,2026-06-01T14:06:00+00:00,0.1833,sell_yes,buy_yes,0.24,0.25,55.986,-0.5599,-1,0.245,0.24,closed,opposite_fill
2078,Fed Rate Hike by October 2026 Meeting?,2026-06-01T14:06:00+00:00,2026-06-01T14:08:00+00:00,0.0333,buy_yes,sell_yes,0.25,0.23,47.294,-0.9459,-2,0.24,0.25,closed,opposite_fill
2079,Fed Rate Hike by October 2026 Meeting?,2026-06-01T14:08:00+00:00,2026-06-01T14:10:00+00:00,0.0333,sell_yes,buy_yes,0.23,0.23,55.986,0,0,0.25,0.225,closed,opposite_fill
2080,Fed Rate Hike by October 2026 Meeting?,2026-06-01T14:10:00+00:00,2026-06-01T14:11:00+00:00,0.0167,buy_yes,sell_yes,0.23,0.23,47.294,0,0,0.225,0.255,closed,opposite_fill
2081,Fed Rate Hike by October 2026 Meeting?,2026-06-01T14:11:00+00:00,2026-06-01T14:15:00+00:00,0.0667,sell_yes,buy_yes,0.23,0.24,55.986,-0.5599,-1,0.255,0.235,closed,opposite_fill
2082,Fed Rate Hike by October 2026 Meeting?,2026-06-01T14:15:00+00:00,2026-06-01T14:16:00+00:00,0.0167,buy_yes,sell_yes,0.24,0.24,47.294,0,0,0.235,0.245,closed,opposite_fill
2083,Will the Moderate Party (M) win the second most seats in the 2026 Swedish parliamentary election?,2026-06-01T13:40:00+00:00,2026-06-01T14:16:00+00:00,0.6,sell_yes,buy_yes,0.33,0.32,53.7932,0.5379,1,0.345,0.31,closed,opposite_fill
2084,Fed Rate Hike by October 2026 Meeting?,2026-06-01T14:16:00+00:00,2026-06-01T14:17:00+00:00,0.0167,sell_yes,buy_yes,0.24,0.24,55.986,0,0,0.245,0.225,closed,opposite_fill
2085,Fed Rate Hike by October 2026 Meeting?,2026-06-01T14:17:00+00:00,2026-06-01T14:18:00+00:00,0.0167,buy_yes,sell_yes,0.24,0.23,53.4908,-0.5349,-1,0.225,0.245,closed,opposite_fill
2086,Will the Sweden Democrats (SD) win the second most seats in the 2026 Swedish parliamentary election?,2026-06-01T14:00:00+00:00,2026-06-01T14:21:00+00:00,0.35,sell_yes,buy_yes,0.58,0.57,43.9229,0.4392,1,0.6,0.475,closed,opposite_fill
2087,Will the Moderate Party (M) win the second most seats in the 2026 Swedish parliamentary election?,2026-06-01T14:16:00+00:00,2026-06-01T14:21:00+00:00,0.0833,buy_yes,sell_yes,0.32,0.35,8.17482,0.2452,3,0.31,0.385,closed,opposite_fill
2088,Fed Rate Hike by October 2026 Meeting?,2026-06-01T14:18:00+00:00,2026-06-01T14:22:00+00:00,0.0667,sell_yes,buy_yes,0.23,0.24,49.7892,-0.4979,-1,0.245,0.215,closed,opposite_fill
2089,Fed Rate Hike by October 2026 Meeting?,2026-06-01T14:22:00+00:00,2026-06-01T14:25:00+00:00,0.05,buy_yes,sell_yes,0.24,0.22,53.4908,-1.0698,-2,0.215,0.255,closed,opposite_fill
2090,Fed Rate Hike by October 2026 Meeting?,2026-06-01T14:25:00+00:00,2026-06-01T14:27:00+00:00,0.0333,sell_yes,buy_yes,0.22,0.25,52.8876,-1.5866,-3,0.255,0.24,closed,opposite_fill
2091,Will the Moderate Party (M) win the third most seats in the 2026 Swedish parliamentary election?,2026-06-01T08:58:00+00:00,2026-06-01T14:27:00+00:00,5.4833,buy_yes,sell_yes,0.5,0.5,6.59959,0,0,0.46,0.55,closed,opposite_fill
2092,Will the Moderate Party (M) win the third most seats in the 2026 Swedish parliamentary election?,2026-06-01T10:57:00+00:00,2026-06-01T14:27:00+00:00,3.5,buy_yes,sell_yes,0.51,0.5,39.8764,-0.3988,-1,0.46,0.55,closed,opposite_fill
2093,Fed Rate Hike by October 2026 Meeting?,2026-06-01T14:27:00+00:00,2026-06-01T14:30:00+00:00,0.05,buy_yes,sell_yes,0.25,0.23,53.4908,-1.0698,-2,0.24,0.26,closed,opposite_fill
2094,Fed Rate Hike by October 2026 Meeting?,2026-06-01T14:30:00+00:00,2026-06-01T14:31:00+00:00,0.0167,sell_yes,buy_yes,0.23,0.25,49.7892,-0.9958,-2,0.26,0.245,closed,opposite_fill
2095,Will the Sweden Democrats (SD) win the third most seats in the 2026 Swedish parliamentary election?,2026-06-01T13:25:00+00:00,2026-06-01T14:31:00+00:00,1.1,buy_yes,sell_yes,0.3,0.27,35.3218,-1.0597,-3,0.275,0.34,closed,opposite_fill
2096,Will the Sweden Democrats (SD) win the third most seats in the 2026 Swedish parliamentary election?,2026-06-01T14:31:00+00:00,2026-06-01T14:33:00+00:00,0.0333,sell_yes,buy_yes,0.27,0.32,11.1542,-0.5577,-5,0.34,0.315,closed,opposite_fill
2097,Fed Rate Hike by October 2026 Meeting?,2026-06-01T14:31:00+00:00,2026-06-01T14:34:00+00:00,0.05,buy_yes,sell_yes,0.25,0.23,53.4908,-1.0698,-2,0.245,0.26,closed,opposite_fill
2098,Will the Sweden Democrats (SD) win the second most seats in the 2026 Swedish parliamentary election?,2026-06-01T14:21:00+00:00,2026-06-01T14:34:00+00:00,0.2167,buy_yes,sell_yes,0.57,0.53,18.0451,-0.7218,-4,0.475,0.56,closed,opposite_fill
2099,Fed Rate Hike by October 2026 Meeting?,2026-06-01T14:34:00+00:00,2026-06-01T14:36:00+00:00,0.0333,sell_yes,buy_yes,0.23,0.25,49.7892,-0.9958,-2,0.26,0.245,closed,opposite_fill
2100,Fed Rate Hike by October 2026 Meeting?,2026-06-01T14:36:00+00:00,2026-06-01T14:40:00+00:00,0.0667,buy_yes,sell_yes,0.25,0.23,53.4908,-1.0698,-2,0.245,0.255,closed,opposite_fill
2101,Fed Rate Hike by October 2026 Meeting?,2026-06-01T14:40:00+00:00,2026-06-01T14:41:00+00:00,0.0167,sell_yes,buy_yes,0.23,0.25,49.7892,-0.9958,-2,0.255,0.245,closed,opposite_fill
2102,Fed Rate Hike by October 2026 Meeting?,2026-06-01T14:41:00+00:00,2026-06-01T14:43:00+00:00,0.0333,buy_yes,sell_yes,0.25,0.24,68.9828,-0.6898,-1,0.245,0.255,closed,opposite_fill
2103,Fed Rate Hike by October 2026 Meeting?,2026-06-01T14:43:00+00:00,2026-06-01T14:45:00+00:00,0.0333,sell_yes,buy_yes,0.24,0.24,34.2972,0,0,0.255,0.225,closed,opposite_fill
2104,Fed Rate Hike by October 2026 Meeting?,2026-06-01T14:45:00+00:00,2026-06-01T14:48:00+00:00,0.05,buy_yes,sell_yes,0.24,0.23,68.9828,-0.6898,-1,0.225,0.25,closed,opposite_fill
2105,Fed Rate Hike by October 2026 Meeting?,2026-06-01T14:48:00+00:00,2026-06-01T14:51:00+00:00,0.05,sell_yes,buy_yes,0.23,0.23,34.2972,0,0,0.25,0.22,closed,opposite_fill
2106,Fed Rate Hike by October 2026 Meeting?,2026-06-01T14:51:00+00:00,2026-06-01T14:52:00+00:00,0.0167,buy_yes,sell_yes,0.23,0.23,68.9828,0,0,0.22,0.25,closed,opposite_fill
2107,Fed Rate Hike by October 2026 Meeting?,2026-06-01T14:52:00+00:00,2026-06-01T14:54:00+00:00,0.0333,sell_yes,buy_yes,0.23,0.23,34.2972,0,0,0.25,0.22,closed,opposite_fill
2108,Fed Rate Hike by October 2026 Meeting?,2026-06-01T14:54:00+00:00,2026-06-01T14:57:00+00:00,0.05,buy_yes,sell_yes,0.23,0.23,68.9828,0,0,0.22,0.25,closed,opposite_fill
2109,Fed Rate Hike by October 2026 Meeting?,2026-06-01T14:57:00+00:00,2026-06-01T14:58:00+00:00,0.0167,sell_yes,buy_yes,0.23,0.24,34.2972,-0.343,-1,0.25,0.235,closed,opposite_fill
2110,Fed Rate Hike by October 2026 Meeting?,2026-06-01T14:58:00+00:00,2026-06-01T15:00:00+00:00,0.0333,buy_yes,sell_yes,0.24,0.24,68.9828,0,0,0.235,0.255,closed,opposite_fill
2111,Fed Rate Hike by October 2026 Meeting?,2026-06-01T15:00:00+00:00,2026-06-01T15:01:00+00:00,0.0167,sell_yes,buy_yes,0.24,0.25,34.2972,-0.343,-1,0.255,0.245,closed,opposite_fill
2112,Will the Sweden Democrats (SD) win the third most seats in the 2026 Swedish parliamentary election?,2026-06-01T14:33:00+00:00,2026-06-01T15:06:00+00:00,0.55,buy_yes,sell_yes,0.32,0.35,35.3218,1.0597,3,0.315,0.355,closed,opposite_fill
2113,Fed Rate Hike by October 2026 Meeting?,2026-06-01T15:01:00+00:00,2026-06-01T15:07:00+00:00,0.1,buy_yes,sell_yes,0.25,0.24,75.1796,-0.7518,-1,0.245,0.245,closed,opposite_fill
2114,Fed Rate Hike by October 2026 Meeting?,2026-06-01T15:07:00+00:00,2026-06-01T15:09:00+00:00,0.0333,sell_yes,buy_yes,0.24,0.24,31.1988,0,0,0.245,0.23,closed,opposite_fill
2115,Fed Rate Hike by October 2026 Meeting?,2026-06-01T15:09:00+00:00,2026-06-01T15:11:00+00:00,0.0333,buy_yes,sell_yes,0.24,0.24,72.0812,0,0,0.23,0.26,closed,opposite_fill
2116,Fed Rate Hike by October 2026 Meeting?,2026-06-01T15:11:00+00:00,2026-06-01T15:14:00+00:00,0.05,sell_yes,buy_yes,0.24,0.27,31.1988,-0.936,-3,0.26,0.245,closed,opposite_fill
2117,Fed Rate Hike by October 2026 Meeting?,2026-06-01T15:14:00+00:00,2026-06-01T15:17:00+00:00,0.05,buy_yes,sell_yes,0.27,0.23,72.0812,-2.8832,-4,0.245,0.245,closed,opposite_fill
2118,Fed Rate Hike by October 2026 Meeting?,2026-06-01T15:17:00+00:00,2026-06-01T15:23:00+00:00,0.1,sell_yes,buy_yes,0.23,0.23,31.1988,0,0,0.245,0.23,closed,opposite_fill
2119,Fed Rate Hike by October 2026 Meeting?,2026-06-01T15:23:00+00:00,2026-06-01T15:24:00+00:00,0.0167,buy_yes,sell_yes,0.23,0.23,72.0812,0,0,0.23,0.25,closed,opposite_fill
2120,Fed Rate Hike by October 2026 Meeting?,2026-06-01T15:24:00+00:00,2026-06-01T15:27:00+00:00,0.05,sell_yes,buy_yes,0.23,0.25,31.1988,-0.624,-2,0.25,0.245,closed,opposite_fill
2121,Will the Sweden Democrats (SD) win the second most seats in the 2026 Swedish parliamentary election?,2026-06-01T14:34:00+00:00,2026-06-01T15:27:00+00:00,0.8833,sell_yes,buy_yes,0.53,0.55,55.0772,-1.1015,-2,0.56,0.455,closed,opposite_fill
2122,Fed Rate Hike by October 2026 Meeting?,2026-06-01T15:27:00+00:00,2026-06-01T15:35:00+00:00,0.1333,buy_yes,sell_yes,0.25,0.23,75.1796,-1.5036,-2,0.245,0.26,closed,opposite_fill
2123,Fed Rate Hike by October 2026 Meeting?,2026-06-01T15:35:00+00:00,2026-06-01T15:37:00+00:00,0.0333,sell_yes,buy_yes,0.23,0.25,34.2972,-0.6859,-2,0.26,0.24,closed,opposite_fill
2124,Fed Rate Hike by October 2026 Meeting?,2026-06-01T15:37:00+00:00,2026-06-01T15:39:00+00:00,0.0333,buy_yes,sell_yes,0.25,0.25,68.9828,0,0,0.24,0.265,closed,opposite_fill
2125,Fed Rate Hike by October 2026 Meeting?,2026-06-01T15:39:00+00:00,2026-06-01T15:41:00+00:00,0.0333,sell_yes,buy_yes,0.25,0.26,34.2972,-0.343,-1,0.265,0.215,closed,opposite_fill
2126,Fed Rate Hike by October 2026 Meeting?,2026-06-01T15:41:00+00:00,2026-06-01T15:45:00+00:00,0.0667,buy_yes,sell_yes,0.26,0.23,68.9828,-2.0695,-3,0.215,0.255,closed,opposite_fill
2127,Fed Rate Hike by October 2026 Meeting?,2026-06-01T15:45:00+00:00,2026-06-01T15:47:00+00:00,0.0333,sell_yes,buy_yes,0.23,0.24,34.2972,-0.343,-1,0.255,0.235,closed,opposite_fill
2128,Fed Rate Hike by October 2026 Meeting?,2026-06-01T15:47:00+00:00,2026-06-01T15:50:00+00:00,0.05,buy_yes,sell_yes,0.24,0.24,78.278,0,0,0.235,0.25,closed,opposite_fill
2129,Fed Rate Hike by October 2026 Meeting?,2026-06-01T15:50:00+00:00,2026-06-01T15:51:00+00:00,0.0167,sell_yes,buy_yes,0.24,0.24,25.002,0,0,0.25,0.235,closed,opposite_fill
2130,Fed Rate Hike by October 2026 Meeting?,2026-06-01T15:51:00+00:00,2026-06-01T15:54:00+00:00,0.05,buy_yes,sell_yes,0.24,0.24,78.278,0,0,0.235,0.25,closed,opposite_fill
2131,Will the Sweden Democrats (SD) win the third most seats in the 2026 Swedish parliamentary election?,2026-06-01T15:06:00+00:00,2026-06-01T15:54:00+00:00,0.8,sell_yes,buy_yes,0.35,0.31,11.1542,0.4462,4,0.355,0.3,closed,opposite_fill
2132,Fed Rate Hike by October 2026 Meeting?,2026-06-01T15:54:00+00:00,2026-06-01T15:55:00+00:00,0.0167,sell_yes,buy_yes,0.24,0.24,25.002,0,0,0.25,0.235,closed,opposite_fill
2133,Fed Rate Hike by October 2026 Meeting?,2026-06-01T15:55:00+00:00,2026-06-01T15:59:00+00:00,0.0667,buy_yes,sell_yes,0.24,0.24,78.278,0,0,0.235,0.245,closed,opposite_fill
2134,Fed Rate Hike by October 2026 Meeting?,2026-06-01T15:59:00+00:00,2026-06-01T16:02:00+00:00,0.05,sell_yes,buy_yes,0.24,0.24,28.1004,0,0,0.245,0.23,closed,opposite_fill
2135,Fed Rate Hike by October 2026 Meeting?,2026-06-01T16:02:00+00:00,2026-06-01T16:03:00+00:00,0.0167,buy_yes,sell_yes,0.24,0.23,75.1796,-0.7518,-1,0.23,0.235,closed,opposite_fill
2136,Fed Rate Hike by October 2026 Meeting?,2026-06-01T16:03:00+00:00,2026-06-01T16:07:00+00:00,0.0667,sell_yes,buy_yes,0.23,0.25,28.1004,-0.562,-2,0.235,0.245,closed,opposite_fill
2137,Fed Rate Hike by October 2026 Meeting?,2026-06-01T16:07:00+00:00,2026-06-01T16:10:00+00:00,0.05,buy_yes,sell_yes,0.25,0.24,90.6716,-0.9067,-1,0.245,0.26,closed,opposite_fill
2138,Fed Rate Hike by October 2026 Meeting?,2026-06-01T16:10:00+00:00,2026-06-01T16:11:00+00:00,0.0167,sell_yes,buy_yes,0.24,0.25,12.6084,-0.1261,-1,0.26,0.235,closed,opposite_fill
2139,Fed Rate Hike by October 2026 Meeting?,2026-06-01T16:11:00+00:00,2026-06-01T16:14:00+00:00,0.05,buy_yes,sell_yes,0.25,0.24,90.6716,-0.9067,-1,0.235,0.25,closed,opposite_fill
2140,Fed Rate Hike by October 2026 Meeting?,2026-06-01T16:14:00+00:00,2026-06-01T16:15:00+00:00,0.0167,sell_yes,buy_yes,0.24,0.24,12.6084,0,0,0.25,0.235,closed,opposite_fill
2141,Fed Rate Hike by October 2026 Meeting?,2026-06-01T16:15:00+00:00,2026-06-01T16:18:00+00:00,0.05,buy_yes,sell_yes,0.24,0.24,99.9668,0,0,0.235,0.25,closed,opposite_fill
2142,Will the Sweden Democrats (SD) win the second most seats in the 2026 Swedish parliamentary election?,2026-06-01T15:27:00+00:00,2026-06-01T16:27:00+00:00,1,buy_yes,sell_yes,0.55,0.55,6.89084,0,0,0.455,0.565,closed,opposite_fill
2143,Fed Rate Hike by October 2026 Meeting?,2026-06-01T16:18:00+00:00,2026-06-01T16:42:00+00:00,0.4,sell_yes,buy_yes,0.24,0.23,3.31322,0.0331,1,0.25,0.225,closed,opposite_fill
2144,Will the Sweden Democrats (SD) win the second most seats in the 2026 Swedish parliamentary election?,2026-06-01T16:27:00+00:00,2026-06-01T17:16:00+00:00,0.8167,sell_yes,buy_yes,0.55,0.58,55.0772,-1.6523,-3,0.565,0.485,closed,opposite_fill
2145,Will the Sweden Democrats (SD) win the third most seats in the 2026 Swedish parliamentary election?,2026-06-01T15:54:00+00:00,2026-06-01T17:21:00+00:00,1.45,buy_yes,sell_yes,0.31,0.36,35.3218,1.7661,5,0.3,0.365,closed,opposite_fill
2146,Will the Sweden Democrats (SD) win the third most seats in the 2026 Swedish parliamentary election?,2026-06-01T17:21:00+00:00,2026-06-01T17:37:00+00:00,0.2667,sell_yes,buy_yes,0.36,0.34,12.5485,0.251,2,0.365,0.325,closed,opposite_fill
2147,Will the Sweden Democrats (SD) win the third most seats in the 2026 Swedish parliamentary election?,2026-06-01T17:37:00+00:00,2026-06-01T17:54:00+00:00,0.2833,buy_yes,sell_yes,0.34,0.36,36.716,0.7343,2,0.325,0.37,closed,opposite_fill
2148,Will the Sweden Democrats (SD) win the third most seats in the 2026 Swedish parliamentary election?,2026-06-01T17:54:00+00:00,2026-06-01T18:01:00+00:00,0.1167,sell_yes,buy_yes,0.36,0.34,9.75996,0.1952,2,0.37,0.33,closed,opposite_fill
2149,Will the Sweden Democrats (SD) win the third most seats in the 2026 Swedish parliamentary election?,2026-06-01T18:01:00+00:00,2026-06-01T18:13:00+00:00,0.2,buy_yes,sell_yes,0.34,0.36,21.5649,0.4313,2,0.33,0.375,closed,opposite_fill
2150,Will the Moderate Party (M) win the second most seats in the 2026 Swedish parliamentary election?,2026-06-01T14:21:00+00:00,2026-06-01T18:25:00+00:00,4.0667,sell_yes,buy_yes,0.35,0.45,61.2293,-6.1229,-10,0.385,0.44,closed,opposite_fill
2151,Will the Sweden Democrats (SD) win the third most seats in the 2026 Swedish parliamentary election?,2026-06-01T18:01:00+00:00,2026-06-01T18:53:00+00:00,0.8667,buy_yes,sell_yes,0.34,0.37,17.9397,0.5382,3,0.33,0.385,closed,opposite_fill
2152,Will the Sweden Democrats (SD) win the third most seats in the 2026 Swedish parliamentary election?,2026-06-01T18:53:00+00:00,2026-06-01T19:06:00+00:00,0.2167,sell_yes,buy_yes,0.37,0.36,29.9305,0.2993,1,0.385,0.35,closed,opposite_fill
2153,Clarity Act (H.R.3633) signed into law in 2026?,2026-06-01T00:00:00+00:00,2026-06-01T19:11:00+00:00,19.1833,buy_yes,sell_yes,0.53,0.49,50.0908,-2.0036,-4,0.38,0.535,closed,opposite_fill
2154,Will the Sweden Democrats (SD) win the second most seats in the 2026 Swedish parliamentary election?,2026-06-01T17:16:00+00:00,2026-06-01T19:52:00+00:00,2.6,buy_yes,sell_yes,0.58,0.52,6.89084,-0.4135,-6,0.485,0.53,closed,opposite_fill
2155,Fed Rate Hike by October 2026 Meeting?,2026-06-01T16:42:00+00:00,2026-06-01T19:55:00+00:00,3.2167,buy_yes,sell_yes,0.23,0.25,44.6087,0.8922,2,0.225,0.28,closed,opposite_fill
2156,Will the Sweden Democrats (SD) win the third most seats in the 2026 Swedish parliamentary election?,2026-06-01T19:06:00+00:00,2026-06-01T19:55:00+00:00,0.8167,buy_yes,sell_yes,0.36,0.38,19.334,0.3867,2,0.35,0.41,closed,opposite_fill
2157,Will the Sweden Democrats (SD) win the third most seats in the 2026 Swedish parliamentary election?,2026-06-01T19:55:00+00:00,2026-06-01T20:10:00+00:00,0.25,sell_yes,buy_yes,0.38,0.35,27.142,0.8143,3,0.41,0.335,closed,opposite_fill
2158,Fed Rate Hike by October 2026 Meeting?,2026-06-01T19:55:00+00:00,2026-06-01T20:14:00+00:00,0.3167,sell_yes,buy_yes,0.25,0.23,58.6713,1.1734,2,0.28,0.215,closed,opposite_fill
2159,Will the Sweden Democrats (SD) win the third most seats in the 2026 Swedish parliamentary election?,2026-06-01T20:10:00+00:00,2026-06-01T20:25:00+00:00,0.25,buy_yes,sell_yes,0.35,0.35,24.9111,0,0,0.335,0.37,closed,opposite_fill
2160,Will the Sweden Democrats (SD) win the third most seats in the 2026 Swedish parliamentary election?,2026-06-01T20:25:00+00:00,2026-06-01T21:01:00+00:00,0.6,sell_yes,buy_yes,0.35,0.35,21.5649,0,0,0.37,0.345,closed,opposite_fill
2161,Will the Sweden Democrats (SD) win the third most seats in the 2026 Swedish parliamentary election?,2026-06-01T21:01:00+00:00,2026-06-01T21:30:00+00:00,0.4833,buy_yes,sell_yes,0.35,0.35,24.9111,0,0,0.345,0.36,closed,opposite_fill
2162,Fed Rate Hike by October 2026 Meeting?,2026-06-01T20:14:00+00:00,2026-06-01T21:33:00+00:00,1.3167,buy_yes,sell_yes,0.23,0.25,44.6087,0.8922,2,0.215,0.255,closed,opposite_fill
2163,Will the Moderate Party (M) win the second most seats in the 2026 Swedish parliamentary election?,2026-06-01T18:25:00+00:00,2026-06-01T21:47:00+00:00,3.3667,buy_yes,sell_yes,0.45,0.43,0.738658,-0.0148,-2,0.44,0.455,closed,opposite_fill
2164,Fed Rate Hike by October 2026 Meeting?,2026-06-01T21:33:00+00:00,2026-06-01T21:51:00+00:00,0.3,sell_yes,buy_yes,0.25,0.23,47.9219,0.9584,2,0.255,0.225,closed,opposite_fill
2165,Will the Sweden Democrats (SD) win the third most seats in the 2026 Swedish parliamentary election?,2026-06-01T21:30:00+00:00,2026-06-01T21:54:00+00:00,0.4,sell_yes,buy_yes,0.35,0.33,21.5649,0.4313,2,0.36,0.32,closed,opposite_fill
2166,Will the Sweden Democrats (SD) win the third most seats in the 2026 Swedish parliamentary election?,2026-06-01T21:54:00+00:00,2026-06-01T22:00:00+00:00,0.1,buy_yes,sell_yes,0.33,0.35,26.3054,0.5261,2,0.32,0.36,closed,opposite_fill
2167,Will the Sweden Democrats (SD) win the third most seats in the 2026 Swedish parliamentary election?,2026-06-01T22:00:00+00:00,2026-06-01T22:05:00+00:00,0.0833,sell_yes,buy_yes,0.35,0.33,20.1706,0.4034,2,0.36,0.32,closed,opposite_fill
2168,Fed Rate Hike by October 2026 Meeting?,2026-06-01T21:33:00+00:00,2026-06-01T22:21:00+00:00,0.8,sell_yes,buy_yes,0.25,0.23,10.7494,0.215,2,0.255,0.22,closed,opposite_fill
2169,Will the Sweden Democrats (SD) win the third most seats in the 2026 Swedish parliamentary election?,2026-06-01T22:05:00+00:00,2026-06-01T22:21:00+00:00,0.2667,buy_yes,sell_yes,0.33,0.37,21.5649,0.8626,4,0.32,0.38,closed,opposite_fill
2170,Fed Rate Hike by October 2026 Meeting?,2026-06-01T22:21:00+00:00,2026-06-01T22:25:00+00:00,0.0667,buy_yes,sell_yes,0.23,0.25,47.9219,0.9584,2,0.22,0.255,closed,opposite_fill
2171,Will the Sweden Democrats (SD) win the third most seats in the 2026 Swedish parliamentary election?,2026-06-01T22:05:00+00:00,2026-06-01T22:35:00+00:00,0.5,buy_yes,sell_yes,0.33,0.38,4.74055,0.237,5,0.32,0.39,closed,opposite_fill
2172,Will the Sweden Democrats (SD) win the third most seats in the 2026 Swedish parliamentary election?,2026-06-01T22:35:00+00:00,2026-06-01T22:37:00+00:00,0.0333,sell_yes,buy_yes,0.38,0.35,41.7354,1.2521,3,0.39,0.335,closed,opposite_fill
2173,Fed Rate Hike by October 2026 Meeting?,2026-06-01T22:21:00+00:00,2026-06-01T23:04:00+00:00,0.7167,buy_yes,sell_yes,0.23,0.25,44.6087,0.8922,2,0.22,0.26,closed,opposite_fill
2174,Will the Sweden Democrats (SD) win the third most seats in the 2026 Swedish parliamentary election?,2026-06-01T22:37:00+00:00,2026-06-01T23:38:00+00:00,1.0167,buy_yes,sell_yes,0.35,0.37,4.74055,0.0948,2,0.335,0.395,closed,opposite_fill
2175,Fed Rate Hike by October 2026 Meeting?,2026-06-01T23:04:00+00:00,2026-06-01T23:47:00+00:00,0.7167,sell_yes,buy_yes,0.25,0.23,58.6713,1.1734,2,0.26,0.225,closed,opposite_fill
2176,Will there be no change in Fed interest rates after the September 2026 meeting?,2026-06-01T00:22:00+00:00,2026-06-02T00:00:00+00:00,23.6333,sell_yes,buy_yes,0.6,0.78,47.0957,-8.4772,-18,0.75,0.425,closed,opposite_fill
2177,Will Ulf Kristersson be the next Prime Minister of Sweden?,2026-05-25T00:02:00+00:00,2026-06-02T00:01:00+00:00,191.983,sell_yes,buy_yes,0.23,0.22,3.0984,0.031,1,0.24,0.18,closed,opposite_fill
2178,Will Ulf Kristersson be the next Prime Minister of Sweden?,2026-06-02T00:01:00+00:00,2026-06-02T00:03:00+00:00,0.0333,buy_yes,sell_yes,0.22,0.19,48.5416,-1.4562,-3,0.18,0.255,closed,opposite_fill
2179,Will the Moderate Party (M) win the second most seats in the 2026 Swedish parliamentary election?,2026-06-01T21:47:00+00:00,2026-06-02T00:04:00+00:00,2.2833,sell_yes,buy_yes,0.43,0.45,61.2293,-1.2246,-2,0.455,0.45,closed,opposite_fill
2180,Will Harry Kane win the 2026 Ballon d'Or?,2026-06-01T00:01:00+00:00,2026-06-02T00:05:00+00:00,24.0667,buy_yes,sell_yes,0.28,0.21,0.85206,-0.0596,-7,0.2795,0.2675,closed,opposite_fill
2181,Will the Sweden Democrats (SD) win the second most seats in the 2026 Swedish parliamentary election?,2026-06-01T19:52:00+00:00,2026-06-02T00:05:00+00:00,4.2167,sell_yes,buy_yes,0.52,0.51,55.0772,0.5508,1,0.53,0.5,closed,opposite_fill
2182,Will there be no change in Fed interest rates after the September 2026 meeting?,2026-06-02T00:00:00+00:00,2026-06-02T00:12:00+00:00,0.2,buy_yes,sell_yes,0.78,0.44,56.1843,-19.1027,-34,0.425,0.6,closed,opposite_fill
2183,Fed Rate Hike by October 2026 Meeting?,2026-06-01T23:47:00+00:00,2026-06-02T00:16:00+00:00,0.4833,buy_yes,sell_yes,0.23,0.24,44.6087,0.4461,1,0.225,0.25,closed,opposite_fill
2184,Fed Rate Hike by October 2026 Meeting?,2026-06-02T00:16:00+00:00,2026-06-02T00:17:00+00:00,0.0167,sell_yes,buy_yes,0.24,0.24,58.6713,0,0,0.25,0.235,closed,opposite_fill
2185,Fed Rate Hike by October 2026 Meeting?,2026-06-02T00:17:00+00:00,2026-06-02T00:18:00+00:00,0.0167,buy_yes,sell_yes,0.24,0.24,44.6087,0,0,0.235,0.245,closed,opposite_fill
2186,Fed Rate Hike by October 2026 Meeting?,2026-06-02T00:18:00+00:00,2026-06-02T00:19:00+00:00,0.0167,sell_yes,buy_yes,0.24,0.24,64.8681,0,0,0.245,0.23,closed,opposite_fill
2187,Fed Rate Hike by October 2026 Meeting?,2026-06-02T00:19:00+00:00,2026-06-02T00:22:00+00:00,0.05,buy_yes,sell_yes,0.24,0.24,81.7895,0,0,0.23,0.245,closed,opposite_fill
2188,Fed Rate Hike by October 2026 Meeting?,2026-06-02T00:22:00+00:00,2026-06-02T00:24:00+00:00,0.0333,sell_yes,buy_yes,0.24,0.25,30.7857,-0.3079,-1,0.245,0.16,closed,opposite_fill
2189,Bab el-Mandeb Strait effectively closed by September 30?,2026-06-01T13:22:00+00:00,2026-06-02T00:34:00+00:00,11.2,sell_yes,buy_yes,0.17,0.21,103.28,-4.1312,-4,0.195,0.17,closed,opposite_fill
2190,Fed Rate Hike by October 2026 Meeting?,2026-06-02T00:24:00+00:00,2026-06-02T00:36:00+00:00,0.2,buy_yes,sell_yes,0.25,0.24,72.4943,-0.7249,-1,0.16,0.26,closed,opposite_fill
2191,Will the Sweden Democrats (SD) win the third most seats in the 2026 Swedish parliamentary election?,2026-06-01T23:38:00+00:00,2026-06-02T00:36:00+00:00,0.9667,sell_yes,buy_yes,0.37,0.38,41.7354,-0.4174,-1,0.395,0.375,closed,opposite_fill
2192,Fed Rate Hike by October 2026 Meeting?,2026-06-02T00:36:00+00:00,2026-06-02T00:37:00+00:00,0.0167,sell_yes,buy_yes,0.24,0.25,30.7857,-0.3079,-1,0.26,0.235,closed,opposite_fill
2193,Fed Rate Hike by October 2026 Meeting?,2026-06-02T00:37:00+00:00,2026-06-02T00:40:00+00:00,0.05,buy_yes,sell_yes,0.25,0.23,78.6911,-1.5738,-2,0.235,0.245,closed,opposite_fill
2194,Fed Rate Hike by October 2026 Meeting?,2026-06-02T00:40:00+00:00,2026-06-02T00:41:00+00:00,0.0167,sell_yes,buy_yes,0.23,0.24,27.6873,-0.2769,-1,0.245,0.235,closed,opposite_fill
2195,Fed Rate Hike by October 2026 Meeting?,2026-06-02T00:41:00+00:00,2026-06-02T00:44:00+00:00,0.05,buy_yes,sell_yes,0.24,0.24,75.5927,0,0,0.235,0.26,closed,opposite_fill
2196,Fed Rate Hike by October 2026 Meeting?,2026-06-02T00:44:00+00:00,2026-06-02T00:47:00+00:00,0.05,sell_yes,buy_yes,0.24,0.25,27.6873,-0.2769,-1,0.26,0.22,closed,opposite_fill
2197,Fed Rate Hike by October 2026 Meeting?,2026-06-02T00:47:00+00:00,2026-06-02T00:48:00+00:00,0.0167,buy_yes,sell_yes,0.25,0.24,103.28,-1.0328,-1,0.22,0.25,closed,opposite_fill
2198,Fed Rate Hike by October 2026 Meeting?,2026-06-02T00:47:00+00:00,2026-06-02T00:51:00+00:00,0.0667,buy_yes,sell_yes,0.25,0.23,9.4935,-0.1899,-2,0.22,0.24,closed,opposite_fill
2199,Fed Rate Hike by October 2026 Meeting?,2026-06-02T00:51:00+00:00,2026-06-02T00:52:00+00:00,0.0167,sell_yes,buy_yes,0.23,0.22,99.9833,0.9998,1,0.24,0.16,closed,opposite_fill
2200,Will the Sweden Democrats (SD) win the third most seats in the 2026 Swedish parliamentary election?,2026-06-02T00:36:00+00:00,2026-06-02T00:55:00+00:00,0.3167,buy_yes,sell_yes,0.38,0.38,7.52911,0,0,0.375,0.39,closed,opposite_fill
2201,Will the Moderate Party (M) win the second most seats in the 2026 Swedish parliamentary election?,2026-06-02T00:04:00+00:00,2026-06-02T01:01:00+00:00,0.95,buy_yes,sell_yes,0.45,0.43,0.738658,-0.0148,-2,0.45,0.44,closed,opposite_fill
2202,Fed Rate Hike by October 2026 Meeting?,2026-06-02T00:52:00+00:00,2026-06-02T01:28:00+00:00,0.6,buy_yes,sell_yes,0.22,0.25,3.2967,0.0989,3,0.16,0.26,closed,opposite_fill
2203,Fed Rate Hike by October 2026 Meeting?,2026-06-02T01:18:00+00:00,2026-06-02T01:28:00+00:00,0.1667,buy_yes,sell_yes,0.23,0.25,44.6252,0.8925,2,0.23,0.26,closed,opposite_fill
2204,Will the Sweden Democrats (SD) win the third most seats in the 2026 Swedish parliamentary election?,2026-06-02T00:55:00+00:00,2026-06-02T01:59:00+00:00,1.0667,sell_yes,buy_yes,0.38,0.36,14.0358,0.2807,2,0.39,0.285,closed,opposite_fill
2205,Fed Rate Hike by October 2026 Meeting?,2026-06-02T01:18:00+00:00,2026-06-02T02:19:00+00:00,1.0167,buy_yes,sell_yes,0.23,0.21,3.2967,-0.0659,-2,0.23,0.22,closed,opposite_fill
2206,Fed Rate Hike by October 2026 Meeting?,2026-06-02T01:52:00+00:00,2026-06-02T02:19:00+00:00,0.45,buy_yes,sell_yes,0.22,0.21,103.28,-1.0328,-1,0.185,0.22,closed,opposite_fill
2207,Will the Moderate Party (M) win the second most seats in the 2026 Swedish parliamentary election?,2026-06-02T01:01:00+00:00,2026-06-02T02:37:00+00:00,1.6,sell_yes,buy_yes,0.43,0.43,61.2293,0,0,0.44,0.425,closed,opposite_fill
2208,Will the Sweden Democrats (SD) win the third most seats in the 2026 Swedish parliamentary election?,2026-06-02T01:59:00+00:00,2026-06-02T02:39:00+00:00,0.6667,buy_yes,sell_yes,0.36,0.3,36.6231,-2.1974,-6,0.285,0.36,closed,opposite_fill
2209,Will the Moderate Party (M) win the third most seats in the 2026 Swedish parliamentary election?,2026-06-01T10:57:00+00:00,2026-06-02T02:58:00+00:00,16.0167,buy_yes,sell_yes,0.51,0.5,6.59959,-0.066,-1,0.46,0.545,closed,opposite_fill
2210,Will the Moderate Party (M) win the third most seats in the 2026 Swedish parliamentary election?,2026-06-02T02:38:00+00:00,2026-06-02T02:58:00+00:00,0.3333,buy_yes,sell_yes,0.51,0.5,39.8764,-0.3988,-1,0.465,0.545,closed,opposite_fill
2211,Fed Rate Hike by October 2026 Meeting?,2026-06-02T02:19:00+00:00,2026-06-02T03:05:00+00:00,0.7667,sell_yes,buy_yes,0.21,0.23,15.2937,-0.3059,-2,0.22,0.2,closed,opposite_fill
2212,Fed Rate Hike by October 2026 Meeting?,2026-06-02T02:42:00+00:00,2026-06-02T03:05:00+00:00,0.3833,sell_yes,buy_yes,0.25,0.23,32.6282,0.6526,2,0.26,0.2,closed,opposite_fill
2213,Will the Sweden Democrats (SD) win the third most seats in the 2026 Swedish parliamentary election?,2026-06-02T02:39:00+00:00,2026-06-02T03:20:00+00:00,0.6833,sell_yes,buy_yes,0.3,0.34,9.85291,-0.3941,-4,0.36,0.325,closed,opposite_fill
2214,Will the Sweden Democrats (SD) win the third most seats in the 2026 Swedish parliamentary election?,2026-06-02T03:00:00+00:00,2026-06-02T03:20:00+00:00,0.3333,sell_yes,buy_yes,0.37,0.34,36.6231,1.0987,3,0.38,0.325,closed,opposite_fill
2215,Fed Rate Hike by October 2026 Meeting?,2026-06-02T02:42:00+00:00,2026-06-02T03:27:00+00:00,0.75,sell_yes,buy_yes,0.25,0.21,70.6518,2.8261,4,0.26,0.155,closed,opposite_fill
2216,Fed Rate Hike by October 2026 Meeting?,2026-06-02T03:27:00+00:00,2026-06-02T03:40:00+00:00,0.2167,buy_yes,sell_yes,0.21,0.25,32.6282,1.3051,4,0.155,0.26,closed,opposite_fill
2217,Will the Sweden Democrats (SD) win the second most seats in the 2026 Swedish parliamentary election?,2026-06-02T00:05:00+00:00,2026-06-02T03:46:00+00:00,3.6833,buy_yes,sell_yes,0.51,0.53,6.89084,0.1378,2,0.5,0.535,closed,opposite_fill
2218,Will the Sweden Democrats (SD) win the third most seats in the 2026 Swedish parliamentary election?,2026-06-02T03:00:00+00:00,2026-06-02T03:47:00+00:00,0.7833,sell_yes,buy_yes,0.37,0.33,9.85291,0.3941,4,0.38,0.325,closed,opposite_fill
2219,Will the Sweden Democrats (SD) win the third most seats in the 2026 Swedish parliamentary election?,2026-06-02T03:36:00+00:00,2026-06-02T03:47:00+00:00,0.1833,sell_yes,buy_yes,0.35,0.33,39.4116,0.7882,2,0.365,0.325,closed,opposite_fill
2220,Fed Rate Hike by October 2026 Meeting?,2026-06-02T03:40:00+00:00,2026-06-02T03:51:00+00:00,0.1833,sell_yes,buy_yes,0.25,0.21,47.9219,1.9169,4,0.26,0.15,closed,opposite_fill
2221,Will the Sweden Democrats (SD) win the third most seats in the 2026 Swedish parliamentary election?,2026-06-02T03:36:00+00:00,2026-06-02T03:52:00+00:00,0.2667,sell_yes,buy_yes,0.35,0.33,7.06435,0.1413,2,0.365,0.315,closed,opposite_fill
2222,Will the Moderate Party (M) win the second most seats in the 2026 Swedish parliamentary election?,2026-06-02T02:37:00+00:00,2026-06-02T04:03:00+00:00,1.4333,buy_yes,sell_yes,0.43,0.44,0.738658,0.0074,1,0.425,0.445,closed,opposite_fill
2223,Will the Moderate Party (M) win the second most seats in the 2026 Swedish parliamentary election?,2026-06-02T04:01:00+00:00,2026-06-02T04:03:00+00:00,0.0333,buy_yes,sell_yes,0.42,0.44,61.2293,1.2246,2,0.4,0.445,closed,opposite_fill
2224,Fed Rate Hike by October 2026 Meeting?,2026-06-02T03:40:00+00:00,2026-06-02T04:12:00+00:00,0.5333,sell_yes,buy_yes,0.25,0.21,22.7299,0.9092,4,0.26,0.15,closed,opposite_fill
2225,Fed Rate Hike by October 2026 Meeting?,2026-06-02T04:12:00+00:00,2026-06-02T04:33:00+00:00,0.35,buy_yes,sell_yes,0.21,0.23,80.5501,1.611,2,0.15,0.26,closed,opposite_fill
2226,Will the Sweden Democrats (SD) win the third most seats in the 2026 Swedish parliamentary election?,2026-06-02T03:52:00+00:00,2026-06-02T04:58:00+00:00,1.1,buy_yes,sell_yes,0.33,0.36,40.8059,1.2242,3,0.315,0.375,closed,opposite_fill
2227,Will the Sweden Democrats (SD) win the third most seats in the 2026 Swedish parliamentary election?,2026-06-02T04:58:00+00:00,2026-06-02T05:00:00+00:00,0.0333,sell_yes,buy_yes,0.36,0.34,5.67007,0.1134,2,0.375,0.325,closed,opposite_fill
2228,Fed Rate Hike by October 2026 Meeting?,2026-06-02T04:33:00+00:00,2026-06-02T05:11:00+00:00,0.6333,sell_yes,buy_yes,0.23,0.21,22.7299,0.4546,2,0.26,0.165,closed,opposite_fill
2229,Fed Rate Hike by October 2026 Meeting?,2026-06-02T04:41:00+00:00,2026-06-02T05:11:00+00:00,0.5,sell_yes,buy_yes,0.25,0.21,80.5501,3.222,4,0.255,0.165,closed,opposite_fill
2230,Will the Sweden Democrats (SD) win the third most seats in the 2026 Swedish parliamentary election?,2026-06-02T05:00:00+00:00,2026-06-02T05:28:00+00:00,0.4667,buy_yes,sell_yes,0.34,0.44,40.8059,4.0806,10,0.325,0.45,closed,opposite_fill
2231,Will the Sweden Democrats (SD) win the third most seats in the 2026 Swedish parliamentary election?,2026-06-02T05:28:00+00:00,2026-06-02T05:37:00+00:00,0.15,sell_yes,buy_yes,0.44,0.37,5.67007,0.3969,7,0.45,0.345,closed,opposite_fill
2232,Will the Sweden Democrats (SD) win the third most seats in the 2026 Swedish parliamentary election?,2026-06-02T05:37:00+00:00,2026-06-02T05:42:00+00:00,0.0833,buy_yes,sell_yes,0.37,0.39,40.8059,0.8161,2,0.345,0.395,closed,opposite_fill
2233,Will the Fed increase interest rates by 25 bps after the September 2026 meeting?,2026-06-01T06:34:00+00:00,2026-06-02T05:57:00+00:00,23.3833,sell_yes,buy_yes,0.12,0.12,103.28,0,0,0.12,0.115,closed,opposite_fill
2234,Will the Sweden Democrats (SD) win the third most seats in the 2026 Swedish parliamentary election?,2026-06-02T05:42:00+00:00,2026-06-02T06:01:00+00:00,0.3167,sell_yes,buy_yes,0.39,0.36,5.67007,0.1701,3,0.395,0.34,closed,opposite_fill
2235,Will the Sweden Democrats (SD) win the third most seats in the 2026 Swedish parliamentary election?,2026-06-02T06:01:00+00:00,2026-06-02T06:09:00+00:00,0.1333,buy_yes,sell_yes,0.36,0.39,40.8059,1.2242,3,0.34,0.405,closed,opposite_fill
2236,Will the Sweden Democrats (SD) win the third most seats in the 2026 Swedish parliamentary election?,2026-06-02T06:09:00+00:00,2026-06-02T06:16:00+00:00,0.1167,sell_yes,buy_yes,0.39,0.37,5.67007,0.1134,2,0.405,0.36,closed,opposite_fill
2237,Will the Sweden Democrats (SD) win the third most seats in the 2026 Swedish parliamentary election?,2026-06-02T06:16:00+00:00,2026-06-02T06:45:00+00:00,0.4833,buy_yes,sell_yes,0.37,0.39,42.2002,0.844,2,0.36,0.405,closed,opposite_fill
2238,Will the Sweden Democrats (SD) win the third most seats in the 2026 Swedish parliamentary election?,2026-06-02T06:45:00+00:00,2026-06-02T06:47:00+00:00,0.0333,sell_yes,buy_yes,0.39,0.37,4.27579,0.0855,2,0.405,0.365,closed,opposite_fill
2239,Fed Rate Hike by October 2026 Meeting?,2026-06-02T04:41:00+00:00,2026-06-02T06:54:00+00:00,2.2167,sell_yes,buy_yes,0.25,0.25,22.7299,0,0,0.255,0.24,closed,opposite_fill
2240,Fed Rate Hike by October 2026 Meeting?,2026-06-02T05:13:00+00:00,2026-06-02T06:54:00+00:00,1.6833,sell_yes,buy_yes,0.19,0.25,80.5501,-4.833,-6,0.215,0.24,closed,opposite_fill
2241,Will the Sweden Democrats (SD) win the third most seats in the 2026 Swedish parliamentary election?,2026-06-02T06:47:00+00:00,2026-06-02T07:03:00+00:00,0.2667,buy_yes,sell_yes,0.37,0.42,42.2002,2.11,5,0.365,0.43,closed,opposite_fill
2242,Fed Rate Hike by October 2026 Meeting?,2026-06-02T05:13:00+00:00,2026-06-02T07:22:00+00:00,2.15,sell_yes,buy_yes,0.19,0.27,41.3203,-3.3056,-8,0.215,0.265,closed,opposite_fill
2243,Will the Sweden Democrats (SD) win the third most seats in the 2026 Swedish parliamentary election?,2026-06-02T07:03:00+00:00,2026-06-02T07:38:00+00:00,0.5833,sell_yes,buy_yes,0.42,0.38,4.27579,0.171,4,0.43,0.375,closed,opposite_fill
2244,Will the Sweden Democrats (SD) win the third most seats in the 2026 Swedish parliamentary election?,2026-06-02T07:38:00+00:00,2026-06-02T08:38:00+00:00,1,buy_yes,sell_yes,0.38,0.41,42.2002,1.266,3,0.375,0.41,closed,opposite_fill
2245,Will the Sweden Democrats (SD) win the third most seats in the 2026 Swedish parliamentary election?,2026-06-02T08:38:00+00:00,2026-06-02T09:02:00+00:00,0.4,sell_yes,buy_yes,0.41,0.37,4.27579,0.171,4,0.41,0.365,closed,opposite_fill
2246,Will the Sweden Democrats (SD) win the third most seats in the 2026 Swedish parliamentary election?,2026-06-02T08:50:00+00:00,2026-06-02T09:02:00+00:00,0.2,sell_yes,buy_yes,0.4,0.37,42.2002,1.266,3,0.41,0.365,closed,opposite_fill
2247,Will the Sweden Democrats (SD) win the third most seats in the 2026 Swedish parliamentary election?,2026-06-02T08:50:00+00:00,2026-06-02T09:19:00+00:00,0.4833,sell_yes,buy_yes,0.4,0.39,4.27579,0.0428,1,0.41,0.365,closed,opposite_fill
2248,Will the Sweden Democrats (SD) win the third most seats in the 2026 Swedish parliamentary election?,2026-06-02T09:07:00+00:00,2026-06-02T09:19:00+00:00,0.2,sell_yes,buy_yes,0.4,0.39,42.2002,0.422,1,0.41,0.365,closed,opposite_fill
2249,Will the Sweden Democrats (SD) win the third most seats in the 2026 Swedish parliamentary election?,2026-06-02T09:07:00+00:00,2026-06-02T09:50:00+00:00,0.7167,sell_yes,buy_yes,0.4,0.37,4.27579,0.1283,3,0.41,0.365,closed,opposite_fill
2250,Will the Sweden Democrats (SD) win the third most seats in the 2026 Swedish parliamentary election?,2026-06-02T09:40:00+00:00,2026-06-02T09:50:00+00:00,0.1667,sell_yes,buy_yes,0.4,0.37,42.2002,1.266,3,0.41,0.365,closed,opposite_fill
2251,Fed Rate Hike by October 2026 Meeting?,2026-06-02T07:22:00+00:00,2026-06-02T10:08:00+00:00,2.7667,buy_yes,sell_yes,0.27,0.29,61.9597,1.2392,2,0.265,0.295,closed,opposite_fill
2252,Will the Sweden Democrats (SD) win the third most seats in the 2026 Swedish parliamentary election?,2026-06-02T09:40:00+00:00,2026-06-02T10:11:00+00:00,0.5167,sell_yes,buy_yes,0.4,0.37,4.27579,0.1283,3,0.41,0.365,closed,opposite_fill
2253,Will the Sweden Democrats (SD) win the third most seats in the 2026 Swedish parliamentary election?,2026-06-02T10:07:00+00:00,2026-06-02T10:11:00+00:00,0.0667,sell_yes,buy_yes,0.41,0.37,42.2002,1.688,4,0.41,0.365,closed,opposite_fill
2254,Will the Sweden Democrats (SD) win the third most seats in the 2026 Swedish parliamentary election?,2026-06-02T10:07:00+00:00,2026-06-02T10:29:00+00:00,0.3667,sell_yes,buy_yes,0.41,0.37,4.27579,0.171,4,0.41,0.365,closed,opposite_fill
2255,Will the Sweden Democrats (SD) win the third most seats in the 2026 Swedish parliamentary election?,2026-06-02T10:19:00+00:00,2026-06-02T10:29:00+00:00,0.1667,sell_yes,buy_yes,0.4,0.37,42.2002,1.266,3,0.415,0.365,closed,opposite_fill
2256,Will the Sweden Democrats (SD) win the third most seats in the 2026 Swedish parliamentary election?,2026-06-02T10:19:00+00:00,2026-06-02T10:37:00+00:00,0.3,sell_yes,buy_yes,0.4,0.37,4.27579,0.1283,3,0.415,0.365,closed,opposite_fill
2257,Will the Sweden Democrats (SD) win the third most seats in the 2026 Swedish parliamentary election?,2026-06-02T10:34:00+00:00,2026-06-02T10:37:00+00:00,0.05,sell_yes,buy_yes,0.41,0.37,42.2002,1.688,4,0.435,0.365,closed,opposite_fill
2258,Will the Sweden Democrats (SD) win the third most seats in the 2026 Swedish parliamentary election?,2026-06-02T10:34:00+00:00,2026-06-02T10:58:00+00:00,0.4,sell_yes,buy_yes,0.41,0.37,4.27579,0.171,4,0.435,0.365,closed,opposite_fill
2259,Will the Sweden Democrats (SD) win the third most seats in the 2026 Swedish parliamentary election?,2026-06-02T10:58:00+00:00,2026-06-02T11:14:00+00:00,0.2667,buy_yes,sell_yes,0.37,0.4,21.5649,0.6469,3,0.365,0.41,closed,opposite_fill
2260,Will the Sweden Democrats (SD) win the third most seats in the 2026 Swedish parliamentary election?,2026-06-02T10:58:00+00:00,2026-06-02T11:23:00+00:00,0.4167,buy_yes,sell_yes,0.37,0.39,20.6353,0.4127,2,0.365,0.41,closed,opposite_fill
2261,Will the Moderate Party (M) win the second most seats in the 2026 Swedish parliamentary election?,2026-06-02T04:01:00+00:00,2026-06-02T12:11:00+00:00,8.1667,buy_yes,sell_yes,0.42,0.46,0.738658,0.0295,4,0.4,0.465,closed,opposite_fill
2262,Will the Moderate Party (M) win the second most seats in the 2026 Swedish parliamentary election?,2026-06-02T05:58:00+00:00,2026-06-02T12:11:00+00:00,6.2167,buy_yes,sell_yes,0.4,0.46,61.2293,3.6738,6,0.395,0.465,closed,opposite_fill
2263,Will the Sweden Democrats (SD) win the third most seats in the 2026 Swedish parliamentary election?,2026-06-02T11:23:00+00:00,2026-06-02T12:32:00+00:00,1.15,sell_yes,buy_yes,0.39,0.37,0.92952,0.0186,2,0.41,0.36,closed,opposite_fill
2264,Will the Sweden Democrats (SD) win the third most seats in the 2026 Swedish parliamentary election?,2026-06-02T11:26:00+00:00,2026-06-02T12:32:00+00:00,1.1,sell_yes,buy_yes,0.4,0.37,21.5649,0.6469,3,0.42,0.36,closed,opposite_fill
2265,Will the Sweden Democrats (SD) win the third most seats in the 2026 Swedish parliamentary election?,2026-06-02T12:19:00+00:00,2026-06-02T12:32:00+00:00,0.2167,sell_yes,buy_yes,0.4,0.37,23.9816,0.7194,3,0.415,0.36,closed,opposite_fill
2266,Will the Moderate Party (M) win the second most seats in the 2026 Swedish parliamentary election?,2026-06-02T05:58:00+00:00,2026-06-02T13:29:00+00:00,7.5167,buy_yes,sell_yes,0.4,0.43,0.738658,0.0222,3,0.395,0.46,closed,opposite_fill
2267,Will the Moderate Party (M) win the second most seats in the 2026 Swedish parliamentary election?,2026-06-02T12:53:00+00:00,2026-06-02T13:29:00+00:00,0.6,buy_yes,sell_yes,0.42,0.43,61.2293,0.6123,1,0.41,0.46,closed,opposite_fill
2268,Fed Rate Hike by October 2026 Meeting?,2026-06-02T10:08:00+00:00,2026-06-02T14:35:00+00:00,4.45,sell_yes,buy_yes,0.29,0.27,41.3203,0.8264,2,0.295,0.265,closed,opposite_fill
2269,Will the Sweden Democrats (SD) win the third most seats in the 2026 Swedish parliamentary election?,2026-06-02T12:19:00+00:00,2026-06-02T14:35:00+00:00,2.2667,sell_yes,buy_yes,0.4,0.33,22.4944,1.5746,7,0.415,0.32,closed,opposite_fill
2270,Will the Sweden Democrats (SD) win the third most seats in the 2026 Swedish parliamentary election?,2026-06-02T12:58:00+00:00,2026-06-02T14:35:00+00:00,1.6167,sell_yes,buy_yes,0.4,0.33,23.9816,1.6787,7,0.415,0.32,closed,opposite_fill
2271,Fed Rate Hike by October 2026 Meeting?,2026-06-02T14:35:00+00:00,2026-06-02T19:05:00+00:00,4.5,buy_yes,sell_yes,0.27,0.3,61.9597,1.8588,3,0.265,0.305,closed,opposite_fill
2272,Fed Rate Hike by October 2026 Meeting?,2026-06-02T19:05:00+00:00,2026-06-02T19:09:00+00:00,0.0667,sell_yes,buy_yes,0.3,0.28,41.3203,0.8264,2,0.305,0.275,closed,opposite_fill
2273,Bab el-Mandeb Strait effectively closed by September 30?,2026-06-01T13:22:00+00:00,2026-06-02T21:54:00+00:00,32.5333,sell_yes,buy_yes,0.17,0.19,9.2952,-0.1859,-2,0.195,0.185,closed,opposite_fill
2274,Bab el-Mandeb Strait effectively closed by September 30?,2026-06-02T21:54:00+00:00,2026-06-02T23:19:00+00:00,1.4167,buy_yes,sell_yes,0.19,0.17,93.9848,-1.8797,-2,0.185,0.175,closed,opposite_fill
2275,Will the Sweden Democrats (SD) win the third most seats in the 2026 Swedish parliamentary election?,2026-06-02T12:58:00+00:00,2026-06-02T23:29:00+00:00,10.5167,sell_yes,buy_yes,0.4,0.38,22.4944,0.4499,2,0.415,0.36,closed,opposite_fill
2276,Will Édouard Philippe win the 2027 French presidential election?,2026-06-01T00:09:00+00:00,2026-06-03T00:00:00+00:00,47.85,sell_yes,buy_yes,0.15,0.13,1.5492,0.031,2,0.165,0.11,closed,opposite_fill
2277,Will there be no change in Fed interest rates after the September 2026 meeting?,2026-06-02T00:12:00+00:00,2026-06-03T00:00:00+00:00,23.8,sell_yes,buy_yes,0.44,0.79,47.0957,-16.4835,-35,0.6,0.545,closed,opposite_fill
2278,Will Kimi Antonelli be the 2026 F1 Drivers' Champion?,2026-06-02T00:13:00+00:00,2026-06-03T00:00:00+00:00,23.7833,sell_yes,buy_yes,0.35,0.48,51.64,-6.7132,-13,0.5115,0.325,closed,opposite_fill
2279,Will the Sweden Democrats (SD) win the second most seats in the 2026 Swedish parliamentary election?,2026-06-02T03:46:00+00:00,2026-06-03T00:01:00+00:00,20.25,sell_yes,buy_yes,0.53,0.47,55.0772,3.3046,6,0.535,0.39,closed,opposite_fill
2280,Fed Rate Hike by October 2026 Meeting?,2026-06-02T19:09:00+00:00,2026-06-03T00:02:00+00:00,4.8833,buy_yes,sell_yes,0.28,0.27,6.60166,-0.066,-1,0.275,0.275,closed,opposite_fill
2281,Fed Rate Hike by October 2026 Meeting?,2026-06-02T21:14:00+00:00,2026-06-03T00:02:00+00:00,2.8,buy_yes,sell_yes,0.25,0.27,96.6783,1.9336,2,0.24,0.275,closed,opposite_fill
2282,Bab el-Mandeb Strait effectively closed by September 30?,2026-06-02T23:19:00+00:00,2026-06-03T00:02:00+00:00,0.7167,sell_yes,buy_yes,0.17,0.18,9.2952,-0.093,-1,0.175,0.155,closed,opposite_fill
2283,Bab el-Mandeb Strait effectively closed by September 30?,2026-06-03T00:02:00+00:00,2026-06-03T00:05:00+00:00,0.05,buy_yes,sell_yes,0.18,0.16,93.9848,-1.8797,-2,0.155,0.185,closed,opposite_fill
2284,Will Édouard Philippe win the 2027 French presidential election?,2026-06-03T00:00:00+00:00,2026-06-03T00:07:00+00:00,0.1167,buy_yes,sell_yes,0.13,0.12,50.0908,-0.5009,-1,0.11,0.165,closed,opposite_fill
2285,Will Harry Kane win the 2026 Ballon d'Or?,2026-06-02T00:05:00+00:00,2026-06-03T00:20:00+00:00,24.25,sell_yes,buy_yes,0.21,0.29,24.9679,-1.9974,-8,0.2675,0.276,closed,opposite_fill
2286,Will there be no change in Fed interest rates after the September 2026 meeting?,2026-06-03T00:00:00+00:00,2026-06-03T00:22:00+00:00,0.3667,buy_yes,sell_yes,0.79,0.53,59.2827,-15.4135,-26,0.545,0.795,closed,opposite_fill
2287,Will the Sweden Democrats (SD) win the second most seats in the 2026 Swedish parliamentary election?,2026-06-03T00:01:00+00:00,2026-06-03T00:45:00+00:00,0.7333,buy_yes,sell_yes,0.47,0.42,6.89084,-0.3445,-5,0.39,0.51,closed,opposite_fill
2288,Will the Moderate Party (M) win the second most seats in the 2026 Swedish parliamentary election?,2026-06-02T12:53:00+00:00,2026-06-03T00:48:00+00:00,11.9167,buy_yes,sell_yes,0.42,0.4,0.738658,-0.0148,-2,0.41,0.42,closed,opposite_fill
2289,Will the Moderate Party (M) win the second most seats in the 2026 Swedish parliamentary election?,2026-06-02T14:21:00+00:00,2026-06-03T00:48:00+00:00,10.45,buy_yes,sell_yes,0.42,0.4,61.2293,-1.2246,-2,0.39,0.42,closed,opposite_fill
2290,Fed Rate Hike by October 2026 Meeting?,2026-06-02T21:14:00+00:00,2026-06-03T00:55:00+00:00,3.6833,buy_yes,sell_yes,0.25,0.27,6.60166,0.132,2,0.24,0.275,closed,opposite_fill
2291,Fed Rate Hike by October 2026 Meeting?,2026-06-03T00:55:00+00:00,2026-06-03T01:38:00+00:00,0.7167,sell_yes,buy_yes,0.27,0.28,96.6783,-0.9668,-1,0.275,0.28,closed,opposite_fill
2292,Fed Rate Hike by October 2026 Meeting?,2026-06-03T01:38:00+00:00,2026-06-03T02:02:00+00:00,0.4,buy_yes,sell_yes,0.28,0.3,6.60166,0.132,2,0.28,0.305,closed,opposite_fill
2293,Fed Rate Hike by October 2026 Meeting?,2026-06-03T02:02:00+00:00,2026-06-03T02:44:00+00:00,0.7,sell_yes,buy_yes,0.3,0.28,41.3203,0.8264,2,0.305,0.28,closed,opposite_fill
2294,Bab el-Mandeb Strait effectively closed by September 30?,2026-06-03T00:05:00+00:00,2026-06-03T07:15:00+00:00,7.1667,sell_yes,buy_yes,0.16,0.18,9.2952,-0.1859,-2,0.185,0.175,closed,opposite_fill
2295,Bab el-Mandeb Strait effectively closed by September 30?,2026-06-03T07:15:00+00:00,2026-06-03T10:02:00+00:00,2.7833,buy_yes,sell_yes,0.18,0.19,93.9848,0.9398,1,0.175,0.195,closed,opposite_fill
2296,Will the Sweden Democrats (SD) win the third most seats in the 2026 Swedish parliamentary election?,2026-06-02T23:29:00+00:00,2026-06-03T13:27:00+00:00,13.9667,buy_yes,sell_yes,0.38,0.34,23.9816,-0.9593,-4,0.36,0.345,closed,opposite_fill
2297,Will the Moderate Party (M) win the third most seats in the 2026 Swedish parliamentary election?,2026-06-02T02:38:00+00:00,2026-06-03T13:32:00+00:00,34.9,buy_yes,sell_yes,0.51,0.5,6.59959,-0.066,-1,0.465,0.505,closed,opposite_fill
2298,Will the Moderate Party (M) win the third most seats in the 2026 Swedish parliamentary election?,2026-06-02T12:20:00+00:00,2026-06-03T13:32:00+00:00,25.2,buy_yes,sell_yes,0.5,0.5,39.8764,0,0,0.48,0.505,closed,opposite_fill
2299,Will the Sweden Democrats (SD) win the third most seats in the 2026 Swedish parliamentary election?,2026-06-03T13:27:00+00:00,2026-06-03T13:40:00+00:00,0.2167,sell_yes,buy_yes,0.34,0.37,26.6772,-0.8003,-3,0.345,0.365,closed,opposite_fill
2300,Will the Sweden Democrats (SD) win the third most seats in the 2026 Swedish parliamentary election?,2026-06-03T13:40:00+00:00,2026-06-03T13:41:00+00:00,0.0167,buy_yes,sell_yes,0.37,0.37,25.3759,0,0,0.365,0.38,closed,opposite_fill
2301,Will the Sweden Democrats (SD) win the third most seats in the 2026 Swedish parliamentary election?,2026-06-03T13:41:00+00:00,2026-06-03T13:43:00+00:00,0.0333,sell_yes,buy_yes,0.37,0.37,21.1001,0,0,0.38,0.345,closed,opposite_fill
2302,Will the Sweden Democrats (SD) win the third most seats in the 2026 Swedish parliamentary election?,2026-06-03T13:43:00+00:00,2026-06-03T13:52:00+00:00,0.15,buy_yes,sell_yes,0.37,0.35,26.7702,-0.5354,-2,0.345,0.355,closed,opposite_fill
2303,Will the Sweden Democrats (SD) win the third most seats in the 2026 Swedish parliamentary election?,2026-06-03T13:52:00+00:00,2026-06-03T14:10:00+00:00,0.3,sell_yes,buy_yes,0.35,0.37,19.7058,-0.3941,-2,0.355,0.35,closed,opposite_fill
2304,Will the Sweden Democrats (SD) win the third most seats in the 2026 Swedish parliamentary election?,2026-06-03T14:10:00+00:00,2026-06-03T14:11:00+00:00,0.0167,buy_yes,sell_yes,0.37,0.36,26.7702,-0.2677,-1,0.35,0.375,closed,opposite_fill
2305,Will the Sweden Democrats (SD) win the third most seats in the 2026 Swedish parliamentary election?,2026-06-03T14:11:00+00:00,2026-06-03T14:35:00+00:00,0.4,sell_yes,buy_yes,0.36,0.38,19.7058,-0.3941,-2,0.375,0.325,closed,opposite_fill
2306,Will the Sweden Democrats (SD) win the third most seats in the 2026 Swedish parliamentary election?,2026-06-03T14:35:00+00:00,2026-06-03T14:43:00+00:00,0.1333,buy_yes,sell_yes,0.38,0.33,26.7702,-1.3385,-5,0.325,0.335,closed,opposite_fill
2307,Will the Moderate Party (M) win the second most seats in the 2026 Swedish parliamentary election?,2026-06-02T14:21:00+00:00,2026-06-03T14:47:00+00:00,24.4333,buy_yes,sell_yes,0.42,0.42,0.738658,0,0,0.39,0.425,closed,opposite_fill
2308,Will the Sweden Democrats (SD) win the third most seats in the 2026 Swedish parliamentary election?,2026-06-03T14:43:00+00:00,2026-06-03T14:48:00+00:00,0.0833,sell_yes,buy_yes,0.33,0.33,19.7058,0,0,0.335,0.31,closed,opposite_fill
2309,Will the Sweden Democrats (SD) win the third most seats in the 2026 Swedish parliamentary election?,2026-06-03T14:48:00+00:00,2026-06-03T16:21:00+00:00,1.55,buy_yes,sell_yes,0.33,0.33,26.7702,0,0,0.31,0.335,closed,opposite_fill
2310,Bab el-Mandeb Strait effectively closed by September 30?,2026-06-03T10:02:00+00:00,2026-06-03T17:31:00+00:00,7.4833,sell_yes,buy_yes,0.19,0.23,9.2952,-0.3718,-4,0.195,0.23,closed,opposite_fill
2311,Will the Sweden Democrats (SD) win the third most seats in the 2026 Swedish parliamentary election?,2026-06-03T16:21:00+00:00,2026-06-03T18:19:00+00:00,1.9667,sell_yes,buy_yes,0.33,0.36,19.7058,-0.5912,-3,0.335,0.355,closed,opposite_fill
2312,Will the Sweden Democrats (SD) win the third most seats in the 2026 Swedish parliamentary election?,2026-06-03T18:19:00+00:00,2026-06-03T18:22:00+00:00,0.05,buy_yes,sell_yes,0.36,0.36,26.7702,0,0,0.355,0.365,closed,opposite_fill
2313,Will the Sweden Democrats (SD) win the third most seats in the 2026 Swedish parliamentary election?,2026-06-03T18:22:00+00:00,2026-06-03T18:44:00+00:00,0.3667,sell_yes,buy_yes,0.36,0.42,28.0715,-1.6843,-6,0.365,0.36,closed,opposite_fill
2314,Will the Sweden Democrats (SD) win the third most seats in the 2026 Swedish parliamentary election?,2026-06-03T18:44:00+00:00,2026-06-03T18:48:00+00:00,0.0667,buy_yes,sell_yes,0.42,0.36,18.4045,-1.1043,-6,0.36,0.365,closed,opposite_fill
2315,Will the Sweden Democrats (SD) win the third most seats in the 2026 Swedish parliamentary election?,2026-06-03T18:48:00+00:00,2026-06-03T18:59:00+00:00,0.1833,sell_yes,buy_yes,0.36,0.36,28.0715,0,0,0.365,0.35,closed,opposite_fill
2316,Will the Sweden Democrats (SD) win the third most seats in the 2026 Swedish parliamentary election?,2026-06-03T18:59:00+00:00,2026-06-03T20:08:00+00:00,1.15,buy_yes,sell_yes,0.36,0.37,18.4045,0.184,1,0.35,0.375,closed,opposite_fill
2317,Will the Sweden Democrats (SD) win the third most seats in the 2026 Swedish parliamentary election?,2026-06-03T20:08:00+00:00,2026-06-03T21:05:00+00:00,0.95,sell_yes,buy_yes,0.37,0.44,30.8601,-2.1602,-7,0.375,0.36,closed,opposite_fill
2318,Will the Sweden Democrats (SD) win the third most seats in the 2026 Swedish parliamentary election?,2026-06-03T21:05:00+00:00,2026-06-03T21:23:00+00:00,0.3,buy_yes,sell_yes,0.44,0.37,18.4045,-1.2883,-7,0.36,0.375,closed,opposite_fill
2319,Will there be no change in Fed interest rates after the September 2026 meeting?,2026-06-03T00:22:00+00:00,2026-06-03T21:42:00+00:00,21.3333,sell_yes,buy_yes,0.53,0.76,43.9973,-10.1194,-23,0.795,0.755,closed,opposite_fill
2320,Will the Sweden Democrats (SD) win the third most seats in the 2026 Swedish parliamentary election?,2026-06-03T21:23:00+00:00,2026-06-03T21:47:00+00:00,0.4,sell_yes,buy_yes,0.37,0.4,28.0715,-0.8421,-3,0.375,0.34,closed,opposite_fill
2321,Will the Sweden Democrats (SD) win the third most seats in the 2026 Swedish parliamentary election?,2026-06-03T21:47:00+00:00,2026-06-03T22:05:00+00:00,0.3,buy_yes,sell_yes,0.4,0.35,18.4045,-0.9202,-5,0.34,0.385,closed,opposite_fill
2322,Will the Sweden Democrats (SD) win the third most seats in the 2026 Swedish parliamentary election?,2026-06-03T22:05:00+00:00,2026-06-03T22:08:00+00:00,0.05,sell_yes,buy_yes,0.35,0.38,28.0715,-0.8421,-3,0.385,0.355,closed,opposite_fill
2323,Will the Sweden Democrats (SD) win the third most seats in the 2026 Swedish parliamentary election?,2026-06-03T22:08:00+00:00,2026-06-03T22:09:00+00:00,0.0167,buy_yes,sell_yes,0.38,0.36,18.4045,-0.3681,-2,0.355,0.385,closed,opposite_fill
2324,Bab el-Mandeb Strait effectively closed by September 30?,2026-06-03T17:31:00+00:00,2026-06-03T22:17:00+00:00,4.7667,buy_yes,sell_yes,0.23,0.17,93.9848,-5.6391,-6,0.23,0.175,closed,opposite_fill
2325,Bab el-Mandeb Strait effectively closed by September 30?,2026-06-03T22:17:00+00:00,2026-06-03T22:19:00+00:00,0.0333,sell_yes,buy_yes,0.17,0.17,9.2952,0,0,0.175,0.17,closed,opposite_fill
2326,Bab el-Mandeb Strait effectively closed by September 30?,2026-06-03T22:19:00+00:00,2026-06-03T22:21:00+00:00,0.0333,buy_yes,sell_yes,0.17,0.17,93.9848,0,0,0.17,0.175,closed,opposite_fill
2327,Bab el-Mandeb Strait effectively closed by September 30?,2026-06-03T22:21:00+00:00,2026-06-03T22:22:00+00:00,0.0167,sell_yes,buy_yes,0.17,0.17,9.2952,0,0,0.175,0.17,closed,opposite_fill
2328,Will the Sweden Democrats (SD) win the third most seats in the 2026 Swedish parliamentary election?,2026-06-03T22:09:00+00:00,2026-06-03T22:28:00+00:00,0.3167,sell_yes,buy_yes,0.36,0.41,32.2543,-1.6127,-5,0.385,0.35,closed,opposite_fill
2329,Bab el-Mandeb Strait effectively closed by September 30?,2026-06-03T22:22:00+00:00,2026-06-03T22:29:00+00:00,0.1167,buy_yes,sell_yes,0.17,0.17,97.0832,0,0,0.17,0.175,closed,opposite_fill
2330,Will the Sweden Democrats (SD) win the third most seats in the 2026 Swedish parliamentary election?,2026-06-03T22:28:00+00:00,2026-06-03T22:32:00+00:00,0.0667,buy_yes,sell_yes,0.41,0.36,14.2217,-0.7111,-5,0.35,0.365,closed,opposite_fill
2331,Will the Sweden Democrats (SD) win the third most seats in the 2026 Swedish parliamentary election?,2026-06-03T22:32:00+00:00,2026-06-03T23:10:00+00:00,0.6333,sell_yes,buy_yes,0.36,0.4,32.2543,-1.2902,-4,0.365,0.375,closed,opposite_fill
2332,Will the Sweden Democrats (SD) win the third most seats in the 2026 Swedish parliamentary election?,2026-06-03T23:10:00+00:00,2026-06-03T23:11:00+00:00,0.0167,buy_yes,sell_yes,0.4,0.38,14.2217,-0.2844,-2,0.375,0.415,closed,opposite_fill
2333,Bab el-Mandeb Strait effectively closed by September 30?,2026-06-03T22:29:00+00:00,2026-06-04T00:00:00+00:00,1.5167,sell_yes,buy_yes,0.17,0.15,6.1968,0.1239,2,0.175,0.13,closed,opposite_fill
2334,Will Kimi Antonelli be the 2026 F1 Drivers' Champion?,2026-06-02T00:13:00+00:00,2026-06-04T00:00:00+00:00,47.7833,sell_yes,buy_yes,0.35,0.47,0.15492,-0.0186,-12,0.5115,0.3215,closed,opposite_fill
2335,Will Kimi Antonelli be the 2026 F1 Drivers' Champion?,2026-06-03T00:09:00+00:00,2026-06-04T00:00:00+00:00,23.85,sell_yes,buy_yes,0.35,0.47,52.7244,-6.3269,-12,0.503,0.3215,closed,opposite_fill
2336,Will the Moderate Party (M) win the third most seats in the 2026 Swedish parliamentary election?,2026-06-02T12:20:00+00:00,2026-06-04T00:02:00+00:00,35.7,buy_yes,sell_yes,0.5,0.52,6.59959,0.132,2,0.48,0.54,closed,opposite_fill
2337,Will Harry Kane win the 2026 Ballon d'Or?,2026-06-03T00:20:00+00:00,2026-06-04T00:03:00+00:00,23.7167,buy_yes,sell_yes,0.29,0.25,0.85206,-0.0341,-4,0.276,0.2625,closed,opposite_fill
2338,Will the Moderate Party (M) win the third most seats in the 2026 Swedish parliamentary election?,2026-06-04T00:02:00+00:00,2026-06-04T00:06:00+00:00,0.0667,sell_yes,buy_yes,0.52,0.53,39.8764,-0.3988,-1,0.54,0.525,closed,opposite_fill
2339,Will the Sweden Democrats (SD) win the second most seats in the 2026 Swedish parliamentary election?,2026-06-03T00:45:00+00:00,2026-06-04T00:10:00+00:00,23.4167,sell_yes,buy_yes,0.42,0.51,55.0772,-4.9569,-9,0.51,0.505,closed,opposite_fill
2340,Will the Fed increase interest rates by 25 bps after the September 2026 meeting?,2026-06-03T00:30:00+00:00,2026-06-04T00:14:00+00:00,23.7333,sell_yes,buy_yes,0.11,0.13,103.28,-2.0656,-2,0.115,0.095,closed,opposite_fill
2341,Fed Rate Hike by October 2026 Meeting?,2026-06-03T02:44:00+00:00,2026-06-04T00:26:00+00:00,21.7,buy_yes,sell_yes,0.28,0.31,61.9597,1.8588,3,0.28,0.435,closed,opposite_fill
2342,Will the Moderate Party (M) win the second most seats in the 2026 Swedish parliamentary election?,2026-06-03T14:47:00+00:00,2026-06-04T00:30:00+00:00,9.7167,sell_yes,buy_yes,0.42,0.42,61.2293,0,0,0.425,0.41,closed,opposite_fill
2343,Fed Rate Hike by October 2026 Meeting?,2026-06-04T00:26:00+00:00,2026-06-04T00:35:00+00:00,0.15,sell_yes,buy_yes,0.31,0.35,41.3203,-1.6528,-4,0.435,0.275,closed,opposite_fill
2344,Will the Moderate Party (M) win the second most seats in the 2026 Swedish parliamentary election?,2026-06-04T00:30:00+00:00,2026-06-04T00:52:00+00:00,0.3667,buy_yes,sell_yes,0.42,0.41,4.45674,-0.0446,-1,0.41,0.42,closed,opposite_fill
2345,Fed Rate Hike by October 2026 Meeting?,2026-06-04T00:35:00+00:00,2026-06-04T01:34:00+00:00,0.9833,buy_yes,sell_yes,0.35,0.28,61.9597,-4.3372,-7,0.275,0.295,closed,opposite_fill
2346,Fed Rate Hike by October 2026 Meeting?,2026-06-04T01:34:00+00:00,2026-06-04T01:35:00+00:00,0.0167,sell_yes,buy_yes,0.28,0.29,41.3203,-0.4132,-1,0.295,0.28,closed,opposite_fill
2347,Will the Sweden Democrats (SD) win the third most seats in the 2026 Swedish parliamentary election?,2026-06-03T23:11:00+00:00,2026-06-04T02:28:00+00:00,3.2833,sell_yes,buy_yes,0.38,0.41,32.2543,-0.9676,-3,0.415,0.385,closed,opposite_fill
2348,Will the Sweden Democrats (SD) win the second most seats in the 2026 Swedish parliamentary election?,2026-06-04T00:10:00+00:00,2026-06-04T02:28:00+00:00,2.3,buy_yes,sell_yes,0.51,0.55,6.89084,0.2756,4,0.505,0.555,closed,opposite_fill
2349,Will the Sweden Democrats (SD) win the third most seats in the 2026 Swedish parliamentary election?,2026-06-04T02:28:00+00:00,2026-06-04T02:32:00+00:00,0.0667,buy_yes,sell_yes,0.41,0.39,14.2217,-0.2844,-2,0.385,0.395,closed,opposite_fill
2350,Will the Sweden Democrats (SD) win the third most seats in the 2026 Swedish parliamentary election?,2026-06-04T02:32:00+00:00,2026-06-04T02:36:00+00:00,0.0667,sell_yes,buy_yes,0.39,0.39,32.2543,0,0,0.395,0.32,closed,opposite_fill
2351,Will the Sweden Democrats (SD) win the third most seats in the 2026 Swedish parliamentary election?,2026-06-04T02:36:00+00:00,2026-06-04T02:40:00+00:00,0.0667,buy_yes,sell_yes,0.39,0.33,14.2217,-0.8533,-6,0.32,0.335,closed,opposite_fill
2352,Will the Sweden Democrats (SD) win the third most seats in the 2026 Swedish parliamentary election?,2026-06-04T02:40:00+00:00,2026-06-04T03:20:00+00:00,0.6667,sell_yes,buy_yes,0.33,0.38,32.2543,-1.6127,-5,0.335,0.32,closed,opposite_fill
2353,Will the Sweden Democrats (SD) win the third most seats in the 2026 Swedish parliamentary election?,2026-06-04T03:20:00+00:00,2026-06-04T03:24:00+00:00,0.0667,buy_yes,sell_yes,0.38,0.33,14.2217,-0.7111,-5,0.32,0.335,closed,opposite_fill
2354,Will the Sweden Democrats (SD) win the third most seats in the 2026 Swedish parliamentary election?,2026-06-04T03:24:00+00:00,2026-06-04T04:02:00+00:00,0.6333,sell_yes,buy_yes,0.33,0.38,32.2543,-1.6127,-5,0.335,0.325,closed,opposite_fill
2355,Will the Sweden Democrats (SD) win the third most seats in the 2026 Swedish parliamentary election?,2026-06-04T04:02:00+00:00,2026-06-04T04:05:00+00:00,0.05,buy_yes,sell_yes,0.38,0.33,14.2217,-0.7111,-5,0.325,0.335,closed,opposite_fill
2356,Will the Sweden Democrats (SD) win the third most seats in the 2026 Swedish parliamentary election?,2026-06-04T04:05:00+00:00,2026-06-04T04:13:00+00:00,0.1333,sell_yes,buy_yes,0.33,0.33,32.2543,0,0,0.335,0.325,closed,opposite_fill
2357,Will the Sweden Democrats (SD) win the third most seats in the 2026 Swedish parliamentary election?,2026-06-04T04:13:00+00:00,2026-06-04T04:26:00+00:00,0.2167,buy_yes,sell_yes,0.33,0.34,14.2217,0.1422,1,0.325,0.345,closed,opposite_fill
2358,Will the Sweden Democrats (SD) win the third most seats in the 2026 Swedish parliamentary election?,2026-06-04T04:26:00+00:00,2026-06-04T04:43:00+00:00,0.2833,sell_yes,buy_yes,0.34,0.36,32.2543,-0.6451,-2,0.345,0.31,closed,opposite_fill
2359,Fed Rate Hike by October 2026 Meeting?,2026-06-04T01:35:00+00:00,2026-06-04T04:46:00+00:00,3.1833,buy_yes,sell_yes,0.29,0.28,61.9597,-0.6196,-1,0.28,0.285,closed,opposite_fill
2360,Fed Rate Hike by October 2026 Meeting?,2026-06-04T04:46:00+00:00,2026-06-04T04:47:00+00:00,0.0167,sell_yes,buy_yes,0.28,0.28,41.3203,0,0,0.285,0.28,closed,opposite_fill
2361,Fed Rate Hike by October 2026 Meeting?,2026-06-04T04:47:00+00:00,2026-06-04T06:41:00+00:00,1.9,buy_yes,sell_yes,0.28,0.27,65.0581,-0.6506,-1,0.28,0.275,closed,opposite_fill
2362,Fed Rate Hike by October 2026 Meeting?,2026-06-04T06:41:00+00:00,2026-06-04T07:04:00+00:00,0.3833,sell_yes,buy_yes,0.27,0.28,38.2219,-0.3822,-1,0.275,0.28,closed,opposite_fill
2363,Bab el-Mandeb Strait effectively closed by September 30?,2026-06-04T00:00:00+00:00,2026-06-04T07:09:00+00:00,7.15,buy_yes,sell_yes,0.15,0.17,97.0832,1.9417,2,0.13,0.18,closed,opposite_fill
2364,Fed Rate Hike by October 2026 Meeting?,2026-06-04T07:04:00+00:00,2026-06-04T07:12:00+00:00,0.1333,buy_yes,sell_yes,0.28,0.28,65.0581,0,0,0.28,0.29,closed,opposite_fill
2365,Fed Rate Hike by October 2026 Meeting?,2026-06-04T07:12:00+00:00,2026-06-04T07:13:00+00:00,0.0167,sell_yes,buy_yes,0.28,0.28,38.2219,0,0,0.29,0.27,closed,opposite_fill
2366,Fed Rate Hike by October 2026 Meeting?,2026-06-04T07:13:00+00:00,2026-06-04T07:14:00+00:00,0.0167,buy_yes,sell_yes,0.28,0.28,65.0581,0,0,0.27,0.285,closed,opposite_fill
2367,Fed Rate Hike by October 2026 Meeting?,2026-06-04T07:14:00+00:00,2026-06-04T07:15:00+00:00,0.0167,sell_yes,buy_yes,0.28,0.28,38.2219,0,0,0.285,0.275,closed,opposite_fill
2368,Fed Rate Hike by October 2026 Meeting?,2026-06-04T07:15:00+00:00,2026-06-04T08:03:00+00:00,0.8,buy_yes,sell_yes,0.28,0.28,65.0581,0,0,0.275,0.285,closed,opposite_fill
2369,Fed Rate Hike by October 2026 Meeting?,2026-06-04T08:03:00+00:00,2026-06-04T08:04:00+00:00,0.0167,sell_yes,buy_yes,0.28,0.28,38.2219,0,0,0.285,0.275,closed,opposite_fill
2370,Will the Sweden Democrats (SD) win the third most seats in the 2026 Swedish parliamentary election?,2026-06-04T04:43:00+00:00,2026-06-04T09:28:00+00:00,4.75,buy_yes,sell_yes,0.36,0.36,14.2217,0,0,0.31,0.365,closed,opposite_fill
2371,Will the Sweden Democrats (SD) win the third most seats in the 2026 Swedish parliamentary election?,2026-06-04T09:28:00+00:00,2026-06-04T09:32:00+00:00,0.0667,sell_yes,buy_yes,0.36,0.36,32.2543,0,0,0.365,0.3,closed,opposite_fill
2372,Will the Sweden Democrats (SD) win the third most seats in the 2026 Swedish parliamentary election?,2026-06-04T09:32:00+00:00,2026-06-04T09:42:00+00:00,0.1667,buy_yes,sell_yes,0.36,0.32,14.2217,-0.5689,-4,0.3,0.325,closed,opposite_fill
2373,Fed Rate Hike by October 2026 Meeting?,2026-06-04T08:04:00+00:00,2026-06-04T10:14:00+00:00,2.1667,buy_yes,sell_yes,0.28,0.28,65.0581,0,0,0.275,0.285,closed,opposite_fill
2374,Will the Sweden Democrats (SD) win the third most seats in the 2026 Swedish parliamentary election?,2026-06-04T09:42:00+00:00,2026-06-04T10:14:00+00:00,0.5333,sell_yes,buy_yes,0.32,0.36,32.2543,-1.2902,-4,0.325,0.305,closed,opposite_fill
2375,Fed Rate Hike by October 2026 Meeting?,2026-06-04T10:14:00+00:00,2026-06-04T10:15:00+00:00,0.0167,sell_yes,buy_yes,0.28,0.28,38.2219,0,0,0.285,0.275,closed,opposite_fill
2376,Will the Sweden Democrats (SD) win the third most seats in the 2026 Swedish parliamentary election?,2026-06-04T10:14:00+00:00,2026-06-04T10:18:00+00:00,0.0667,buy_yes,sell_yes,0.36,0.31,14.2217,-0.7111,-5,0.305,0.315,closed,opposite_fill
2377,Will the Sweden Democrats (SD) win the third most seats in the 2026 Swedish parliamentary election?,2026-06-04T10:18:00+00:00,2026-06-04T10:32:00+00:00,0.2333,sell_yes,buy_yes,0.31,0.36,32.2543,-1.6127,-5,0.315,0.34,closed,opposite_fill
2378,Will the Sweden Democrats (SD) win the third most seats in the 2026 Swedish parliamentary election?,2026-06-04T10:32:00+00:00,2026-06-04T10:34:00+00:00,0.0333,buy_yes,sell_yes,0.36,0.35,14.2217,-0.1422,-1,0.34,0.38,closed,opposite_fill
2379,Will the Sweden Democrats (SD) win the third most seats in the 2026 Swedish parliamentary election?,2026-06-04T10:34:00+00:00,2026-06-04T10:36:00+00:00,0.0333,sell_yes,buy_yes,0.35,0.36,32.2543,-0.3225,-1,0.38,0.345,closed,opposite_fill
2380,Will the Sweden Democrats (SD) win the third most seats in the 2026 Swedish parliamentary election?,2026-06-04T10:36:00+00:00,2026-06-04T10:41:00+00:00,0.0833,buy_yes,sell_yes,0.36,0.35,14.2217,-0.1422,-1,0.345,0.385,closed,opposite_fill
2381,Will the Sweden Democrats (SD) win the third most seats in the 2026 Swedish parliamentary election?,2026-06-04T10:41:00+00:00,2026-06-04T10:58:00+00:00,0.2833,sell_yes,buy_yes,0.35,0.37,32.2543,-0.6451,-2,0.385,0.315,closed,opposite_fill
2382,Will the Sweden Democrats (SD) win the third most seats in the 2026 Swedish parliamentary election?,2026-06-04T10:58:00+00:00,2026-06-04T11:02:00+00:00,0.0667,buy_yes,sell_yes,0.37,0.32,14.2217,-0.7111,-5,0.315,0.325,closed,opposite_fill
2383,Will the Sweden Democrats (SD) win the third most seats in the 2026 Swedish parliamentary election?,2026-06-04T11:02:00+00:00,2026-06-04T11:16:00+00:00,0.2333,sell_yes,buy_yes,0.32,0.36,32.2543,-1.2902,-4,0.325,0.335,closed,opposite_fill
2384,Will the Sweden Democrats (SD) win the third most seats in the 2026 Swedish parliamentary election?,2026-06-04T11:16:00+00:00,2026-06-04T11:17:00+00:00,0.0167,buy_yes,sell_yes,0.36,0.34,14.2217,-0.2844,-2,0.335,0.36,closed,opposite_fill
2385,Will the Sweden Democrats (SD) win the third most seats in the 2026 Swedish parliamentary election?,2026-06-04T11:17:00+00:00,2026-06-04T11:19:00+00:00,0.0333,sell_yes,buy_yes,0.34,0.37,32.2543,-0.9676,-3,0.36,0.355,closed,opposite_fill
2386,Will the Sweden Democrats (SD) win the third most seats in the 2026 Swedish parliamentary election?,2026-06-04T11:19:00+00:00,2026-06-04T11:22:00+00:00,0.05,buy_yes,sell_yes,0.37,0.35,14.2217,-0.2844,-2,0.355,0.36,closed,opposite_fill
2387,Will the Sweden Democrats (SD) win the third most seats in the 2026 Swedish parliamentary election?,2026-06-04T11:22:00+00:00,2026-06-04T11:23:00+00:00,0.0167,sell_yes,buy_yes,0.35,0.35,39.2257,0,0,0.36,0.33,closed,opposite_fill
2388,Will the Sweden Democrats (SD) win the third most seats in the 2026 Swedish parliamentary election?,2026-06-04T11:23:00+00:00,2026-06-04T11:27:00+00:00,0.0667,buy_yes,sell_yes,0.35,0.36,7.25026,0.0725,1,0.33,0.385,closed,opposite_fill
2389,Fed Rate Hike by October 2026 Meeting?,2026-06-04T10:15:00+00:00,2026-06-04T11:37:00+00:00,1.3667,buy_yes,sell_yes,0.28,0.28,68.1565,0,0,0.275,0.29,closed,opposite_fill
2390,Fed Rate Hike by October 2026 Meeting?,2026-06-04T11:37:00+00:00,2026-06-04T11:38:00+00:00,0.0167,sell_yes,buy_yes,0.28,0.28,35.1235,0,0,0.29,0.27,closed,opposite_fill
2391,Fed Rate Hike by October 2026 Meeting?,2026-06-04T11:38:00+00:00,2026-06-04T11:39:00+00:00,0.0167,buy_yes,sell_yes,0.28,0.28,68.1565,0,0,0.27,0.29,closed,opposite_fill
2392,Fed Rate Hike by October 2026 Meeting?,2026-06-04T11:39:00+00:00,2026-06-04T11:40:00+00:00,0.0167,sell_yes,buy_yes,0.28,0.28,38.2219,0,0,0.29,0.27,closed,opposite_fill
2393,Fed Rate Hike by October 2026 Meeting?,2026-06-04T11:40:00+00:00,2026-06-04T11:43:00+00:00,0.05,buy_yes,sell_yes,0.28,0.28,65.0581,0,0,0.27,0.285,closed,opposite_fill
2394,Fed Rate Hike by October 2026 Meeting?,2026-06-04T11:43:00+00:00,2026-06-04T11:45:00+00:00,0.0333,sell_yes,buy_yes,0.28,0.29,38.2219,-0.3822,-1,0.285,0.28,closed,opposite_fill
2395,Will the Sweden Democrats (SD) win the third most seats in the 2026 Swedish parliamentary election?,2026-06-04T11:27:00+00:00,2026-06-04T12:20:00+00:00,0.8833,sell_yes,buy_yes,0.36,0.37,14.3146,-0.1431,-1,0.385,0.35,closed,opposite_fill
2396,Will the Sweden Democrats (SD) win the third most seats in the 2026 Swedish parliamentary election?,2026-06-04T12:20:00+00:00,2026-06-04T12:29:00+00:00,0.15,buy_yes,sell_yes,0.37,0.38,32.1614,0.3216,1,0.35,0.4,closed,opposite_fill
2397,Will the Sweden Democrats (SD) win the third most seats in the 2026 Swedish parliamentary election?,2026-06-04T12:29:00+00:00,2026-06-04T12:32:00+00:00,0.05,sell_yes,buy_yes,0.38,0.37,14.3146,0.1431,1,0.4,0.365,closed,opposite_fill
2398,Will the Sweden Democrats (SD) win the third most seats in the 2026 Swedish parliamentary election?,2026-06-04T12:32:00+00:00,2026-06-04T12:54:00+00:00,0.3667,buy_yes,sell_yes,0.37,0.36,21.5649,-0.2156,-1,0.365,0.395,closed,opposite_fill
2399,Will the Moderate Party (M) win the second most seats in the 2026 Swedish parliamentary election?,2026-06-04T00:52:00+00:00,2026-06-04T12:54:00+00:00,12.0333,sell_yes,buy_yes,0.41,0.37,24.2964,0.9719,4,0.42,0.36,closed,opposite_fill
2400,Will the Moderate Party (M) win the second most seats in the 2026 Swedish parliamentary election?,2026-06-04T08:28:00+00:00,2026-06-04T12:54:00+00:00,4.4333,sell_yes,buy_yes,0.42,0.37,37.6716,1.8836,5,0.42,0.36,closed,opposite_fill
2401,Will the Sweden Democrats (SD) win the third most seats in the 2026 Swedish parliamentary election?,2026-06-04T12:32:00+00:00,2026-06-04T13:05:00+00:00,0.55,buy_yes,sell_yes,0.37,0.4,10.5965,0.3179,3,0.365,0.405,closed,opposite_fill
2402,Fed Rate Hike by October 2026 Meeting?,2026-06-04T11:45:00+00:00,2026-06-04T13:08:00+00:00,1.3833,buy_yes,sell_yes,0.29,0.26,68.1565,-2.0447,-3,0.28,0.265,closed,opposite_fill
2403,Will the Sweden Democrats (SD) win the third most seats in the 2026 Swedish parliamentary election?,2026-06-04T13:05:00+00:00,2026-06-04T13:10:00+00:00,0.0833,sell_yes,buy_yes,0.4,0.35,35.8795,1.794,5,0.405,0.335,closed,opposite_fill
2404,Will the Sweden Democrats (SD) win the third most seats in the 2026 Swedish parliamentary election?,2026-06-04T13:10:00+00:00,2026-06-04T13:21:00+00:00,0.1833,buy_yes,sell_yes,0.35,0.39,10.5965,0.4239,4,0.335,0.42,closed,opposite_fill
2405,Will the Sweden Democrats (SD) win the third most seats in the 2026 Swedish parliamentary election?,2026-06-04T13:13:00+00:00,2026-06-04T13:21:00+00:00,0.1333,buy_yes,sell_yes,0.35,0.39,35.8795,1.4352,4,0.345,0.42,closed,opposite_fill
2406,Will the Sweden Democrats (SD) win the third most seats in the 2026 Swedish parliamentary election?,2026-06-04T13:13:00+00:00,2026-06-04T13:43:00+00:00,0.5,buy_yes,sell_yes,0.35,0.37,10.5965,0.2119,2,0.345,0.385,closed,opposite_fill
2407,Will the Sweden Democrats (SD) win the third most seats in the 2026 Swedish parliamentary election?,2026-06-04T13:25:00+00:00,2026-06-04T13:43:00+00:00,0.3,buy_yes,sell_yes,0.39,0.37,35.8795,-0.7176,-2,0.355,0.385,closed,opposite_fill
2408,Will the Sweden Democrats (SD) win the third most seats in the 2026 Swedish parliamentary election?,2026-06-04T13:25:00+00:00,2026-06-04T13:55:00+00:00,0.5,buy_yes,sell_yes,0.39,0.36,23.145,-0.6944,-3,0.355,0.37,closed,opposite_fill
2409,Will the Sweden Democrats (SD) win the third most seats in the 2026 Swedish parliamentary election?,2026-06-04T13:55:00+00:00,2026-06-04T14:23:00+00:00,0.4667,sell_yes,buy_yes,0.36,0.39,27.5138,-0.8254,-3,0.37,0.385,closed,opposite_fill
2410,Will the Moderate Party (M) win the second most seats in the 2026 Swedish parliamentary election?,2026-06-04T08:28:00+00:00,2026-06-04T14:54:00+00:00,6.4333,sell_yes,buy_yes,0.42,0.38,24.2964,0.9719,4,0.42,0.365,closed,opposite_fill
2411,Will the Moderate Party (M) win the second most seats in the 2026 Swedish parliamentary election?,2026-06-04T14:39:00+00:00,2026-06-04T14:54:00+00:00,0.25,sell_yes,buy_yes,0.42,0.38,37.6716,1.5069,4,0.425,0.365,closed,opposite_fill
2412,Will the Moderate Party (M) win the second most seats in the 2026 Swedish parliamentary election?,2026-06-04T14:39:00+00:00,2026-06-04T15:00:00+00:00,0.35,sell_yes,buy_yes,0.42,0.38,24.2964,0.9719,4,0.425,0.375,closed,opposite_fill
2413,Will the Sweden Democrats (SD) win the third most seats in the 2026 Swedish parliamentary election?,2026-06-04T14:23:00+00:00,2026-06-04T15:16:00+00:00,0.8833,buy_yes,sell_yes,0.39,0.45,18.9622,1.1377,6,0.385,0.455,closed,opposite_fill
2414,Will the Sweden Democrats (SD) win the third most seats in the 2026 Swedish parliamentary election?,2026-06-04T15:16:00+00:00,2026-06-04T15:34:00+00:00,0.3,sell_yes,buy_yes,0.45,0.33,21.5649,2.5878,12,0.455,0.3,closed,opposite_fill
2415,Will the Sweden Democrats (SD) win the third most seats in the 2026 Swedish parliamentary election?,2026-06-04T15:16:00+00:00,2026-06-04T15:41:00+00:00,0.4167,sell_yes,buy_yes,0.45,0.33,5.94893,0.7139,12,0.455,0.305,closed,opposite_fill
2416,Will the Sweden Democrats (SD) win the third most seats in the 2026 Swedish parliamentary election?,2026-06-04T15:41:00+00:00,2026-06-04T16:10:00+00:00,0.4833,buy_yes,sell_yes,0.33,0.38,15.6159,0.7808,5,0.305,0.385,closed,opposite_fill
2417,Will the Sweden Democrats (SD) win the third most seats in the 2026 Swedish parliamentary election?,2026-06-04T15:44:00+00:00,2026-06-04T16:10:00+00:00,0.4333,buy_yes,sell_yes,0.37,0.38,21.5649,0.2156,1,0.33,0.385,closed,opposite_fill
2418,Will the Sweden Democrats (SD) win the third most seats in the 2026 Swedish parliamentary election?,2026-06-04T16:10:00+00:00,2026-06-04T16:26:00+00:00,0.2667,sell_yes,buy_yes,0.38,0.37,9.2952,0.093,1,0.385,0.345,closed,opposite_fill
2419,Will the Sweden Democrats (SD) win the third most seats in the 2026 Swedish parliamentary election?,2026-06-04T16:17:00+00:00,2026-06-04T16:26:00+00:00,0.15,sell_yes,buy_yes,0.4,0.37,37.1808,1.1154,3,0.41,0.345,closed,opposite_fill
2420,Will the Sweden Democrats (SD) win the third most seats in the 2026 Swedish parliamentary election?,2026-06-04T16:17:00+00:00,2026-06-04T16:36:00+00:00,0.3167,sell_yes,buy_yes,0.4,0.4,9.2952,0,0,0.41,0.35,closed,opposite_fill
2421,Will the Sweden Democrats (SD) win the third most seats in the 2026 Swedish parliamentary election?,2026-06-04T16:32:00+00:00,2026-06-04T16:36:00+00:00,0.0667,sell_yes,buy_yes,0.39,0.4,37.1808,-0.3718,-1,0.405,0.35,closed,opposite_fill
2422,Will the Sweden Democrats (SD) win the third most seats in the 2026 Swedish parliamentary election?,2026-06-04T16:32:00+00:00,2026-06-04T16:51:00+00:00,0.3167,sell_yes,buy_yes,0.39,0.35,23.238,0.9295,4,0.405,0.31,closed,opposite_fill
2423,Will the Sweden Democrats (SD) win the third most seats in the 2026 Swedish parliamentary election?,2026-06-04T16:51:00+00:00,2026-06-04T16:56:00+00:00,0.0833,buy_yes,sell_yes,0.35,0.36,23.238,0.2324,1,0.31,0.38,closed,opposite_fill
2424,Will the Sweden Democrats (SD) win the third most seats in the 2026 Swedish parliamentary election?,2026-06-04T16:56:00+00:00,2026-06-04T17:10:00+00:00,0.2333,sell_yes,buy_yes,0.36,0.37,23.238,-0.2324,-1,0.38,0.365,closed,opposite_fill
2425,Will the Sweden Democrats (SD) win the third most seats in the 2026 Swedish parliamentary election?,2026-06-04T17:10:00+00:00,2026-06-04T17:19:00+00:00,0.15,buy_yes,sell_yes,0.37,0.41,21.5649,0.8626,4,0.365,0.41,closed,opposite_fill
2426,Will Ulf Kristersson be the next Prime Minister of Sweden?,2026-06-02T00:03:00+00:00,2026-06-04T17:27:00+00:00,65.4,sell_yes,buy_yes,0.19,0.22,3.0984,-0.093,-3,0.255,0.205,closed,opposite_fill
2427,Will the Sweden Democrats (SD) win the third most seats in the 2026 Swedish parliamentary election?,2026-06-04T17:10:00+00:00,2026-06-04T17:43:00+00:00,0.55,buy_yes,sell_yes,0.37,0.35,1.67314,-0.0335,-2,0.365,0.39,closed,opposite_fill
2428,Will the Sweden Democrats (SD) win the third most seats in the 2026 Swedish parliamentary election?,2026-06-04T17:43:00+00:00,2026-06-04T17:59:00+00:00,0.2667,sell_yes,buy_yes,0.35,0.35,44.8029,0,0,0.39,0.32,closed,opposite_fill
2429,Will the Sweden Democrats (SD) win the third most seats in the 2026 Swedish parliamentary election?,2026-06-04T17:59:00+00:00,2026-06-04T18:04:00+00:00,0.0833,buy_yes,sell_yes,0.35,0.41,1.67314,0.1004,6,0.32,0.41,closed,opposite_fill
2430,Will the Sweden Democrats (SD) win the third most seats in the 2026 Swedish parliamentary election?,2026-06-04T18:04:00+00:00,2026-06-04T18:14:00+00:00,0.1667,sell_yes,buy_yes,0.41,0.39,47.5914,0.9518,2,0.41,0.385,closed,opposite_fill
2431,Will the Sweden Democrats (SD) win the third most seats in the 2026 Swedish parliamentary election?,2026-06-04T18:14:00+00:00,2026-06-04T18:32:00+00:00,0.3,buy_yes,sell_yes,0.39,0.37,4.4617,-0.0892,-2,0.385,0.395,closed,opposite_fill
2432,Will the Sweden Democrats (SD) win the third most seats in the 2026 Swedish parliamentary election?,2026-06-04T18:21:00+00:00,2026-06-04T18:32:00+00:00,0.1833,buy_yes,sell_yes,0.33,0.37,42.0143,1.6806,4,0.305,0.395,closed,opposite_fill
2433,Will the Sweden Democrats (SD) win the third most seats in the 2026 Swedish parliamentary election?,2026-06-04T18:21:00+00:00,2026-06-04T18:36:00+00:00,0.25,buy_yes,sell_yes,0.33,0.4,4.4617,0.3123,7,0.305,0.43,closed,opposite_fill
2434,Will the Sweden Democrats (SD) win the third most seats in the 2026 Swedish parliamentary election?,2026-06-04T18:36:00+00:00,2026-06-04T18:52:00+00:00,0.2667,sell_yes,buy_yes,0.4,0.36,42.0143,1.6806,4,0.43,0.355,closed,opposite_fill
2435,Will the Sweden Democrats (SD) win the third most seats in the 2026 Swedish parliamentary election?,2026-06-04T18:52:00+00:00,2026-06-04T19:45:00+00:00,0.8833,buy_yes,sell_yes,0.36,0.41,4.4617,0.2231,5,0.355,0.425,closed,opposite_fill
2436,Will the Sweden Democrats (SD) win the third most seats in the 2026 Swedish parliamentary election?,2026-06-04T19:01:00+00:00,2026-06-04T19:45:00+00:00,0.7333,buy_yes,sell_yes,0.38,0.41,46.1971,1.3859,3,0.36,0.425,closed,opposite_fill
2437,Fed Rate Hike by October 2026 Meeting?,2026-06-04T13:08:00+00:00,2026-06-04T20:01:00+00:00,6.8833,sell_yes,buy_yes,0.26,0.26,35.1235,0,0,0.265,0.255,closed,opposite_fill
2438,Will the Sweden Democrats (SD) win the third most seats in the 2026 Swedish parliamentary election?,2026-06-04T19:01:00+00:00,2026-06-04T20:12:00+00:00,1.1833,buy_yes,sell_yes,0.38,0.41,0.278856,0.0084,3,0.36,0.41,closed,opposite_fill
2439,Will the Sweden Democrats (SD) win the third most seats in the 2026 Swedish parliamentary election?,2026-06-04T20:12:00+00:00,2026-06-04T20:27:00+00:00,0.25,sell_yes,buy_yes,0.41,0.4,46.476,0.4648,1,0.41,0.36,closed,opposite_fill
2440,Will the Moderate Party (M) win the second most seats in the 2026 Swedish parliamentary election?,2026-06-04T15:00:00+00:00,2026-06-04T20:30:00+00:00,5.5,buy_yes,sell_yes,0.38,0.42,37.6716,1.5069,4,0.375,0.425,closed,opposite_fill
2441,Will the Sweden Democrats (SD) win the third most seats in the 2026 Swedish parliamentary election?,2026-06-04T20:12:00+00:00,2026-06-04T20:40:00+00:00,0.4667,sell_yes,buy_yes,0.41,0.4,2.5097,0.0251,1,0.41,0.36,closed,opposite_fill
2442,Will the Sweden Democrats (SD) win the third most seats in the 2026 Swedish parliamentary election?,2026-06-04T20:40:00+00:00,2026-06-04T20:55:00+00:00,0.25,buy_yes,sell_yes,0.4,0.42,43.9663,0.8793,2,0.36,0.45,closed,opposite_fill
2443,Will the Sweden Democrats (SD) win the third most seats in the 2026 Swedish parliamentary election?,2026-06-04T20:55:00+00:00,2026-06-04T20:57:00+00:00,0.0333,sell_yes,buy_yes,0.42,0.42,2.5097,0,0,0.45,0.38,closed,opposite_fill
2444,Will the Sweden Democrats (SD) win the third most seats in the 2026 Swedish parliamentary election?,2026-06-04T20:57:00+00:00,2026-06-04T21:02:00+00:00,0.0833,buy_yes,sell_yes,0.42,0.44,43.9663,0.8793,2,0.38,0.445,closed,opposite_fill
2445,Will the Sweden Democrats (SD) win the third most seats in the 2026 Swedish parliamentary election?,2026-06-04T21:02:00+00:00,2026-06-04T21:06:00+00:00,0.0667,sell_yes,buy_yes,0.44,0.42,2.5097,0.0502,2,0.445,0.4,closed,opposite_fill
2446,Will the Sweden Democrats (SD) win the third most seats in the 2026 Swedish parliamentary election?,2026-06-04T21:06:00+00:00,2026-06-04T21:10:00+00:00,0.0667,buy_yes,sell_yes,0.42,0.37,52.0531,-2.6027,-5,0.4,0.395,closed,opposite_fill
2447,Will the Sweden Democrats (SD) win the third most seats in the 2026 Swedish parliamentary election?,2026-06-04T21:06:00+00:00,2026-06-04T21:13:00+00:00,0.1167,buy_yes,sell_yes,0.42,0.39,0.278856,-0.0084,-3,0.4,0.41,closed,opposite_fill
2448,Will the Sweden Democrats (SD) win the third most seats in the 2026 Swedish parliamentary election?,2026-06-04T21:13:00+00:00,2026-06-04T21:45:00+00:00,0.5333,sell_yes,buy_yes,0.39,0.33,46.1971,2.7718,6,0.41,0.31,closed,opposite_fill
2449,Will the Sweden Democrats (SD) win the third most seats in the 2026 Swedish parliamentary election?,2026-06-04T21:45:00+00:00,2026-06-04T22:02:00+00:00,0.2833,buy_yes,sell_yes,0.33,0.36,0.278856,0.0084,3,0.31,0.37,closed,opposite_fill
2450,Will the Sweden Democrats (SD) win the third most seats in the 2026 Swedish parliamentary election?,2026-06-04T22:02:00+00:00,2026-06-04T22:07:00+00:00,0.0833,sell_yes,buy_yes,0.36,0.34,46.1971,0.9239,2,0.37,0.305,closed,opposite_fill
2451,Will the Sweden Democrats (SD) win the third most seats in the 2026 Swedish parliamentary election?,2026-06-04T22:07:00+00:00,2026-06-04T22:23:00+00:00,0.2667,buy_yes,sell_yes,0.34,0.39,0.278856,0.0139,5,0.305,0.42,closed,opposite_fill
2452,Will the Sweden Democrats (SD) win the third most seats in the 2026 Swedish parliamentary election?,2026-06-04T22:23:00+00:00,2026-06-04T22:28:00+00:00,0.0833,sell_yes,buy_yes,0.39,0.38,46.1971,0.462,1,0.42,0.355,closed,opposite_fill
2453,Will the Sweden Democrats (SD) win the third most seats in the 2026 Swedish parliamentary election?,2026-06-04T22:28:00+00:00,2026-06-04T22:35:00+00:00,0.1167,buy_yes,sell_yes,0.38,0.4,1.67314,0.0335,2,0.355,0.41,closed,opposite_fill
2454,Will the Sweden Democrats (SD) win the third most seats in the 2026 Swedish parliamentary election?,2026-06-04T22:35:00+00:00,2026-06-04T22:38:00+00:00,0.05,sell_yes,buy_yes,0.4,0.37,44.8029,1.3441,3,0.41,0.345,closed,opposite_fill
2455,Will the Sweden Democrats (SD) win the third most seats in the 2026 Swedish parliamentary election?,2026-06-04T22:38:00+00:00,2026-06-04T23:11:00+00:00,0.55,buy_yes,sell_yes,0.37,0.41,1.67314,0.0669,4,0.345,0.41,closed,opposite_fill
2456,Will Harry Kane win the 2026 Ballon d'Or?,2026-06-04T00:03:00+00:00,2026-06-05T00:03:00+00:00,24,sell_yes,buy_yes,0.25,0.57,24.9679,-7.9897,-32,0.2625,0.2675,closed,opposite_fill
2457,Will the Moderate Party (M) win the third most seats in the 2026 Swedish parliamentary election?,2026-06-04T00:06:00+00:00,2026-06-05T00:04:00+00:00,23.9667,buy_yes,sell_yes,0.53,0.65,6.59959,0.792,12,0.525,0.74,closed,opposite_fill
2458,Will the Moderate Party (M) win the third most seats in the 2026 Swedish parliamentary election?,2026-06-04T10:37:00+00:00,2026-06-05T00:04:00+00:00,13.45,buy_yes,sell_yes,0.54,0.65,39.8764,4.3864,11,0.525,0.74,closed,opposite_fill
2459,Will the Sweden Democrats (SD) win the second most seats in the 2026 Swedish parliamentary election?,2026-06-04T02:28:00+00:00,2026-06-05T00:11:00+00:00,21.7167,sell_yes,buy_yes,0.55,0.61,55.0772,-3.3046,-6,0.555,0.59,closed,opposite_fill
2460,Will the Moderate Party (M) win the second most seats in the 2026 Swedish parliamentary election?,2026-06-04T20:30:00+00:00,2026-06-05T00:18:00+00:00,3.8,sell_yes,buy_yes,0.42,0.41,24.2964,0.243,1,0.425,0.405,closed,opposite_fill
2461,Will the Sweden Democrats (SD) win the third most seats in the 2026 Swedish parliamentary election?,2026-06-04T23:11:00+00:00,2026-06-05T00:20:00+00:00,1.15,sell_yes,buy_yes,0.41,0.37,46.476,1.859,4,0.41,0.34,closed,opposite_fill
2462,Will the Moderate Party (M) win the second most seats in the 2026 Swedish parliamentary election?,2026-06-05T00:18:00+00:00,2026-06-05T00:21:00+00:00,0.05,buy_yes,sell_yes,0.41,0.41,37.6716,0,0,0.405,0.415,closed,opposite_fill
2463,Will the Sweden Democrats (SD) win the third most seats in the 2026 Swedish parliamentary election?,2026-06-04T23:11:00+00:00,2026-06-05T00:32:00+00:00,1.35,sell_yes,buy_yes,0.41,0.41,3.90398,0,0,0.41,0.37,closed,opposite_fill
2464,Will the Sweden Democrats (SD) win the third most seats in the 2026 Swedish parliamentary election?,2026-06-05T00:21:00+00:00,2026-06-05T00:32:00+00:00,0.1833,sell_yes,buy_yes,0.39,0.41,46.476,-0.9295,-2,0.425,0.37,closed,opposite_fill
2465,Will the Moderate Party (M) win the second most seats in the 2026 Swedish parliamentary election?,2026-06-05T00:21:00+00:00,2026-06-05T00:44:00+00:00,0.3833,sell_yes,buy_yes,0.41,0.4,24.2964,0.243,1,0.415,0.395,closed,opposite_fill
2466,Will the Moderate Party (M) win the second most seats in the 2026 Swedish parliamentary election?,2026-06-05T00:44:00+00:00,2026-06-05T00:48:00+00:00,0.0667,buy_yes,sell_yes,0.4,0.41,37.6716,0.3767,1,0.395,0.41,closed,opposite_fill
2467,Will the Sweden Democrats (SD) win the third most seats in the 2026 Swedish parliamentary election?,2026-06-05T00:32:00+00:00,2026-06-05T00:51:00+00:00,0.3167,buy_yes,sell_yes,0.41,0.38,7.25026,-0.2175,-3,0.37,0.42,closed,opposite_fill
2468,Will the Sweden Democrats (SD) win the third most seats in the 2026 Swedish parliamentary election?,2026-06-05T00:51:00+00:00,2026-06-05T01:00:00+00:00,0.15,sell_yes,buy_yes,0.38,0.38,39.2257,0,0,0.42,0.33,closed,opposite_fill
2469,Will the Sweden Democrats (SD) win the third most seats in the 2026 Swedish parliamentary election?,2026-06-05T01:00:00+00:00,2026-06-05T01:05:00+00:00,0.0833,buy_yes,sell_yes,0.38,0.39,7.25026,0.0725,1,0.33,0.45,closed,opposite_fill
2470,Will the Sweden Democrats (SD) win the third most seats in the 2026 Swedish parliamentary election?,2026-06-05T01:03:00+00:00,2026-06-05T01:05:00+00:00,0.0333,buy_yes,sell_yes,0.39,0.39,39.2257,0,0,0.335,0.45,closed,opposite_fill
2471,Will the Sweden Democrats (SD) win the third most seats in the 2026 Swedish parliamentary election?,2026-06-05T01:03:00+00:00,2026-06-05T01:25:00+00:00,0.3667,buy_yes,sell_yes,0.39,0.45,7.25026,0.435,6,0.335,0.48,closed,opposite_fill
2472,Will the Sweden Democrats (SD) win the third most seats in the 2026 Swedish parliamentary election?,2026-06-05T01:11:00+00:00,2026-06-05T01:25:00+00:00,0.2333,buy_yes,sell_yes,0.37,0.45,39.2257,3.1381,8,0.36,0.48,closed,opposite_fill
2473,Fed Rate Hike by October 2026 Meeting?,2026-06-04T20:01:00+00:00,2026-06-05T01:30:00+00:00,5.4833,buy_yes,sell_yes,0.26,0.26,68.1565,0,0,0.255,0.49,closed,opposite_fill
2474,Will the Moderate Party (M) win the second most seats in the 2026 Swedish parliamentary election?,2026-06-05T00:48:00+00:00,2026-06-05T01:31:00+00:00,0.7167,sell_yes,buy_yes,0.41,0.41,24.2964,0,0,0.41,0.4,closed,opposite_fill
2475,Will the Sweden Democrats (SD) win the third most seats in the 2026 Swedish parliamentary election?,2026-06-05T01:11:00+00:00,2026-06-05T01:34:00+00:00,0.3833,buy_yes,sell_yes,0.37,0.41,7.25026,0.29,4,0.36,0.415,closed,opposite_fill
2476,Will the Sweden Democrats (SD) win the third most seats in the 2026 Swedish parliamentary election?,2026-06-05T01:28:00+00:00,2026-06-05T01:34:00+00:00,0.1,buy_yes,sell_yes,0.43,0.41,47.5914,-0.9518,-2,0.425,0.415,closed,opposite_fill
2477,Will the Moderate Party (M) win the second most seats in the 2026 Swedish parliamentary election?,2026-06-05T01:31:00+00:00,2026-06-05T01:36:00+00:00,0.0833,buy_yes,sell_yes,0.41,0.41,37.6716,0,0,0.4,0.41,closed,opposite_fill
2478,Will the Sweden Democrats (SD) win the third most seats in the 2026 Swedish parliamentary election?,2026-06-05T01:28:00+00:00,2026-06-05T01:37:00+00:00,0.15,buy_yes,sell_yes,0.43,0.43,15.6159,0,0,0.425,0.485,closed,opposite_fill
2479,Will the Sweden Democrats (SD) win the second most seats in the 2026 Swedish parliamentary election?,2026-06-05T00:11:00+00:00,2026-06-05T01:43:00+00:00,1.5333,buy_yes,sell_yes,0.61,0.55,6.89084,-0.4135,-6,0.59,0.555,closed,opposite_fill
2480,Will the Sweden Democrats (SD) win the third most seats in the 2026 Swedish parliamentary election?,2026-06-05T01:37:00+00:00,2026-06-05T01:48:00+00:00,0.1833,sell_yes,buy_yes,0.43,0.44,30.8601,-0.3086,-1,0.485,0.4,closed,opposite_fill
2481,Will the Moderate Party (M) win the second most seats in the 2026 Swedish parliamentary election?,2026-06-05T01:36:00+00:00,2026-06-05T02:04:00+00:00,0.4667,sell_yes,buy_yes,0.41,0.4,24.2964,0.243,1,0.41,0.395,closed,opposite_fill
2482,Will the Moderate Party (M) win the second most seats in the 2026 Swedish parliamentary election?,2026-06-05T02:04:00+00:00,2026-06-05T02:05:00+00:00,0.0167,buy_yes,sell_yes,0.4,0.4,37.6716,0,0,0.395,0.405,closed,opposite_fill
2483,Will the Moderate Party (M) win the second most seats in the 2026 Swedish parliamentary election?,2026-06-05T02:05:00+00:00,2026-06-05T02:06:00+00:00,0.0167,sell_yes,buy_yes,0.4,0.4,24.2964,0,0,0.405,0.39,closed,opposite_fill
2484,Will the Moderate Party (M) win the second most seats in the 2026 Swedish parliamentary election?,2026-06-05T02:06:00+00:00,2026-06-05T02:07:00+00:00,0.0167,buy_yes,sell_yes,0.4,0.4,37.6716,0,0,0.39,0.415,closed,opposite_fill
2485,Will Ulf Kristersson be the next Prime Minister of Sweden?,2026-06-04T17:27:00+00:00,2026-06-05T02:10:00+00:00,8.7167,buy_yes,sell_yes,0.22,0.21,48.5416,-0.4854,-1,0.205,0.21,closed,opposite_fill
2486,Will the Sweden Democrats (SD) win the third most seats in the 2026 Swedish parliamentary election?,2026-06-05T01:48:00+00:00,2026-06-05T02:37:00+00:00,0.8167,buy_yes,sell_yes,0.44,0.4,15.6159,-0.6246,-4,0.4,0.435,closed,opposite_fill
2487,Will the Sweden Democrats (SD) win the third most seats in the 2026 Swedish parliamentary election?,2026-06-05T02:33:00+00:00,2026-06-05T02:37:00+00:00,0.0667,buy_yes,sell_yes,0.42,0.4,30.8601,-0.6172,-2,0.385,0.435,closed,opposite_fill
2488,Will the Moderate Party (M) win the second most seats in the 2026 Swedish parliamentary election?,2026-06-05T02:07:00+00:00,2026-06-05T02:39:00+00:00,0.5333,sell_yes,buy_yes,0.4,0.4,24.2964,0,0,0.415,0.39,closed,opposite_fill
2489,Will the Sweden Democrats (SD) win the third most seats in the 2026 Swedish parliamentary election?,2026-06-05T02:33:00+00:00,2026-06-05T02:41:00+00:00,0.1333,buy_yes,sell_yes,0.42,0.39,15.6159,-0.4685,-3,0.385,0.415,closed,opposite_fill
2490,Will the Moderate Party (M) win the second most seats in the 2026 Swedish parliamentary election?,2026-06-05T02:39:00+00:00,2026-06-05T02:43:00+00:00,0.0667,buy_yes,sell_yes,0.4,0.41,37.6716,0.3767,1,0.39,0.41,closed,opposite_fill
2491,Will the Sweden Democrats (SD) win the third most seats in the 2026 Swedish parliamentary election?,2026-06-05T02:41:00+00:00,2026-06-05T02:51:00+00:00,0.1667,sell_yes,buy_yes,0.39,0.35,32.2543,1.2902,4,0.415,0.32,closed,opposite_fill
2492,Will the Sweden Democrats (SD) win the third most seats in the 2026 Swedish parliamentary election?,2026-06-05T02:45:00+00:00,2026-06-05T02:51:00+00:00,0.1,sell_yes,buy_yes,0.4,0.35,21.1931,1.0597,5,0.43,0.32,closed,opposite_fill
2493,Will the Sweden Democrats (SD) win the third most seats in the 2026 Swedish parliamentary election?,2026-06-05T02:45:00+00:00,2026-06-05T02:54:00+00:00,0.15,sell_yes,buy_yes,0.4,0.35,25.2829,1.2641,5,0.43,0.295,closed,opposite_fill
2494,Will there be no change in Fed interest rates after the September 2026 meeting?,2026-06-03T21:42:00+00:00,2026-06-05T04:13:00+00:00,30.5167,buy_yes,sell_yes,0.76,0.77,59.2827,0.5928,1,0.755,0.775,closed,opposite_fill
2495,Will the Moderate Party (M) win the second most seats in the 2026 Swedish parliamentary election?,2026-06-05T02:43:00+00:00,2026-06-05T05:11:00+00:00,2.4667,sell_yes,buy_yes,0.41,0.4,24.2964,0.243,1,0.41,0.395,closed,opposite_fill
2496,Will the Moderate Party (M) win the second most seats in the 2026 Swedish parliamentary election?,2026-06-05T05:11:00+00:00,2026-06-05T05:12:00+00:00,0.0167,buy_yes,sell_yes,0.4,0.4,37.6716,0,0,0.395,0.405,closed,opposite_fill
2497,Will the Moderate Party (M) win the second most seats in the 2026 Swedish parliamentary election?,2026-06-05T05:12:00+00:00,2026-06-05T05:25:00+00:00,0.2167,sell_yes,buy_yes,0.4,0.4,28.0145,0,0,0.405,0.395,closed,opposite_fill
2498,Will the Moderate Party (M) win the second most seats in the 2026 Swedish parliamentary election?,2026-06-05T05:25:00+00:00,2026-06-05T05:28:00+00:00,0.05,buy_yes,sell_yes,0.4,0.41,33.9535,0.3395,1,0.395,0.41,closed,opposite_fill
2499,Will the Sweden Democrats (SD) win the third most seats in the 2026 Swedish parliamentary election?,2026-06-05T02:54:00+00:00,2026-06-05T06:08:00+00:00,3.2333,buy_yes,sell_yes,0.35,0.38,21.1931,0.6358,3,0.295,0.385,closed,opposite_fill
2500,Will the Sweden Democrats (SD) win the third most seats in the 2026 Swedish parliamentary election?,2026-06-05T03:19:00+00:00,2026-06-05T06:08:00+00:00,2.8167,buy_yes,sell_yes,0.3,0.38,25.2829,2.0226,8,0.255,0.385,closed,opposite_fill
2501,Will the Sweden Democrats (SD) win the third most seats in the 2026 Swedish parliamentary election?,2026-06-05T03:19:00+00:00,2026-06-05T06:11:00+00:00,2.8667,buy_yes,sell_yes,0.3,0.37,21.1931,1.4835,7,0.255,0.385,closed,opposite_fill
2502,Will the Moderate Party (M) win the second most seats in the 2026 Swedish parliamentary election?,2026-06-05T05:28:00+00:00,2026-06-05T06:34:00+00:00,1.1,sell_yes,buy_yes,0.41,0.4,28.0145,0.2801,1,0.41,0.39,closed,opposite_fill
2503,Will the Sweden Democrats (SD) win the third most seats in the 2026 Swedish parliamentary election?,2026-06-05T06:11:00+00:00,2026-06-05T06:36:00+00:00,0.4167,sell_yes,buy_yes,0.37,0.35,25.2829,0.5057,2,0.385,0.345,closed,opposite_fill
2504,Will the Moderate Party (M) win the second most seats in the 2026 Swedish parliamentary election?,2026-06-05T06:34:00+00:00,2026-06-05T06:38:00+00:00,0.0667,buy_yes,sell_yes,0.4,0.39,33.9535,-0.3395,-1,0.39,0.41,closed,opposite_fill
2505,Will the Moderate Party (M) win the second most seats in the 2026 Swedish parliamentary election?,2026-06-05T06:38:00+00:00,2026-06-05T06:53:00+00:00,0.25,sell_yes,buy_yes,0.39,0.41,28.0145,-0.5603,-2,0.41,0.395,closed,opposite_fill
2506,Will the Moderate Party (M) win the second most seats in the 2026 Swedish parliamentary election?,2026-06-05T06:53:00+00:00,2026-06-05T06:54:00+00:00,0.0167,buy_yes,sell_yes,0.41,0.4,33.9535,-0.3395,-1,0.395,0.41,closed,opposite_fill
2507,Will the Sweden Democrats (SD) win the third most seats in the 2026 Swedish parliamentary election?,2026-06-05T06:36:00+00:00,2026-06-05T06:58:00+00:00,0.3667,buy_yes,sell_yes,0.35,0.35,22.5873,0,0,0.345,0.355,closed,opposite_fill
2508,Will the Sweden Democrats (SD) win the third most seats in the 2026 Swedish parliamentary election?,2026-06-05T06:49:00+00:00,2026-06-05T06:58:00+00:00,0.15,buy_yes,sell_yes,0.3,0.35,29.4658,1.4733,5,0.29,0.355,closed,opposite_fill
2509,Will the Sweden Democrats (SD) win the third most seats in the 2026 Swedish parliamentary election?,2026-06-05T06:49:00+00:00,2026-06-05T07:02:00+00:00,0.2167,buy_yes,sell_yes,0.3,0.37,17.0102,1.1907,7,0.29,0.395,closed,opposite_fill
2510,Will the Sweden Democrats (SD) win the third most seats in the 2026 Swedish parliamentary election?,2026-06-05T07:02:00+00:00,2026-06-05T07:11:00+00:00,0.15,sell_yes,buy_yes,0.37,0.37,29.4658,0,0,0.395,0.34,closed,opposite_fill
2511,Will the Sweden Democrats (SD) win the third most seats in the 2026 Swedish parliamentary election?,2026-06-05T07:09:00+00:00,2026-06-05T07:11:00+00:00,0.0333,sell_yes,buy_yes,0.38,0.37,17.0102,0.1701,1,0.435,0.34,closed,opposite_fill
2512,Will the Sweden Democrats (SD) win the third most seats in the 2026 Swedish parliamentary election?,2026-06-05T07:09:00+00:00,2026-06-05T07:14:00+00:00,0.0833,sell_yes,buy_yes,0.38,0.4,29.4658,-0.5893,-2,0.435,0.365,closed,opposite_fill
2513,Will the Sweden Democrats (SD) win the third most seats in the 2026 Swedish parliamentary election?,2026-06-05T07:14:00+00:00,2026-06-05T07:23:00+00:00,0.15,buy_yes,sell_yes,0.4,0.44,17.0102,0.6804,4,0.365,0.45,closed,opposite_fill
2514,Will the Moderate Party (M) win the second most seats in the 2026 Swedish parliamentary election?,2026-06-05T06:54:00+00:00,2026-06-05T07:44:00+00:00,0.8333,sell_yes,buy_yes,0.4,0.4,28.0145,0,0,0.41,0.395,closed,opposite_fill
2515,Will the Moderate Party (M) win the second most seats in the 2026 Swedish parliamentary election?,2026-06-05T07:44:00+00:00,2026-06-05T07:48:00+00:00,0.0667,buy_yes,sell_yes,0.4,0.41,33.9535,0.3395,1,0.395,0.415,closed,opposite_fill
2516,Will the Moderate Party (M) win the second most seats in the 2026 Swedish parliamentary election?,2026-06-05T07:48:00+00:00,2026-06-05T07:50:00+00:00,0.0333,sell_yes,buy_yes,0.41,0.41,28.0145,0,0,0.415,0.395,closed,opposite_fill
2517,Will the Moderate Party (M) win the second most seats in the 2026 Swedish parliamentary election?,2026-06-05T07:50:00+00:00,2026-06-05T07:55:00+00:00,0.0833,buy_yes,sell_yes,0.41,0.4,33.9535,-0.3395,-1,0.395,0.41,closed,opposite_fill
2518,Will the Sweden Democrats (SD) win the third most seats in the 2026 Swedish parliamentary election?,2026-06-05T07:23:00+00:00,2026-06-05T07:59:00+00:00,0.6,sell_yes,buy_yes,0.44,0.35,29.4658,2.6519,9,0.45,0.345,closed,opposite_fill
2519,Will the Sweden Democrats (SD) win the third most seats in the 2026 Swedish parliamentary election?,2026-06-05T07:53:00+00:00,2026-06-05T07:59:00+00:00,0.1,sell_yes,buy_yes,0.43,0.35,17.0102,1.3608,8,0.445,0.345,closed,opposite_fill
2520,Will the Sweden Democrats (SD) win the third most seats in the 2026 Swedish parliamentary election?,2026-06-05T07:53:00+00:00,2026-06-05T08:17:00+00:00,0.4,sell_yes,buy_yes,0.43,0.41,29.4658,0.5893,2,0.445,0.405,closed,opposite_fill
2521,Will the Sweden Democrats (SD) win the third most seats in the 2026 Swedish parliamentary election?,2026-06-05T08:02:00+00:00,2026-06-05T08:17:00+00:00,0.25,sell_yes,buy_yes,0.4,0.41,17.0102,-0.1701,-1,0.455,0.405,closed,opposite_fill
2522,Will the Moderate Party (M) win the second most seats in the 2026 Swedish parliamentary election?,2026-06-05T07:55:00+00:00,2026-06-05T08:25:00+00:00,0.5,sell_yes,buy_yes,0.4,0.4,28.0145,0,0,0.41,0.395,closed,opposite_fill
2523,Will the Moderate Party (M) win the second most seats in the 2026 Swedish parliamentary election?,2026-06-05T08:25:00+00:00,2026-06-05T08:26:00+00:00,0.0167,buy_yes,sell_yes,0.4,0.4,33.9535,0,0,0.395,0.405,closed,opposite_fill
2524,Will the Sweden Democrats (SD) win the third most seats in the 2026 Swedish parliamentary election?,2026-06-05T08:02:00+00:00,2026-06-05T08:38:00+00:00,0.6,sell_yes,buy_yes,0.4,0.36,32.2543,1.2902,4,0.455,0.32,closed,opposite_fill
2525,Will the Sweden Democrats (SD) win the third most seats in the 2026 Swedish parliamentary election?,2026-06-05T08:19:00+00:00,2026-06-05T08:38:00+00:00,0.3167,sell_yes,buy_yes,0.45,0.36,14.2217,1.2799,9,0.465,0.32,closed,opposite_fill
2526,Will the Sweden Democrats (SD) win the third most seats in the 2026 Swedish parliamentary election?,2026-06-05T08:19:00+00:00,2026-06-05T08:46:00+00:00,0.45,sell_yes,buy_yes,0.45,0.36,32.2543,2.9029,9,0.465,0.355,closed,opposite_fill
2527,Will the Moderate Party (M) win the second most seats in the 2026 Swedish parliamentary election?,2026-06-05T08:26:00+00:00,2026-06-05T08:46:00+00:00,0.3333,sell_yes,buy_yes,0.4,0.41,29.8735,-0.2987,-1,0.405,0.405,closed,opposite_fill
2528,Will the Moderate Party (M) win the second most seats in the 2026 Swedish parliamentary election?,2026-06-05T08:46:00+00:00,2026-06-05T08:50:00+00:00,0.0667,buy_yes,sell_yes,0.41,0.41,32.0945,0,0,0.405,0.41,closed,opposite_fill
2529,Will the Sweden Democrats (SD) win the second most seats in the 2026 Swedish parliamentary election?,2026-06-05T01:43:00+00:00,2026-06-05T08:53:00+00:00,7.1667,sell_yes,buy_yes,0.55,0.51,21.8623,0.8745,4,0.555,0.495,closed,opposite_fill
2530,Will the Sweden Democrats (SD) win the second most seats in the 2026 Swedish parliamentary election?,2026-06-05T03:30:00+00:00,2026-06-05T08:53:00+00:00,5.3833,sell_yes,buy_yes,0.55,0.51,40.1057,1.6042,4,0.555,0.495,closed,opposite_fill
2531,Clarity Act (H.R.3633) signed into law in 2026?,2026-06-01T19:11:00+00:00,2026-06-06T23:00:00+00:00,123.817,sell_yes,buy_yes,0.49,0.55,3.0984,-0.1859,-6,0.535,0.495,closed,opposite_fill
2532,Will the Moderate Party (M) win the third most seats in the 2026 Swedish parliamentary election?,2026-06-04T10:37:00+00:00,2026-06-06T23:00:00+00:00,60.3833,buy_yes,sell_yes,0.54,0.61,6.59959,0.462,7,0.525,0.64,closed,opposite_fill
2533,Will the Moderate Party (M) win the third most seats in the 2026 Swedish parliamentary election?,2026-06-05T00:38:00+00:00,2026-06-06T23:00:00+00:00,46.3667,buy_yes,sell_yes,0.57,0.61,39.8764,1.5951,4,0.535,0.64,closed,opposite_fill
2534,Will Harry Kane win the 2026 Ballon d'Or?,2026-06-05T00:03:00+00:00,2026-06-06T23:03:00+00:00,47,buy_yes,sell_yes,0.57,0.29,0.85206,-0.2386,-28,0.2675,0.3085,closed,opposite_fill
2535,Will there be no change in Fed interest rates after the September 2026 meeting?,2026-06-05T04:13:00+00:00,2026-06-06T23:07:00+00:00,42.9,sell_yes,buy_yes,0.77,0.76,43.9973,0.44,1,0.775,0.53,closed,opposite_fill
2536,Will Kimi Antonelli be the 2026 F1 Drivers' Champion?,2026-06-03T00:09:00+00:00,2026-06-06T23:07:00+00:00,94.9667,sell_yes,buy_yes,0.35,0.55,2.01396,-0.4028,-20,0.503,0.547,closed,opposite_fill
2537,Will Kimi Antonelli be the 2026 F1 Drivers' Champion?,2026-06-06T23:00:00+00:00,2026-06-06T23:07:00+00:00,0.1167,sell_yes,buy_yes,0.51,0.55,49.626,-1.985,-4,0.5535,0.547,closed,opposite_fill
2538,Will the Moderate Party (M) win the second most seats in the 2026 Swedish parliamentary election?,2026-06-05T08:50:00+00:00,2026-06-06T23:08:00+00:00,38.3,sell_yes,buy_yes,0.41,0.4,29.8735,0.2987,1,0.41,0.395,closed,opposite_fill
2539,Will the Moderate Party (M) win the second most seats in the 2026 Swedish parliamentary election?,2026-06-06T23:08:00+00:00,2026-06-06T23:12:00+00:00,0.0667,buy_yes,sell_yes,0.4,0.4,37.6716,0,0,0.395,0.405,closed,opposite_fill
2540,Will the Moderate Party (M) win the second most seats in the 2026 Swedish parliamentary election?,2026-06-06T23:12:00+00:00,2026-06-06T23:13:00+00:00,0.0167,sell_yes,buy_yes,0.4,0.4,24.2964,0,0,0.405,0.38,closed,opposite_fill
2541,Will the Moderate Party (M) win the second most seats in the 2026 Swedish parliamentary election?,2026-06-06T23:13:00+00:00,2026-06-06T23:15:00+00:00,0.0333,buy_yes,sell_yes,0.4,0.4,37.6716,0,0,0.38,0.405,closed,opposite_fill
2542,Will the Moderate Party (M) win the second most seats in the 2026 Swedish parliamentary election?,2026-06-06T23:15:00+00:00,2026-06-06T23:16:00+00:00,0.0167,sell_yes,buy_yes,0.4,0.4,24.2964,0,0,0.405,0.38,closed,opposite_fill
2543,Will the Moderate Party (M) win the second most seats in the 2026 Swedish parliamentary election?,2026-06-06T23:16:00+00:00,2026-06-06T23:19:00+00:00,0.05,buy_yes,sell_yes,0.4,0.39,37.6716,-0.3767,-1,0.38,0.41,closed,opposite_fill
2544,Will Harry Kane win the 2026 Ballon d'Or?,2026-06-06T23:03:00+00:00,2026-06-06T23:20:00+00:00,0.2833,sell_yes,buy_yes,0.29,0.3,24.9679,-0.2497,-1,0.3085,0.2715,closed,opposite_fill
2545,Will the Moderate Party (M) win the second most seats in the 2026 Swedish parliamentary election?,2026-06-06T23:19:00+00:00,2026-06-06T23:21:00+00:00,0.0333,sell_yes,buy_yes,0.39,0.4,24.2964,-0.243,-1,0.41,0.395,closed,opposite_fill
2546,Will the Moderate Party (M) win the second most seats in the 2026 Swedish parliamentary election?,2026-06-06T23:21:00+00:00,2026-06-06T23:26:00+00:00,0.0833,buy_yes,sell_yes,0.4,0.4,37.6716,0,0,0.395,0.405,closed,opposite_fill
2547,Will the Moderate Party (M) win the second most seats in the 2026 Swedish parliamentary election?,2026-06-06T23:26:00+00:00,2026-06-06T23:29:00+00:00,0.05,sell_yes,buy_yes,0.4,0.4,24.2964,0,0,0.405,0.39,closed,opposite_fill
2548,Will the Moderate Party (M) win the second most seats in the 2026 Swedish parliamentary election?,2026-06-06T23:29:00+00:00,2026-06-06T23:33:00+00:00,0.0667,buy_yes,sell_yes,0.4,0.4,37.6716,0,0,0.39,0.405,closed,opposite_fill
2549,Will the Moderate Party (M) win the second most seats in the 2026 Swedish parliamentary election?,2026-06-06T23:33:00+00:00,2026-06-06T23:36:00+00:00,0.05,sell_yes,buy_yes,0.4,0.4,24.2964,0,0,0.405,0.39,closed,opposite_fill
2550,Will the Sweden Democrats (SD) win the third most seats in the 2026 Swedish parliamentary election?,2026-06-05T08:46:00+00:00,2026-06-06T23:38:00+00:00,38.8667,buy_yes,sell_yes,0.36,0.25,14.2217,-1.5644,-11,0.355,0.305,closed,opposite_fill
2551,Will the Moderate Party (M) win the second most seats in the 2026 Swedish parliamentary election?,2026-06-06T23:36:00+00:00,2026-06-06T23:40:00+00:00,0.0667,buy_yes,sell_yes,0.4,0.4,37.6716,0,0,0.39,0.41,closed,opposite_fill
2552,Will the Moderate Party (M) win the second most seats in the 2026 Swedish parliamentary election?,2026-06-06T23:40:00+00:00,2026-06-06T23:45:00+00:00,0.0833,sell_yes,buy_yes,0.4,0.4,24.2964,0,0,0.41,0.385,closed,opposite_fill
2553,Will the Moderate Party (M) win the second most seats in the 2026 Swedish parliamentary election?,2026-06-06T23:45:00+00:00,2026-06-06T23:46:00+00:00,0.0167,buy_yes,sell_yes,0.4,0.39,37.6716,-0.3767,-1,0.385,0.405,closed,opposite_fill
2554,Will the Moderate Party (M) win the second most seats in the 2026 Swedish parliamentary election?,2026-06-06T23:46:00+00:00,2026-06-06T23:53:00+00:00,0.1167,sell_yes,buy_yes,0.39,0.4,24.2964,-0.243,-1,0.405,0.39,closed,opposite_fill
2555,Will the Moderate Party (M) win the second most seats in the 2026 Swedish parliamentary election?,2026-06-06T23:53:00+00:00,2026-06-06T23:58:00+00:00,0.0833,buy_yes,sell_yes,0.4,0.39,37.6716,-0.3767,-1,0.39,0.395,closed,opposite_fill
2556,Will the Moderate Party (M) win the second most seats in the 2026 Swedish parliamentary election?,2026-06-06T23:58:00+00:00,2026-06-07T00:01:00+00:00,0.05,sell_yes,buy_yes,0.39,0.41,26.1555,-0.5231,-2,0.395,0.405,closed,opposite_fill
2557,Clarity Act (H.R.3633) signed into law in 2026?,2026-06-06T23:00:00+00:00,2026-06-07T00:05:00+00:00,1.0833,buy_yes,sell_yes,0.55,0.5,48.5416,-2.4271,-5,0.495,0.505,closed,opposite_fill
2558,Will the Moderate Party (M) win the second most seats in the 2026 Swedish parliamentary election?,2026-06-07T00:01:00+00:00,2026-06-07T00:06:00+00:00,0.0833,buy_yes,sell_yes,0.41,0.39,39.5306,-0.7906,-2,0.405,0.395,closed,opposite_fill
2559,Will the Moderate Party (M) win the second most seats in the 2026 Swedish parliamentary election?,2026-06-07T00:06:00+00:00,2026-06-07T00:08:00+00:00,0.0333,sell_yes,buy_yes,0.39,0.4,22.4374,-0.2244,-1,0.395,0.395,closed,opposite_fill
2560,Will the Moderate Party (M) win the second most seats in the 2026 Swedish parliamentary election?,2026-06-07T00:08:00+00:00,2026-06-07T00:09:00+00:00,0.0167,buy_yes,sell_yes,0.4,0.4,39.5306,0,0,0.395,0.405,closed,opposite_fill
2561,Will the Moderate Party (M) win the second most seats in the 2026 Swedish parliamentary election?,2026-06-07T00:09:00+00:00,2026-06-07T00:10:00+00:00,0.0167,sell_yes,buy_yes,0.4,0.4,22.4374,0,0,0.405,0.395,closed,opposite_fill
2562,Will the Moderate Party (M) win the second most seats in the 2026 Swedish parliamentary election?,2026-06-07T00:10:00+00:00,2026-06-07T00:13:00+00:00,0.05,buy_yes,sell_yes,0.4,0.4,39.5306,0,0,0.395,0.41,closed,opposite_fill
2563,Will there be no change in Fed interest rates after the September 2026 meeting?,2026-06-06T23:07:00+00:00,2026-06-07T00:15:00+00:00,1.1333,buy_yes,sell_yes,0.76,0.54,59.2827,-13.0422,-22,0.53,0.755,closed,opposite_fill
2564,Will the Moderate Party (M) win the second most seats in the 2026 Swedish parliamentary election?,2026-06-07T00:13:00+00:00,2026-06-07T00:15:00+00:00,0.0333,sell_yes,buy_yes,0.4,0.4,22.4374,0,0,0.41,0.395,closed,opposite_fill
2565,Will the Moderate Party (M) win the second most seats in the 2026 Swedish parliamentary election?,2026-06-07T00:15:00+00:00,2026-06-07T00:22:00+00:00,0.1167,buy_yes,sell_yes,0.4,0.41,41.3897,0.4139,1,0.395,0.41,closed,opposite_fill
2566,Will the Moderate Party (M) win the second most seats in the 2026 Swedish parliamentary election?,2026-06-07T00:22:00+00:00,2026-06-07T00:28:00+00:00,0.1,sell_yes,buy_yes,0.41,0.38,20.5783,0.6174,3,0.41,0.375,closed,opposite_fill
2567,Will the Moderate Party (M) win the second most seats in the 2026 Swedish parliamentary election?,2026-06-07T00:28:00+00:00,2026-06-07T00:29:00+00:00,0.0167,buy_yes,sell_yes,0.38,0.38,41.3897,0,0,0.375,0.405,closed,opposite_fill
2568,Will the Moderate Party (M) win the second most seats in the 2026 Swedish parliamentary election?,2026-06-07T00:29:00+00:00,2026-06-07T00:31:00+00:00,0.0333,sell_yes,buy_yes,0.38,0.41,20.5783,-0.6174,-3,0.405,0.405,closed,opposite_fill
2569,Will the Moderate Party (M) win the second most seats in the 2026 Swedish parliamentary election?,2026-06-07T00:31:00+00:00,2026-06-07T00:36:00+00:00,0.0833,buy_yes,sell_yes,0.41,0.4,41.3897,-0.4139,-1,0.405,0.405,closed,opposite_fill
2570,Will the Moderate Party (M) win the second most seats in the 2026 Swedish parliamentary election?,2026-06-07T00:36:00+00:00,2026-06-07T00:39:00+00:00,0.05,sell_yes,buy_yes,0.4,0.4,20.5783,0,0,0.405,0.395,closed,opposite_fill
2571,Will the Moderate Party (M) win the second most seats in the 2026 Swedish parliamentary election?,2026-06-07T00:39:00+00:00,2026-06-07T00:41:00+00:00,0.0333,buy_yes,sell_yes,0.4,0.39,41.3897,-0.4139,-1,0.395,0.395,closed,opposite_fill
2572,Will the Moderate Party (M) win the second most seats in the 2026 Swedish parliamentary election?,2026-06-07T00:41:00+00:00,2026-06-07T00:47:00+00:00,0.1,sell_yes,buy_yes,0.39,0.39,22.4374,0,0,0.395,0.38,closed,opposite_fill
2573,Will the Moderate Party (M) win the second most seats in the 2026 Swedish parliamentary election?,2026-06-07T00:47:00+00:00,2026-06-07T00:48:00+00:00,0.0167,buy_yes,sell_yes,0.39,0.39,39.5306,0,0,0.38,0.395,closed,opposite_fill
2574,Will the Moderate Party (M) win the second most seats in the 2026 Swedish parliamentary election?,2026-06-07T00:48:00+00:00,2026-06-07T00:59:00+00:00,0.1833,sell_yes,buy_yes,0.39,0.4,24.2964,-0.243,-1,0.395,0.39,closed,opposite_fill
2575,Will the Moderate Party (M) win the second most seats in the 2026 Swedish parliamentary election?,2026-06-07T00:59:00+00:00,2026-06-07T01:02:00+00:00,0.05,buy_yes,sell_yes,0.4,0.4,37.6716,0,0,0.39,0.41,closed,opposite_fill
2576,Will the Moderate Party (M) win the second most seats in the 2026 Swedish parliamentary election?,2026-06-07T01:02:00+00:00,2026-06-07T01:12:00+00:00,0.1667,sell_yes,buy_yes,0.4,0.4,24.2964,0,0,0.41,0.395,closed,opposite_fill
2577,Will the Moderate Party (M) win the second most seats in the 2026 Swedish parliamentary election?,2026-06-07T01:12:00+00:00,2026-06-07T01:15:00+00:00,0.05,buy_yes,sell_yes,0.4,0.4,37.6716,0,0,0.395,0.41,closed,opposite_fill
2578,Will the Moderate Party (M) win the second most seats in the 2026 Swedish parliamentary election?,2026-06-07T01:15:00+00:00,2026-06-07T01:17:00+00:00,0.0333,sell_yes,buy_yes,0.4,0.4,24.2964,0,0,0.41,0.395,closed,opposite_fill
2579,Will the Moderate Party (M) win the second most seats in the 2026 Swedish parliamentary election?,2026-06-07T01:17:00+00:00,2026-06-07T01:19:00+00:00,0.0333,buy_yes,sell_yes,0.4,0.37,37.6716,-1.1301,-3,0.395,0.405,closed,opposite_fill
2580,Will the Moderate Party (M) win the second most seats in the 2026 Swedish parliamentary election?,2026-06-07T01:19:00+00:00,2026-06-07T01:23:00+00:00,0.0667,sell_yes,buy_yes,0.37,0.4,24.2964,-0.7289,-3,0.405,0.395,closed,opposite_fill
2581,Will the Moderate Party (M) win the second most seats in the 2026 Swedish parliamentary election?,2026-06-07T01:23:00+00:00,2026-06-07T01:24:00+00:00,0.0167,buy_yes,sell_yes,0.4,0.4,39.5306,0,0,0.395,0.405,closed,opposite_fill
2582,Will the Moderate Party (M) win the second most seats in the 2026 Swedish parliamentary election?,2026-06-07T01:24:00+00:00,2026-06-07T01:33:00+00:00,0.15,sell_yes,buy_yes,0.4,0.4,22.4374,0,0,0.405,0.365,closed,opposite_fill
2583,Will the Moderate Party (M) win the second most seats in the 2026 Swedish parliamentary election?,2026-06-07T01:33:00+00:00,2026-06-07T01:37:00+00:00,0.0667,buy_yes,sell_yes,0.4,0.38,39.5306,-0.7906,-2,0.365,0.405,closed,opposite_fill
2584,Will the Moderate Party (M) win the second most seats in the 2026 Swedish parliamentary election?,2026-06-07T01:37:00+00:00,2026-06-07T01:40:00+00:00,0.05,sell_yes,buy_yes,0.38,0.4,22.4374,-0.4487,-2,0.405,0.39,closed,opposite_fill
2585,Will the Moderate Party (M) win the second most seats in the 2026 Swedish parliamentary election?,2026-06-07T01:40:00+00:00,2026-06-07T01:42:00+00:00,0.0333,buy_yes,sell_yes,0.4,0.39,39.5306,-0.3953,-1,0.39,0.4,closed,opposite_fill
2586,Will the Moderate Party (M) win the second most seats in the 2026 Swedish parliamentary election?,2026-06-07T01:42:00+00:00,2026-06-07T01:54:00+00:00,0.2,sell_yes,buy_yes,0.39,0.4,24.2964,-0.243,-1,0.4,0.375,closed,opposite_fill
2587,Will the Moderate Party (M) win the second most seats in the 2026 Swedish parliamentary election?,2026-06-07T01:54:00+00:00,2026-06-07T01:57:00+00:00,0.05,buy_yes,sell_yes,0.4,0.39,37.6716,-0.3767,-1,0.375,0.41,closed,opposite_fill
2588,Will the Moderate Party (M) win the second most seats in the 2026 Swedish parliamentary election?,2026-06-07T01:57:00+00:00,2026-06-07T01:59:00+00:00,0.0333,sell_yes,buy_yes,0.39,0.4,24.2964,-0.243,-1,0.41,0.395,closed,opposite_fill
2589,Will the Moderate Party (M) win the second most seats in the 2026 Swedish parliamentary election?,2026-06-07T01:59:00+00:00,2026-06-07T02:00:00+00:00,0.0167,buy_yes,sell_yes,0.4,0.4,37.6716,0,0,0.395,0.405,closed,opposite_fill
2590,Will the Moderate Party (M) win the second most seats in the 2026 Swedish parliamentary election?,2026-06-07T02:00:00+00:00,2026-06-07T02:01:00+00:00,0.0167,sell_yes,buy_yes,0.4,0.4,24.2964,0,0,0.405,0.39,closed,opposite_fill
2591,Will the Moderate Party (M) win the second most seats in the 2026 Swedish parliamentary election?,2026-06-07T02:01:00+00:00,2026-06-07T02:02:00+00:00,0.0167,buy_yes,sell_yes,0.4,0.4,37.6716,0,0,0.39,0.405,closed,opposite_fill
2592,Will the Moderate Party (M) win the second most seats in the 2026 Swedish parliamentary election?,2026-06-07T02:02:00+00:00,2026-06-07T02:08:00+00:00,0.1,sell_yes,buy_yes,0.4,0.4,24.2964,0,0,0.405,0.395,closed,opposite_fill
2593,Will the Moderate Party (M) win the second most seats in the 2026 Swedish parliamentary election?,2026-06-07T02:08:00+00:00,2026-06-07T02:10:00+00:00,0.0333,buy_yes,sell_yes,0.4,0.39,37.6716,-0.3767,-1,0.395,0.405,closed,opposite_fill
2594,Will the Moderate Party (M) win the second most seats in the 2026 Swedish parliamentary election?,2026-06-07T02:10:00+00:00,2026-06-07T02:15:00+00:00,0.0833,sell_yes,buy_yes,0.39,0.4,24.2964,-0.243,-1,0.405,0.395,closed,opposite_fill
2595,Will the Moderate Party (M) win the second most seats in the 2026 Swedish parliamentary election?,2026-06-07T02:15:00+00:00,2026-06-07T02:17:00+00:00,0.0333,buy_yes,sell_yes,0.4,0.4,37.6716,0,0,0.395,0.405,closed,opposite_fill
2596,Will the Sweden Democrats (SD) win the third most seats in the 2026 Swedish parliamentary election?,2026-06-06T23:38:00+00:00,2026-06-07T02:18:00+00:00,2.6667,sell_yes,buy_yes,0.25,0.24,32.2543,0.3225,1,0.305,0.235,closed,opposite_fill
2597,Will the Moderate Party (M) win the second most seats in the 2026 Swedish parliamentary election?,2026-06-07T02:17:00+00:00,2026-06-07T02:20:00+00:00,0.05,sell_yes,buy_yes,0.4,0.42,24.2964,-0.4859,-2,0.405,0.415,closed,opposite_fill
2598,Will the Sweden Democrats (SD) win the third most seats in the 2026 Swedish parliamentary election?,2026-06-07T02:18:00+00:00,2026-06-07T02:24:00+00:00,0.1,buy_yes,sell_yes,0.24,0.24,14.2217,0,0,0.235,0.465,closed,opposite_fill
2599,Will the Moderate Party (M) win the second most seats in the 2026 Swedish parliamentary election?,2026-06-07T02:20:00+00:00,2026-06-07T02:26:00+00:00,0.1,buy_yes,sell_yes,0.42,0.41,43.2487,-0.4325,-1,0.415,0.41,closed,opposite_fill
2600,Will the Moderate Party (M) win the second most seats in the 2026 Swedish parliamentary election?,2026-06-07T02:26:00+00:00,2026-06-07T02:37:00+00:00,0.1833,sell_yes,buy_yes,0.41,0.4,18.7193,0.1872,1,0.41,0.395,closed,opposite_fill
2601,Will the Moderate Party (M) win the second most seats in the 2026 Swedish parliamentary election?,2026-06-07T02:37:00+00:00,2026-06-07T02:40:00+00:00,0.05,buy_yes,sell_yes,0.4,0.38,43.2487,-0.865,-2,0.395,0.405,closed,opposite_fill
2602,Will the Moderate Party (M) win the second most seats in the 2026 Swedish parliamentary election?,2026-06-07T02:40:00+00:00,2026-06-07T02:44:00+00:00,0.0667,sell_yes,buy_yes,0.38,0.4,18.7193,-0.3744,-2,0.405,0.375,closed,opposite_fill
2603,Will the Sweden Democrats (SD) win the third most seats in the 2026 Swedish parliamentary election?,2026-06-07T02:24:00+00:00,2026-06-07T02:46:00+00:00,0.3667,sell_yes,buy_yes,0.24,0.24,32.2543,0,0,0.465,0.225,closed,opposite_fill
2604,Will the Moderate Party (M) win the second most seats in the 2026 Swedish parliamentary election?,2026-06-07T02:44:00+00:00,2026-06-07T02:48:00+00:00,0.0667,buy_yes,sell_yes,0.4,0.38,43.2487,-0.865,-2,0.375,0.405,closed,opposite_fill
2605,Will the Moderate Party (M) win the second most seats in the 2026 Swedish parliamentary election?,2026-06-07T02:48:00+00:00,2026-06-07T02:50:00+00:00,0.0333,sell_yes,buy_yes,0.38,0.4,18.7193,-0.3744,-2,0.405,0.39,closed,opposite_fill
2606,Will the Moderate Party (M) win the second most seats in the 2026 Swedish parliamentary election?,2026-06-07T02:50:00+00:00,2026-06-07T02:51:00+00:00,0.0167,buy_yes,sell_yes,0.4,0.4,43.2487,0,0,0.39,0.405,closed,opposite_fill
2607,Will the Moderate Party (M) win the second most seats in the 2026 Swedish parliamentary election?,2026-06-07T02:51:00+00:00,2026-06-07T02:52:00+00:00,0.0167,sell_yes,buy_yes,0.4,0.4,18.7193,0,0,0.405,0.385,closed,opposite_fill
2608,Will the Sweden Democrats (SD) win the third most seats in the 2026 Swedish parliamentary election?,2026-06-07T02:46:00+00:00,2026-06-07T02:55:00+00:00,0.15,buy_yes,sell_yes,0.24,0.23,15.6159,-0.1562,-1,0.225,0.42,closed,opposite_fill
2609,Will the Moderate Party (M) win the second most seats in the 2026 Swedish parliamentary election?,2026-06-07T02:52:00+00:00,2026-06-07T02:55:00+00:00,0.05,buy_yes,sell_yes,0.4,0.39,43.2487,-0.4325,-1,0.385,0.405,closed,opposite_fill
2610,Will the Moderate Party (M) win the second most seats in the 2026 Swedish parliamentary election?,2026-06-07T02:55:00+00:00,2026-06-07T02:58:00+00:00,0.05,sell_yes,buy_yes,0.39,0.4,18.7193,-0.1872,-1,0.405,0.38,closed,opposite_fill
2611,Will the Moderate Party (M) win the second most seats in the 2026 Swedish parliamentary election?,2026-06-07T02:58:00+00:00,2026-06-07T02:59:00+00:00,0.0167,buy_yes,sell_yes,0.4,0.39,43.2487,-0.4325,-1,0.38,0.395,closed,opposite_fill
2612,Will the Moderate Party (M) win the second most seats in the 2026 Swedish parliamentary election?,2026-06-07T02:59:00+00:00,2026-06-07T03:04:00+00:00,0.0833,sell_yes,buy_yes,0.39,0.41,22.4374,-0.4487,-2,0.395,0.405,closed,opposite_fill
2613,Will the Moderate Party (M) win the second most seats in the 2026 Swedish parliamentary election?,2026-06-07T03:04:00+00:00,2026-06-07T03:09:00+00:00,0.0833,buy_yes,sell_yes,0.41,0.4,39.5306,-0.3953,-1,0.405,0.405,closed,opposite_fill
2614,Will the Moderate Party (M) win the second most seats in the 2026 Swedish parliamentary election?,2026-06-07T03:09:00+00:00,2026-06-07T03:13:00+00:00,0.0667,sell_yes,buy_yes,0.4,0.4,22.4374,0,0,0.405,0.385,closed,opposite_fill
2615,Will the Moderate Party (M) win the second most seats in the 2026 Swedish parliamentary election?,2026-06-07T03:13:00+00:00,2026-06-07T03:14:00+00:00,0.0167,buy_yes,sell_yes,0.4,0.39,39.5306,-0.3953,-1,0.385,0.395,closed,opposite_fill
2616,Will the Moderate Party (M) win the second most seats in the 2026 Swedish parliamentary election?,2026-06-07T03:14:00+00:00,2026-06-07T03:19:00+00:00,0.0833,sell_yes,buy_yes,0.39,0.4,22.4374,-0.2244,-1,0.395,0.38,closed,opposite_fill
2617,Will the Moderate Party (M) win the second most seats in the 2026 Swedish parliamentary election?,2026-06-07T03:19:00+00:00,2026-06-07T03:23:00+00:00,0.0667,buy_yes,sell_yes,0.4,0.38,39.5306,-0.7906,-2,0.38,0.405,closed,opposite_fill
2618,Will the Moderate Party (M) win the second most seats in the 2026 Swedish parliamentary election?,2026-06-07T03:23:00+00:00,2026-06-07T03:26:00+00:00,0.05,sell_yes,buy_yes,0.38,0.4,22.4374,-0.4487,-2,0.405,0.395,closed,opposite_fill
2619,Will the Moderate Party (M) win the second most seats in the 2026 Swedish parliamentary election?,2026-06-07T03:26:00+00:00,2026-06-07T03:30:00+00:00,0.0667,buy_yes,sell_yes,0.4,0.4,39.5306,0,0,0.395,0.405,closed,opposite_fill
2620,Will the Moderate Party (M) win the second most seats in the 2026 Swedish parliamentary election?,2026-06-07T03:30:00+00:00,2026-06-07T03:31:00+00:00,0.0167,sell_yes,buy_yes,0.4,0.4,22.4374,0,0,0.405,0.395,closed,opposite_fill
2621,Will the Moderate Party (M) win the second most seats in the 2026 Swedish parliamentary election?,2026-06-07T03:31:00+00:00,2026-06-07T03:32:00+00:00,0.0167,buy_yes,sell_yes,0.4,0.4,39.5306,0,0,0.395,0.405,closed,opposite_fill
2622,Will the Moderate Party (M) win the second most seats in the 2026 Swedish parliamentary election?,2026-06-07T03:32:00+00:00,2026-06-07T03:33:00+00:00,0.0167,sell_yes,buy_yes,0.4,0.4,22.4374,0,0,0.405,0.395,closed,opposite_fill
2623,Will the Moderate Party (M) win the second most seats in the 2026 Swedish parliamentary election?,2026-06-07T03:33:00+00:00,2026-06-07T03:36:00+00:00,0.05,buy_yes,sell_yes,0.4,0.39,39.5306,-0.3953,-1,0.395,0.4,closed,opposite_fill
2624,Will the Sweden Democrats (SD) win the second most seats in the 2026 Swedish parliamentary election?,2026-06-05T03:30:00+00:00,2026-06-07T03:40:00+00:00,48.1667,sell_yes,buy_yes,0.55,0.55,21.8623,0,0,0.555,0.54,closed,opposite_fill
2625,Will the Sweden Democrats (SD) win the second most seats in the 2026 Swedish parliamentary election?,2026-06-05T08:56:00+00:00,2026-06-07T03:40:00+00:00,42.7333,sell_yes,buy_yes,0.53,0.55,40.1057,-0.8021,-2,0.55,0.54,closed,opposite_fill
2626,Will the Moderate Party (M) win the second most seats in the 2026 Swedish parliamentary election?,2026-06-07T03:36:00+00:00,2026-06-07T03:41:00+00:00,0.0833,sell_yes,buy_yes,0.39,0.39,22.4374,0,0,0.4,0.38,closed,opposite_fill
2627,Will the Moderate Party (M) win the second most seats in the 2026 Swedish parliamentary election?,2026-06-07T03:41:00+00:00,2026-06-07T03:42:00+00:00,0.0167,buy_yes,sell_yes,0.39,0.39,39.5306,0,0,0.38,0.395,closed,opposite_fill
2628,Will the Moderate Party (M) win the second most seats in the 2026 Swedish parliamentary election?,2026-06-07T03:42:00+00:00,2026-06-07T03:45:00+00:00,0.05,sell_yes,buy_yes,0.39,0.4,22.4374,-0.2244,-1,0.395,0.395,closed,opposite_fill
2629,Will the Moderate Party (M) win the second most seats in the 2026 Swedish parliamentary election?,2026-06-07T03:45:00+00:00,2026-06-07T03:46:00+00:00,0.0167,buy_yes,sell_yes,0.4,0.4,39.5306,0,0,0.395,0.405,closed,opposite_fill
2630,Will the Moderate Party (M) win the second most seats in the 2026 Swedish parliamentary election?,2026-06-07T03:46:00+00:00,2026-06-07T03:47:00+00:00,0.0167,sell_yes,buy_yes,0.4,0.4,22.4374,0,0,0.405,0.395,closed,opposite_fill
2631,Will the Moderate Party (M) win the second most seats in the 2026 Swedish parliamentary election?,2026-06-07T03:47:00+00:00,2026-06-07T03:53:00+00:00,0.1,buy_yes,sell_yes,0.4,0.41,39.5306,0.3953,1,0.395,0.41,closed,opposite_fill
2632,Will the Sweden Democrats (SD) win the second most seats in the 2026 Swedish parliamentary election?,2026-06-05T08:56:00+00:00,2026-06-07T03:55:00+00:00,42.9833,sell_yes,buy_yes,0.53,0.55,21.8623,-0.4372,-2,0.55,0.54,closed,opposite_fill
2633,Will the Moderate Party (M) win the second most seats in the 2026 Swedish parliamentary election?,2026-06-07T03:53:00+00:00,2026-06-07T03:55:00+00:00,0.0333,sell_yes,buy_yes,0.41,0.4,22.4374,0.2244,1,0.41,0.395,closed,opposite_fill
2634,Will the Sweden Democrats (SD) win the second most seats in the 2026 Swedish parliamentary election?,2026-06-07T03:55:00+00:00,2026-06-07T03:58:00+00:00,0.05,buy_yes,sell_yes,0.55,0.55,40.1057,0,0,0.54,0.555,closed,opposite_fill
2635,Will the Moderate Party (M) win the second most seats in the 2026 Swedish parliamentary election?,2026-06-07T03:55:00+00:00,2026-06-07T03:59:00+00:00,0.0667,buy_yes,sell_yes,0.4,0.4,39.5306,0,0,0.395,0.405,closed,opposite_fill
2636,Will the Sweden Democrats (SD) win the second most seats in the 2026 Swedish parliamentary election?,2026-06-07T03:58:00+00:00,2026-06-07T04:01:00+00:00,0.05,sell_yes,buy_yes,0.55,0.55,21.8623,0,0,0.555,0.54,closed,opposite_fill
2637,Will the Moderate Party (M) win the second most seats in the 2026 Swedish parliamentary election?,2026-06-07T03:59:00+00:00,2026-06-07T04:01:00+00:00,0.0333,sell_yes,buy_yes,0.4,0.4,22.4374,0,0,0.405,0.395,closed,opposite_fill
2638,Will the Moderate Party (M) win the second most seats in the 2026 Swedish parliamentary election?,2026-06-07T04:01:00+00:00,2026-06-07T04:04:00+00:00,0.05,buy_yes,sell_yes,0.4,0.39,39.5306,-0.3953,-1,0.395,0.395,closed,opposite_fill
2639,Will the Sweden Democrats (SD) win the second most seats in the 2026 Swedish parliamentary election?,2026-06-07T04:01:00+00:00,2026-06-07T04:06:00+00:00,0.0833,buy_yes,sell_yes,0.55,0.55,40.1057,0,0,0.54,0.555,closed,opposite_fill
2640,Will the Moderate Party (M) win the second most seats in the 2026 Swedish parliamentary election?,2026-06-07T04:04:00+00:00,2026-06-07T04:06:00+00:00,0.0333,sell_yes,buy_yes,0.39,0.4,28.0145,-0.2801,-1,0.395,0.395,closed,opposite_fill
2641,Will the Moderate Party (M) win the second most seats in the 2026 Swedish parliamentary election?,2026-06-07T04:06:00+00:00,2026-06-07T04:08:00+00:00,0.0333,buy_yes,sell_yes,0.4,0.41,33.9535,0.3395,1,0.395,0.41,closed,opposite_fill
2642,Will the Sweden Democrats (SD) win the second most seats in the 2026 Swedish parliamentary election?,2026-06-07T04:06:00+00:00,2026-06-07T04:09:00+00:00,0.05,sell_yes,buy_yes,0.55,0.55,21.8623,0,0,0.555,0.54,closed,opposite_fill
2643,Will the Sweden Democrats (SD) win the second most seats in the 2026 Swedish parliamentary election?,2026-06-07T04:09:00+00:00,2026-06-07T04:12:00+00:00,0.05,buy_yes,sell_yes,0.55,0.53,40.1057,-0.8021,-2,0.54,0.54,closed,opposite_fill
2644,Will the Moderate Party (M) win the second most seats in the 2026 Swedish parliamentary election?,2026-06-07T04:08:00+00:00,2026-06-07T04:20:00+00:00,0.2,sell_yes,buy_yes,0.41,0.4,29.8735,0.2987,1,0.41,0.395,closed,opposite_fill
2645,Will the Sweden Democrats (SD) win the second most seats in the 2026 Swedish parliamentary election?,2026-06-07T04:12:00+00:00,2026-06-07T04:24:00+00:00,0.2,sell_yes,buy_yes,0.53,0.55,21.8623,-0.4372,-2,0.54,0.54,closed,opposite_fill
2646,Will the Sweden Democrats (SD) win the second most seats in the 2026 Swedish parliamentary election?,2026-06-07T04:24:00+00:00,2026-06-07T04:28:00+00:00,0.0667,buy_yes,sell_yes,0.55,0.55,40.1057,0,0,0.54,0.555,closed,opposite_fill
2647,Will the Moderate Party (M) win the second most seats in the 2026 Swedish parliamentary election?,2026-06-07T04:20:00+00:00,2026-06-07T04:28:00+00:00,0.1333,buy_yes,sell_yes,0.4,0.4,32.0945,0,0,0.395,0.405,closed,opposite_fill
2648,Will the Sweden Democrats (SD) win the second most seats in the 2026 Swedish parliamentary election?,2026-06-07T04:28:00+00:00,2026-06-07T04:31:00+00:00,0.05,sell_yes,buy_yes,0.55,0.55,21.8623,0,0,0.555,0.52,closed,opposite_fill
2649,Will the Moderate Party (M) win the second most seats in the 2026 Swedish parliamentary election?,2026-06-07T04:28:00+00:00,2026-06-07T04:31:00+00:00,0.05,sell_yes,buy_yes,0.4,0.4,29.8735,0,0,0.405,0.39,closed,opposite_fill
2650,Will the Sweden Democrats (SD) win the second most seats in the 2026 Swedish parliamentary election?,2026-06-07T04:31:00+00:00,2026-06-07T04:32:00+00:00,0.0167,buy_yes,sell_yes,0.55,0.53,40.1057,-0.8021,-2,0.52,0.55,closed,opposite_fill
2651,Will the Moderate Party (M) win the second most seats in the 2026 Swedish parliamentary election?,2026-06-07T04:31:00+00:00,2026-06-07T04:34:00+00:00,0.05,buy_yes,sell_yes,0.4,0.4,32.0945,0,0,0.39,0.405,closed,opposite_fill
2652,Will the Moderate Party (M) win the second most seats in the 2026 Swedish parliamentary election?,2026-06-07T04:34:00+00:00,2026-06-07T04:44:00+00:00,0.1667,sell_yes,buy_yes,0.4,0.4,29.8735,0,0,0.405,0.375,closed,opposite_fill
2653,Will the Moderate Party (M) win the second most seats in the 2026 Swedish parliamentary election?,2026-06-07T04:44:00+00:00,2026-06-07T04:45:00+00:00,0.0167,buy_yes,sell_yes,0.4,0.38,32.0945,-0.6419,-2,0.375,0.405,closed,opposite_fill
2654,Will the Moderate Party (M) win the second most seats in the 2026 Swedish parliamentary election?,2026-06-07T04:45:00+00:00,2026-06-07T04:54:00+00:00,0.15,sell_yes,buy_yes,0.38,0.4,29.8735,-0.5975,-2,0.405,0.39,closed,opposite_fill
2655,Will the Moderate Party (M) win the second most seats in the 2026 Swedish parliamentary election?,2026-06-07T04:54:00+00:00,2026-06-07T04:56:00+00:00,0.0333,buy_yes,sell_yes,0.4,0.4,32.0945,0,0,0.39,0.405,closed,opposite_fill
2656,Will the Moderate Party (M) win the second most seats in the 2026 Swedish parliamentary election?,2026-06-07T04:56:00+00:00,2026-06-07T04:59:00+00:00,0.05,sell_yes,buy_yes,0.4,0.4,29.8735,0,0,0.405,0.39,closed,opposite_fill
2657,Will the Moderate Party (M) win the second most seats in the 2026 Swedish parliamentary election?,2026-06-07T04:59:00+00:00,2026-06-07T05:02:00+00:00,0.05,buy_yes,sell_yes,0.4,0.4,32.0945,0,0,0.39,0.405,closed,opposite_fill
2658,Will the Moderate Party (M) win the second most seats in the 2026 Swedish parliamentary election?,2026-06-07T05:02:00+00:00,2026-06-07T05:05:00+00:00,0.05,sell_yes,buy_yes,0.4,0.4,29.8735,0,0,0.405,0.38,closed,opposite_fill
2659,Will the Moderate Party (M) win the second most seats in the 2026 Swedish parliamentary election?,2026-06-07T05:05:00+00:00,2026-06-07T05:09:00+00:00,0.0667,buy_yes,sell_yes,0.4,0.39,32.0945,-0.3209,-1,0.38,0.395,closed,opposite_fill
2660,Will the Moderate Party (M) win the second most seats in the 2026 Swedish parliamentary election?,2026-06-07T05:09:00+00:00,2026-06-07T05:14:00+00:00,0.0833,sell_yes,buy_yes,0.39,0.39,29.8735,0,0,0.395,0.385,closed,opposite_fill
2661,Will the Moderate Party (M) win the second most seats in the 2026 Swedish parliamentary election?,2026-06-07T05:14:00+00:00,2026-06-07T05:15:00+00:00,0.0167,buy_yes,sell_yes,0.39,0.39,32.0945,0,0,0.385,0.405,closed,opposite_fill
2662,Will the Moderate Party (M) win the second most seats in the 2026 Swedish parliamentary election?,2026-06-07T05:15:00+00:00,2026-06-07T05:17:00+00:00,0.0333,sell_yes,buy_yes,0.39,0.4,29.8735,-0.2987,-1,0.405,0.395,closed,opposite_fill
2663,Will the Moderate Party (M) win the second most seats in the 2026 Swedish parliamentary election?,2026-06-07T05:17:00+00:00,2026-06-07T05:23:00+00:00,0.1,buy_yes,sell_yes,0.4,0.4,33.9535,0,0,0.395,0.41,closed,opposite_fill
2664,Will the Moderate Party (M) win the second most seats in the 2026 Swedish parliamentary election?,2026-06-07T05:23:00+00:00,2026-06-07T05:25:00+00:00,0.0333,sell_yes,buy_yes,0.4,0.4,28.0145,0,0,0.41,0.38,closed,opposite_fill
2665,Will the Moderate Party (M) win the second most seats in the 2026 Swedish parliamentary election?,2026-06-07T05:25:00+00:00,2026-06-07T05:29:00+00:00,0.0667,buy_yes,sell_yes,0.4,0.39,33.9535,-0.3395,-1,0.38,0.405,closed,opposite_fill
2666,Will the Moderate Party (M) win the second most seats in the 2026 Swedish parliamentary election?,2026-06-07T05:29:00+00:00,2026-06-07T05:32:00+00:00,0.05,sell_yes,buy_yes,0.39,0.4,28.0145,-0.2801,-1,0.405,0.395,closed,opposite_fill
2667,Will the Moderate Party (M) win the second most seats in the 2026 Swedish parliamentary election?,2026-06-07T05:32:00+00:00,2026-06-07T05:34:00+00:00,0.0333,buy_yes,sell_yes,0.4,0.39,33.9535,-0.3395,-1,0.395,0.395,closed,opposite_fill
2668,Will the Moderate Party (M) win the second most seats in the 2026 Swedish parliamentary election?,2026-06-07T05:34:00+00:00,2026-06-07T05:38:00+00:00,0.0667,sell_yes,buy_yes,0.39,0.4,28.0145,-0.2801,-1,0.395,0.395,closed,opposite_fill
2669,Will the Moderate Party (M) win the second most seats in the 2026 Swedish parliamentary election?,2026-06-07T05:38:00+00:00,2026-06-07T05:43:00+00:00,0.0833,buy_yes,sell_yes,0.4,0.39,33.9535,-0.3395,-1,0.395,0.41,closed,opposite_fill
2670,Will the Moderate Party (M) win the second most seats in the 2026 Swedish parliamentary election?,2026-06-07T05:43:00+00:00,2026-06-07T05:47:00+00:00,0.0667,sell_yes,buy_yes,0.39,0.39,28.0145,0,0,0.41,0.37,closed,opposite_fill
2671,Will the Moderate Party (M) win the second most seats in the 2026 Swedish parliamentary election?,2026-06-07T05:47:00+00:00,2026-06-07T05:48:00+00:00,0.0167,buy_yes,sell_yes,0.39,0.38,33.9535,-0.3395,-1,0.37,0.395,closed,opposite_fill
2672,Will the Moderate Party (M) win the second most seats in the 2026 Swedish parliamentary election?,2026-06-07T05:48:00+00:00,2026-06-07T05:53:00+00:00,0.0833,sell_yes,buy_yes,0.38,0.39,28.0145,-0.2801,-1,0.395,0.385,closed,opposite_fill
2673,Will the Moderate Party (M) win the second most seats in the 2026 Swedish parliamentary election?,2026-06-07T05:53:00+00:00,2026-06-07T05:56:00+00:00,0.05,buy_yes,sell_yes,0.39,0.39,33.9535,0,0,0.385,0.395,closed,opposite_fill
2674,Will the Moderate Party (M) win the second most seats in the 2026 Swedish parliamentary election?,2026-06-07T05:56:00+00:00,2026-06-07T06:01:00+00:00,0.0833,sell_yes,buy_yes,0.39,0.41,29.8735,-0.5975,-2,0.395,0.4,closed,opposite_fill
2675,Will the Sweden Democrats (SD) win the third most seats in the 2026 Swedish parliamentary election?,2026-06-07T02:55:00+00:00,2026-06-07T06:02:00+00:00,3.1167,sell_yes,buy_yes,0.23,0.35,30.8601,-3.7032,-12,0.42,0.345,closed,opposite_fill
2676,Will the Sweden Democrats (SD) win the third most seats in the 2026 Swedish parliamentary election?,2026-06-07T06:02:00+00:00,2026-06-07T06:03:00+00:00,0.0167,buy_yes,sell_yes,0.35,0.35,15.6159,0,0,0.345,0.37,closed,opposite_fill
2677,Will the Moderate Party (M) win the second most seats in the 2026 Swedish parliamentary election?,2026-06-07T06:01:00+00:00,2026-06-07T06:04:00+00:00,0.05,buy_yes,sell_yes,0.41,0.4,32.0945,-0.3209,-1,0.4,0.405,closed,opposite_fill
2678,Will the Moderate Party (M) win the second most seats in the 2026 Swedish parliamentary election?,2026-06-07T06:04:00+00:00,2026-06-07T06:05:00+00:00,0.0167,sell_yes,buy_yes,0.4,0.4,29.8735,0,0,0.405,0.395,closed,opposite_fill
2679,Will the Moderate Party (M) win the second most seats in the 2026 Swedish parliamentary election?,2026-06-07T06:05:00+00:00,2026-06-07T06:06:00+00:00,0.0167,buy_yes,sell_yes,0.4,0.4,32.0945,0,0,0.395,0.405,closed,opposite_fill
2680,Will the Sweden Democrats (SD) win the third most seats in the 2026 Swedish parliamentary election?,2026-06-07T06:03:00+00:00,2026-06-07T06:07:00+00:00,0.0667,sell_yes,buy_yes,0.35,0.37,30.8601,-0.6172,-2,0.37,0.355,closed,opposite_fill
2681,Will the Sweden Democrats (SD) win the third most seats in the 2026 Swedish parliamentary election?,2026-06-07T06:07:00+00:00,2026-06-07T06:08:00+00:00,0.0167,buy_yes,sell_yes,0.37,0.36,32.3473,-0.3235,-1,0.355,0.365,closed,opposite_fill
2682,Will the Sweden Democrats (SD) win the second most seats in the 2026 Swedish parliamentary election?,2026-06-07T04:32:00+00:00,2026-06-07T06:08:00+00:00,1.6,sell_yes,buy_yes,0.53,0.55,21.8623,-0.4372,-2,0.55,0.545,closed,opposite_fill
2683,Will the Sweden Democrats (SD) win the third most seats in the 2026 Swedish parliamentary election?,2026-06-07T06:08:00+00:00,2026-06-07T06:09:00+00:00,0.0167,sell_yes,buy_yes,0.36,0.36,14.1287,0,0,0.365,0.295,closed,opposite_fill
2684,Will the Sweden Democrats (SD) win the third most seats in the 2026 Swedish parliamentary election?,2026-06-07T06:09:00+00:00,2026-06-07T06:11:00+00:00,0.0333,buy_yes,sell_yes,0.36,0.3,32.3473,-1.9408,-6,0.295,0.43,closed,opposite_fill
2685,Will the Moderate Party (M) win the second most seats in the 2026 Swedish parliamentary election?,2026-06-07T06:06:00+00:00,2026-06-07T06:14:00+00:00,0.1333,sell_yes,buy_yes,0.4,0.4,29.8735,0,0,0.405,0.395,closed,opposite_fill
2686,Will the Moderate Party (M) win the second most seats in the 2026 Swedish parliamentary election?,2026-06-07T06:14:00+00:00,2026-06-07T06:15:00+00:00,0.0167,buy_yes,sell_yes,0.4,0.4,32.0945,0,0,0.395,0.405,closed,opposite_fill
2687,Will the Moderate Party (M) win the second most seats in the 2026 Swedish parliamentary election?,2026-06-07T06:15:00+00:00,2026-06-07T06:16:00+00:00,0.0167,sell_yes,buy_yes,0.4,0.4,29.8735,0,0,0.405,0.38,closed,opposite_fill
2688,Will the Sweden Democrats (SD) win the second most seats in the 2026 Swedish parliamentary election?,2026-06-07T06:08:00+00:00,2026-06-07T06:19:00+00:00,0.1833,buy_yes,sell_yes,0.55,0.54,41.9647,-0.4196,-1,0.545,0.555,closed,opposite_fill
2689,Will the Moderate Party (M) win the second most seats in the 2026 Swedish parliamentary election?,2026-06-07T06:16:00+00:00,2026-06-07T06:19:00+00:00,0.05,buy_yes,sell_yes,0.4,0.38,32.0945,-0.6419,-2,0.38,0.405,closed,opposite_fill
2690,Will the Sweden Democrats (SD) win the second most seats in the 2026 Swedish parliamentary election?,2026-06-07T06:19:00+00:00,2026-06-07T06:22:00+00:00,0.05,sell_yes,buy_yes,0.54,0.55,20.0033,-0.2,-1,0.555,0.54,closed,opposite_fill
2691,Will the Moderate Party (M) win the second most seats in the 2026 Swedish parliamentary election?,2026-06-07T06:19:00+00:00,2026-06-07T06:22:00+00:00,0.05,sell_yes,buy_yes,0.38,0.4,29.8735,-0.5975,-2,0.405,0.39,closed,opposite_fill
2692,Will the Sweden Democrats (SD) win the third most seats in the 2026 Swedish parliamentary election?,2026-06-07T06:11:00+00:00,2026-06-07T06:23:00+00:00,0.2,sell_yes,buy_yes,0.3,0.26,14.1287,0.5651,4,0.43,0.255,closed,opposite_fill
2693,Will the Sweden Democrats (SD) win the third most seats in the 2026 Swedish parliamentary election?,2026-06-07T06:23:00+00:00,2026-06-07T06:25:00+00:00,0.0333,buy_yes,sell_yes,0.26,0.26,33.7416,0,0,0.255,0.27,closed,opposite_fill
2694,Will the Moderate Party (M) win the second most seats in the 2026 Swedish parliamentary election?,2026-06-07T06:22:00+00:00,2026-06-07T06:25:00+00:00,0.05,buy_yes,sell_yes,0.4,0.39,32.0945,-0.3209,-1,0.39,0.395,closed,opposite_fill
2695,Will the Sweden Democrats (SD) win the third most seats in the 2026 Swedish parliamentary election?,2026-06-07T06:25:00+00:00,2026-06-07T06:26:00+00:00,0.0167,sell_yes,buy_yes,0.26,0.26,12.7344,0,0,0.27,0.25,closed,opposite_fill
2696,Will the Moderate Party (M) win the second most seats in the 2026 Swedish parliamentary election?,2026-06-07T06:25:00+00:00,2026-06-07T06:31:00+00:00,0.1,sell_yes,buy_yes,0.39,0.4,35.4507,-0.3545,-1,0.395,0.4,closed,opposite_fill
2697,Will the Moderate Party (M) win the second most seats in the 2026 Swedish parliamentary election?,2026-06-07T06:31:00+00:00,2026-06-07T06:33:00+00:00,0.0333,buy_yes,sell_yes,0.4,0.4,26.5173,0,0,0.4,0.41,closed,opposite_fill
2698,Will the Sweden Democrats (SD) win the second most seats in the 2026 Swedish parliamentary election?,2026-06-07T06:22:00+00:00,2026-06-07T06:34:00+00:00,0.2,buy_yes,sell_yes,0.55,0.54,41.9647,-0.4196,-1,0.54,0.555,closed,opposite_fill
2699,Will no Fed rate cuts happen in 2026?,2026-06-06T23:00:00+00:00,2026-06-07T06:35:00+00:00,7.5833,sell_yes,buy_yes,0.72,0.8,25.82,-2.0656,-8,0.8095,0.7945,closed,opposite_fill
2700,Will the Moderate Party (M) win the second most seats in the 2026 Swedish parliamentary election?,2026-06-07T06:33:00+00:00,2026-06-07T06:36:00+00:00,0.05,sell_yes,buy_yes,0.4,0.41,35.4507,-0.3545,-1,0.41,0.4,closed,opposite_fill
2701,Will the Sweden Democrats (SD) win the second most seats in the 2026 Swedish parliamentary election?,2026-06-07T06:34:00+00:00,2026-06-07T06:37:00+00:00,0.05,sell_yes,buy_yes,0.54,0.55,20.0033,-0.2,-1,0.555,0.54,closed,opposite_fill
2702,Will the Sweden Democrats (SD) win the third most seats in the 2026 Swedish parliamentary election?,2026-06-07T06:26:00+00:00,2026-06-07T06:39:00+00:00,0.2167,buy_yes,sell_yes,0.26,0.24,36.5301,-0.7306,-2,0.25,0.27,closed,opposite_fill
2703,Will the Sweden Democrats (SD) win the second most seats in the 2026 Swedish parliamentary election?,2026-06-07T06:37:00+00:00,2026-06-07T06:39:00+00:00,0.0333,buy_yes,sell_yes,0.55,0.53,41.9647,-0.8393,-2,0.54,0.545,closed,opposite_fill
2704,Will the Moderate Party (M) win the second most seats in the 2026 Swedish parliamentary election?,2026-06-07T06:36:00+00:00,2026-06-07T06:41:00+00:00,0.0833,buy_yes,sell_yes,0.41,0.4,26.5173,-0.2652,-1,0.4,0.405,closed,opposite_fill
2705,Will the Sweden Democrats (SD) win the third most seats in the 2026 Swedish parliamentary election?,2026-06-07T06:39:00+00:00,2026-06-07T06:44:00+00:00,0.0833,sell_yes,buy_yes,0.24,0.28,9.94586,-0.3978,-4,0.27,0.27,closed,opposite_fill
2706,Will the Moderate Party (M) win the second most seats in the 2026 Swedish parliamentary election?,2026-06-07T06:41:00+00:00,2026-06-07T06:44:00+00:00,0.05,sell_yes,buy_yes,0.4,0.4,35.4507,0,0,0.405,0.4,closed,opposite_fill
2707,Will the Sweden Democrats (SD) win the third most seats in the 2026 Swedish parliamentary election?,2026-06-07T06:44:00+00:00,2026-06-07T06:45:00+00:00,0.0167,buy_yes,sell_yes,0.28,0.28,39.3187,0,0,0.27,0.365,closed,opposite_fill
2708,Will the Moderate Party (M) win the second most seats in the 2026 Swedish parliamentary election?,2026-06-07T06:44:00+00:00,2026-06-07T06:49:00+00:00,0.0833,buy_yes,sell_yes,0.4,0.41,26.5173,0.2652,1,0.4,0.415,closed,opposite_fill
2709,Will the Moderate Party (M) win the second most seats in the 2026 Swedish parliamentary election?,2026-06-07T06:49:00+00:00,2026-06-07T06:51:00+00:00,0.0333,sell_yes,buy_yes,0.41,0.41,35.4507,0,0,0.415,0.4,closed,opposite_fill
2710,Will the Moderate Party (M) win the second most seats in the 2026 Swedish parliamentary election?,2026-06-07T06:51:00+00:00,2026-06-07T06:55:00+00:00,0.0667,buy_yes,sell_yes,0.41,0.4,26.5173,-0.2652,-1,0.4,0.405,closed,opposite_fill
2711,Will the Moderate Party (M) win the second most seats in the 2026 Swedish parliamentary election?,2026-06-07T06:55:00+00:00,2026-06-07T07:12:00+00:00,0.2833,sell_yes,buy_yes,0.4,0.39,35.4507,0.3545,1,0.405,0.385,closed,opposite_fill
2712,Will the Moderate Party (M) win the second most seats in the 2026 Swedish parliamentary election?,2026-06-07T07:12:00+00:00,2026-06-07T07:16:00+00:00,0.0667,buy_yes,sell_yes,0.39,0.39,26.5173,0,0,0.385,0.405,closed,opposite_fill
2713,Will the Moderate Party (M) win the second most seats in the 2026 Swedish parliamentary election?,2026-06-07T07:16:00+00:00,2026-06-07T07:20:00+00:00,0.0667,sell_yes,buy_yes,0.39,0.4,35.4507,-0.3545,-1,0.405,0.395,closed,opposite_fill
2714,Will the Moderate Party (M) win the second most seats in the 2026 Swedish parliamentary election?,2026-06-07T07:20:00+00:00,2026-06-07T07:22:00+00:00,0.0333,buy_yes,sell_yes,0.4,0.39,26.5173,-0.2652,-1,0.395,0.4,closed,opposite_fill
2715,Will the Moderate Party (M) win the second most seats in the 2026 Swedish parliamentary election?,2026-06-07T07:22:00+00:00,2026-06-07T07:28:00+00:00,0.1,sell_yes,buy_yes,0.39,0.39,35.4507,0,0,0.4,0.385,closed,opposite_fill
2716,Will the Moderate Party (M) win the second most seats in the 2026 Swedish parliamentary election?,2026-06-07T07:28:00+00:00,2026-06-07T07:29:00+00:00,0.0167,buy_yes,sell_yes,0.39,0.39,26.5173,0,0,0.385,0.4,closed,opposite_fill
2717,Will the Moderate Party (M) win the second most seats in the 2026 Swedish parliamentary election?,2026-06-07T07:29:00+00:00,2026-06-07T07:40:00+00:00,0.1833,sell_yes,buy_yes,0.39,0.4,35.4507,-0.3545,-1,0.4,0.385,closed,opposite_fill
2718,Will the Moderate Party (M) win the second most seats in the 2026 Swedish parliamentary election?,2026-06-07T07:40:00+00:00,2026-06-07T07:41:00+00:00,0.0167,buy_yes,sell_yes,0.4,0.39,26.5173,-0.2652,-1,0.385,0.395,closed,opposite_fill
2719,Will the Moderate Party (M) win the second most seats in the 2026 Swedish parliamentary election?,2026-06-07T07:41:00+00:00,2026-06-07T07:43:00+00:00,0.0333,sell_yes,buy_yes,0.39,0.39,42.8868,0,0,0.395,0.385,closed,opposite_fill
2720,Will the Sweden Democrats (SD) win the second most seats in the 2026 Swedish parliamentary election?,2026-06-07T06:39:00+00:00,2026-06-07T07:44:00+00:00,1.0833,sell_yes,buy_yes,0.53,0.55,20.0033,-0.4001,-2,0.545,0.54,closed,opposite_fill
2721,Will the Moderate Party (M) win the second most seats in the 2026 Swedish parliamentary election?,2026-06-07T07:43:00+00:00,2026-06-07T07:44:00+00:00,0.0167,buy_yes,sell_yes,0.39,0.39,19.0812,0,0,0.385,0.41,closed,opposite_fill
2722,Will the Moderate Party (M) win the second most seats in the 2026 Swedish parliamentary election?,2026-06-07T07:44:00+00:00,2026-06-07T07:48:00+00:00,0.0667,sell_yes,buy_yes,0.39,0.41,42.8868,-0.8577,-2,0.41,0.395,closed,opposite_fill
2723,Will the Moderate Party (M) win the second most seats in the 2026 Swedish parliamentary election?,2026-06-07T07:48:00+00:00,2026-06-07T07:52:00+00:00,0.0667,buy_yes,sell_yes,0.41,0.4,19.0812,-0.1908,-1,0.395,0.405,closed,opposite_fill
2724,Will the Moderate Party (M) win the second most seats in the 2026 Swedish parliamentary election?,2026-06-07T07:52:00+00:00,2026-06-07T07:57:00+00:00,0.0833,sell_yes,buy_yes,0.4,0.4,42.8868,0,0,0.405,0.395,closed,opposite_fill
2725,Will the Sweden Democrats (SD) win the second most seats in the 2026 Swedish parliamentary election?,2026-06-07T07:44:00+00:00,2026-06-07T08:00:00+00:00,0.2667,buy_yes,sell_yes,0.55,0.54,41.9647,-0.4196,-1,0.54,0.555,closed,opposite_fill
2726,Will the Sweden Democrats (SD) win the second most seats in the 2026 Swedish parliamentary election?,2026-06-07T08:00:00+00:00,2026-06-07T08:02:00+00:00,0.0333,sell_yes,buy_yes,0.54,0.55,20.0033,-0.2,-1,0.555,0.54,closed,opposite_fill
2727,Will the Moderate Party (M) win the second most seats in the 2026 Swedish parliamentary election?,2026-06-07T07:57:00+00:00,2026-06-07T08:02:00+00:00,0.0833,buy_yes,sell_yes,0.4,0.39,19.0812,-0.1908,-1,0.395,0.405,closed,opposite_fill
2728,Will the Moderate Party (M) win the second most seats in the 2026 Swedish parliamentary election?,2026-06-07T08:02:00+00:00,2026-06-07T08:03:00+00:00,0.0167,sell_yes,buy_yes,0.39,0.4,42.8868,-0.4289,-1,0.405,0.39,closed,opposite_fill
2729,Will the Moderate Party (M) win the second most seats in the 2026 Swedish parliamentary election?,2026-06-07T08:03:00+00:00,2026-06-07T08:04:00+00:00,0.0167,buy_yes,sell_yes,0.4,0.4,19.0812,0,0,0.39,0.405,closed,opposite_fill
2730,Will the Moderate Party (M) win the second most seats in the 2026 Swedish parliamentary election?,2026-06-07T08:04:00+00:00,2026-06-07T08:05:00+00:00,0.0167,sell_yes,buy_yes,0.4,0.4,42.8868,0,0,0.405,0.39,closed,opposite_fill
2731,Will the Moderate Party (M) win the second most seats in the 2026 Swedish parliamentary election?,2026-06-07T08:05:00+00:00,2026-06-07T08:09:00+00:00,0.0667,buy_yes,sell_yes,0.4,0.4,19.0812,0,0,0.39,0.405,closed,opposite_fill
2732,Will the Sweden Democrats (SD) win the second most seats in the 2026 Swedish parliamentary election?,2026-06-07T08:02:00+00:00,2026-06-07T08:13:00+00:00,0.1833,buy_yes,sell_yes,0.55,0.54,41.9647,-0.4196,-1,0.54,0.555,closed,opposite_fill
2733,Will the Sweden Democrats (SD) win the second most seats in the 2026 Swedish parliamentary election?,2026-06-07T08:13:00+00:00,2026-06-07T08:16:00+00:00,0.05,sell_yes,buy_yes,0.54,0.55,20.0033,-0.2,-1,0.555,0.54,closed,opposite_fill
2734,Will the Sweden Democrats (SD) win the second most seats in the 2026 Swedish parliamentary election?,2026-06-07T08:16:00+00:00,2026-06-07T08:19:00+00:00,0.05,buy_yes,sell_yes,0.55,0.55,41.9647,0,0,0.54,0.555,closed,opposite_fill
2735,Will the Moderate Party (M) win the second most seats in the 2026 Swedish parliamentary election?,2026-06-07T08:09:00+00:00,2026-06-07T08:19:00+00:00,0.1667,sell_yes,buy_yes,0.4,0.4,42.8868,0,0,0.405,0.385,closed,opposite_fill
2736,Will the Moderate Party (M) win the second most seats in the 2026 Swedish parliamentary election?,2026-06-07T08:19:00+00:00,2026-06-07T08:20:00+00:00,0.0167,buy_yes,sell_yes,0.4,0.39,19.0812,-0.1908,-1,0.385,0.395,closed,opposite_fill
2737,Will the Sweden Democrats (SD) win the second most seats in the 2026 Swedish parliamentary election?,2026-06-07T08:19:00+00:00,2026-06-07T08:23:00+00:00,0.0667,sell_yes,buy_yes,0.55,0.55,20.0033,0,0,0.555,0.54,closed,opposite_fill
2738,Will the Moderate Party (M) win the second most seats in the 2026 Swedish parliamentary election?,2026-06-07T08:20:00+00:00,2026-06-07T08:25:00+00:00,0.0833,sell_yes,buy_yes,0.39,0.39,42.8868,0,0,0.395,0.38,closed,opposite_fill
2739,Will the Sweden Democrats (SD) win the second most seats in the 2026 Swedish parliamentary election?,2026-06-07T08:23:00+00:00,2026-06-07T08:26:00+00:00,0.05,buy_yes,sell_yes,0.55,0.55,41.9647,0,0,0.54,0.56,closed,opposite_fill
2740,Will the Moderate Party (M) win the second most seats in the 2026 Swedish parliamentary election?,2026-06-07T08:25:00+00:00,2026-06-07T08:26:00+00:00,0.0167,buy_yes,sell_yes,0.39,0.39,19.0812,0,0,0.38,0.405,closed,opposite_fill
2741,Will the Moderate Party (M) win the second most seats in the 2026 Swedish parliamentary election?,2026-06-07T08:26:00+00:00,2026-06-07T08:28:00+00:00,0.0333,sell_yes,buy_yes,0.39,0.4,44.7459,-0.4475,-1,0.405,0.395,closed,opposite_fill
2742,Will the Moderate Party (M) win the second most seats in the 2026 Swedish parliamentary election?,2026-06-07T08:28:00+00:00,2026-06-07T08:29:00+00:00,0.0167,buy_yes,sell_yes,0.4,0.4,17.2221,0,0,0.395,0.405,closed,opposite_fill
2743,Will the Sweden Democrats (SD) win the second most seats in the 2026 Swedish parliamentary election?,2026-06-07T08:26:00+00:00,2026-06-07T08:30:00+00:00,0.0667,sell_yes,buy_yes,0.55,0.55,20.0033,0,0,0.56,0.54,closed,opposite_fill
2744,Will United Russia (ER) gain the most seats in the next Russian parliamentary election?,2026-06-06T23:00:00+00:00,2026-06-07T08:33:00+00:00,9.55,buy_yes,sell_yes,0.51,0.54,51.64,1.5492,3,0.485,0.545,closed,opposite_fill
2745,Will the Sweden Democrats (SD) win the second most seats in the 2026 Swedish parliamentary election?,2026-06-07T08:30:00+00:00,2026-06-07T08:40:00+00:00,0.1667,buy_yes,sell_yes,0.55,0.54,41.9647,-0.4196,-1,0.54,0.56,closed,opposite_fill
2746,Will the Sweden Democrats (SD) win the second most seats in the 2026 Swedish parliamentary election?,2026-06-07T08:40:00+00:00,2026-06-07T08:44:00+00:00,0.0667,sell_yes,buy_yes,0.54,0.55,20.0033,-0.2,-1,0.56,0.54,closed,opposite_fill
2747,Will the Moderate Party (M) win the second most seats in the 2026 Swedish parliamentary election?,2026-06-07T08:29:00+00:00,2026-06-07T08:47:00+00:00,0.3,sell_yes,buy_yes,0.4,0.4,44.7459,0,0,0.405,0.39,closed,opposite_fill
2748,Will the Moderate Party (M) win the second most seats in the 2026 Swedish parliamentary election?,2026-06-07T08:47:00+00:00,2026-06-07T08:53:00+00:00,0.1,buy_yes,sell_yes,0.4,0.39,19.0812,-0.1908,-1,0.39,0.405,closed,opposite_fill
2749,Will the Sweden Democrats (SD) win the second most seats in the 2026 Swedish parliamentary election?,2026-06-07T08:44:00+00:00,2026-06-07T08:55:00+00:00,0.1833,buy_yes,sell_yes,0.55,0.54,41.9647,-0.4196,-1,0.54,0.555,closed,opposite_fill
2750,Will the Moderate Party (M) win the second most seats in the 2026 Swedish parliamentary election?,2026-06-07T08:53:00+00:00,2026-06-07T08:55:00+00:00,0.0333,sell_yes,buy_yes,0.39,0.4,42.8868,-0.4289,-1,0.405,0.385,closed,opposite_fill
2751,Will the Moderate Party (M) win the second most seats in the 2026 Swedish parliamentary election?,2026-06-07T08:55:00+00:00,2026-06-07T08:56:00+00:00,0.0167,buy_yes,sell_yes,0.4,0.39,19.0812,-0.1908,-1,0.385,0.395,closed,opposite_fill
2752,Will the Sweden Democrats (SD) win the second most seats in the 2026 Swedish parliamentary election?,2026-06-07T08:55:00+00:00,2026-06-07T08:59:00+00:00,0.0667,sell_yes,buy_yes,0.54,0.55,20.0033,-0.2,-1,0.555,0.54,closed,opposite_fill
2753,Will the Moderate Party (M) win the second most seats in the 2026 Swedish parliamentary election?,2026-06-07T08:56:00+00:00,2026-06-07T09:03:00+00:00,0.1167,sell_yes,buy_yes,0.39,0.4,46.6049,-0.466,-1,0.395,0.39,closed,opposite_fill
2754,Will the Sweden Democrats (SD) win the second most seats in the 2026 Swedish parliamentary election?,2026-06-07T08:59:00+00:00,2026-06-07T09:09:00+00:00,0.1667,buy_yes,sell_yes,0.55,0.54,41.9647,-0.4196,-1,0.54,0.555,closed,opposite_fill
2755,Will the Moderate Party (M) win the second most seats in the 2026 Swedish parliamentary election?,2026-06-07T09:03:00+00:00,2026-06-07T09:09:00+00:00,0.1,buy_yes,sell_yes,0.4,0.4,15.3631,0,0,0.39,0.405,closed,opposite_fill
2756,Will the Sweden Democrats (SD) win the second most seats in the 2026 Swedish parliamentary election?,2026-06-07T09:09:00+00:00,2026-06-07T09:13:00+00:00,0.0667,sell_yes,buy_yes,0.54,0.55,20.0033,-0.2,-1,0.555,0.54,closed,opposite_fill
2757,Will the Moderate Party (M) win the second most seats in the 2026 Swedish parliamentary election?,2026-06-07T09:09:00+00:00,2026-06-07T09:13:00+00:00,0.0667,sell_yes,buy_yes,0.4,0.4,46.6049,0,0,0.405,0.375,closed,opposite_fill
2758,Will the Sweden Democrats (SD) win the second most seats in the 2026 Swedish parliamentary election?,2026-06-07T09:13:00+00:00,2026-06-07T09:16:00+00:00,0.05,buy_yes,sell_yes,0.55,0.54,41.9647,-0.4196,-1,0.54,0.555,closed,opposite_fill
2759,Will the Moderate Party (M) win the second most seats in the 2026 Swedish parliamentary election?,2026-06-07T09:13:00+00:00,2026-06-07T09:16:00+00:00,0.05,buy_yes,sell_yes,0.4,0.38,15.3631,-0.3073,-2,0.375,0.41,closed,opposite_fill
2760,Will the Moderate Party (M) win the second most seats in the 2026 Swedish parliamentary election?,2026-06-07T09:16:00+00:00,2026-06-07T09:18:00+00:00,0.0333,sell_yes,buy_yes,0.38,0.4,46.6049,-0.9321,-2,0.41,0.395,closed,opposite_fill
2761,Will the Sweden Democrats (SD) win the second most seats in the 2026 Swedish parliamentary election?,2026-06-07T09:16:00+00:00,2026-06-07T09:20:00+00:00,0.0667,sell_yes,buy_yes,0.54,0.55,20.0033,-0.2,-1,0.555,0.54,closed,opposite_fill
2762,Will the Moderate Party (M) win the second most seats in the 2026 Swedish parliamentary election?,2026-06-07T09:18:00+00:00,2026-06-07T09:23:00+00:00,0.0833,buy_yes,sell_yes,0.4,0.39,15.3631,-0.1536,-1,0.395,0.395,closed,opposite_fill
2763,Will the Sweden Democrats (SD) win the second most seats in the 2026 Swedish parliamentary election?,2026-06-07T09:20:00+00:00,2026-06-07T09:24:00+00:00,0.0667,buy_yes,sell_yes,0.55,0.55,41.9647,0,0,0.54,0.555,closed,opposite_fill
2764,Will the Moderate Party (M) win the second most seats in the 2026 Swedish parliamentary election?,2026-06-07T09:23:00+00:00,2026-06-07T09:25:00+00:00,0.0333,sell_yes,buy_yes,0.39,0.4,50.323,-0.5032,-1,0.395,0.39,closed,opposite_fill
2765,Will the Sweden Democrats (SD) win the second most seats in the 2026 Swedish parliamentary election?,2026-06-07T09:24:00+00:00,2026-06-07T09:26:00+00:00,0.0333,sell_yes,buy_yes,0.55,0.55,20.0033,0,0,0.555,0.54,closed,opposite_fill
2766,Will the Moderate Party (M) win the second most seats in the 2026 Swedish parliamentary election?,2026-06-07T09:25:00+00:00,2026-06-07T09:28:00+00:00,0.05,buy_yes,sell_yes,0.4,0.4,11.645,0,0,0.39,0.405,closed,opposite_fill
2767,Will the Moderate Party (M) win the second most seats in the 2026 Swedish parliamentary election?,2026-06-07T09:28:00+00:00,2026-06-07T09:31:00+00:00,0.05,sell_yes,buy_yes,0.4,0.4,50.323,0,0,0.405,0.395,closed,opposite_fill
2768,Will the Sweden Democrats (SD) win the third most seats in the 2026 Swedish parliamentary election?,2026-06-07T06:45:00+00:00,2026-06-07T09:34:00+00:00,2.8167,sell_yes,buy_yes,0.28,0.32,7.1573,-0.2863,-4,0.365,0.285,closed,opposite_fill
2769,Will the Sweden Democrats (SD) win the third most seats in the 2026 Swedish parliamentary election?,2026-06-07T06:52:00+00:00,2026-06-07T09:34:00+00:00,2.7,sell_yes,buy_yes,0.3,0.32,21.5649,-0.4313,-2,0.4,0.285,closed,opposite_fill
2770,Will the Sweden Democrats (SD) win the third most seats in the 2026 Swedish parliamentary election?,2026-06-07T06:59:00+00:00,2026-06-07T09:34:00+00:00,2.5833,sell_yes,buy_yes,0.28,0.32,21.5649,-0.8626,-4,0.43,0.285,closed,opposite_fill
2771,Will the Sweden Democrats (SD) win the second most seats in the 2026 Swedish parliamentary election?,2026-06-07T09:26:00+00:00,2026-06-07T09:37:00+00:00,0.1833,buy_yes,sell_yes,0.55,0.53,45.6828,-0.9137,-2,0.54,0.555,closed,opposite_fill
2772,Will the Moderate Party (M) win the second most seats in the 2026 Swedish parliamentary election?,2026-06-07T09:31:00+00:00,2026-06-07T09:38:00+00:00,0.1167,buy_yes,sell_yes,0.4,0.39,11.645,-0.1165,-1,0.395,0.41,closed,opposite_fill
2773,Will the Sweden Democrats (SD) win the third most seats in the 2026 Swedish parliamentary election?,2026-06-07T09:34:00+00:00,2026-06-07T09:40:00+00:00,0.1,buy_yes,sell_yes,0.32,0.3,3.16037,-0.0632,-2,0.285,0.38,closed,opposite_fill
2774,Will the Moderate Party (M) win the second most seats in the 2026 Swedish parliamentary election?,2026-06-07T09:38:00+00:00,2026-06-07T09:43:00+00:00,0.0833,sell_yes,buy_yes,0.39,0.39,50.323,0,0,0.41,0.38,closed,opposite_fill
2775,Will the Moderate Party (M) win the second most seats in the 2026 Swedish parliamentary election?,2026-06-07T09:43:00+00:00,2026-06-07T09:44:00+00:00,0.0167,buy_yes,sell_yes,0.39,0.39,11.645,0,0,0.38,0.405,closed,opposite_fill
2776,Will the Moderate Party (M) win the second most seats in the 2026 Swedish parliamentary election?,2026-06-07T09:44:00+00:00,2026-06-07T09:46:00+00:00,0.0333,sell_yes,buy_yes,0.39,0.4,50.323,-0.5032,-1,0.405,0.39,closed,opposite_fill
2777,Will the Moderate Party (M) win the second most seats in the 2026 Swedish parliamentary election?,2026-06-07T09:46:00+00:00,2026-06-07T09:50:00+00:00,0.0667,buy_yes,sell_yes,0.4,0.39,11.645,-0.1165,-1,0.39,0.405,closed,opposite_fill
2778,Will the Moderate Party (M) win the third most seats in the 2026 Swedish parliamentary election?,2026-06-05T00:38:00+00:00,2026-06-07T09:50:00+00:00,57.2,buy_yes,sell_yes,0.57,0.59,6.59959,0.132,2,0.535,0.6,closed,opposite_fill
2779,Will the Moderate Party (M) win the third most seats in the 2026 Swedish parliamentary election?,2026-06-07T06:19:00+00:00,2026-06-07T09:50:00+00:00,3.5167,buy_yes,sell_yes,0.55,0.59,44.0592,1.7624,4,0.545,0.6,closed,opposite_fill
2780,Will the Sweden Democrats (SD) win the third most seats in the 2026 Swedish parliamentary election?,2026-06-07T09:40:00+00:00,2026-06-07T09:52:00+00:00,0.2,sell_yes,buy_yes,0.3,0.31,43.3156,-0.4332,-1,0.38,0.27,closed,opposite_fill
2781,Will the Sweden Democrats (SD) win the second most seats in the 2026 Swedish parliamentary election?,2026-06-07T09:37:00+00:00,2026-06-07T09:53:00+00:00,0.2667,sell_yes,buy_yes,0.53,0.55,16.2852,-0.3257,-2,0.555,0.54,closed,opposite_fill
2782,Will the Moderate Party (M) win the second most seats in the 2026 Swedish parliamentary election?,2026-06-07T09:50:00+00:00,2026-06-07T09:54:00+00:00,0.0667,sell_yes,buy_yes,0.39,0.39,50.323,0,0,0.405,0.385,closed,opposite_fill
2783,Will the Moderate Party (M) win the second most seats in the 2026 Swedish parliamentary election?,2026-06-07T09:54:00+00:00,2026-06-07T09:55:00+00:00,0.0167,buy_yes,sell_yes,0.39,0.39,11.645,0,0,0.385,0.4,closed,opposite_fill
2784,Will the Moderate Party (M) win the second most seats in the 2026 Swedish parliamentary election?,2026-06-07T09:55:00+00:00,2026-06-07T09:57:00+00:00,0.0333,sell_yes,buy_yes,0.39,0.39,52.182,0,0,0.4,0.37,closed,opposite_fill
2785,Will the Moderate Party (M) win the second most seats in the 2026 Swedish parliamentary election?,2026-06-07T09:57:00+00:00,2026-06-07T09:58:00+00:00,0.0167,buy_yes,sell_yes,0.39,0.38,9.78599,-0.0979,-1,0.37,0.405,closed,opposite_fill
2786,Will the Moderate Party (M) win the second most seats in the 2026 Swedish parliamentary election?,2026-06-07T09:58:00+00:00,2026-06-07T10:01:00+00:00,0.05,sell_yes,buy_yes,0.38,0.4,52.182,-1.0436,-2,0.405,0.39,closed,opposite_fill
2787,Will the Sweden Democrats (SD) win the second most seats in the 2026 Swedish parliamentary election?,2026-06-07T09:53:00+00:00,2026-06-07T10:05:00+00:00,0.2,buy_yes,sell_yes,0.55,0.54,45.6828,-0.4568,-1,0.54,0.555,closed,opposite_fill
2788,Will the Moderate Party (M) win the second most seats in the 2026 Swedish parliamentary election?,2026-06-07T10:01:00+00:00,2026-06-07T10:06:00+00:00,0.0833,buy_yes,sell_yes,0.4,0.39,9.78599,-0.0979,-1,0.39,0.4,closed,opposite_fill
2789,Will the Sweden Democrats (SD) win the second most seats in the 2026 Swedish parliamentary election?,2026-06-07T10:05:00+00:00,2026-06-07T10:08:00+00:00,0.05,sell_yes,buy_yes,0.54,0.55,16.2852,-0.1629,-1,0.555,0.54,closed,opposite_fill
2790,Will the Moderate Party (M) win the second most seats in the 2026 Swedish parliamentary election?,2026-06-07T10:06:00+00:00,2026-06-07T10:08:00+00:00,0.0333,sell_yes,buy_yes,0.39,0.4,52.182,-0.5218,-1,0.4,0.39,closed,opposite_fill
2791,Will the Moderate Party (M) win the second most seats in the 2026 Swedish parliamentary election?,2026-06-07T10:08:00+00:00,2026-06-07T10:12:00+00:00,0.0667,buy_yes,sell_yes,0.4,0.39,19.0812,-0.1908,-1,0.39,0.4,closed,opposite_fill
2792,Will the Moderate Party (M) win the second most seats in the 2026 Swedish parliamentary election?,2026-06-07T10:12:00+00:00,2026-06-07T10:13:00+00:00,0.0167,sell_yes,buy_yes,0.39,0.39,42.8868,0,0,0.4,0.365,closed,opposite_fill
2793,Will the Moderate Party (M) win the second most seats in the 2026 Swedish parliamentary election?,2026-06-07T10:13:00+00:00,2026-06-07T10:14:00+00:00,0.0167,buy_yes,sell_yes,0.39,0.37,19.0812,-0.3816,-2,0.365,0.405,closed,opposite_fill
2794,Will the Sweden Democrats (SD) win the second most seats in the 2026 Swedish parliamentary election?,2026-06-07T10:08:00+00:00,2026-06-07T10:19:00+00:00,0.1833,buy_yes,sell_yes,0.55,0.54,45.6828,-0.4568,-1,0.54,0.555,closed,opposite_fill
2795,Will the Sweden Democrats (SD) win the second most seats in the 2026 Swedish parliamentary election?,2026-06-07T10:19:00+00:00,2026-06-07T10:22:00+00:00,0.05,sell_yes,buy_yes,0.54,0.55,16.2852,-0.1629,-1,0.555,0.54,closed,opposite_fill
2796,Will the Moderate Party (M) win the second most seats in the 2026 Swedish parliamentary election?,2026-06-07T10:14:00+00:00,2026-06-07T10:22:00+00:00,0.1333,sell_yes,buy_yes,0.37,0.4,42.8868,-1.2866,-3,0.405,0.39,closed,opposite_fill
2797,Will the Moderate Party (M) win the second most seats in the 2026 Swedish parliamentary election?,2026-06-07T10:22:00+00:00,2026-06-07T10:27:00+00:00,0.0833,buy_yes,sell_yes,0.4,0.4,19.0812,0,0,0.39,0.405,closed,opposite_fill
2798,Will the Moderate Party (M) win the second most seats in the 2026 Swedish parliamentary election?,2026-06-07T10:27:00+00:00,2026-06-07T10:28:00+00:00,0.0167,sell_yes,buy_yes,0.4,0.4,42.8868,0,0,0.405,0.39,closed,opposite_fill
2799,Will the Sweden Democrats (SD) win the second most seats in the 2026 Swedish parliamentary election?,2026-06-07T10:22:00+00:00,2026-06-07T10:33:00+00:00,0.1833,buy_yes,sell_yes,0.55,0.54,45.6828,-0.4568,-1,0.54,0.555,closed,opposite_fill
2800,Will the Moderate Party (M) win the second most seats in the 2026 Swedish parliamentary election?,2026-06-07T10:28:00+00:00,2026-06-07T10:33:00+00:00,0.0833,buy_yes,sell_yes,0.4,0.39,19.0812,-0.1908,-1,0.39,0.405,closed,opposite_fill
2801,Will the Sweden Democrats (SD) win the second most seats in the 2026 Swedish parliamentary election?,2026-06-07T10:33:00+00:00,2026-06-07T10:36:00+00:00,0.05,sell_yes,buy_yes,0.54,0.55,16.2852,-0.1629,-1,0.555,0.54,closed,opposite_fill
2802,Will the Moderate Party (M) win the second most seats in the 2026 Swedish parliamentary election?,2026-06-07T10:33:00+00:00,2026-06-07T10:38:00+00:00,0.0833,sell_yes,buy_yes,0.39,0.39,42.8868,0,0,0.405,0.37,closed,opposite_fill
2803,Will the Moderate Party (M) win the second most seats in the 2026 Swedish parliamentary election?,2026-06-07T10:38:00+00:00,2026-06-07T10:39:00+00:00,0.0167,buy_yes,sell_yes,0.39,0.38,19.0812,-0.1908,-1,0.37,0.395,closed,opposite_fill
2804,Will the Moderate Party (M) win the second most seats in the 2026 Swedish parliamentary election?,2026-06-07T10:39:00+00:00,2026-06-07T10:43:00+00:00,0.0667,sell_yes,buy_yes,0.38,0.39,42.8868,-0.4289,-1,0.395,0.385,closed,opposite_fill
2805,Will the Sweden Democrats (SD) win the second most seats in the 2026 Swedish parliamentary election?,2026-06-07T10:36:00+00:00,2026-06-07T10:46:00+00:00,0.1667,buy_yes,sell_yes,0.55,0.54,47.5418,-0.4754,-1,0.54,0.555,closed,opposite_fill
2806,Will the Moderate Party (M) win the second most seats in the 2026 Swedish parliamentary election?,2026-06-07T10:43:00+00:00,2026-06-07T10:46:00+00:00,0.05,buy_yes,sell_yes,0.39,0.39,19.0812,0,0,0.385,0.395,closed,opposite_fill
2807,Will the Moderate Party (M) win the second most seats in the 2026 Swedish parliamentary election?,2026-06-07T10:46:00+00:00,2026-06-07T10:47:00+00:00,0.0167,sell_yes,buy_yes,0.39,0.39,44.7459,0,0,0.395,0.375,closed,opposite_fill
2808,Will the Moderate Party (M) win the second most seats in the 2026 Swedish parliamentary election?,2026-06-07T10:47:00+00:00,2026-06-07T10:48:00+00:00,0.0167,buy_yes,sell_yes,0.39,0.38,17.2221,-0.1722,-1,0.375,0.4,closed,opposite_fill
2809,Will the Sweden Democrats (SD) win the second most seats in the 2026 Swedish parliamentary election?,2026-06-07T10:46:00+00:00,2026-06-07T10:50:00+00:00,0.0667,sell_yes,buy_yes,0.54,0.55,14.4262,-0.1443,-1,0.555,0.54,closed,opposite_fill
2810,Will the Moderate Party (M) win the second most seats in the 2026 Swedish parliamentary election?,2026-06-07T10:48:00+00:00,2026-06-07T10:50:00+00:00,0.0333,sell_yes,buy_yes,0.38,0.4,44.7459,-0.8949,-2,0.4,0.395,closed,opposite_fill
2811,Will the Moderate Party (M) win the second most seats in the 2026 Swedish parliamentary election?,2026-06-07T10:50:00+00:00,2026-06-07T10:54:00+00:00,0.0667,buy_yes,sell_yes,0.4,0.41,17.2221,0.1722,1,0.395,0.41,closed,opposite_fill
2812,Will the Sweden Democrats (SD) win the second most seats in the 2026 Swedish parliamentary election?,2026-06-07T10:50:00+00:00,2026-06-07T10:55:00+00:00,0.0833,buy_yes,sell_yes,0.55,0.55,47.5418,0,0,0.54,0.555,closed,opposite_fill
2813,Will the Sweden Democrats (SD) win the second most seats in the 2026 Swedish parliamentary election?,2026-06-07T10:55:00+00:00,2026-06-07T10:58:00+00:00,0.05,sell_yes,buy_yes,0.55,0.55,14.4262,0,0,0.555,0.54,closed,opposite_fill
2814,Will the Moderate Party (M) win the second most seats in the 2026 Swedish parliamentary election?,2026-06-07T10:54:00+00:00,2026-06-07T10:58:00+00:00,0.0667,sell_yes,buy_yes,0.41,0.4,44.7459,0.4475,1,0.41,0.39,closed,opposite_fill
2815,Will the Moderate Party (M) win the second most seats in the 2026 Swedish parliamentary election?,2026-06-07T10:58:00+00:00,2026-06-07T10:59:00+00:00,0.0167,buy_yes,sell_yes,0.4,0.4,17.2221,0,0,0.39,0.405,closed,opposite_fill
2816,Will the Moderate Party (M) win the second most seats in the 2026 Swedish parliamentary election?,2026-06-07T10:59:00+00:00,2026-06-07T11:07:00+00:00,0.1333,sell_yes,buy_yes,0.4,0.4,44.7459,0,0,0.405,0.395,closed,opposite_fill
2817,Will the Moderate Party (M) win the second most seats in the 2026 Swedish parliamentary election?,2026-06-07T11:07:00+00:00,2026-06-07T11:08:00+00:00,0.0167,buy_yes,sell_yes,0.4,0.4,17.2221,0,0,0.395,0.405,closed,opposite_fill
2818,Will the Moderate Party (M) win the second most seats in the 2026 Swedish parliamentary election?,2026-06-07T11:08:00+00:00,2026-06-07T11:10:00+00:00,0.0333,sell_yes,buy_yes,0.4,0.4,44.7459,0,0,0.405,0.385,closed,opposite_fill
2819,Will the Sweden Democrats (SD) win the second most seats in the 2026 Swedish parliamentary election?,2026-06-07T10:58:00+00:00,2026-06-07T11:11:00+00:00,0.2167,buy_yes,sell_yes,0.55,0.54,47.5418,-0.4754,-1,0.54,0.56,closed,opposite_fill
2820,Will the Moderate Party (M) win the second most seats in the 2026 Swedish parliamentary election?,2026-06-07T11:10:00+00:00,2026-06-07T11:11:00+00:00,0.0167,buy_yes,sell_yes,0.4,0.39,17.2221,-0.1722,-1,0.385,0.405,closed,opposite_fill
2821,Will the Sweden Democrats (SD) win the second most seats in the 2026 Swedish parliamentary election?,2026-06-07T11:11:00+00:00,2026-06-07T11:16:00+00:00,0.0833,sell_yes,buy_yes,0.54,0.54,14.4262,0,0,0.56,0.53,closed,opposite_fill
2822,Will the Moderate Party (M) win the second most seats in the 2026 Swedish parliamentary election?,2026-06-07T11:11:00+00:00,2026-06-07T11:17:00+00:00,0.1,sell_yes,buy_yes,0.39,0.39,44.7459,0,0,0.405,0.385,closed,opposite_fill
2823,Will the Sweden Democrats (SD) win the second most seats in the 2026 Swedish parliamentary election?,2026-06-07T11:16:00+00:00,2026-06-07T11:19:00+00:00,0.05,buy_yes,sell_yes,0.54,0.54,47.5418,0,0,0.53,0.55,closed,opposite_fill
2824,Will the Moderate Party (M) win the second most seats in the 2026 Swedish parliamentary election?,2026-06-07T11:17:00+00:00,2026-06-07T11:19:00+00:00,0.0333,buy_yes,sell_yes,0.39,0.39,17.2221,0,0,0.385,0.395,closed,opposite_fill
2825,Will the Moderate Party (M) win the second most seats in the 2026 Swedish parliamentary election?,2026-06-07T11:19:00+00:00,2026-06-07T11:21:00+00:00,0.0333,sell_yes,buy_yes,0.39,0.39,44.7459,0,0,0.395,0.385,closed,opposite_fill
2826,Will the Sweden Democrats (SD) win the second most seats in the 2026 Swedish parliamentary election?,2026-06-07T11:19:00+00:00,2026-06-07T11:22:00+00:00,0.05,sell_yes,buy_yes,0.54,0.54,14.4262,0,0,0.55,0.535,closed,opposite_fill
2827,Will the Moderate Party (M) win the second most seats in the 2026 Swedish parliamentary election?,2026-06-07T11:21:00+00:00,2026-06-07T11:22:00+00:00,0.0167,buy_yes,sell_yes,0.39,0.39,17.2221,0,0,0.385,0.395,closed,opposite_fill
2828,Will the Sweden Democrats (SD) win the second most seats in the 2026 Swedish parliamentary election?,2026-06-07T11:22:00+00:00,2026-06-07T11:23:00+00:00,0.0167,buy_yes,sell_yes,0.54,0.54,49.4009,0,0,0.535,0.545,closed,opposite_fill
2829,Will the Sweden Democrats (SD) win the second most seats in the 2026 Swedish parliamentary election?,2026-06-07T11:23:00+00:00,2026-06-07T11:24:00+00:00,0.0167,sell_yes,buy_yes,0.54,0.54,12.5671,0,0,0.545,0.53,closed,opposite_fill
2830,Will the Moderate Party (M) win the second most seats in the 2026 Swedish parliamentary election?,2026-06-07T11:22:00+00:00,2026-06-07T11:29:00+00:00,0.1167,sell_yes,buy_yes,0.39,0.39,48.4639,0,0,0.395,0.365,closed,opposite_fill
2831,Will the Moderate Party (M) win the second most seats in the 2026 Swedish parliamentary election?,2026-06-07T11:29:00+00:00,2026-06-07T11:30:00+00:00,0.0167,buy_yes,sell_yes,0.39,0.37,13.5041,-0.2701,-2,0.365,0.395,closed,opposite_fill
2832,Will the Sweden Democrats (SD) win the second most seats in the 2026 Swedish parliamentary election?,2026-06-07T11:24:00+00:00,2026-06-07T11:32:00+00:00,0.1333,buy_yes,sell_yes,0.54,0.53,53.119,-0.5312,-1,0.53,0.555,closed,opposite_fill
2833,Will the Sweden Democrats (SD) win the second most seats in the 2026 Swedish parliamentary election?,2026-06-07T11:32:00+00:00,2026-06-07T11:35:00+00:00,0.05,sell_yes,buy_yes,0.53,0.55,8.84903,-0.177,-2,0.555,0.54,closed,opposite_fill
2834,Will the Moderate Party (M) win the second most seats in the 2026 Swedish parliamentary election?,2026-06-07T11:30:00+00:00,2026-06-07T11:35:00+00:00,0.0833,sell_yes,buy_yes,0.37,0.39,48.4639,-0.9693,-2,0.395,0.38,closed,opposite_fill
2835,Will the Moderate Party (M) win the second most seats in the 2026 Swedish parliamentary election?,2026-06-07T11:35:00+00:00,2026-06-07T11:38:00+00:00,0.05,buy_yes,sell_yes,0.39,0.39,13.5041,0,0,0.38,0.405,closed,opposite_fill
2836,Will the Moderate Party (M) win the second most seats in the 2026 Swedish parliamentary election?,2026-06-07T11:38:00+00:00,2026-06-07T11:41:00+00:00,0.05,sell_yes,buy_yes,0.39,0.4,48.4639,-0.4846,-1,0.405,0.395,closed,opposite_fill
2837,Will the Moderate Party (M) win the second most seats in the 2026 Swedish parliamentary election?,2026-06-07T11:41:00+00:00,2026-06-07T11:45:00+00:00,0.0667,buy_yes,sell_yes,0.4,0.4,13.5041,0,0,0.395,0.405,closed,opposite_fill
2838,Will the Sweden Democrats (SD) win the second most seats in the 2026 Swedish parliamentary election?,2026-06-07T11:35:00+00:00,2026-06-07T11:46:00+00:00,0.1833,buy_yes,sell_yes,0.55,0.54,56.837,-0.5684,-1,0.54,0.555,closed,opposite_fill
2839,Will the Moderate Party (M) win the second most seats in the 2026 Swedish parliamentary election?,2026-06-07T11:45:00+00:00,2026-06-07T11:49:00+00:00,0.0667,sell_yes,buy_yes,0.4,0.4,48.4639,0,0,0.405,0.395,closed,opposite_fill
2840,Will the Moderate Party (M) win the second most seats in the 2026 Swedish parliamentary election?,2026-06-07T11:49:00+00:00,2026-06-07T11:53:00+00:00,0.0667,buy_yes,sell_yes,0.4,0.39,13.5041,-0.135,-1,0.395,0.4,closed,opposite_fill
2841,Will the Moderate Party (M) win the second most seats in the 2026 Swedish parliamentary election?,2026-06-07T11:53:00+00:00,2026-06-07T12:01:00+00:00,0.1333,sell_yes,buy_yes,0.39,0.4,48.4639,-0.4846,-1,0.4,0.395,closed,opposite_fill
2842,Will the Moderate Party (M) win the second most seats in the 2026 Swedish parliamentary election?,2026-06-07T12:01:00+00:00,2026-06-07T12:06:00+00:00,0.0833,buy_yes,sell_yes,0.4,0.4,13.5041,0,0,0.395,0.41,closed,opposite_fill
2843,Will the Moderate Party (M) win the second most seats in the 2026 Swedish parliamentary election?,2026-06-07T12:06:00+00:00,2026-06-07T12:17:00+00:00,0.1833,sell_yes,buy_yes,0.4,0.4,48.4639,0,0,0.41,0.385,closed,opposite_fill
2844,Will the Moderate Party (M) win the second most seats in the 2026 Swedish parliamentary election?,2026-06-07T12:17:00+00:00,2026-06-07T12:21:00+00:00,0.0667,buy_yes,sell_yes,0.4,0.39,13.5041,-0.135,-1,0.385,0.405,closed,opposite_fill
2845,Will the Moderate Party (M) win the second most seats in the 2026 Swedish parliamentary election?,2026-06-07T12:21:00+00:00,2026-06-07T12:24:00+00:00,0.05,sell_yes,buy_yes,0.39,0.4,48.4639,-0.4846,-1,0.405,0.39,closed,opposite_fill
2846,Will the Moderate Party (M) win the second most seats in the 2026 Swedish parliamentary election?,2026-06-07T12:24:00+00:00,2026-06-07T12:29:00+00:00,0.0833,buy_yes,sell_yes,0.4,0.39,13.5041,-0.135,-1,0.39,0.405,closed,opposite_fill
2847,Will the Moderate Party (M) win the second most seats in the 2026 Swedish parliamentary election?,2026-06-07T12:29:00+00:00,2026-06-07T12:33:00+00:00,0.0667,sell_yes,buy_yes,0.39,0.4,48.4639,-0.4846,-1,0.405,0.39,closed,opposite_fill
2848,Will the Moderate Party (M) win the second most seats in the 2026 Swedish parliamentary election?,2026-06-07T12:33:00+00:00,2026-06-07T12:37:00+00:00,0.0667,buy_yes,sell_yes,0.4,0.4,17.2221,0,0,0.39,0.405,closed,opposite_fill
2849,Will the Moderate Party (M) win the second most seats in the 2026 Swedish parliamentary election?,2026-06-07T12:37:00+00:00,2026-06-07T12:38:00+00:00,0.0167,sell_yes,buy_yes,0.4,0.4,44.7459,0,0,0.405,0.38,closed,opposite_fill
2850,Will the Moderate Party (M) win the second most seats in the 2026 Swedish parliamentary election?,2026-06-07T12:38:00+00:00,2026-06-07T12:39:00+00:00,0.0167,buy_yes,sell_yes,0.4,0.39,17.2221,-0.1722,-1,0.38,0.405,closed,opposite_fill
2851,Will the Moderate Party (M) win the second most seats in the 2026 Swedish parliamentary election?,2026-06-07T12:39:00+00:00,2026-06-07T13:08:00+00:00,0.4833,sell_yes,buy_yes,0.39,0.4,46.6049,-0.466,-1,0.405,0.385,closed,opposite_fill
2852,Will the Moderate Party (M) win the second most seats in the 2026 Swedish parliamentary election?,2026-06-07T13:08:00+00:00,2026-06-07T13:12:00+00:00,0.0667,buy_yes,sell_yes,0.4,0.39,15.3631,-0.1536,-1,0.385,0.405,closed,opposite_fill
2853,Will the Moderate Party (M) win the second most seats in the 2026 Swedish parliamentary election?,2026-06-07T13:12:00+00:00,2026-06-07T13:16:00+00:00,0.0667,sell_yes,buy_yes,0.39,0.4,48.4639,-0.4846,-1,0.405,0.39,closed,opposite_fill
2854,Will the Moderate Party (M) win the second most seats in the 2026 Swedish parliamentary election?,2026-06-07T13:16:00+00:00,2026-06-07T13:17:00+00:00,0.0167,buy_yes,sell_yes,0.4,0.4,13.5041,0,0,0.39,0.41,closed,opposite_fill
2855,Will the Moderate Party (M) win the second most seats in the 2026 Swedish parliamentary election?,2026-06-07T13:17:00+00:00,2026-06-07T13:19:00+00:00,0.0333,sell_yes,buy_yes,0.4,0.4,48.4639,0,0,0.41,0.39,closed,opposite_fill
2856,Will the Moderate Party (M) win the second most seats in the 2026 Swedish parliamentary election?,2026-06-07T13:19:00+00:00,2026-06-07T13:27:00+00:00,0.1333,buy_yes,sell_yes,0.4,0.4,13.5041,0,0,0.39,0.405,closed,opposite_fill
2857,Will Kimi Antonelli be the 2026 F1 Drivers' Champion?,2026-06-06T23:00:00+00:00,2026-06-07T13:32:00+00:00,14.5333,sell_yes,buy_yes,0.51,0.63,2.01396,-0.2417,-12,0.5535,0.6265,closed,opposite_fill
2858,Will the Moderate Party (M) win the second most seats in the 2026 Swedish parliamentary election?,2026-06-07T13:27:00+00:00,2026-06-07T13:40:00+00:00,0.2167,sell_yes,buy_yes,0.4,0.4,48.4639,0,0,0.405,0.38,closed,opposite_fill
2859,Will the Moderate Party (M) win the second most seats in the 2026 Swedish parliamentary election?,2026-06-07T13:40:00+00:00,2026-06-07T13:41:00+00:00,0.0167,buy_yes,sell_yes,0.4,0.39,13.5041,-0.135,-1,0.38,0.4,closed,opposite_fill
2860,Will the Moderate Party (M) win the second most seats in the 2026 Swedish parliamentary election?,2026-06-07T13:41:00+00:00,2026-06-07T13:47:00+00:00,0.1,sell_yes,buy_yes,0.39,0.4,50.323,-0.5032,-1,0.4,0.395,closed,opposite_fill
2861,Will the Moderate Party (M) win the second most seats in the 2026 Swedish parliamentary election?,2026-06-07T13:47:00+00:00,2026-06-07T13:51:00+00:00,0.0667,buy_yes,sell_yes,0.4,0.39,11.645,-0.1165,-1,0.395,0.41,closed,opposite_fill
2862,Will the Moderate Party (M) win the second most seats in the 2026 Swedish parliamentary election?,2026-06-07T13:51:00+00:00,2026-06-07T13:53:00+00:00,0.0333,sell_yes,buy_yes,0.39,0.4,50.323,-0.5032,-1,0.41,0.39,closed,opposite_fill
2863,Will the Moderate Party (M) win the second most seats in the 2026 Swedish parliamentary election?,2026-06-07T13:53:00+00:00,2026-06-07T13:58:00+00:00,0.0833,buy_yes,sell_yes,0.4,0.39,11.645,-0.1165,-1,0.39,0.395,closed,opposite_fill
2864,Will the Moderate Party (M) win the second most seats in the 2026 Swedish parliamentary election?,2026-06-07T13:58:00+00:00,2026-06-07T14:00:00+00:00,0.0333,sell_yes,buy_yes,0.39,0.4,50.323,-0.5032,-1,0.395,0.39,closed,opposite_fill
2865,Will the Moderate Party (M) win the second most seats in the 2026 Swedish parliamentary election?,2026-06-07T14:00:00+00:00,2026-06-07T14:05:00+00:00,0.0833,buy_yes,sell_yes,0.4,0.38,11.645,-0.2329,-2,0.39,0.4,closed,opposite_fill
2866,Will the Moderate Party (M) win the second most seats in the 2026 Swedish parliamentary election?,2026-06-07T14:05:00+00:00,2026-06-07T14:08:00+00:00,0.05,sell_yes,buy_yes,0.38,0.4,50.323,-1.0065,-2,0.4,0.39,closed,opposite_fill
2867,Will the Moderate Party (M) win the second most seats in the 2026 Swedish parliamentary election?,2026-06-07T14:08:00+00:00,2026-06-07T15:06:00+00:00,0.9667,buy_yes,sell_yes,0.4,0.4,11.645,0,0,0.39,0.405,closed,opposite_fill
2868,Will the Moderate Party (M) win the second most seats in the 2026 Swedish parliamentary election?,2026-06-07T15:06:00+00:00,2026-06-07T15:11:00+00:00,0.0833,sell_yes,buy_yes,0.4,0.4,50.323,0,0,0.405,0.365,closed,opposite_fill
2869,Will the Moderate Party (M) win the second most seats in the 2026 Swedish parliamentary election?,2026-06-07T15:11:00+00:00,2026-06-07T15:16:00+00:00,0.0833,buy_yes,sell_yes,0.4,0.37,11.645,-0.3494,-3,0.365,0.4,closed,opposite_fill
2870,Will the Moderate Party (M) win the second most seats in the 2026 Swedish parliamentary election?,2026-06-07T15:16:00+00:00,2026-06-07T15:20:00+00:00,0.0667,sell_yes,buy_yes,0.37,0.4,50.323,-1.5097,-3,0.4,0.39,closed,opposite_fill
2871,Will the Moderate Party (M) win the second most seats in the 2026 Swedish parliamentary election?,2026-06-07T15:20:00+00:00,2026-06-07T15:26:00+00:00,0.1,buy_yes,sell_yes,0.4,0.4,11.645,0,0,0.39,0.405,closed,opposite_fill
2872,Will the Moderate Party (M) win the second most seats in the 2026 Swedish parliamentary election?,2026-06-07T15:26:00+00:00,2026-06-07T15:35:00+00:00,0.15,sell_yes,buy_yes,0.4,0.4,50.323,0,0,0.405,0.395,closed,opposite_fill
2873,Will the Moderate Party (M) win the second most seats in the 2026 Swedish parliamentary election?,2026-06-07T15:35:00+00:00,2026-06-07T15:49:00+00:00,0.2333,buy_yes,sell_yes,0.4,0.39,13.5041,-0.135,-1,0.395,0.395,closed,opposite_fill
2874,Will the Moderate Party (M) win the second most seats in the 2026 Swedish parliamentary election?,2026-06-07T15:49:00+00:00,2026-06-07T15:55:00+00:00,0.1,sell_yes,buy_yes,0.39,0.4,52.182,-0.5218,-1,0.395,0.38,closed,opposite_fill
2875,Will the Moderate Party (M) win the second most seats in the 2026 Swedish parliamentary election?,2026-06-07T15:55:00+00:00,2026-06-07T16:01:00+00:00,0.1,buy_yes,sell_yes,0.4,0.38,11.645,-0.2329,-2,0.38,0.41,closed,opposite_fill
2876,Will the Moderate Party (M) win the second most seats in the 2026 Swedish parliamentary election?,2026-06-07T16:01:00+00:00,2026-06-07T16:05:00+00:00,0.0667,sell_yes,buy_yes,0.38,0.4,50.323,-1.0065,-2,0.41,0.39,closed,opposite_fill
2877,Will the Moderate Party (M) win the second most seats in the 2026 Swedish parliamentary election?,2026-06-07T16:05:00+00:00,2026-06-07T16:13:00+00:00,0.1333,buy_yes,sell_yes,0.4,0.38,11.645,-0.2329,-2,0.39,0.405,closed,opposite_fill
2878,Will the Moderate Party (M) win the second most seats in the 2026 Swedish parliamentary election?,2026-06-07T16:13:00+00:00,2026-06-07T16:28:00+00:00,0.25,sell_yes,buy_yes,0.38,0.39,50.323,-0.5032,-1,0.405,0.385,closed,opposite_fill
2879,Will the Moderate Party (M) win the second most seats in the 2026 Swedish parliamentary election?,2026-06-07T16:28:00+00:00,2026-06-07T16:30:00+00:00,0.0333,buy_yes,sell_yes,0.39,0.39,11.645,0,0,0.385,0.395,closed,opposite_fill
2880,Will the Moderate Party (M) win the second most seats in the 2026 Swedish parliamentary election?,2026-06-07T16:30:00+00:00,2026-06-07T16:34:00+00:00,0.0667,sell_yes,buy_yes,0.39,0.4,50.323,-0.5032,-1,0.395,0.38,closed,opposite_fill
2881,Will the Moderate Party (M) win the second most seats in the 2026 Swedish parliamentary election?,2026-06-07T16:34:00+00:00,2026-06-07T16:38:00+00:00,0.0667,buy_yes,sell_yes,0.4,0.39,11.645,-0.1165,-1,0.38,0.4,closed,opposite_fill
2882,Will the Moderate Party (M) win the second most seats in the 2026 Swedish parliamentary election?,2026-06-07T16:38:00+00:00,2026-06-07T17:10:00+00:00,0.5333,sell_yes,buy_yes,0.39,0.39,50.323,0,0,0.4,0.375,closed,opposite_fill
2883,Will the Moderate Party (M) win the second most seats in the 2026 Swedish parliamentary election?,2026-06-07T17:10:00+00:00,2026-06-07T17:14:00+00:00,0.0667,buy_yes,sell_yes,0.39,0.38,11.645,-0.1165,-1,0.375,0.405,closed,opposite_fill
2884,Will the Moderate Party (M) win the second most seats in the 2026 Swedish parliamentary election?,2026-06-07T17:14:00+00:00,2026-06-07T17:48:00+00:00,0.5667,sell_yes,buy_yes,0.38,0.4,50.323,-1.0065,-2,0.405,0.385,closed,opposite_fill
2885,Will the Moderate Party (M) win the second most seats in the 2026 Swedish parliamentary election?,2026-06-07T17:48:00+00:00,2026-06-07T17:58:00+00:00,0.1667,buy_yes,sell_yes,0.4,0.38,15.3631,-0.3073,-2,0.385,0.405,closed,opposite_fill
2886,Will the Moderate Party (M) win the second most seats in the 2026 Swedish parliamentary election?,2026-06-07T17:58:00+00:00,2026-06-07T18:00:00+00:00,0.0333,sell_yes,buy_yes,0.38,0.4,46.6049,-0.9321,-2,0.405,0.39,closed,opposite_fill
2887,Will the Moderate Party (M) win the second most seats in the 2026 Swedish parliamentary election?,2026-06-07T18:00:00+00:00,2026-06-07T18:05:00+00:00,0.0833,buy_yes,sell_yes,0.4,0.38,15.3631,-0.3073,-2,0.39,0.405,closed,opposite_fill
2888,Will the Moderate Party (M) win the third most seats in the 2026 Swedish parliamentary election?,2026-06-07T06:19:00+00:00,2026-06-07T18:10:00+00:00,11.85,buy_yes,sell_yes,0.55,0.65,2.41675,0.2417,10,0.545,0.675,closed,opposite_fill
2889,Will the Moderate Party (M) win the third most seats in the 2026 Swedish parliamentary election?,2026-06-07T12:48:00+00:00,2026-06-07T18:10:00+00:00,5.3667,buy_yes,sell_yes,0.6,0.65,45.4535,2.2727,5,0.595,0.675,closed,opposite_fill
2890,Will the Moderate Party (M) win the second most seats in the 2026 Swedish parliamentary election?,2026-06-07T18:05:00+00:00,2026-06-07T18:15:00+00:00,0.1667,sell_yes,buy_yes,0.38,0.4,46.6049,-0.9321,-2,0.405,0.39,closed,opposite_fill
2891,Will the Moderate Party (M) win the second most seats in the 2026 Swedish parliamentary election?,2026-06-07T18:15:00+00:00,2026-06-07T18:21:00+00:00,0.1,buy_yes,sell_yes,0.4,0.37,15.3631,-0.4609,-3,0.39,0.4,closed,opposite_fill
2892,Will the Moderate Party (M) win the second most seats in the 2026 Swedish parliamentary election?,2026-06-07T18:21:00+00:00,2026-06-07T18:29:00+00:00,0.1333,sell_yes,buy_yes,0.37,0.4,50.323,-1.5097,-3,0.4,0.355,closed,opposite_fill
2893,Will the Moderate Party (M) win the second most seats in the 2026 Swedish parliamentary election?,2026-06-07T18:29:00+00:00,2026-06-07T18:34:00+00:00,0.0833,buy_yes,sell_yes,0.4,0.36,11.645,-0.4658,-4,0.355,0.395,closed,opposite_fill
2894,Will the Moderate Party (M) win the second most seats in the 2026 Swedish parliamentary election?,2026-06-07T18:34:00+00:00,2026-06-07T18:42:00+00:00,0.1333,sell_yes,buy_yes,0.36,0.4,50.323,-2.0129,-4,0.395,0.385,closed,opposite_fill
2895,Will the Moderate Party (M) win the second most seats in the 2026 Swedish parliamentary election?,2026-06-07T18:42:00+00:00,2026-06-07T18:45:00+00:00,0.05,buy_yes,sell_yes,0.4,0.39,11.645,-0.1165,-1,0.385,0.4,closed,opposite_fill
2896,Will the Moderate Party (M) win the second most seats in the 2026 Swedish parliamentary election?,2026-06-07T18:45:00+00:00,2026-06-07T18:50:00+00:00,0.0833,sell_yes,buy_yes,0.39,0.4,50.323,-0.5032,-1,0.4,0.395,closed,opposite_fill
2897,Will the Moderate Party (M) win the second most seats in the 2026 Swedish parliamentary election?,2026-06-07T18:50:00+00:00,2026-06-07T18:55:00+00:00,0.0833,buy_yes,sell_yes,0.4,0.4,11.645,0,0,0.395,0.405,closed,opposite_fill
2898,Will the Moderate Party (M) win the second most seats in the 2026 Swedish parliamentary election?,2026-06-07T18:55:00+00:00,2026-06-07T19:01:00+00:00,0.1,sell_yes,buy_yes,0.4,0.4,50.323,0,0,0.405,0.39,closed,opposite_fill
2899,Will the Moderate Party (M) win the second most seats in the 2026 Swedish parliamentary election?,2026-06-07T19:01:00+00:00,2026-06-07T19:11:00+00:00,0.1667,buy_yes,sell_yes,0.4,0.4,11.645,0,0,0.39,0.405,closed,opposite_fill
2900,Will the Moderate Party (M) win the second most seats in the 2026 Swedish parliamentary election?,2026-06-07T19:11:00+00:00,2026-06-07T19:13:00+00:00,0.0333,sell_yes,buy_yes,0.4,0.39,50.323,0.5032,1,0.405,0.385,closed,opposite_fill
2901,Will the Moderate Party (M) win the second most seats in the 2026 Swedish parliamentary election?,2026-06-07T19:13:00+00:00,2026-06-07T19:29:00+00:00,0.2667,buy_yes,sell_yes,0.39,0.38,15.3631,-0.1536,-1,0.385,0.4,closed,opposite_fill
2902,Will the Sweden Democrats (SD) win the second most seats in the 2026 Swedish parliamentary election?,2026-06-07T11:46:00+00:00,2026-06-07T19:31:00+00:00,7.75,sell_yes,buy_yes,0.54,0.52,5.13095,0.1026,2,0.555,0.515,closed,opposite_fill
2903,Will the Moderate Party (M) win the second most seats in the 2026 Swedish parliamentary election?,2026-06-07T19:29:00+00:00,2026-06-07T19:32:00+00:00,0.05,sell_yes,buy_yes,0.38,0.39,46.6049,-0.466,-1,0.4,0.385,closed,opposite_fill
2904,Will the Moderate Party (M) win the second most seats in the 2026 Swedish parliamentary election?,2026-06-07T19:32:00+00:00,2026-06-07T19:33:00+00:00,0.0167,buy_yes,sell_yes,0.39,0.39,15.3631,0,0,0.385,0.395,closed,opposite_fill
2905,Will the Moderate Party (M) win the second most seats in the 2026 Swedish parliamentary election?,2026-06-07T19:33:00+00:00,2026-06-07T19:34:00+00:00,0.0167,sell_yes,buy_yes,0.39,0.39,52.182,0,0,0.395,0.385,closed,opposite_fill
2906,Will the Moderate Party (M) win the second most seats in the 2026 Swedish parliamentary election?,2026-06-07T19:34:00+00:00,2026-06-07T19:35:00+00:00,0.0167,buy_yes,sell_yes,0.39,0.39,9.78599,0,0,0.385,0.4,closed,opposite_fill
2907,Will the Moderate Party (M) win the second most seats in the 2026 Swedish parliamentary election?,2026-06-07T19:35:00+00:00,2026-06-07T19:42:00+00:00,0.1167,sell_yes,buy_yes,0.39,0.4,55.9001,-0.559,-1,0.4,0.395,closed,opposite_fill
2908,Will the Sweden Democrats (SD) win the second most seats in the 2026 Swedish parliamentary election?,2026-06-07T19:31:00+00:00,2026-06-07T22:16:00+00:00,2.75,buy_yes,sell_yes,0.52,0.53,56.837,0.5684,1,0.515,0.54,closed,opposite_fill
2909,Will the Moderate Party (M) win the second most seats in the 2026 Swedish parliamentary election?,2026-06-07T19:42:00+00:00,2026-06-07T23:23:00+00:00,3.6833,buy_yes,sell_yes,0.4,0.41,6.06791,0.0607,1,0.395,0.41,closed,opposite_fill
2910,Will Édouard Philippe win the 2027 French presidential election?,2026-06-03T00:07:00+00:00,2026-06-08T00:00:00+00:00,119.883,sell_yes,buy_yes,0.12,0.13,1.5492,-0.0155,-1,0.165,0.105,closed,opposite_fill
2911,Will there be no change in Fed interest rates after the September 2026 meeting?,2026-06-07T00:15:00+00:00,2026-06-08T00:00:00+00:00,23.75,sell_yes,buy_yes,0.54,0.78,43.9973,-10.5593,-24,0.755,0.445,closed,opposite_fill
2912,Will Édouard Philippe win the 2027 French presidential election?,2026-06-08T00:00:00+00:00,2026-06-08T00:02:00+00:00,0.0333,buy_yes,sell_yes,0.13,0.11,50.0908,-1.0018,-2,0.105,0.115,closed,opposite_fill
2913,Will the Moderate Party (M) win the second most seats in the 2026 Swedish parliamentary election?,2026-06-07T23:23:00+00:00,2026-06-08T00:02:00+00:00,0.65,sell_yes,buy_yes,0.41,0.38,55.9001,1.677,3,0.41,0.375,closed,opposite_fill
2914,Will Kimi Antonelli be the 2026 F1 Drivers' Champion?,2026-06-07T13:32:00+00:00,2026-06-08T00:09:00+00:00,10.6167,buy_yes,sell_yes,0.63,0.71,49.626,3.9701,8,0.6265,0.714,closed,opposite_fill
2915,Will the Sweden Democrats (SD) win the second most seats in the 2026 Swedish parliamentary election?,2026-06-07T22:16:00+00:00,2026-06-08T00:13:00+00:00,1.95,sell_yes,buy_yes,0.53,0.54,5.13095,-0.0513,-1,0.54,0.535,closed,opposite_fill
2916,Will the Sweden Democrats (SD) win the second most seats in the 2026 Swedish parliamentary election?,2026-06-07T22:28:00+00:00,2026-06-08T00:13:00+00:00,1.75,sell_yes,buy_yes,0.55,0.54,58.6961,0.587,1,0.555,0.535,closed,opposite_fill
2917,Will the Sweden Democrats (SD) win the third most seats in the 2026 Swedish parliamentary election?,2026-06-07T09:52:00+00:00,2026-06-08T01:12:00+00:00,15.3333,buy_yes,sell_yes,0.31,0.21,10.1318,-1.0132,-10,0.27,0.22,closed,opposite_fill
2918,Will the Sweden Democrats (SD) win the third most seats in the 2026 Swedish parliamentary election?,2026-06-08T01:12:00+00:00,2026-06-08T01:13:00+00:00,0.0167,sell_yes,buy_yes,0.21,0.21,36.3442,0,0,0.22,0.205,closed,opposite_fill
2919,Will there be no change in Fed interest rates after the September 2026 meeting?,2026-06-08T00:00:00+00:00,2026-06-08T01:21:00+00:00,1.35,buy_yes,sell_yes,0.78,0.79,59.2827,0.5928,1,0.445,0.795,closed,opposite_fill
2920,Iran leadership change by December 31?,2026-06-07T19:32:00+00:00,2026-06-08T03:01:00+00:00,7.4833,sell_yes,buy_yes,0.29,0.31,103.28,-2.0656,-2,0.305,0.305,closed,opposite_fill
2921,Will the Sweden Democrats (SD) win the second most seats in the 2026 Swedish parliamentary election?,2026-06-07T22:28:00+00:00,2026-06-08T04:03:00+00:00,5.5833,sell_yes,buy_yes,0.55,0.51,3.27191,0.1309,4,0.555,0.505,closed,opposite_fill
2922,Will the Sweden Democrats (SD) win the third most seats in the 2026 Swedish parliamentary election?,2026-06-08T01:13:00+00:00,2026-06-08T05:55:00+00:00,4.7,buy_yes,sell_yes,0.21,0.2,10.1318,-0.1013,-1,0.205,0.21,closed,opposite_fill
2923,Will there be no change in Fed interest rates after the September 2026 meeting?,2026-06-08T01:21:00+00:00,2026-06-08T06:15:00+00:00,4.9,sell_yes,buy_yes,0.79,0.79,43.9973,0,0,0.795,0.76,closed,opposite_fill
2924,Bab el-Mandeb Strait effectively closed by September 30?,2026-06-04T07:09:00+00:00,2026-06-08T06:22:00+00:00,95.2167,sell_yes,buy_yes,0.17,0.28,6.1968,-0.6816,-11,0.18,0.265,closed,opposite_fill
2925,Bab el-Mandeb Strait effectively closed by September 30?,2026-06-08T06:22:00+00:00,2026-06-08T06:29:00+00:00,0.1167,buy_yes,sell_yes,0.28,0.31,97.0832,2.9125,3,0.265,0.31,closed,opposite_fill
2926,Fed Rate Hike by October 2026 Meeting?,2026-06-05T01:30:00+00:00,2026-06-08T08:37:00+00:00,79.1167,sell_yes,buy_yes,0.26,0.39,35.1235,-4.5661,-13,0.49,0.385,closed,opposite_fill
2927,Fed Rate Hike by October 2026 Meeting?,2026-06-08T08:37:00+00:00,2026-06-08T11:24:00+00:00,2.7833,buy_yes,sell_yes,0.39,0.39,71.2549,0,0,0.385,0.415,closed,opposite_fill
2928,Fed Rate Hike by October 2026 Meeting?,2026-06-08T11:24:00+00:00,2026-06-08T11:30:00+00:00,0.1,sell_yes,buy_yes,0.39,0.55,103.28,-16.5248,-16,0.415,0.545,closed,opposite_fill
2929,Fed Rate Hike by October 2026 Meeting?,2026-06-08T11:24:00+00:00,2026-06-08T11:46:00+00:00,0.3667,sell_yes,buy_yes,0.39,0.54,15.5003,-2.325,-15,0.415,0.53,closed,opposite_fill
2930,Fed Rate Hike by October 2026 Meeting?,2026-06-08T11:46:00+00:00,2026-06-08T11:52:00+00:00,0.1,buy_yes,sell_yes,0.54,0.53,100.173,-1.0017,-1,0.53,0.56,closed,opposite_fill
2931,Will the Sweden Democrats (SD) win the second most seats in the 2026 Swedish parliamentary election?,2026-06-08T04:03:00+00:00,2026-06-08T13:32:00+00:00,9.4833,buy_yes,sell_yes,0.51,0.54,58.6961,1.7609,3,0.505,0.555,closed,opposite_fill
2932,Will the Sweden Democrats (SD) win the second most seats in the 2026 Swedish parliamentary election?,2026-06-08T13:32:00+00:00,2026-06-08T14:24:00+00:00,0.8667,sell_yes,buy_yes,0.54,0.51,3.27191,0.0982,3,0.555,0.5,closed,opposite_fill
2933,Will the Sweden Democrats (SD) win the second most seats in the 2026 Swedish parliamentary election?,2026-06-08T14:24:00+00:00,2026-06-08T15:01:00+00:00,0.6167,buy_yes,sell_yes,0.51,0.59,58.6961,4.6957,8,0.5,0.645,closed,opposite_fill
2934,Will the Moderate Party (M) win the second most seats in the 2026 Swedish parliamentary election?,2026-06-08T00:02:00+00:00,2026-06-08T15:03:00+00:00,15.0167,buy_yes,sell_yes,0.38,0.42,6.06791,0.2427,4,0.375,0.42,closed,opposite_fill
2935,Will the Moderate Party (M) win the second most seats in the 2026 Swedish parliamentary election?,2026-06-08T01:20:00+00:00,2026-06-08T15:03:00+00:00,13.7167,buy_yes,sell_yes,0.37,0.42,55.9001,2.795,5,0.365,0.42,closed,opposite_fill
2936,Will the Sweden Democrats (SD) win the third most seats in the 2026 Swedish parliamentary election?,2026-06-08T05:55:00+00:00,2026-06-08T15:34:00+00:00,9.65,sell_yes,buy_yes,0.2,0.22,36.3442,-0.7269,-2,0.21,0.215,closed,opposite_fill
2937,Will the Sweden Democrats (SD) win the third most seats in the 2026 Swedish parliamentary election?,2026-06-08T15:34:00+00:00,2026-06-08T17:39:00+00:00,2.0833,buy_yes,sell_yes,0.22,0.22,11.526,0,0,0.215,0.225,closed,opposite_fill
2938,Fed Rate Hike by October 2026 Meeting?,2026-06-08T11:52:00+00:00,2026-06-08T18:44:00+00:00,6.8667,sell_yes,buy_yes,0.53,0.47,3.10666,0.1864,6,0.56,0.455,closed,opposite_fill
2939,Will the Sweden Democrats (SD) win the third most seats in the 2026 Swedish parliamentary election?,2026-06-08T17:39:00+00:00,2026-06-08T22:34:00+00:00,4.9167,sell_yes,buy_yes,0.22,0.22,34.95,0,0,0.225,0.215,closed,opposite_fill
2940,Will Édouard Philippe win the 2027 French presidential election?,2026-06-08T00:02:00+00:00,2026-06-09T00:00:00+00:00,23.9667,sell_yes,buy_yes,0.11,0.14,1.5492,-0.0465,-3,0.115,0.115,closed,opposite_fill
2941,Will the Sweden Democrats (SD) win the third most seats in the 2026 Swedish parliamentary election?,2026-06-08T22:34:00+00:00,2026-06-09T00:06:00+00:00,1.5333,buy_yes,sell_yes,0.22,0.22,11.526,0,0,0.215,0.23,closed,opposite_fill
2942,Will the Moderate Party (M) win the third most seats in the 2026 Swedish parliamentary election?,2026-06-07T12:48:00+00:00,2026-06-09T00:06:00+00:00,35.3,buy_yes,sell_yes,0.6,0.49,1.02247,-0.1125,-11,0.595,0.665,closed,opposite_fill
2943,Will the Fed increase interest rates by 25 bps after the September 2026 meeting?,2026-06-08T06:15:00+00:00,2026-06-09T00:11:00+00:00,17.9333,sell_yes,buy_yes,0.18,0.2,103.28,-2.0656,-2,0.185,0.195,closed,opposite_fill
2944,Bab el-Mandeb Strait effectively closed by September 30?,2026-06-08T06:29:00+00:00,2026-06-09T03:21:00+00:00,20.8667,sell_yes,buy_yes,0.31,0.34,6.1968,-0.1859,-3,0.31,0.315,closed,opposite_fill
2945,Will the Sweden Democrats (SD) win the third most seats in the 2026 Swedish parliamentary election?,2026-06-09T00:06:00+00:00,2026-06-09T03:26:00+00:00,3.3333,sell_yes,buy_yes,0.22,0.23,34.95,-0.3495,-1,0.23,0.22,closed,opposite_fill
2946,Clarity Act (H.R.3633) signed into law in 2026?,2026-06-07T00:05:00+00:00,2026-06-09T03:57:00+00:00,51.8667,sell_yes,buy_yes,0.5,0.47,3.0984,0.093,3,0.505,0.465,closed,opposite_fill
2947,Clarity Act (H.R.3633) signed into law in 2026?,2026-06-08T02:25:00+00:00,2026-06-09T03:57:00+00:00,25.5333,sell_yes,buy_yes,0.49,0.47,48.5416,0.9708,2,0.495,0.465,closed,opposite_fill
2948,Will the Sweden Democrats (SD) win the third most seats in the 2026 Swedish parliamentary election?,2026-06-09T03:26:00+00:00,2026-06-09T04:14:00+00:00,0.8,buy_yes,sell_yes,0.23,0.23,11.526,0,0,0.22,0.235,closed,opposite_fill
2949,Will the Sweden Democrats (SD) win the second most seats in the 2026 Swedish parliamentary election?,2026-06-08T15:01:00+00:00,2026-06-09T05:18:00+00:00,14.2833,sell_yes,buy_yes,0.59,0.56,3.27191,0.0982,3,0.645,0.495,closed,opposite_fill
2950,Will the Sweden Democrats (SD) win the second most seats in the 2026 Swedish parliamentary election?,2026-06-09T05:18:00+00:00,2026-06-09T06:02:00+00:00,0.7333,buy_yes,sell_yes,0.56,0.52,58.6961,-2.3478,-4,0.495,0.555,closed,opposite_fill
2951,Will the Sweden Democrats (SD) win the third most seats in the 2026 Swedish parliamentary election?,2026-06-09T04:14:00+00:00,2026-06-09T07:20:00+00:00,3.1,sell_yes,buy_yes,0.23,0.22,34.95,0.3495,1,0.235,0.215,closed,opposite_fill
2952,Will the Sweden Democrats (SD) win the third most seats in the 2026 Swedish parliamentary election?,2026-06-09T07:20:00+00:00,2026-06-09T10:00:00+00:00,2.6667,buy_yes,sell_yes,0.22,0.22,11.526,0,0,0.215,0.225,closed,opposite_fill
2953,Will Marine Le Pen win the 2027 French presidential election?,2026-06-03T00:04:00+00:00,2026-06-09T14:58:00+00:00,158.9,buy_yes,sell_yes,0.09,0.06,40,-1.2,-3,0.075,0.06,closed,opposite_fill
2954,Will the Sweden Democrats (SD) win the third most seats in the 2026 Swedish parliamentary election?,2026-06-09T10:00:00+00:00,2026-06-09T22:16:00+00:00,12.2667,sell_yes,buy_yes,0.22,0.23,34.95,-0.3495,-1,0.225,0.225,closed,opposite_fill
2955,Will Harry Kane win the 2026 Ballon d'Or?,2026-06-06T23:20:00+00:00,2026-06-10T00:00:00+00:00,72.6667,buy_yes,sell_yes,0.3,0.29,0.92952,-0.0093,-1,0.2715,0.299,closed,opposite_fill
2956,Will there be no change in Fed interest rates after the September 2026 meeting?,2026-06-08T06:15:00+00:00,2026-06-10T00:00:00+00:00,41.75,buy_yes,sell_yes,0.79,0.74,59.2827,-2.9641,-5,0.76,0.76,closed,opposite_fill
2957,Will there be no change in Fed interest rates after the September 2026 meeting?,2026-06-10T00:00:00+00:00,2026-06-10T00:01:00+00:00,0.0167,sell_yes,buy_yes,0.74,0.75,43.9973,-0.44,-1,0.76,0.71,closed,opposite_fill
2958,Will there be no change in Fed interest rates after the September 2026 meeting?,2026-06-10T00:01:00+00:00,2026-06-10T00:03:00+00:00,0.0333,buy_yes,sell_yes,0.75,0.71,59.2827,-2.3713,-4,0.71,0.735,closed,opposite_fill
2959,Will Édouard Philippe win the 2027 French presidential election?,2026-06-09T00:00:00+00:00,2026-06-10T00:06:00+00:00,24.1,buy_yes,sell_yes,0.14,0.12,50.0908,-1.0018,-2,0.115,0.15,closed,opposite_fill
2960,Will Harry Kane win the 2026 Ballon d'Or?,2026-06-10T00:00:00+00:00,2026-06-10T00:08:00+00:00,0.1333,sell_yes,buy_yes,0.29,0.29,24.9679,0,0,0.299,0.2615,closed,opposite_fill
2961,Fed Rate Hike by October 2026 Meeting?,2026-06-08T18:44:00+00:00,2026-06-10T00:14:00+00:00,29.5,buy_yes,sell_yes,0.47,0.4,100.173,-7.0121,-7,0.455,0.56,closed,opposite_fill
2962,Bab el-Mandeb Strait effectively closed by September 30?,2026-06-09T03:21:00+00:00,2026-06-10T00:33:00+00:00,21.2,buy_yes,sell_yes,0.34,0.23,100.182,-11.02,-11,0.315,0.235,closed,opposite_fill
2963,Fed Rate Hike by October 2026 Meeting?,2026-06-10T00:14:00+00:00,2026-06-10T00:58:00+00:00,0.7333,sell_yes,buy_yes,0.4,0.52,3.10666,-0.3728,-12,0.56,0.455,closed,opposite_fill
2964,Will the Moderate Party (M) win the third most seats in the 2026 Swedish parliamentary election?,2026-06-09T00:06:00+00:00,2026-06-10T01:17:00+00:00,25.1833,sell_yes,buy_yes,0.49,0.65,45.4535,-7.2726,-16,0.665,0.645,closed,opposite_fill
2965,Bab el-Mandeb Strait effectively closed by September 30?,2026-06-10T00:33:00+00:00,2026-06-10T03:14:00+00:00,2.6833,sell_yes,buy_yes,0.23,0.29,9.2952,-0.5577,-6,0.235,0.285,closed,opposite_fill
2966,Will the Sweden Democrats (SD) win the third most seats in the 2026 Swedish parliamentary election?,2026-06-09T22:16:00+00:00,2026-06-10T03:58:00+00:00,5.7,buy_yes,sell_yes,0.23,0.23,11.526,0,0,0.225,0.235,closed,opposite_fill
2967,Will the Sweden Democrats (SD) win the second most seats in the 2026 Swedish parliamentary election?,2026-06-09T06:02:00+00:00,2026-06-10T04:32:00+00:00,22.5,sell_yes,buy_yes,0.52,0.56,3.27191,-0.1309,-4,0.555,0.5,closed,opposite_fill
2968,Will the Sweden Democrats (SD) win the second most seats in the 2026 Swedish parliamentary election?,2026-06-10T04:32:00+00:00,2026-06-10T04:45:00+00:00,0.2167,buy_yes,sell_yes,0.56,0.55,58.6961,-0.587,-1,0.5,0.595,closed,opposite_fill
2969,Will the Sweden Democrats (SD) win the third most seats in the 2026 Swedish parliamentary election?,2026-06-10T03:58:00+00:00,2026-06-10T07:09:00+00:00,3.1833,sell_yes,buy_yes,0.23,0.22,34.95,0.3495,1,0.235,0.21,closed,opposite_fill
2970,Bab el-Mandeb Strait effectively closed by September 30?,2026-06-10T03:14:00+00:00,2026-06-10T11:42:00+00:00,8.4667,buy_yes,sell_yes,0.29,0.27,93.9848,-1.8797,-2,0.285,0.275,closed,opposite_fill
2971,Will there be no change in Fed interest rates after the September 2026 meeting?,2026-06-10T00:03:00+00:00,2026-06-10T12:11:00+00:00,12.1333,sell_yes,buy_yes,0.71,0.72,43.9973,-0.44,-1,0.735,0.705,closed,opposite_fill
2972,Fed Rate Hike by October 2026 Meeting?,2026-06-10T00:58:00+00:00,2026-06-10T12:39:00+00:00,11.6833,buy_yes,sell_yes,0.52,0.41,103.28,-11.3608,-11,0.455,0.445,closed,opposite_fill
2973,Will there be no change in Fed interest rates after the September 2026 meeting?,2026-06-10T12:11:00+00:00,2026-06-10T13:18:00+00:00,1.1167,buy_yes,sell_yes,0.72,0.7,59.2827,-1.1857,-2,0.705,0.705,closed,opposite_fill
2974,Will there be no change in Fed interest rates after the September 2026 meeting?,2026-06-10T13:18:00+00:00,2026-06-10T14:38:00+00:00,1.3333,sell_yes,buy_yes,0.7,0.74,47.0957,-1.8838,-4,0.705,0.725,closed,opposite_fill
2975,Will there be no change in Fed interest rates after the September 2026 meeting?,2026-06-10T14:38:00+00:00,2026-06-10T15:06:00+00:00,0.4667,buy_yes,sell_yes,0.74,0.73,59.2827,-0.5928,-1,0.725,0.735,closed,opposite_fill
2976,Will the Sweden Democrats (SD) win the third most seats in the 2026 Swedish parliamentary election?,2026-06-10T07:09:00+00:00,2026-06-10T15:54:00+00:00,8.75,buy_yes,sell_yes,0.22,0.23,11.526,0.1153,1,0.21,0.235,closed,opposite_fill
2977,Will the Sweden Democrats (SD) win the third most seats in the 2026 Swedish parliamentary election?,2026-06-10T15:54:00+00:00,2026-06-10T15:55:00+00:00,0.0167,sell_yes,buy_yes,0.23,0.23,34.95,0,0,0.235,0.225,closed,opposite_fill
2978,Will the Sweden Democrats (SD) win the third most seats in the 2026 Swedish parliamentary election?,2026-06-10T15:55:00+00:00,2026-06-10T19:35:00+00:00,3.6667,buy_yes,sell_yes,0.23,0.22,12.9203,-0.1292,-1,0.225,0.225,closed,opposite_fill
2979,Will the Sweden Democrats (SD) win the third most seats in the 2026 Swedish parliamentary election?,2026-06-10T19:35:00+00:00,2026-06-10T20:52:00+00:00,1.2833,sell_yes,buy_yes,0.22,0.34,33.5557,-4.0267,-12,0.225,0.31,closed,opposite_fill
2980,Will the Sweden Democrats (SD) win the third most seats in the 2026 Swedish parliamentary election?,2026-06-10T20:52:00+00:00,2026-06-10T20:59:00+00:00,0.1167,buy_yes,sell_yes,0.34,0.32,12.9203,-0.2584,-2,0.31,0.345,closed,opposite_fill
2981,Will the Sweden Democrats (SD) win the third most seats in the 2026 Swedish parliamentary election?,2026-06-10T20:59:00+00:00,2026-06-10T21:00:00+00:00,0.0167,sell_yes,buy_yes,0.32,0.34,33.5557,-0.6711,-2,0.345,0.335,closed,opposite_fill
2982,Will the Sweden Democrats (SD) win the third most seats in the 2026 Swedish parliamentary election?,2026-06-10T21:00:00+00:00,2026-06-10T21:11:00+00:00,0.1833,buy_yes,sell_yes,0.34,0.32,19.8917,-0.3978,-2,0.335,0.365,closed,opposite_fill
2983,Will the Sweden Democrats (SD) win the third most seats in the 2026 Swedish parliamentary election?,2026-06-10T21:11:00+00:00,2026-06-10T21:14:00+00:00,0.05,sell_yes,buy_yes,0.32,0.35,26.5843,-0.7975,-3,0.365,0.325,closed,opposite_fill
2984,Will the Sweden Democrats (SD) win the third most seats in the 2026 Swedish parliamentary election?,2026-06-10T21:14:00+00:00,2026-06-10T21:17:00+00:00,0.05,buy_yes,sell_yes,0.35,0.3,24.0746,-1.2037,-5,0.325,0.325,closed,opposite_fill
2985,Will the Sweden Democrats (SD) win the third most seats in the 2026 Swedish parliamentary election?,2026-06-10T21:17:00+00:00,2026-06-10T21:31:00+00:00,0.2333,sell_yes,buy_yes,0.3,0.36,22.4014,-1.3441,-6,0.325,0.355,closed,opposite_fill
2986,Will the Sweden Democrats (SD) win the third most seats in the 2026 Swedish parliamentary election?,2026-06-10T21:31:00+00:00,2026-06-10T21:43:00+00:00,0.2,buy_yes,sell_yes,0.36,0.32,35.2288,-1.4092,-4,0.355,0.365,closed,opposite_fill
2987,Will the Sweden Democrats (SD) win the third most seats in the 2026 Swedish parliamentary election?,2026-06-10T21:43:00+00:00,2026-06-10T21:52:00+00:00,0.15,sell_yes,buy_yes,0.32,0.35,11.2472,-0.3374,-3,0.365,0.345,closed,opposite_fill
2988,Will the Sweden Democrats (SD) win the third most seats in the 2026 Swedish parliamentary election?,2026-06-10T21:52:00+00:00,2026-06-10T21:54:00+00:00,0.0333,buy_yes,sell_yes,0.35,0.34,39.4116,-0.3941,-1,0.345,0.35,closed,opposite_fill
2989,Bab el-Mandeb Strait effectively closed by September 30?,2026-06-10T11:42:00+00:00,2026-06-10T21:55:00+00:00,10.2167,sell_yes,buy_yes,0.27,0.34,9.2952,-0.6507,-7,0.275,0.335,closed,opposite_fill
2990,Will the Moderate Party (M) win the second most seats in the 2026 Swedish parliamentary election?,2026-06-08T01:20:00+00:00,2026-06-10T22:14:00+00:00,68.9,buy_yes,sell_yes,0.37,0.3,6.06791,-0.4248,-7,0.365,0.305,closed,opposite_fill
2991,Bab el-Mandeb Strait effectively closed by September 30?,2026-06-10T21:55:00+00:00,2026-06-10T22:52:00+00:00,0.95,buy_yes,sell_yes,0.34,0.32,106.378,-2.1276,-2,0.335,0.335,closed,opposite_fill
2992,Will the Sweden Democrats (SD) win the second most seats in the 2026 Swedish parliamentary election?,2026-06-10T04:45:00+00:00,2026-06-10T23:01:00+00:00,18.2667,sell_yes,buy_yes,0.55,0.59,3.27191,-0.1309,-4,0.595,0.565,closed,opposite_fill
2993,Will the Sweden Democrats (SD) win the third most seats in the 2026 Swedish parliamentary election?,2026-06-10T21:54:00+00:00,2026-06-10T23:19:00+00:00,1.4167,sell_yes,buy_yes,0.34,0.32,7.06435,0.1413,2,0.35,0.315,closed,opposite_fill
2994,Will the Sweden Democrats (SD) win the third most seats in the 2026 Swedish parliamentary election?,2026-06-10T22:30:00+00:00,2026-06-10T23:19:00+00:00,0.8167,sell_yes,buy_yes,0.34,0.32,40.8059,0.8161,2,0.365,0.315,closed,opposite_fill
2995,Will the Sweden Democrats (SD) win the third most seats in the 2026 Swedish parliamentary election?,2026-06-10T22:30:00+00:00,2026-06-10T23:42:00+00:00,1.2,sell_yes,buy_yes,0.34,0.28,5.67007,0.3402,6,0.365,0.26,closed,opposite_fill
2996,Will the Sweden Democrats (SD) win the third most seats in the 2026 Swedish parliamentary election?,2026-06-10T23:42:00+00:00,2026-06-10T23:51:00+00:00,0.15,buy_yes,sell_yes,0.28,0.3,40.8059,0.8161,2,0.26,0.315,closed,opposite_fill
2997,Will there be no change in Fed interest rates after the September 2026 meeting?,2026-06-10T15:06:00+00:00,2026-06-11T00:00:00+00:00,8.9,sell_yes,buy_yes,0.73,0.74,43.9973,-0.44,-1,0.735,0.7,closed,opposite_fill
2998,Will Kimi Antonelli be the 2026 F1 Drivers' Champion?,2026-06-08T00:09:00+00:00,2026-06-11T00:00:00+00:00,71.85,sell_yes,buy_yes,0.71,0.67,2.63364,0.1053,4,0.714,0.4515,closed,opposite_fill
2999,Will there be no change in Fed interest rates after the September 2026 meeting?,2026-06-11T00:00:00+00:00,2026-06-11T00:10:00+00:00,0.1667,buy_yes,sell_yes,0.74,0.71,59.2827,-1.7785,-3,0.7,0.745,closed,opposite_fill
3000,Will the Moderate Party (M) win the second most seats in the 2026 Swedish parliamentary election?,2026-06-10T22:14:00+00:00,2026-06-11T00:27:00+00:00,2.2167,sell_yes,buy_yes,0.3,0.27,55.9001,1.677,3,0.305,0.26,closed,opposite_fill
3001,Will the Sweden Democrats (SD) win the third most seats in the 2026 Swedish parliamentary election?,2026-06-10T23:51:00+00:00,2026-06-11T00:33:00+00:00,0.7,sell_yes,buy_yes,0.3,0.26,5.67007,0.2268,4,0.315,0.25,closed,opposite_fill
3002,Will the Sweden Democrats (SD) win the third most seats in the 2026 Swedish parliamentary election?,2026-06-11T00:33:00+00:00,2026-06-11T01:10:00+00:00,0.6167,buy_yes,sell_yes,0.26,0.3,40.8059,1.6322,4,0.25,0.305,closed,opposite_fill
3003,Will the Sweden Democrats (SD) win the third most seats in the 2026 Swedish parliamentary election?,2026-06-11T01:10:00+00:00,2026-06-11T01:14:00+00:00,0.0667,sell_yes,buy_yes,0.3,0.27,5.67007,0.1701,3,0.305,0.26,closed,opposite_fill
3004,Will the U.S. invade Iran before 2027?,2026-06-10T23:24:00+00:00,2026-06-11T02:50:00+00:00,3.4333,buy_yes,sell_yes,0.2,0.2,103.28,0,0,0.195,0.205,closed,opposite_fill
3005,Will the Sweden Democrats (SD) win the third most seats in the 2026 Swedish parliamentary election?,2026-06-11T01:14:00+00:00,2026-06-11T03:04:00+00:00,1.8333,buy_yes,sell_yes,0.27,0.3,40.8059,1.2242,3,0.26,0.305,closed,opposite_fill
3006,Will the Sweden Democrats (SD) win the third most seats in the 2026 Swedish parliamentary election?,2026-06-11T03:04:00+00:00,2026-06-11T03:11:00+00:00,0.1167,sell_yes,buy_yes,0.3,0.27,5.67007,0.1701,3,0.305,0.26,closed,opposite_fill
3007,Will the Sweden Democrats (SD) win the third most seats in the 2026 Swedish parliamentary election?,2026-06-11T03:11:00+00:00,2026-06-11T03:25:00+00:00,0.2333,buy_yes,sell_yes,0.27,0.3,21.5649,0.6469,3,0.26,0.305,closed,opposite_fill
3008,Will Harry Kane win the 2026 Ballon d'Or?,2026-06-10T00:08:00+00:00,2026-06-18T00:00:00+00:00,191.867,buy_yes,sell_yes,0.29,0.29,0.85206,0,0,0.2615,0.3005,closed,opposite_fill
3009,Will Benjamin Netanyahu be the next Prime Minister of Israel?,2026-06-10T21:56:00+00:00,2026-06-18T00:00:00+00:00,170.067,sell_yes,buy_yes,0.38,0.39,51.64,-0.5164,-1,0.395,0.335,closed,opposite_fill
3010,Will the Sweden Democrats (SD) win the third most seats in the 2026 Swedish parliamentary election?,2026-06-11T03:11:00+00:00,2026-06-18T00:00:00+00:00,164.817,buy_yes,sell_yes,0.27,0.29,20.6353,0.4127,2,0.26,0.325,closed,opposite_fill
3011,Bab el-Mandeb Strait effectively closed by September 30?,2026-06-10T22:52:00+00:00,2026-06-18T00:00:00+00:00,169.133,sell_yes,buy_yes,0.32,0.31,6.1968,0.062,1,0.335,0.24,closed,opposite_fill
3012,Clarity Act (H.R.3633) signed into law in 2026?,2026-06-08T02:25:00+00:00,2026-06-18T00:00:00+00:00,237.583,sell_yes,buy_yes,0.49,0.43,3.0984,0.1859,6,0.495,0.425,closed,opposite_fill
3013,Will the Sweden Democrats (SD) win the second most seats in the 2026 Swedish parliamentary election?,2026-06-10T23:01:00+00:00,2026-06-18T00:00:00+00:00,168.983,buy_yes,sell_yes,0.59,0.63,58.6961,2.3478,4,0.565,0.635,closed,opposite_fill
3014,Will there be no change in Fed interest rates after the September 2026 meeting?,2026-06-11T00:10:00+00:00,2026-06-18T00:00:00+00:00,167.833,sell_yes,buy_yes,0.71,0.74,43.9973,-1.3199,-3,0.745,0.545,closed,opposite_fill
3015,Will the Moderate Party (M) win the third most seats in the 2026 Swedish parliamentary election?,2026-06-10T01:17:00+00:00,2026-06-18T00:00:00+00:00,190.717,buy_yes,sell_yes,0.65,0.52,1.02247,-0.1329,-13,0.645,0.65,closed,opposite_fill
3016,Will the Moderate Party (M) win the third most seats in the 2026 Swedish parliamentary election?,2026-06-10T15:54:00+00:00,2026-06-18T00:00:00+00:00,176.1,buy_yes,sell_yes,0.62,0.52,45.4535,-4.5454,-10,0.515,0.65,closed,opposite_fill
3017,Will Harry Kane win the 2026 Ballon d'Or?,2026-06-18T00:00:00+00:00,2026-06-18T00:01:00+00:00,0.0167,sell_yes,buy_yes,0.29,0.29,24.9679,0,0,0.3005,0.2845,closed,opposite_fill
3018,Will Ulf Kristersson be the next Prime Minister of Sweden?,2026-06-05T02:10:00+00:00,2026-06-18T00:01:00+00:00,309.85,sell_yes,buy_yes,0.21,0.18,3.0984,0.093,3,0.21,0.17,closed,opposite_fill
3019,Clarity Act (H.R.3633) signed into law in 2026?,2026-06-18T00:00:00+00:00,2026-06-18T00:01:00+00:00,0.0167,buy_yes,sell_yes,0.43,0.43,48.5416,0,0,0.425,0.505,closed,opposite_fill
3020,Will Kimi Antonelli be the 2026 F1 Drivers' Champion?,2026-06-11T00:00:00+00:00,2026-06-18T00:06:00+00:00,168.1,buy_yes,sell_yes,0.67,0.43,49.0064,-11.7615,-24,0.4515,0.608,closed,opposite_fill
3021,Fed Rate Hike by October 2026 Meeting?,2026-06-10T00:58:00+00:00,2026-06-18T00:19:00+00:00,191.35,buy_yes,sell_yes,0.52,0.37,43.3693,-6.5054,-15,0.455,0.375,closed,opposite_fill
3022,Bab el-Mandeb Strait effectively closed by September 30?,2026-06-18T00:00:00+00:00,2026-06-18T00:40:00+00:00,0.6667,buy_yes,sell_yes,0.31,0.17,103.28,-14.4592,-14,0.24,0.175,closed,opposite_fill
3023,Will there be no change in Fed interest rates after the September 2026 meeting?,2026-06-18T00:00:00+00:00,2026-06-18T00:51:00+00:00,0.85,buy_yes,sell_yes,0.74,0.55,59.2827,-11.2637,-19,0.545,0.555,closed,opposite_fill
3024,Will the Fed increase interest rates by 25 bps after the September 2026 meeting?,2026-06-08T06:15:00+00:00,2026-06-18T04:44:00+00:00,238.483,sell_yes,buy_yes,0.18,0.38,3.0984,-0.6197,-20,0.185,0.375,closed,opposite_fill
3025,Will the Fed increase interest rates by 25 bps after the September 2026 meeting?,2026-06-18T00:00:00+00:00,2026-06-18T04:44:00+00:00,4.7333,sell_yes,buy_yes,0.22,0.38,100.182,-16.0291,-16,0.39,0.375,closed,opposite_fill
3026,Will there be no change in Fed interest rates after the September 2026 meeting?,2026-06-18T00:51:00+00:00,2026-06-18T08:23:00+00:00,7.5333,sell_yes,buy_yes,0.55,0.57,43.9973,-0.8799,-2,0.555,0.565,closed,opposite_fill
3027,Will Gadi Eizenkot be the next Prime Minister of Israel?,2026-06-18T00:00:00+00:00,2026-06-18T10:44:00+00:00,10.7333,sell_yes,buy_yes,0.31,0.39,51.64,-4.1312,-8,0.377,0.389,closed,opposite_fill
3028,Will Luiz Inácio Lula da Silva win the 2026 Brazilian presidential election?,2026-06-18T00:00:00+00:00,2026-06-18T11:30:00+00:00,11.5,sell_yes,buy_yes,0.48,0.5,51.64,-1.0328,-2,0.51,0.495,closed,opposite_fill
3029,Will there be no change in Fed interest rates after the September 2026 meeting?,2026-06-18T08:23:00+00:00,2026-06-18T11:47:00+00:00,3.4,buy_yes,sell_yes,0.57,0.57,59.2827,0,0,0.565,0.575,closed,opposite_fill
3030,Fed Rate Hike by October 2026 Meeting?,2026-06-18T00:19:00+00:00,2026-06-18T12:15:00+00:00,11.9333,sell_yes,buy_yes,0.37,0.39,63.0091,-1.2602,-2,0.375,0.375,closed,opposite_fill
3031,Fed Rate Hike by October 2026 Meeting?,2026-06-18T12:15:00+00:00,2026-06-18T12:16:00+00:00,0.0167,buy_yes,sell_yes,0.39,0.38,40.2709,-0.4027,-1,0.375,0.385,closed,opposite_fill
3032,Fed Rate Hike by October 2026 Meeting?,2026-06-18T12:16:00+00:00,2026-06-18T12:31:00+00:00,0.25,sell_yes,buy_yes,0.38,0.39,69.2059,-0.6921,-1,0.385,0.38,closed,opposite_fill
3033,Fed Rate Hike by October 2026 Meeting?,2026-06-18T12:31:00+00:00,2026-06-18T12:38:00+00:00,0.1167,buy_yes,sell_yes,0.39,0.39,34.0741,0,0,0.38,0.4,closed,opposite_fill
3034,Fed Rate Hike by October 2026 Meeting?,2026-06-18T12:38:00+00:00,2026-06-18T12:40:00+00:00,0.0333,sell_yes,buy_yes,0.39,0.39,69.2059,0,0,0.4,0.385,closed,opposite_fill
3035,Fed Rate Hike by October 2026 Meeting?,2026-06-18T12:40:00+00:00,2026-06-18T12:43:00+00:00,0.05,buy_yes,sell_yes,0.39,0.39,34.0741,0,0,0.385,0.395,closed,opposite_fill
3036,Fed Rate Hike by October 2026 Meeting?,2026-06-18T12:43:00+00:00,2026-06-18T12:44:00+00:00,0.0167,sell_yes,buy_yes,0.39,0.39,69.2059,0,0,0.395,0.385,closed,opposite_fill
3037,Fed Rate Hike by October 2026 Meeting?,2026-06-18T12:44:00+00:00,2026-06-18T12:46:00+00:00,0.0333,buy_yes,sell_yes,0.39,0.39,34.0741,0,0,0.385,0.395,closed,opposite_fill
3038,Fed Rate Hike by October 2026 Meeting?,2026-06-18T12:46:00+00:00,2026-06-18T12:54:00+00:00,0.1333,sell_yes,buy_yes,0.39,0.45,121.87,-7.3122,-6,0.395,0.445,closed,opposite_fill
3039,Fed Rate Hike by October 2026 Meeting?,2026-06-18T12:46:00+00:00,2026-06-18T12:58:00+00:00,0.2,sell_yes,buy_yes,0.39,0.42,3.10666,-0.0932,-3,0.395,0.415,closed,opposite_fill
3040,Will there be no change in Fed interest rates after the September 2026 meeting?,2026-06-18T11:47:00+00:00,2026-06-18T13:41:00+00:00,1.9,sell_yes,buy_yes,0.57,0.57,43.9973,0,0,0.575,0.565,closed,opposite_fill
3041,Will there be no change in Fed interest rates after the September 2026 meeting?,2026-06-18T13:41:00+00:00,2026-06-18T14:16:00+00:00,0.5833,buy_yes,sell_yes,0.57,0.57,59.2827,0,0,0.565,0.57,closed,opposite_fill
3042,Strait of Hormuz traffic returns to normal by December 31?,2026-06-18T00:00:00+00:00,2026-06-18T14:29:00+00:00,14.4833,sell_yes,buy_yes,0.75,0.9,103.28,-15.492,-15,0.895,0.895,closed,opposite_fill
3043,Bab el-Mandeb Strait effectively closed by September 30?,2026-06-18T00:00:00+00:00,2026-06-18T15:44:00+00:00,15.7333,buy_yes,sell_yes,0.31,0.11,24.7872,-4.9574,-20,0.24,0.13,closed,opposite_fill
3044,Bab el-Mandeb Strait effectively closed by September 30?,2026-06-18T15:44:00+00:00,2026-06-18T15:56:00+00:00,0.2,sell_yes,buy_yes,0.11,0.13,81.5912,-1.6318,-2,0.13,0.125,closed,opposite_fill
3045,Bab el-Mandeb Strait effectively closed by September 30?,2026-06-18T15:56:00+00:00,2026-06-18T15:58:00+00:00,0.0333,buy_yes,sell_yes,0.13,0.13,21.6888,0,0,0.125,0.135,closed,opposite_fill
3046,Fed Rate Hike by October 2026 Meeting?,2026-06-18T12:58:00+00:00,2026-06-18T16:07:00+00:00,3.15,buy_yes,sell_yes,0.42,0.42,47.6906,0,0,0.415,0.425,closed,opposite_fill
3047,Fed Rate Hike by October 2026 Meeting?,2026-06-18T16:07:00+00:00,2026-06-18T16:12:00+00:00,0.0833,sell_yes,buy_yes,0.42,0.39,47.9219,1.4377,3,0.425,0.385,closed,opposite_fill
3048,Will Spider-Man: Brand New Day be the top grossing movie of 2026?,2026-05-25T00:00:00+00:00,2026-06-18T17:09:00+00:00,593.15,buy_yes,sell_yes,0.6,0.52,0.7746,-0.062,-8,0.48,0.525,closed,opposite_fill
3049,Will Spider-Man: Brand New Day be the top grossing movie of 2026?,2026-06-18T00:00:00+00:00,2026-06-18T17:09:00+00:00,17.15,buy_yes,sell_yes,0.53,0.52,25.0454,-0.2505,-1,0.48,0.525,closed,opposite_fill
3050,Will there be no change in Fed interest rates after the September 2026 meeting?,2026-06-18T14:16:00+00:00,2026-06-18T19:10:00+00:00,4.9,sell_yes,buy_yes,0.57,0.57,43.9973,0,0,0.57,0.27,closed,opposite_fill
3051,Will there be no change in Fed interest rates after the September 2026 meeting?,2026-06-18T19:10:00+00:00,2026-06-18T19:12:00+00:00,0.0333,buy_yes,sell_yes,0.57,0.31,59.2827,-15.4135,-26,0.27,0.435,closed,opposite_fill
3052,Bab el-Mandeb Strait effectively closed by September 30?,2026-06-18T15:58:00+00:00,2026-06-18T19:14:00+00:00,3.2667,sell_yes,buy_yes,0.13,0.12,81.5912,0.8159,1,0.135,0.115,closed,opposite_fill
3053,Will there be no change in Fed interest rates after the September 2026 meeting?,2026-06-18T19:12:00+00:00,2026-06-18T20:55:00+00:00,1.7167,sell_yes,buy_yes,0.31,0.44,43.9973,-5.7196,-13,0.435,0.435,closed,opposite_fill
3054,Clarity Act (H.R.3633) signed into law in 2026?,2026-06-18T00:01:00+00:00,2026-06-18T21:42:00+00:00,21.6833,sell_yes,buy_yes,0.43,0.47,3.0984,-0.1239,-4,0.505,0.44,closed,opposite_fill
3055,Bab el-Mandeb Strait effectively closed by September 30?,2026-06-18T19:14:00+00:00,2026-06-18T21:46:00+00:00,2.5333,buy_yes,sell_yes,0.12,0.12,24.7872,0,0,0.115,0.125,closed,opposite_fill
3056,Will there be no change in Fed interest rates after the September 2026 meeting?,2026-06-18T20:55:00+00:00,2026-06-18T22:25:00+00:00,1.5,buy_yes,sell_yes,0.44,0.44,59.2827,0,0,0.435,0.465,closed,opposite_fill
3057,Will Harry Kane win the 2026 Ballon d'Or?,2026-06-18T00:01:00+00:00,2026-06-19T00:00:00+00:00,23.9833,buy_yes,sell_yes,0.29,0.36,0.85206,0.0596,7,0.2845,0.3985,closed,opposite_fill
3058,Will Ulf Kristersson be the next Prime Minister of Sweden?,2026-06-18T00:01:00+00:00,2026-06-19T00:00:00+00:00,23.9833,buy_yes,sell_yes,0.18,0.26,48.5416,3.8833,8,0.17,0.49,closed,opposite_fill
3059,Will Harry Kane win the 2026 Ballon d'Or?,2026-06-19T00:00:00+00:00,2026-06-19T00:02:00+00:00,0.0333,sell_yes,buy_yes,0.36,0.4,24.9679,-0.9987,-4,0.3985,0.3625,closed,opposite_fill
3060,Bab el-Mandeb Strait effectively closed by September 30?,2026-06-18T21:46:00+00:00,2026-06-19T00:02:00+00:00,2.2667,sell_yes,buy_yes,0.12,0.12,78.4928,0,0,0.125,0.105,closed,opposite_fill
3061,Bab el-Mandeb Strait effectively closed by September 30?,2026-06-19T00:02:00+00:00,2026-06-19T00:07:00+00:00,0.0833,buy_yes,sell_yes,0.12,0.1,24.7872,-0.4957,-2,0.105,0.11,closed,opposite_fill
3062,Fed Rate Hike by October 2026 Meeting?,2026-06-18T16:07:00+00:00,2026-06-19T03:52:00+00:00,11.75,sell_yes,buy_yes,0.42,0.44,7.66751,-0.1534,-2,0.425,0.435,closed,opposite_fill
3063,Clarity Act (H.R.3633) signed into law in 2026?,2026-06-18T21:42:00+00:00,2026-06-19T07:38:00+00:00,9.9333,buy_yes,sell_yes,0.47,0.44,48.5416,-1.4562,-3,0.44,0.445,closed,opposite_fill
3064,Will the U.S. invade Iran before 2027?,2026-06-18T00:00:00+00:00,2026-06-19T10:36:00+00:00,34.6,buy_yes,sell_yes,0.18,0.13,103.28,-5.164,-5,0.125,0.135,closed,opposite_fill
3065,Fed Rate Hike by October 2026 Meeting?,2026-06-19T03:52:00+00:00,2026-06-19T14:34:00+00:00,10.7,buy_yes,sell_yes,0.44,0.5,95.6125,5.7367,6,0.435,0.505,closed,opposite_fill
3066,Will Spider-Man: Brand New Day be the top grossing movie of 2026?,2026-06-18T00:00:00+00:00,2026-06-19T17:15:00+00:00,41.25,buy_yes,sell_yes,0.53,0.64,0.7746,0.0852,11,0.48,0.645,closed,opposite_fill
3067,Will Flávio Bolsonaro win the 2026 Brazilian presidential election?,2026-06-18T00:00:00+00:00,2026-06-19T17:27:00+00:00,41.45,buy_yes,sell_yes,0.25,0.25,51.64,0,0,0.24,0.2515,closed,opposite_fill
3068,Will the U.S. invade Iran before 2027?,2026-06-18T00:00:00+00:00,2026-06-20T00:00:00+00:00,48,buy_yes,sell_yes,0.18,0.16,3.0984,-0.062,-2,0.125,0.36,closed,opposite_fill
3069,Will the U.S. invade Iran before 2027?,2026-06-20T00:00:00+00:00,2026-06-20T00:02:00+00:00,0.0333,sell_yes,buy_yes,0.16,0.35,100.182,-19.0345,-19,0.36,0.195,closed,opposite_fill
3070,Will Spider-Man: Brand New Day be the top grossing movie of 2026?,2026-06-19T17:15:00+00:00,2026-06-20T00:05:00+00:00,6.8333,sell_yes,buy_yes,0.64,0.62,25.0454,0.5009,2,0.645,0.615,closed,opposite_fill
3071,Will Harry Kane win the 2026 Ballon d'Or?,2026-06-19T00:02:00+00:00,2026-06-20T00:32:00+00:00,24.5,buy_yes,sell_yes,0.4,0.23,0.85206,-0.1449,-17,0.3625,0.318,closed,opposite_fill
3072,Will Harry Kane win the 2026 Ballon d'Or?,2026-06-20T00:00:00+00:00,2026-06-20T00:32:00+00:00,0.5333,buy_yes,sell_yes,0.29,0.23,24.9679,-1.4981,-6,0.2205,0.318,closed,opposite_fill
3073,Fed Rate Hike by October 2026 Meeting?,2026-06-19T14:34:00+00:00,2026-06-20T05:36:00+00:00,15.0333,sell_yes,buy_yes,0.5,0.84,10.7659,-3.6604,-34,0.505,0.815,closed,opposite_fill
3074,Fed Rate Hike by October 2026 Meeting?,2026-06-20T05:36:00+00:00,2026-06-20T05:45:00+00:00,0.15,buy_yes,sell_yes,0.84,0.7,103.28,-14.4592,-14,0.815,0.705,closed,opposite_fill
3075,Fed Rate Hike by October 2026 Meeting?,2026-06-20T05:36:00+00:00,2026-06-20T05:57:00+00:00,0.35,buy_yes,sell_yes,0.84,0.7,7.82449,-1.0954,-14,0.815,0.755,closed,opposite_fill
3076,Fed Rate Hike by October 2026 Meeting?,2026-06-20T05:57:00+00:00,2026-06-20T06:52:00+00:00,0.9167,sell_yes,buy_yes,0.7,0.7,40.0974,0,0,0.755,0.695,closed,opposite_fill
3077,Fed Rate Hike by October 2026 Meeting?,2026-06-20T06:52:00+00:00,2026-06-20T07:52:00+00:00,1,buy_yes,sell_yes,0.7,0.72,63.1826,1.2637,2,0.695,0.745,closed,opposite_fill
3078,Fed Rate Hike by October 2026 Meeting?,2026-06-20T07:52:00+00:00,2026-06-20T08:17:00+00:00,0.4167,sell_yes,buy_yes,0.72,0.72,43.1958,0,0,0.745,0.715,closed,opposite_fill
3079,Fed Rate Hike by October 2026 Meeting?,2026-06-20T08:17:00+00:00,2026-06-20T11:35:00+00:00,3.3,buy_yes,sell_yes,0.72,0.56,100.363,-16.0581,-16,0.715,0.58,closed,opposite_fill
3080,Will the U.S. invade Iran before 2027?,2026-06-20T00:02:00+00:00,2026-06-20T14:23:00+00:00,14.35,buy_yes,sell_yes,0.35,0.14,40.2792,-8.4586,-21,0.195,0.145,closed,opposite_fill
3081,Will the U.S. invade Iran before 2027?,2026-06-20T14:23:00+00:00,2026-06-20T14:32:00+00:00,0.15,sell_yes,buy_yes,0.14,0.14,63.0008,0,0,0.145,0.135,closed,opposite_fill
3082,Will Harry Kane win the 2026 Ballon d'Or?,2026-06-20T00:00:00+00:00,2026-06-21T00:02:00+00:00,24.0333,buy_yes,sell_yes,0.29,0.26,0.85206,-0.0256,-3,0.2205,0.32,closed,opposite_fill
3083,Fed Rate Hike by October 2026 Meeting?,2026-06-20T11:35:00+00:00,2026-06-21T00:07:00+00:00,12.5333,sell_yes,buy_yes,0.56,0.66,2.91663,-0.2917,-10,0.58,0.655,closed,opposite_fill
3084,Fed Rate Hike by October 2026 Meeting?,2026-06-20T13:41:00+00:00,2026-06-21T00:07:00+00:00,10.4333,sell_yes,buy_yes,0.6,0.66,100.363,-6.0218,-6,0.615,0.655,closed,opposite_fill
3085,Clarity Act (H.R.3633) signed into law in 2026?,2026-06-19T07:38:00+00:00,2026-06-21T00:09:00+00:00,40.5167,sell_yes,buy_yes,0.44,0.65,3.0984,-0.6507,-21,0.445,0.63,closed,opposite_fill
3086,Clarity Act (H.R.3633) signed into law in 2026?,2026-06-20T00:00:00+00:00,2026-06-21T00:09:00+00:00,24.15,sell_yes,buy_yes,0.5,0.65,48.5416,-7.2812,-15,0.585,0.63,closed,opposite_fill
3087,Clarity Act (H.R.3633) signed into law in 2026?,2026-06-20T00:00:00+00:00,2026-06-21T00:17:00+00:00,24.2833,sell_yes,buy_yes,0.5,0.6,3.0984,-0.3098,-10,0.585,0.59,closed,opposite_fill
3088,Fed Rate Hike by October 2026 Meeting?,2026-06-20T13:41:00+00:00,2026-06-21T00:52:00+00:00,11.1833,sell_yes,buy_yes,0.6,0.63,2.91663,-0.0875,-3,0.615,0.55,closed,opposite_fill
3089,Will the U.S. invade Iran before 2027?,2026-06-20T14:32:00+00:00,2026-06-21T05:08:00+00:00,14.6,buy_yes,sell_yes,0.14,0.13,40.2792,-0.4028,-1,0.135,0.135,closed,opposite_fill
3090,Will the U.S. invade Iran before 2027?,2026-06-21T05:08:00+00:00,2026-06-21T05:21:00+00:00,0.2167,sell_yes,buy_yes,0.13,0.13,63.0008,0,0,0.135,0.125,closed,opposite_fill
3091,Will the U.S. invade Iran before 2027?,2026-06-21T05:21:00+00:00,2026-06-21T13:49:00+00:00,8.4667,buy_yes,sell_yes,0.13,0.12,40.2792,-0.4028,-1,0.125,0.125,closed,opposite_fill
3092,Will the U.S. invade Iran before 2027?,2026-06-21T13:49:00+00:00,2026-06-21T16:57:00+00:00,3.1333,sell_yes,buy_yes,0.12,0.15,63.0008,-1.89,-3,0.125,0.145,closed,opposite_fill
3093,Will there be no change in Fed interest rates after the September 2026 meeting?,2026-06-18T22:25:00+00:00,2026-06-21T19:47:00+00:00,69.3667,sell_yes,buy_yes,0.44,0.52,50.1941,-4.0155,-8,0.465,0.515,closed,opposite_fill
3094,Iran leadership change by December 31?,2026-06-18T00:00:00+00:00,2026-06-22T00:01:00+00:00,96.0167,buy_yes,sell_yes,0.27,0.13,103.28,-14.4592,-14,0.165,0.165,closed,opposite_fill
3095,Will Harry Kane win the 2026 Ballon d'Or?,2026-06-21T00:02:00+00:00,2026-06-22T00:06:00+00:00,24.0667,sell_yes,buy_yes,0.26,0.34,24.9679,-1.9974,-8,0.32,0.337,closed,opposite_fill
3096,Will the U.S. invade Iran before 2027?,2026-06-21T16:57:00+00:00,2026-06-22T00:16:00+00:00,7.3167,buy_yes,sell_yes,0.15,0.14,46.476,-0.4648,-1,0.145,0.145,closed,opposite_fill
3097,Bab el-Mandeb Strait effectively closed by September 30?,2026-06-19T00:07:00+00:00,2026-06-22T06:53:00+00:00,78.7667,sell_yes,buy_yes,0.1,0.13,78.4928,-2.3548,-3,0.11,0.125,closed,opposite_fill
3098,Fed Rate Hike by October 2026 Meeting?,2026-06-21T00:52:00+00:00,2026-06-22T09:59:00+00:00,33.1167,buy_yes,sell_yes,0.63,0.58,100.363,-5.0182,-5,0.55,0.61,closed,opposite_fill
3099,Fed Rate Hike by October 2026 Meeting?,2026-06-22T09:59:00+00:00,2026-06-22T10:15:00+00:00,0.2667,sell_yes,buy_yes,0.58,0.68,2.91663,-0.2917,-10,0.61,0.63,closed,opposite_fill
3100,Fed Rate Hike by October 2026 Meeting?,2026-06-22T10:09:00+00:00,2026-06-22T10:15:00+00:00,0.1,sell_yes,buy_yes,0.64,0.68,131.166,-5.2466,-4,0.665,0.63,closed,opposite_fill
3101,Fed Rate Hike by October 2026 Meeting?,2026-06-22T10:15:00+00:00,2026-06-22T10:52:00+00:00,0.6167,buy_yes,sell_yes,0.68,0.59,18.7722,-1.6895,-9,0.63,0.65,closed,opposite_fill
3102,Fed Rate Hike by October 2026 Meeting?,2026-06-22T10:52:00+00:00,2026-06-22T11:07:00+00:00,0.25,sell_yes,buy_yes,0.59,0.61,84.5078,-1.6902,-2,0.65,0.595,closed,opposite_fill
3103,Clarity Act (H.R.3633) signed into law in 2026?,2026-06-21T00:17:00+00:00,2026-06-22T14:58:00+00:00,38.6833,buy_yes,sell_yes,0.6,0.4,51.64,-10.328,-20,0.59,0.405,closed,opposite_fill
3104,Clarity Act (H.R.3633) signed into law in 2026?,2026-06-21T00:17:00+00:00,2026-06-22T15:12:00+00:00,38.9167,buy_yes,sell_yes,0.6,0.41,29.4348,-5.5926,-19,0.59,0.425,closed,opposite_fill
3105,Will there be no change in Fed interest rates after the September 2026 meeting?,2026-06-21T19:47:00+00:00,2026-06-22T16:08:00+00:00,20.35,buy_yes,sell_yes,0.52,0.52,53.0859,0,0,0.515,0.525,closed,opposite_fill
3106,Bab el-Mandeb Strait effectively closed by September 30?,2026-06-22T06:53:00+00:00,2026-06-22T17:10:00+00:00,10.2833,buy_yes,sell_yes,0.13,0.12,24.7872,-0.2479,-1,0.125,0.13,closed,opposite_fill
3107,Clarity Act (H.R.3633) signed into law in 2026?,2026-06-22T15:12:00+00:00,2026-06-23T00:00:00+00:00,8.8,sell_yes,buy_yes,0.41,0.44,22.2052,-0.6662,-3,0.425,0.315,closed,opposite_fill
3108,Will Kimi Antonelli be the 2026 F1 Drivers' Champion?,2026-06-18T00:06:00+00:00,2026-06-23T00:01:00+00:00,119.917,sell_yes,buy_yes,0.43,0.58,2.63364,-0.395,-15,0.608,0.428,closed,opposite_fill
3109,Will Harry Kane win the 2026 Ballon d'Or?,2026-06-22T00:06:00+00:00,2026-06-23T00:02:00+00:00,23.9333,buy_yes,sell_yes,0.34,0.25,0.85206,-0.0767,-9,0.337,0.3295,closed,opposite_fill
3110,Will Harry Kane win the 2026 Ballon d'Or?,2026-06-23T00:00:00+00:00,2026-06-23T00:02:00+00:00,0.0333,buy_yes,sell_yes,0.29,0.25,24.9679,-0.9987,-4,0.24,0.3295,closed,opposite_fill
3111,Will Kimi Antonelli be the 2026 F1 Drivers' Champion?,2026-06-23T00:01:00+00:00,2026-06-23T00:14:00+00:00,0.2167,buy_yes,sell_yes,0.58,0.42,49.0064,-7.841,-16,0.428,0.6065,closed,opposite_fill
3112,Fed Rate Hike by October 2026 Meeting?,2026-06-22T11:07:00+00:00,2026-06-23T11:11:00+00:00,24.0667,buy_yes,sell_yes,0.61,0.54,18.7722,-1.3141,-7,0.595,0.545,closed,opposite_fill
3113,Clarity Act (H.R.3633) signed into law in 2026?,2026-06-23T00:00:00+00:00,2026-06-24T00:59:00+00:00,24.9833,buy_yes,sell_yes,0.44,0.43,29.4348,-0.2943,-1,0.315,0.545,closed,opposite_fill
3114,Will Harry Kane win the 2026 Ballon d'Or?,2026-06-23T00:00:00+00:00,2026-06-24T01:00:00+00:00,25,buy_yes,sell_yes,0.29,0.33,0.85206,0.0341,4,0.24,0.405,closed,opposite_fill
3115,Will the Moderate Party (M) win the third most seats in the 2026 Swedish parliamentary election?,2026-06-10T15:54:00+00:00,2026-06-24T01:00:00+00:00,321.1,buy_yes,sell_yes,0.62,0.73,1.02247,0.1125,11,0.515,0.83,closed,opposite_fill
3116,Will Magdalena Andersson be the next Prime Minister of Sweden?,2026-06-24T00:59:00+00:00,2026-06-24T01:01:00+00:00,0.0333,buy_yes,sell_yes,0.7,0.55,51.64,-7.746,-15,0.56,0.735,closed,opposite_fill
3117,Will Kimi Antonelli be the 2026 F1 Drivers' Champion?,2026-06-23T00:14:00+00:00,2026-06-24T01:01:00+00:00,24.7833,sell_yes,buy_yes,0.42,0.57,2.63364,-0.395,-15,0.6065,0.332,closed,opposite_fill
3118,Will Harry Kane win the 2026 Ballon d'Or?,2026-06-24T01:00:00+00:00,2026-06-24T01:03:00+00:00,0.05,sell_yes,buy_yes,0.33,0.32,24.9679,0.2497,1,0.405,0.2175,closed,opposite_fill
3119,Will Kimi Antonelli be the 2026 F1 Drivers' Champion?,2026-06-24T01:01:00+00:00,2026-06-24T01:06:00+00:00,0.0833,buy_yes,sell_yes,0.57,0.33,49.0064,-11.7615,-24,0.332,0.5885,closed,opposite_fill
3120,Will Harry Kane win the 2026 Ballon d'Or?,2026-06-24T01:03:00+00:00,2026-06-24T01:09:00+00:00,0.1,buy_yes,sell_yes,0.32,0.26,0.85206,-0.0511,-6,0.2175,0.2895,closed,opposite_fill
3121,Will Harry Kane win the 2026 Ballon d'Or?,2026-06-24T01:09:00+00:00,2026-06-24T01:22:00+00:00,0.2167,sell_yes,buy_yes,0.26,0.26,24.9679,0,0,0.2895,0.231,closed,opposite_fill
3122,Will United Russia (ER) gain the most seats in the next Russian parliamentary election?,2026-06-24T01:00:00+00:00,2026-06-24T05:56:00+00:00,4.9333,buy_yes,sell_yes,0.58,0.63,51.64,2.582,5,0.48,0.635,closed,opposite_fill
3123,Will Édouard Philippe win the 2027 French presidential election?,2026-06-10T00:06:00+00:00,2026-06-24T12:18:00+00:00,348.2,sell_yes,buy_yes,0.12,0.19,9.2952,-0.6507,-7,0.15,0.185,closed,opposite_fill
3124,Will there be no change in Fed interest rates after the September 2026 meeting?,2026-06-22T16:08:00+00:00,2026-06-24T16:40:00+00:00,48.5333,sell_yes,buy_yes,0.52,0.57,50.1941,-2.5097,-5,0.525,0.565,closed,opposite_fill
3125,Will Kimi Antonelli be the 2026 F1 Drivers' Champion?,2026-06-24T01:06:00+00:00,2026-06-25T00:00:00+00:00,22.9,sell_yes,buy_yes,0.33,0.56,2.63364,-0.6057,-23,0.5885,0.342,closed,opposite_fill
3126,Will Kimi Antonelli be the 2026 F1 Drivers' Champion?,2026-06-25T00:00:00+00:00,2026-06-25T00:02:00+00:00,0.0333,buy_yes,sell_yes,0.56,0.35,49.0064,-10.2913,-21,0.342,0.5035,closed,opposite_fill
3127,Will Kimi Antonelli be the 2026 F1 Drivers' Champion?,2026-06-25T00:02:00+00:00,2026-06-25T00:09:00+00:00,0.1167,sell_yes,buy_yes,0.35,0.6,34.3922,-8.5981,-25,0.5035,0.5885,closed,opposite_fill
3128,Will Harry Kane win the 2026 Ballon d'Or?,2026-06-24T01:22:00+00:00,2026-06-25T00:23:00+00:00,23.0167,buy_yes,sell_yes,0.26,0.19,0.85206,-0.0596,-7,0.231,0.2445,closed,opposite_fill
3129,Bab el-Mandeb Strait effectively closed by September 30?,2026-06-22T17:10:00+00:00,2026-06-25T06:32:00+00:00,61.3667,sell_yes,buy_yes,0.12,0.12,78.4928,0,0,0.13,0.115,closed,opposite_fill
3130,Fed Rate Hike by October 2026 Meeting?,2026-06-23T11:11:00+00:00,2026-06-25T12:48:00+00:00,49.6167,sell_yes,buy_yes,0.54,0.52,84.5078,1.6902,2,0.545,0.51,closed,opposite_fill
3131,Clarity Act (H.R.3633) signed into law in 2026?,2026-06-24T00:59:00+00:00,2026-06-25T13:06:00+00:00,36.1167,sell_yes,buy_yes,0.43,0.46,22.2052,-0.6662,-3,0.545,0.435,closed,opposite_fill
3132,Will there be no change in Fed interest rates after the September 2026 meeting?,2026-06-24T16:40:00+00:00,2026-06-25T13:11:00+00:00,20.5167,buy_yes,sell_yes,0.57,0.57,53.0859,0,0,0.565,0.575,closed,opposite_fill
3133,Clarity Act (H.R.3633) signed into law in 2026?,2026-06-25T13:06:00+00:00,2026-06-25T14:15:00+00:00,1.15,buy_yes,sell_yes,0.46,0.42,35.6316,-1.4253,-4,0.435,0.425,closed,opposite_fill
3134,Will Benjamin Netanyahu be the next Prime Minister of Israel?,2026-06-10T21:56:00+00:00,2026-06-25T14:38:00+00:00,352.7,sell_yes,buy_yes,0.38,0.31,3.0984,0.2169,7,0.395,0.265,closed,opposite_fill
3135,Fed Rate Hike by October 2026 Meeting?,2026-06-25T12:48:00+00:00,2026-06-25T15:35:00+00:00,2.7833,buy_yes,sell_yes,0.52,0.48,18.7722,-0.7509,-4,0.51,0.495,closed,opposite_fill
3136,Will Édouard Philippe win the 2027 French presidential election?,2026-06-24T12:18:00+00:00,2026-06-25T17:12:00+00:00,28.9,buy_yes,sell_yes,0.19,0.19,42.3448,0,0,0.185,0.195,closed,opposite_fill
3137,Will the U.S. invade Iran before 2027?,2026-06-22T00:16:00+00:00,2026-06-25T17:14:00+00:00,88.9667,sell_yes,buy_yes,0.14,0.13,56.804,0.568,1,0.145,0.125,closed,opposite_fill
3138,Will the U.S. invade Iran before 2027?,2026-06-25T17:14:00+00:00,2026-06-25T17:22:00+00:00,0.1333,buy_yes,sell_yes,0.13,0.13,46.476,0,0,0.125,0.135,closed,opposite_fill
3139,Fed Rate Hike by October 2026 Meeting?,2026-06-25T15:35:00+00:00,2026-06-25T19:16:00+00:00,3.6833,sell_yes,buy_yes,0.48,0.49,84.5078,-0.8451,-1,0.495,0.48,closed,opposite_fill
3140,Iran leadership change by December 31?,2026-06-24T01:00:00+00:00,2026-06-25T20:39:00+00:00,43.65,sell_yes,buy_yes,0.19,0.17,103.28,2.0656,2,0.43,0.17,closed,opposite_fill
3141,Bab el-Mandeb Strait effectively closed by September 30?,2026-06-25T06:32:00+00:00,2026-06-25T20:54:00+00:00,14.3667,buy_yes,sell_yes,0.12,0.12,24.7872,0,0,0.115,0.125,closed,opposite_fill
3142,Will Harry Kane win the 2026 Ballon d'Or?,2026-06-25T00:23:00+00:00,2026-06-26T00:08:00+00:00,23.75,sell_yes,buy_yes,0.19,0.25,25.1229,-1.5074,-6,0.2445,0.249,closed,opposite_fill
3143,Will Kimi Antonelli be the 2026 F1 Drivers' Champion?,2026-06-25T00:09:00+00:00,2026-06-26T00:21:00+00:00,24.2,buy_yes,sell_yes,0.6,0.57,17.2478,-0.5174,-3,0.5885,0.5845,closed,opposite_fill
3144,Will Harry Kane win the 2026 Ballon d'Or?,2026-06-26T00:08:00+00:00,2026-06-26T01:25:00+00:00,1.2833,buy_yes,sell_yes,0.25,0.23,0.69714,-0.0139,-2,0.249,0.2335,closed,opposite_fill
3145,Will the Fed increase interest rates by 25 bps after the September 2026 meeting?,2026-06-18T00:00:00+00:00,2026-06-26T07:58:00+00:00,199.967,sell_yes,buy_yes,0.22,0.29,3.0984,-0.2169,-7,0.39,0.285,closed,opposite_fill
3146,Will Édouard Philippe win the 2027 French presidential election?,2026-06-25T17:12:00+00:00,2026-06-26T09:40:00+00:00,16.4667,sell_yes,buy_yes,0.19,0.19,9.2952,0,0,0.195,0.185,closed,opposite_fill
3147,Will Benjamin Netanyahu be the next Prime Minister of Israel?,2026-06-25T14:38:00+00:00,2026-06-26T12:33:00+00:00,21.9167,buy_yes,sell_yes,0.31,0.33,48.5416,0.9708,2,0.265,0.335,closed,opposite_fill
3148,Clarity Act (H.R.3633) signed into law in 2026?,2026-06-25T14:15:00+00:00,2026-06-26T19:14:00+00:00,28.9833,sell_yes,buy_yes,0.42,0.43,16.0084,-0.1601,-1,0.425,0.41,closed,opposite_fill
3149,Will Harry Kane win the 2026 Ballon d'Or?,2026-06-26T01:25:00+00:00,2026-06-27T00:00:00+00:00,22.5833,sell_yes,buy_yes,0.23,0.18,25.1229,1.2561,5,0.2335,0.149,closed,opposite_fill
3150,Will Kimi Antonelli be the 2026 F1 Drivers' Champion?,2026-06-26T00:21:00+00:00,2026-06-27T00:00:00+00:00,23.65,sell_yes,buy_yes,0.57,0.58,34.3922,-0.3439,-1,0.5845,0.508,closed,opposite_fill
3151,Will Harry Kane win the 2026 Ballon d'Or?,2026-06-27T00:00:00+00:00,2026-06-27T00:02:00+00:00,0.0333,buy_yes,sell_yes,0.18,0.18,0.69714,0,0,0.149,0.209,closed,opposite_fill
3152,Will Kimi Antonelli be the 2026 F1 Drivers' Champion?,2026-06-27T00:00:00+00:00,2026-06-27T00:09:00+00:00,0.15,buy_yes,sell_yes,0.58,0.51,17.2478,-1.2073,-7,0.508,0.543,closed,opposite_fill
3153,Will Kimi Antonelli be the 2026 F1 Drivers' Champion?,2026-06-27T00:09:00+00:00,2026-06-27T12:43:00+00:00,12.5667,sell_yes,buy_yes,0.51,0.6,35.9414,-3.2347,-9,0.543,0.5995,closed,opposite_fill
3154,Will Kimi Antonelli be the 2026 F1 Drivers' Champion?,2026-06-27T12:43:00+00:00,2026-06-27T14:17:00+00:00,1.5667,buy_yes,sell_yes,0.6,0.6,15.6986,0,0,0.5995,0.601,closed,opposite_fill
3155,Will Kimi Antonelli be the 2026 F1 Drivers' Champion?,2026-06-27T14:17:00+00:00,2026-06-27T14:29:00+00:00,0.2,sell_yes,buy_yes,0.6,0.6,35.9414,0,0,0.601,0.5995,closed,opposite_fill
3156,Will Kimi Antonelli be the 2026 F1 Drivers' Champion?,2026-06-27T14:29:00+00:00,2026-06-27T15:58:00+00:00,1.4833,buy_yes,sell_yes,0.6,0.61,16.0084,0.1601,1,0.5995,0.614,closed,opposite_fill
3157,Will Kimi Antonelli be the 2026 F1 Drivers' Champion?,2026-06-27T15:58:00+00:00,2026-06-27T16:07:00+00:00,0.15,sell_yes,buy_yes,0.61,0.61,35.9414,0,0,0.614,0.606,closed,opposite_fill
3158,Will Kimi Antonelli be the 2026 F1 Drivers' Champion?,2026-06-27T16:07:00+00:00,2026-06-27T19:45:00+00:00,3.6333,buy_yes,sell_yes,0.61,0.56,18.0224,-0.9011,-5,0.606,0.564,closed,opposite_fill
3159,Will Kimi Antonelli be the 2026 F1 Drivers' Champion?,2026-06-27T19:45:00+00:00,2026-06-27T19:46:00+00:00,0.0167,sell_yes,buy_yes,0.56,0.56,33.6176,0,0,0.564,0.558,closed,opposite_fill
3160,Will Kimi Antonelli be the 2026 F1 Drivers' Champion?,2026-06-27T19:46:00+00:00,2026-06-27T20:28:00+00:00,0.7,buy_yes,sell_yes,0.56,0.56,18.0224,0,0,0.558,0.566,closed,opposite_fill
3161,Will Harry Kane win the 2026 Ballon d'Or?,2026-06-27T00:02:00+00:00,2026-06-28T00:00:00+00:00,23.9667,sell_yes,buy_yes,0.18,0.18,25.5876,0,0,0.209,0.153,closed,opposite_fill
3162,Will Kimi Antonelli be the 2026 F1 Drivers' Champion?,2026-06-27T20:28:00+00:00,2026-06-28T00:00:00+00:00,3.5333,sell_yes,buy_yes,0.56,0.56,33.6176,0,0,0.566,0.328,closed,opposite_fill
3163,Will Kimi Antonelli be the 2026 F1 Drivers' Champion?,2026-06-28T00:00:00+00:00,2026-06-28T00:02:00+00:00,0.0333,buy_yes,sell_yes,0.56,0.33,18.0224,-4.1451,-23,0.328,0.5705,closed,opposite_fill
3164,Fed Rate Hike by October 2026 Meeting?,2026-06-25T19:16:00+00:00,2026-06-28T00:06:00+00:00,52.8333,buy_yes,sell_yes,0.49,0.42,18.7722,-1.3141,-7,0.48,0.42,closed,opposite_fill
3165,Fed Rate Hike by October 2026 Meeting?,2026-06-28T00:06:00+00:00,2026-06-28T00:41:00+00:00,0.5833,sell_yes,buy_yes,0.42,0.45,84.5078,-2.5352,-3,0.42,0.415,closed,opposite_fill
3166,Fed Rate Hike by October 2026 Meeting?,2026-06-28T00:41:00+00:00,2026-06-28T00:44:00+00:00,0.05,buy_yes,sell_yes,0.45,0.42,18.7722,-0.5632,-3,0.415,0.445,closed,opposite_fill
3167,Fed Rate Hike by October 2026 Meeting?,2026-06-28T00:44:00+00:00,2026-06-28T01:14:00+00:00,0.5,sell_yes,buy_yes,0.42,0.44,84.5078,-1.6902,-2,0.445,0.41,closed,opposite_fill
3168,Fed Rate Hike by October 2026 Meeting?,2026-06-28T01:14:00+00:00,2026-06-28T01:15:00+00:00,0.0167,buy_yes,sell_yes,0.44,0.42,18.7722,-0.3754,-2,0.41,0.435,closed,opposite_fill
3169,Fed Rate Hike by October 2026 Meeting?,2026-06-28T01:15:00+00:00,2026-06-28T02:10:00+00:00,0.9167,sell_yes,buy_yes,0.42,0.43,84.5078,-0.8451,-1,0.435,0.38,closed,opposite_fill
3170,Will Harry Kane win the 2026 Ballon d'Or?,2026-06-28T00:00:00+00:00,2026-06-28T03:18:00+00:00,3.3,buy_yes,sell_yes,0.18,0.19,0.92952,0.0093,1,0.153,0.2035,closed,opposite_fill
3171,Fed Rate Hike by October 2026 Meeting?,2026-06-28T02:10:00+00:00,2026-06-28T03:58:00+00:00,1.8,buy_yes,sell_yes,0.43,0.37,18.7722,-1.1263,-6,0.38,0.38,closed,opposite_fill
3172,Fed Rate Hike by October 2026 Meeting?,2026-06-28T03:58:00+00:00,2026-06-28T04:07:00+00:00,0.15,sell_yes,buy_yes,0.37,0.38,87.6062,-0.8761,-1,0.38,0.375,closed,opposite_fill
3173,Fed Rate Hike by October 2026 Meeting?,2026-06-28T04:07:00+00:00,2026-06-28T05:30:00+00:00,1.3833,buy_yes,sell_yes,0.38,0.39,15.6738,0.1567,1,0.375,0.4,closed,opposite_fill
3174,Fed Rate Hike by October 2026 Meeting?,2026-06-28T05:30:00+00:00,2026-06-28T05:32:00+00:00,0.0333,sell_yes,buy_yes,0.39,0.4,87.6062,-0.8761,-1,0.4,0.395,closed,opposite_fill
3175,Fed Rate Hike by October 2026 Meeting?,2026-06-28T05:32:00+00:00,2026-06-28T05:38:00+00:00,0.1,buy_yes,sell_yes,0.4,0.41,15.6738,0.1567,1,0.395,0.42,closed,opposite_fill
3176,Fed Rate Hike by October 2026 Meeting?,2026-06-28T05:38:00+00:00,2026-06-28T05:40:00+00:00,0.0333,sell_yes,buy_yes,0.41,0.43,96.9014,-1.938,-2,0.42,0.425,closed,opposite_fill
3177,Bab el-Mandeb Strait effectively closed by September 30?,2026-06-25T20:54:00+00:00,2026-06-28T09:02:00+00:00,60.1333,sell_yes,buy_yes,0.12,0.12,78.4928,0,0,0.125,0.115,closed,opposite_fill
3178,Will Kimi Antonelli be the 2026 F1 Drivers' Champion?,2026-06-28T00:02:00+00:00,2026-06-28T10:39:00+00:00,10.6167,sell_yes,buy_yes,0.33,0.56,33.6176,-7.7321,-23,0.5705,0.5595,closed,opposite_fill
3179,Will Kimi Antonelli be the 2026 F1 Drivers' Champion?,2026-06-28T10:39:00+00:00,2026-06-28T12:48:00+00:00,2.15,buy_yes,sell_yes,0.56,0.57,18.0224,0.1802,1,0.5595,0.573,closed,opposite_fill
3180,Will Kimi Antonelli be the 2026 F1 Drivers' Champion?,2026-06-28T12:48:00+00:00,2026-06-28T12:51:00+00:00,0.05,sell_yes,buy_yes,0.57,0.57,33.6176,0,0,0.573,0.527,closed,opposite_fill
3181,Will Kimi Antonelli be the 2026 F1 Drivers' Champion?,2026-06-28T12:51:00+00:00,2026-06-28T12:58:00+00:00,0.1167,buy_yes,sell_yes,0.57,0.53,18.4871,-0.7395,-4,0.527,0.5315,closed,opposite_fill
3182,Will Kimi Antonelli be the 2026 F1 Drivers' Champion?,2026-06-28T12:58:00+00:00,2026-06-28T13:06:00+00:00,0.1333,sell_yes,buy_yes,0.53,0.53,33.1529,0,0,0.5315,0.5175,closed,opposite_fill
3183,Will Spider-Man: Brand New Day be the top grossing movie of 2026?,2026-06-20T00:05:00+00:00,2026-06-28T15:10:00+00:00,207.083,buy_yes,sell_yes,0.62,0.7,0.7746,0.062,8,0.615,0.725,closed,opposite_fill
3184,Clarity Act (H.R.3633) signed into law in 2026?,2026-06-26T19:14:00+00:00,2026-06-28T15:34:00+00:00,44.3333,buy_yes,sell_yes,0.43,0.41,35.6316,-0.7126,-2,0.41,0.415,closed,opposite_fill
3185,Will Kimi Antonelli be the 2026 F1 Drivers' Champion?,2026-06-28T13:06:00+00:00,2026-06-28T15:34:00+00:00,2.4667,buy_yes,sell_yes,0.53,0.52,18.9519,-0.1895,-1,0.5175,0.5445,closed,opposite_fill
3186,Will Kimi Antonelli be the 2026 F1 Drivers' Champion?,2026-06-28T15:34:00+00:00,2026-06-28T15:39:00+00:00,0.0833,sell_yes,buy_yes,0.52,0.54,32.6881,-0.6538,-2,0.5445,0.538,closed,opposite_fill
3187,Fed Rate Hike by October 2026 Meeting?,2026-06-28T05:40:00+00:00,2026-06-28T22:25:00+00:00,16.75,buy_yes,sell_yes,0.43,0.39,6.37857,-0.2551,-4,0.425,0.4,closed,opposite_fill
3188,Will Harry Kane win the 2026 Ballon d'Or?,2026-06-28T03:18:00+00:00,2026-06-29T00:00:00+00:00,20.7,sell_yes,buy_yes,0.19,0.19,24.8905,0,0,0.2035,0.17,closed,opposite_fill
3189,Will Ulf Kristersson be the next Prime Minister of Sweden?,2026-06-19T00:00:00+00:00,2026-06-29T00:00:00+00:00,240,sell_yes,buy_yes,0.26,0.17,3.0984,0.2789,9,0.49,0.14,closed,opposite_fill
3190,Will Kimi Antonelli be the 2026 F1 Drivers' Champion?,2026-06-28T15:39:00+00:00,2026-06-29T00:03:00+00:00,8.4,buy_yes,sell_yes,0.54,0.35,18.9519,-3.6009,-19,0.538,0.5195,closed,opposite_fill
3191,Will Harry Kane win the 2026 Ballon d'Or?,2026-06-29T00:00:00+00:00,2026-06-29T00:16:00+00:00,0.2667,buy_yes,sell_yes,0.19,0.2,1.08444,0.0108,1,0.17,0.217,closed,opposite_fill
3192,Will Kimi Antonelli be the 2026 F1 Drivers' Champion?,2026-06-29T00:03:00+00:00,2026-06-29T02:47:00+00:00,2.7333,sell_yes,buy_yes,0.35,0.52,33.9275,-5.7677,-17,0.5195,0.5195,closed,opposite_fill
3193,Bab el-Mandeb Strait effectively closed by September 30?,2026-06-28T09:02:00+00:00,2026-06-29T03:54:00+00:00,18.8667,buy_yes,sell_yes,0.12,0.11,24.7872,-0.2479,-1,0.115,0.115,closed,opposite_fill
3194,Will Kimi Antonelli be the 2026 F1 Drivers' Champion?,2026-06-29T02:47:00+00:00,2026-06-29T10:13:00+00:00,7.4333,buy_yes,sell_yes,0.52,0.53,17.7125,0.1771,1,0.5195,0.531,closed,opposite_fill
3195,Clarity Act (H.R.3633) signed into law in 2026?,2026-06-28T15:34:00+00:00,2026-06-29T15:22:00+00:00,23.8,sell_yes,buy_yes,0.41,0.49,16.0084,-1.2807,-8,0.415,0.485,closed,opposite_fill
3196,Fed Rate Hike by October 2026 Meeting?,2026-06-28T22:25:00+00:00,2026-06-29T18:35:00+00:00,20.1667,sell_yes,buy_yes,0.39,0.44,103.28,-5.164,-5,0.4,0.435,closed,opposite_fill
3197,Will Kimi Antonelli be the 2026 F1 Drivers' Champion?,2026-06-29T10:13:00+00:00,2026-06-29T18:55:00+00:00,8.7,sell_yes,buy_yes,0.53,0.53,33.9275,0,0,0.531,0.529,closed,opposite_fill
3198,Will Ulf Kristersson be the next Prime Minister of Sweden?,2026-06-29T00:00:00+00:00,2026-06-29T19:34:00+00:00,19.5667,buy_yes,sell_yes,0.17,0.21,48.5416,1.9417,4,0.14,0.21,closed,opposite_fill
3199,Will Kimi Antonelli be the 2026 F1 Drivers' Champion?,2026-06-29T18:55:00+00:00,2026-06-29T22:57:00+00:00,4.0333,buy_yes,sell_yes,0.53,0.53,17.7125,0,0,0.529,0.5315,closed,opposite_fill
3200,Will Harry Kane win the 2026 Ballon d'Or?,2026-06-29T00:16:00+00:00,2026-06-30T00:00:00+00:00,23.7333,sell_yes,buy_yes,0.2,0.24,24.7356,-0.9894,-4,0.217,0.197,closed,opposite_fill
3201,Will Kimi Antonelli be the 2026 F1 Drivers' Champion?,2026-06-29T22:57:00+00:00,2026-06-30T00:02:00+00:00,1.0833,sell_yes,buy_yes,0.53,0.53,34.2373,0,0,0.5315,0.5265,closed,opposite_fill
3202,Will Harry Kane win the 2026 Ballon d'Or?,2026-06-30T00:00:00+00:00,2026-06-30T00:06:00+00:00,0.1,buy_yes,sell_yes,0.24,0.22,1.62666,-0.0325,-2,0.197,0.2665,closed,opposite_fill
3203,Will Kimi Antonelli be the 2026 F1 Drivers' Champion?,2026-06-30T00:02:00+00:00,2026-07-01T00:08:00+00:00,24.1,buy_yes,sell_yes,0.53,0.52,17.4027,-0.174,-1,0.5265,0.5555,closed,opposite_fill
3204,Will Kimi Antonelli be the 2026 F1 Drivers' Champion?,2026-07-01T00:08:00+00:00,2026-07-01T00:09:00+00:00,0.0167,sell_yes,buy_yes,0.52,0.55,34.2373,-1.0271,-3,0.5555,0.515,closed,opposite_fill
3205,Will Harry Kane win the 2026 Ballon d'Or?,2026-06-30T00:06:00+00:00,2026-07-01T11:05:00+00:00,34.9833,sell_yes,buy_yes,0.22,0.19,24.1933,0.7258,3,0.2665,0.187,closed,opposite_fill
3206,Clarity Act (H.R.3633) signed into law in 2026?,2026-06-29T15:22:00+00:00,2026-07-01T13:15:00+00:00,45.8833,buy_yes,sell_yes,0.49,0.4,35.6316,-3.2068,-9,0.485,0.405,closed,opposite_fill
3207,Clarity Act (H.R.3633) signed into law in 2026?,2026-07-01T13:15:00+00:00,2026-07-01T15:10:00+00:00,1.9167,sell_yes,buy_yes,0.4,0.39,16.0084,0.1601,1,0.405,0.385,closed,opposite_fill
3208,Will Harry Kane win the 2026 Ballon d'Or?,2026-07-01T11:05:00+00:00,2026-07-01T17:38:00+00:00,6.55,buy_yes,sell_yes,0.19,0.17,1.62666,-0.0325,-2,0.187,0.179,closed,opposite_fill
3209,Will Kimi Antonelli be the 2026 F1 Drivers' Champion?,2026-07-01T00:09:00+00:00,2026-07-01T18:53:00+00:00,18.7333,buy_yes,sell_yes,0.55,0.52,17.5576,-0.5267,-3,0.515,0.5325,closed,opposite_fill
3210,Will Édouard Philippe win the 2027 French presidential election?,2026-06-26T09:40:00+00:00,2026-07-01T18:55:00+00:00,129.25,buy_yes,sell_yes,0.19,0.19,42.3448,0,0,0.185,0.195,closed,opposite_fill
3211,Bab el-Mandeb Strait effectively closed by September 30?,2026-06-29T03:54:00+00:00,2026-07-01T19:47:00+00:00,63.8833,sell_yes,buy_yes,0.11,0.09,78.4928,1.5699,2,0.115,0.085,closed,opposite_fill
3212,Will Kimi Antonelli be the 2026 F1 Drivers' Champion?,2026-07-01T18:53:00+00:00,2026-07-01T20:42:00+00:00,1.8167,sell_yes,buy_yes,0.52,0.54,34.857,-0.6971,-2,0.5325,0.537,closed,opposite_fill
3213,Will Kimi Antonelli be the 2026 F1 Drivers' Champion?,2026-07-01T20:42:00+00:00,2026-07-01T20:59:00+00:00,0.2833,buy_yes,sell_yes,0.54,0.54,16.783,0,0,0.537,0.5405,closed,opposite_fill
3214,Will Kimi Antonelli be the 2026 F1 Drivers' Champion?,2026-07-01T20:59:00+00:00,2026-07-01T22:13:00+00:00,1.2333,sell_yes,buy_yes,0.54,0.56,35.0119,-0.7002,-2,0.5405,0.5495,closed,opposite_fill
3215,Will Kimi Antonelli be the 2026 F1 Drivers' Champion?,2026-07-01T22:13:00+00:00,2026-07-01T22:16:00+00:00,0.05,buy_yes,sell_yes,0.56,0.56,16.6281,0,0,0.5495,0.565,closed,opposite_fill
3216,Will Kimi Antonelli be the 2026 F1 Drivers' Champion?,2026-07-01T22:16:00+00:00,2026-07-01T22:18:00+00:00,0.0333,sell_yes,buy_yes,0.56,0.56,35.0119,0,0,0.565,0.556,closed,opposite_fill
3217,Will Harry Kane win the 2026 Ballon d'Or?,2026-07-01T17:38:00+00:00,2026-07-02T00:00:00+00:00,6.3667,sell_yes,buy_yes,0.17,0.21,24.1933,-0.9677,-4,0.179,0.1695,closed,opposite_fill
3218,Will Kimi Antonelli be the 2026 F1 Drivers' Champion?,2026-07-01T22:18:00+00:00,2026-07-02T00:00:00+00:00,1.7,buy_yes,sell_yes,0.56,0.56,17.8674,0,0,0.556,0.5755,closed,opposite_fill
3219,Will Kimi Antonelli be the 2026 F1 Drivers' Champion?,2026-07-02T00:00:00+00:00,2026-07-02T00:04:00+00:00,0.0667,sell_yes,buy_yes,0.56,0.57,33.7726,-0.3377,-1,0.5755,0.547,closed,opposite_fill
3220,Will Kimi Antonelli be the 2026 F1 Drivers' Champion?,2026-07-02T00:04:00+00:00,2026-07-02T00:05:00+00:00,0.0167,buy_yes,sell_yes,0.57,0.55,17.8674,-0.3573,-2,0.547,0.551,closed,opposite_fill
3221,Will Kimi Antonelli be the 2026 F1 Drivers' Champion?,2026-07-02T00:05:00+00:00,2026-07-02T03:30:00+00:00,3.4167,sell_yes,buy_yes,0.55,0.55,33.7726,0,0,0.551,0.5365,closed,opposite_fill
3222,Will there be no change in Fed interest rates after the September 2026 meeting?,2026-06-25T13:11:00+00:00,2026-07-02T13:01:00+00:00,167.833,sell_yes,buy_yes,0.57,0.65,50.1941,-4.0155,-8,0.575,0.645,closed,opposite_fill
3223,Bab el-Mandeb Strait effectively closed by September 30?,2026-07-01T19:47:00+00:00,2026-07-02T16:49:00+00:00,21.0333,buy_yes,sell_yes,0.09,0.09,24.7872,0,0,0.085,0.095,closed,opposite_fill
3224,Will Kimi Antonelli be the 2026 F1 Drivers' Champion?,2026-07-02T03:30:00+00:00,2026-07-02T18:59:00+00:00,15.4833,buy_yes,sell_yes,0.55,0.56,17.8674,0.1787,1,0.5365,0.563,closed,opposite_fill
3225,Will Kimi Antonelli be the 2026 F1 Drivers' Champion?,2026-07-02T18:59:00+00:00,2026-07-02T23:26:00+00:00,4.45,sell_yes,buy_yes,0.56,0.57,33.7726,-0.3377,-1,0.563,0.5695,closed,opposite_fill
3226,Will Harry Kane win the 2026 Ballon d'Or?,2026-07-02T00:00:00+00:00,2026-07-03T00:00:00+00:00,24,buy_yes,sell_yes,0.21,0.25,1.62666,0.0651,4,0.1695,0.4365,closed,opposite_fill
3227,Will Harry Kane win the 2026 Ballon d'Or?,2026-07-03T00:00:00+00:00,2026-07-03T00:03:00+00:00,0.05,sell_yes,buy_yes,0.25,0.19,24.1933,1.4516,6,0.4365,0.1405,closed,opposite_fill
3228,Will Kimi Antonelli be the 2026 F1 Drivers' Champion?,2026-07-02T23:26:00+00:00,2026-07-03T00:05:00+00:00,0.65,buy_yes,sell_yes,0.57,0.31,17.8674,-4.6455,-26,0.5695,0.5695,closed,opposite_fill
3229,Will Harry Kane win the 2026 Ballon d'Or?,2026-07-03T00:03:00+00:00,2026-07-03T00:23:00+00:00,0.3333,buy_yes,sell_yes,0.19,0.2,1.62666,0.0163,1,0.1405,0.223,closed,opposite_fill
3230,Will there be no change in Fed interest rates after the September 2026 meeting?,2026-07-02T13:01:00+00:00,2026-07-03T02:09:00+00:00,13.1333,buy_yes,sell_yes,0.65,0.66,53.0859,0.5309,1,0.645,0.665,closed,opposite_fill
3231,Clarity Act (H.R.3633) signed into law in 2026?,2026-07-01T15:10:00+00:00,2026-07-03T14:23:00+00:00,47.2167,buy_yes,sell_yes,0.39,0.4,35.6316,0.3563,1,0.385,0.405,closed,opposite_fill
3232,Will the U.S. invade Iran before 2027?,2026-06-25T17:22:00+00:00,2026-07-03T18:30:00+00:00,193.133,sell_yes,buy_yes,0.13,0.13,56.804,0,0,0.135,0.125,closed,opposite_fill
3233,Will Harry Kane win the 2026 Ballon d'Or?,2026-07-03T00:23:00+00:00,2026-07-04T00:02:00+00:00,23.65,sell_yes,buy_yes,0.2,0.23,24.1933,-0.7258,-3,0.223,0.218,closed,opposite_fill
3234,Clarity Act (H.R.3633) signed into law in 2026?,2026-07-03T14:23:00+00:00,2026-07-04T12:23:00+00:00,22,sell_yes,buy_yes,0.4,0.54,16.0084,-2.2412,-14,0.405,0.53,closed,opposite_fill
3235,Clarity Act (H.R.3633) signed into law in 2026?,2026-07-04T12:23:00+00:00,2026-07-04T12:56:00+00:00,0.55,buy_yes,sell_yes,0.54,0.54,35.6316,0,0,0.53,0.545,closed,opposite_fill
3236,Clarity Act (H.R.3633) signed into law in 2026?,2026-07-04T12:56:00+00:00,2026-07-04T13:23:00+00:00,0.45,sell_yes,buy_yes,0.54,0.54,16.0084,0,0,0.545,0.525,closed,opposite_fill
3237,Will Kimi Antonelli be the 2026 F1 Drivers' Champion?,2026-07-03T00:05:00+00:00,2026-07-04T15:41:00+00:00,39.6,sell_yes,buy_yes,0.31,0.64,33.7726,-11.1449,-33,0.5695,0.639,closed,opposite_fill
3238,Will Kimi Antonelli be the 2026 F1 Drivers' Champion?,2026-07-04T15:41:00+00:00,2026-07-04T16:01:00+00:00,0.3333,buy_yes,sell_yes,0.64,0.63,18.1773,-0.1818,-1,0.639,0.633,closed,opposite_fill
3239,Will Kimi Antonelli be the 2026 F1 Drivers' Champion?,2026-07-04T16:01:00+00:00,2026-07-04T16:26:00+00:00,0.4167,sell_yes,buy_yes,0.63,0.69,36.5611,-2.1937,-6,0.633,0.6845,closed,opposite_fill
3240,Clarity Act (H.R.3633) signed into law in 2026?,2026-07-04T13:23:00+00:00,2026-07-04T17:08:00+00:00,3.75,buy_yes,sell_yes,0.54,0.5,35.6316,-1.4253,-4,0.525,0.505,closed,opposite_fill
3241,Clarity Act (H.R.3633) signed into law in 2026?,2026-07-04T17:08:00+00:00,2026-07-04T19:38:00+00:00,2.5,sell_yes,buy_yes,0.5,0.53,16.0084,-0.4803,-3,0.505,0.525,closed,opposite_fill
3242,Clarity Act (H.R.3633) signed into law in 2026?,2026-07-04T19:38:00+00:00,2026-07-04T21:02:00+00:00,1.4,buy_yes,sell_yes,0.53,0.53,35.6316,0,0,0.525,0.535,closed,opposite_fill
3243,Clarity Act (H.R.3633) signed into law in 2026?,2026-07-04T21:02:00+00:00,2026-07-04T22:09:00+00:00,1.1167,sell_yes,buy_yes,0.53,0.53,16.0084,0,0,0.535,0.5,closed,opposite_fill
3244,Clarity Act (H.R.3633) signed into law in 2026?,2026-07-04T22:09:00+00:00,2026-07-04T23:13:00+00:00,1.0667,buy_yes,sell_yes,0.53,0.5,38.73,-1.1619,-3,0.5,0.515,closed,opposite_fill
3245,Will Kimi Antonelli be the 2026 F1 Drivers' Champion?,2026-07-04T16:26:00+00:00,2026-07-05T00:21:00+00:00,7.9167,buy_yes,sell_yes,0.69,0.64,15.0789,-0.7539,-5,0.6845,0.642,closed,opposite_fill
3246,Clarity Act (H.R.3633) signed into law in 2026?,2026-07-04T23:13:00+00:00,2026-07-05T07:03:00+00:00,7.8333,sell_yes,buy_yes,0.5,0.54,12.91,-0.5164,-4,0.515,0.535,closed,opposite_fill
3247,Clarity Act (H.R.3633) signed into law in 2026?,2026-07-05T07:03:00+00:00,2026-07-05T07:27:00+00:00,0.4,buy_yes,sell_yes,0.54,0.54,38.73,0,0,0.535,0.545,closed,opposite_fill
3248,Clarity Act (H.R.3633) signed into law in 2026?,2026-07-05T07:27:00+00:00,2026-07-05T07:52:00+00:00,0.4167,sell_yes,buy_yes,0.54,0.54,12.91,0,0,0.545,0.535,closed,opposite_fill
3249,Will Kimi Antonelli be the 2026 F1 Drivers' Champion?,2026-07-05T00:21:00+00:00,2026-07-05T13:55:00+00:00,13.5667,sell_yes,buy_yes,0.64,0.72,38.1103,-3.0488,-8,0.642,0.7165,closed,opposite_fill
3250,Will Kimi Antonelli be the 2026 F1 Drivers' Champion?,2026-07-05T13:55:00+00:00,2026-07-05T14:16:00+00:00,0.35,buy_yes,sell_yes,0.72,0.72,13.5297,0,0,0.7165,0.7245,closed,opposite_fill
3251,Will Kimi Antonelli be the 2026 F1 Drivers' Champion?,2026-07-05T14:16:00+00:00,2026-07-05T14:57:00+00:00,0.6833,sell_yes,buy_yes,0.72,0.72,38.73,0,0,0.7245,0.7195,closed,opposite_fill
3252,Will Kimi Antonelli be the 2026 F1 Drivers' Champion?,2026-07-05T14:57:00+00:00,2026-07-05T15:03:00+00:00,0.1,buy_yes,sell_yes,0.72,0.73,12.91,0.1291,1,0.7195,0.7355,closed,opposite_fill
3253,Will Kimi Antonelli be the 2026 F1 Drivers' Champion?,2026-07-05T15:03:00+00:00,2026-07-05T15:09:00+00:00,0.1,sell_yes,buy_yes,0.73,0.74,40.8989,-0.409,-1,0.7355,0.6905,closed,opposite_fill
3254,Will Kimi Antonelli be the 2026 F1 Drivers' Champion?,2026-07-05T15:09:00+00:00,2026-07-05T15:18:00+00:00,0.15,buy_yes,sell_yes,0.74,0.57,46.5276,-7.9097,-17,0.6905,0.5825,closed,opposite_fill
3255,Clarity Act (H.R.3633) signed into law in 2026?,2026-07-05T07:52:00+00:00,2026-07-05T19:53:00+00:00,12.0167,buy_yes,sell_yes,0.54,0.47,38.73,-2.7111,-7,0.535,0.475,closed,opposite_fill
3256,Will Spider-Man: Brand New Day be the top grossing movie of 2026?,2026-06-28T15:10:00+00:00,2026-07-05T23:42:00+00:00,176.533,sell_yes,buy_yes,0.7,0.76,25.82,-1.5492,-6,0.725,0.745,closed,opposite_fill
3257,Will Harry Kane win the 2026 Ballon d'Or?,2026-07-04T00:02:00+00:00,2026-07-06T00:06:00+00:00,48.0667,buy_yes,sell_yes,0.23,0.19,2.01396,-0.0806,-4,0.218,0.215,closed,opposite_fill
3258,Clarity Act (H.R.3633) signed into law in 2026?,2026-07-05T19:53:00+00:00,2026-07-06T01:39:00+00:00,5.7667,sell_yes,buy_yes,0.47,0.49,12.91,-0.2582,-2,0.475,0.485,closed,opposite_fill
3259,Will there be no change in Fed interest rates after the September 2026 meeting?,2026-07-03T02:09:00+00:00,2026-07-06T03:33:00+00:00,73.4,sell_yes,buy_yes,0.66,0.71,59.4893,-2.9745,-5,0.665,0.705,closed,opposite_fill
3260,Clarity Act (H.R.3633) signed into law in 2026?,2026-07-06T01:39:00+00:00,2026-07-06T07:46:00+00:00,6.1167,buy_yes,sell_yes,0.49,0.48,38.73,-0.3873,-1,0.485,0.485,closed,opposite_fill
3261,Clarity Act (H.R.3633) signed into law in 2026?,2026-07-06T07:46:00+00:00,2026-07-06T07:47:00+00:00,0.0167,sell_yes,buy_yes,0.48,0.48,12.91,0,0,0.485,0.475,closed,opposite_fill
3262,Will the Fed increase interest rates by 25 bps after the September 2026 meeting?,2026-06-26T07:58:00+00:00,2026-07-06T11:10:00+00:00,243.2,buy_yes,sell_yes,0.29,0.21,106.378,-8.5103,-8,0.285,0.215,closed,opposite_fill
3263,Clarity Act (H.R.3633) signed into law in 2026?,2026-07-06T07:47:00+00:00,2026-07-06T11:22:00+00:00,3.5833,buy_yes,sell_yes,0.48,0.45,38.73,-1.1619,-3,0.475,0.46,closed,opposite_fill
3264,Clarity Act (H.R.3633) signed into law in 2026?,2026-07-06T11:22:00+00:00,2026-07-06T12:00:00+00:00,0.6333,sell_yes,buy_yes,0.45,0.47,14.4592,-0.2892,-2,0.46,0.465,closed,opposite_fill
3265,Clarity Act (H.R.3633) signed into law in 2026?,2026-07-06T12:00:00+00:00,2026-07-06T12:04:00+00:00,0.0667,buy_yes,sell_yes,0.47,0.47,37.1808,0,0,0.465,0.475,closed,opposite_fill
3266,Clarity Act (H.R.3633) signed into law in 2026?,2026-07-06T12:04:00+00:00,2026-07-06T12:22:00+00:00,0.3,sell_yes,buy_yes,0.47,0.47,14.4592,0,0,0.475,0.465,closed,opposite_fill
3267,Clarity Act (H.R.3633) signed into law in 2026?,2026-07-06T12:22:00+00:00,2026-07-06T12:32:00+00:00,0.1667,buy_yes,sell_yes,0.47,0.46,40.2792,-0.4028,-1,0.465,0.465,closed,opposite_fill
3268,Clarity Act (H.R.3633) signed into law in 2026?,2026-07-06T12:32:00+00:00,2026-07-06T12:53:00+00:00,0.35,sell_yes,buy_yes,0.46,0.46,11.3608,0,0,0.465,0.46,closed,opposite_fill
3269,Clarity Act (H.R.3633) signed into law in 2026?,2026-07-06T12:53:00+00:00,2026-07-06T12:58:00+00:00,0.0833,buy_yes,sell_yes,0.46,0.46,40.2792,0,0,0.46,0.47,closed,opposite_fill
3270,Clarity Act (H.R.3633) signed into law in 2026?,2026-07-06T12:58:00+00:00,2026-07-06T13:11:00+00:00,0.2167,sell_yes,buy_yes,0.46,0.46,11.3608,0,0,0.47,0.46,closed,opposite_fill
3271,Clarity Act (H.R.3633) signed into law in 2026?,2026-07-06T13:11:00+00:00,2026-07-06T13:12:00+00:00,0.0167,buy_yes,sell_yes,0.46,0.47,40.2792,0.4028,1,0.46,0.475,closed,opposite_fill
3272,Clarity Act (H.R.3633) signed into law in 2026?,2026-07-06T13:12:00+00:00,2026-07-06T13:13:00+00:00,0.0167,sell_yes,buy_yes,0.47,0.47,11.3608,0,0,0.475,0.465,closed,opposite_fill
3273,Clarity Act (H.R.3633) signed into law in 2026?,2026-07-06T13:13:00+00:00,2026-07-06T13:32:00+00:00,0.3167,buy_yes,sell_yes,0.47,0.47,40.2792,0,0,0.465,0.475,closed,opposite_fill
3274,Clarity Act (H.R.3633) signed into law in 2026?,2026-07-06T13:32:00+00:00,2026-07-06T13:33:00+00:00,0.0167,sell_yes,buy_yes,0.47,0.47,11.3608,0,0,0.475,0.465,closed,opposite_fill
3275,Clarity Act (H.R.3633) signed into law in 2026?,2026-07-06T13:33:00+00:00,2026-07-06T13:37:00+00:00,0.0667,buy_yes,sell_yes,0.47,0.46,40.2792,-0.4028,-1,0.465,0.465,closed,opposite_fill
3276,Clarity Act (H.R.3633) signed into law in 2026?,2026-07-06T13:37:00+00:00,2026-07-06T13:40:00+00:00,0.05,sell_yes,buy_yes,0.46,0.46,14.4592,0,0,0.465,0.46,closed,opposite_fill
3277,Clarity Act (H.R.3633) signed into law in 2026?,2026-07-06T13:40:00+00:00,2026-07-06T13:42:00+00:00,0.0333,buy_yes,sell_yes,0.46,0.47,37.1808,0.3718,1,0.46,0.475,closed,opposite_fill
3278,Clarity Act (H.R.3633) signed into law in 2026?,2026-07-06T13:42:00+00:00,2026-07-06T13:54:00+00:00,0.2,sell_yes,buy_yes,0.47,0.48,14.4592,-0.1446,-1,0.475,0.47,closed,opposite_fill
3279,Will Harry Kane win the 2026 Ballon d'Or?,2026-07-06T00:06:00+00:00,2026-07-07T00:00:00+00:00,23.9,sell_yes,buy_yes,0.19,0.21,24.1933,-0.4839,-2,0.215,0.1725,closed,opposite_fill
3280,Will Harry Kane win the 2026 Ballon d'Or?,2026-07-06T21:53:00+00:00,2026-07-07T00:00:00+00:00,2.1167,sell_yes,buy_yes,0.27,0.21,1.62666,0.0976,6,0.2765,0.1725,closed,opposite_fill
3281,Will Édouard Philippe win the 2027 French presidential election?,2026-07-01T18:55:00+00:00,2026-07-07T00:00:00+00:00,125.083,sell_yes,buy_yes,0.19,0.23,12.3936,-0.4957,-4,0.195,0.23,closed,opposite_fill
3282,Strait of Hormuz traffic returns to normal by December 31?,2026-07-06T23:21:00+00:00,2026-07-07T01:40:00+00:00,2.3167,buy_yes,sell_yes,0.6,0.59,103.28,-1.0328,-1,0.595,0.605,closed,opposite_fill
3283,Will there be no change in Fed interest rates after the September 2026 meeting?,2026-07-06T03:33:00+00:00,2026-07-07T01:59:00+00:00,22.4333,buy_yes,sell_yes,0.71,0.7,43.7907,-0.4379,-1,0.705,0.705,closed,opposite_fill
3284,Will there be no change in Fed interest rates after the September 2026 meeting?,2026-07-07T01:59:00+00:00,2026-07-07T02:00:00+00:00,0.0167,sell_yes,buy_yes,0.7,0.7,59.4893,0,0,0.705,0.695,closed,opposite_fill
3285,Will there be no change in Fed interest rates after the September 2026 meeting?,2026-07-07T02:00:00+00:00,2026-07-07T02:25:00+00:00,0.4167,buy_yes,sell_yes,0.7,0.7,43.7907,0,0,0.695,0.705,closed,opposite_fill
3286,Will there be no change in Fed interest rates after the September 2026 meeting?,2026-07-07T02:25:00+00:00,2026-07-07T02:44:00+00:00,0.3167,sell_yes,buy_yes,0.7,0.7,59.4893,0,0,0.705,0.695,closed,opposite_fill
3287,Clarity Act (H.R.3633) signed into law in 2026?,2026-07-06T13:54:00+00:00,2026-07-07T06:57:00+00:00,17.05,buy_yes,sell_yes,0.48,0.46,37.1808,-0.7436,-2,0.47,0.465,closed,opposite_fill
3288,Will Marine Le Pen win the 2027 French presidential election?,2026-06-03T00:04:00+00:00,2026-07-07T12:00:00+00:00,827.933,buy_yes,sell_yes,0.09,0.09,14.7384,0,0,0.075,0.103,closed,opposite_fill
3289,Will Marine Le Pen win the 2027 French presidential election?,2026-07-07T12:00:00+00:00,2026-07-07T12:01:00+00:00,0.0167,sell_yes,buy_yes,0.09,0.1,36.9016,-0.369,-1,0.103,0.0965,closed,opposite_fill
3290,Will Marine Le Pen win the 2027 French presidential election?,2026-07-07T12:01:00+00:00,2026-07-07T12:03:00+00:00,0.0333,buy_yes,sell_yes,0.1,0.09,17.527,-0.1753,-1,0.0965,0.0955,closed,opposite_fill
3291,Will Marine Le Pen win the 2027 French presidential election?,2026-07-07T12:03:00+00:00,2026-07-07T12:04:00+00:00,0.0167,sell_yes,buy_yes,0.09,0.09,34.113,0,0,0.0955,0.0855,closed,opposite_fill
3292,Will Marine Le Pen win the 2027 French presidential election?,2026-07-07T12:04:00+00:00,2026-07-07T12:05:00+00:00,0.0167,buy_yes,sell_yes,0.09,0.09,20.9352,0,0,0.0855,0.0955,closed,opposite_fill
3293,Will Marine Le Pen win the 2027 French presidential election?,2026-07-07T12:05:00+00:00,2026-07-07T12:06:00+00:00,0.0167,sell_yes,buy_yes,0.09,0.09,30.7048,0,0,0.0955,0.0875,closed,opposite_fill
3294,Will Marine Le Pen win the 2027 French presidential election?,2026-07-07T12:06:00+00:00,2026-07-07T12:18:00+00:00,0.2,buy_yes,sell_yes,0.09,0.07,29.9206,-0.5984,-2,0.0875,0.084,closed,opposite_fill
3295,Will Marine Le Pen win the 2027 French presidential election?,2026-07-07T12:18:00+00:00,2026-07-07T12:20:00+00:00,0.0333,sell_yes,buy_yes,0.07,0.08,10.9194,-0.1092,-1,0.084,0.0795,closed,opposite_fill
3296,Will Marine Le Pen win the 2027 French presidential election?,2026-07-07T12:20:00+00:00,2026-07-07T12:21:00+00:00,0.0167,buy_yes,sell_yes,0.08,0.09,40.7206,0.4072,1,0.0795,0.092,closed,opposite_fill
3297,Will Harry Kane win the 2026 Ballon d'Or?,2026-07-06T21:53:00+00:00,2026-07-07T17:59:00+00:00,20.1,sell_yes,buy_yes,0.27,0.28,24.5806,-0.2458,-1,0.2765,0.2775,closed,opposite_fill
3298,Will Édouard Philippe win the 2027 French presidential election?,2026-07-07T00:00:00+00:00,2026-07-07T18:18:00+00:00,18.3,buy_yes,sell_yes,0.23,0.23,39.2464,0,0,0.23,0.235,closed,opposite_fill
3299,Will the U.S. invade Iran before 2027?,2026-07-03T18:30:00+00:00,2026-07-07T19:33:00+00:00,97.05,buy_yes,sell_yes,0.13,0.13,46.476,0,0,0.125,0.135,closed,opposite_fill
3300,Will the U.S. invade Iran before 2027?,2026-07-07T19:33:00+00:00,2026-07-07T19:52:00+00:00,0.3167,sell_yes,buy_yes,0.13,0.13,56.804,0,0,0.135,0.125,closed,opposite_fill
3301,Bab el-Mandeb Strait effectively closed by September 30?,2026-07-02T16:49:00+00:00,2026-07-07T22:15:00+00:00,125.433,sell_yes,buy_yes,0.09,0.09,78.4928,0,0,0.095,0.085,closed,opposite_fill
3302,Will Harry Kane win the 2026 Ballon d'Or?,2026-07-07T17:59:00+00:00,2026-07-08T00:02:00+00:00,6.05,buy_yes,sell_yes,0.28,0.19,1.31682,-0.1185,-9,0.2775,0.285,closed,opposite_fill
3303,Will Harry Kane win the 2026 Ballon d'Or?,2026-07-08T00:00:00+00:00,2026-07-08T00:02:00+00:00,0.0333,buy_yes,sell_yes,0.24,0.19,24.5032,-1.2252,-5,0.2045,0.285,closed,opposite_fill
3304,Clarity Act (H.R.3633) signed into law in 2026?,2026-07-07T06:57:00+00:00,2026-07-08T00:03:00+00:00,17.1,sell_yes,buy_yes,0.46,0.46,14.4592,0,0,0.465,0.46,closed,opposite_fill
3305,Will Harry Kane win the 2026 Ballon d'Or?,2026-07-08T00:00:00+00:00,2026-07-08T00:16:00+00:00,0.2667,buy_yes,sell_yes,0.24,0.23,1.31682,-0.0132,-1,0.2045,0.285,closed,opposite_fill
3306,Will Harry Kane win the 2026 Ballon d'Or?,2026-07-08T00:14:00+00:00,2026-07-08T00:16:00+00:00,0.0333,buy_yes,sell_yes,0.26,0.23,24.5806,-0.7374,-3,0.2045,0.285,closed,opposite_fill
3307,Will the U.S. invade Iran before 2027?,2026-07-07T19:52:00+00:00,2026-07-08T00:48:00+00:00,4.9333,buy_yes,sell_yes,0.13,0.14,46.476,0.4648,1,0.125,0.145,closed,opposite_fill
3308,Will Marine Le Pen win the 2027 French presidential election?,2026-07-07T12:21:00+00:00,2026-07-08T09:05:00+00:00,20.7333,sell_yes,buy_yes,0.09,0.28,1.31944,-0.2507,-19,0.092,0.2775,closed,opposite_fill
3309,Will Marine Le Pen win the 2027 French presidential election?,2026-07-07T14:31:00+00:00,2026-07-08T09:05:00+00:00,18.5667,sell_yes,buy_yes,0.16,0.28,50.9402,-6.1128,-12,0.1655,0.2775,closed,opposite_fill
3310,Will there be no change in Fed interest rates after the September 2026 meeting?,2026-07-07T02:44:00+00:00,2026-07-08T11:24:00+00:00,32.6667,buy_yes,sell_yes,0.7,0.6,43.7907,-4.3791,-10,0.695,0.605,closed,opposite_fill
3311,Will the U.S. invade Iran before 2027?,2026-07-08T00:48:00+00:00,2026-07-08T12:03:00+00:00,11.25,sell_yes,buy_yes,0.14,0.15,56.804,-0.568,-1,0.145,0.145,closed,opposite_fill
3312,Bab el-Mandeb Strait effectively closed by September 30?,2026-07-07T22:15:00+00:00,2026-07-08T12:05:00+00:00,13.8333,buy_yes,sell_yes,0.09,0.11,24.7872,0.4957,2,0.085,0.125,closed,opposite_fill
3313,Will there be no change in Fed interest rates after the September 2026 meeting?,2026-07-08T11:24:00+00:00,2026-07-08T12:09:00+00:00,0.75,sell_yes,buy_yes,0.6,0.6,59.4893,0,0,0.605,0.585,closed,opposite_fill
3314,Bab el-Mandeb Strait effectively closed by September 30?,2026-07-08T12:05:00+00:00,2026-07-08T12:19:00+00:00,0.2333,sell_yes,buy_yes,0.11,0.12,78.4928,-0.7849,-1,0.125,0.115,closed,opposite_fill
3315,Will the U.S. invade Iran before 2027?,2026-07-08T12:03:00+00:00,2026-07-08T13:36:00+00:00,1.55,buy_yes,sell_yes,0.15,0.15,46.476,0,0,0.145,0.155,closed,opposite_fill
3316,Will the U.S. invade Iran before 2027?,2026-07-08T13:36:00+00:00,2026-07-08T14:32:00+00:00,0.9333,sell_yes,buy_yes,0.15,0.15,56.804,0,0,0.155,0.145,closed,opposite_fill
3317,Will the U.S. invade Iran before 2027?,2026-07-08T14:32:00+00:00,2026-07-08T14:34:00+00:00,0.0333,buy_yes,sell_yes,0.15,0.15,46.476,0,0,0.145,0.155,closed,opposite_fill
3318,Will the U.S. invade Iran before 2027?,2026-07-08T14:34:00+00:00,2026-07-08T14:49:00+00:00,0.25,sell_yes,buy_yes,0.15,0.15,56.804,0,0,0.155,0.145,closed,opposite_fill
3319,Will the U.S. invade Iran before 2027?,2026-07-08T14:49:00+00:00,2026-07-08T15:02:00+00:00,0.2167,buy_yes,sell_yes,0.15,0.15,46.476,0,0,0.145,0.15,closed,opposite_fill
3320,Will the U.S. invade Iran before 2027?,2026-07-08T15:02:00+00:00,2026-07-08T15:04:00+00:00,0.0333,sell_yes,buy_yes,0.15,0.15,56.804,0,0,0.15,0.145,closed,opposite_fill
3321,Will the U.S. invade Iran before 2027?,2026-07-08T15:04:00+00:00,2026-07-08T15:10:00+00:00,0.1,buy_yes,sell_yes,0.15,0.15,46.476,0,0,0.145,0.15,closed,opposite_fill
3322,Bab el-Mandeb Strait effectively closed by September 30?,2026-07-08T12:19:00+00:00,2026-07-08T15:11:00+00:00,2.8667,buy_yes,sell_yes,0.12,0.12,24.7872,0,0,0.115,0.125,closed,opposite_fill
3323,Will the U.S. invade Iran before 2027?,2026-07-08T15:10:00+00:00,2026-07-08T15:22:00+00:00,0.2,sell_yes,buy_yes,0.15,0.15,59.9024,0,0,0.15,0.145,closed,opposite_fill
3324,Bab el-Mandeb Strait effectively closed by September 30?,2026-07-08T15:11:00+00:00,2026-07-08T16:04:00+00:00,0.8833,sell_yes,buy_yes,0.12,0.12,78.4928,0,0,0.125,0.115,closed,opposite_fill
3325,Bab el-Mandeb Strait effectively closed by September 30?,2026-07-08T16:04:00+00:00,2026-07-08T16:32:00+00:00,0.4667,buy_yes,sell_yes,0.12,0.12,24.7872,0,0,0.115,0.125,closed,opposite_fill
3326,Will there be no change in Fed interest rates after the September 2026 meeting?,2026-07-08T12:09:00+00:00,2026-07-08T17:08:00+00:00,4.9833,buy_yes,sell_yes,0.6,0.56,56.1843,-2.2474,-4,0.585,0.565,closed,opposite_fill
3327,Bab el-Mandeb Strait effectively closed by September 30?,2026-07-08T16:32:00+00:00,2026-07-08T18:46:00+00:00,2.2333,sell_yes,buy_yes,0.12,0.14,78.4928,-1.5699,-2,0.125,0.135,closed,opposite_fill
3328,Bab el-Mandeb Strait effectively closed by September 30?,2026-07-08T18:46:00+00:00,2026-07-08T19:01:00+00:00,0.25,buy_yes,sell_yes,0.14,0.14,24.7872,0,0,0.135,0.145,closed,opposite_fill
3329,Bab el-Mandeb Strait effectively closed by September 30?,2026-07-08T19:01:00+00:00,2026-07-08T20:06:00+00:00,1.0833,sell_yes,buy_yes,0.14,0.14,78.4928,0,0,0.145,0.13,closed,opposite_fill
3330,Bab el-Mandeb Strait effectively closed by September 30?,2026-07-08T20:06:00+00:00,2026-07-08T20:23:00+00:00,0.2833,buy_yes,sell_yes,0.14,0.14,24.7872,0,0,0.13,0.145,closed,opposite_fill
3331,Bab el-Mandeb Strait effectively closed by September 30?,2026-07-08T20:23:00+00:00,2026-07-08T20:43:00+00:00,0.3333,sell_yes,buy_yes,0.14,0.16,78.4928,-1.5699,-2,0.145,0.15,closed,opposite_fill
3332,Bab el-Mandeb Strait effectively closed by September 30?,2026-07-08T20:43:00+00:00,2026-07-08T20:44:00+00:00,0.0167,buy_yes,sell_yes,0.16,0.16,24.7872,0,0,0.15,0.195,closed,opposite_fill
3333,Bab el-Mandeb Strait effectively closed by September 30?,2026-07-08T20:44:00+00:00,2026-07-08T20:47:00+00:00,0.05,sell_yes,buy_yes,0.16,0.19,78.4928,-2.3548,-3,0.195,0.18,closed,opposite_fill
3334,Bab el-Mandeb Strait effectively closed by September 30?,2026-07-08T20:47:00+00:00,2026-07-08T21:06:00+00:00,0.3167,buy_yes,sell_yes,0.19,0.18,30.984,-0.3098,-1,0.18,0.185,closed,opposite_fill
3335,Bab el-Mandeb Strait effectively closed by September 30?,2026-07-08T21:06:00+00:00,2026-07-08T21:22:00+00:00,0.2667,sell_yes,buy_yes,0.18,0.17,72.296,0.723,1,0.185,0.165,closed,opposite_fill
3336,Bab el-Mandeb Strait effectively closed by September 30?,2026-07-08T21:22:00+00:00,2026-07-08T21:31:00+00:00,0.15,buy_yes,sell_yes,0.17,0.17,30.984,0,0,0.165,0.18,closed,opposite_fill
3337,Will the U.S. invade Iran before 2027?,2026-07-08T15:22:00+00:00,2026-07-08T21:36:00+00:00,6.2333,buy_yes,sell_yes,0.15,0.15,43.3776,0,0,0.145,0.155,closed,opposite_fill
3338,Bab el-Mandeb Strait effectively closed by September 30?,2026-07-08T21:31:00+00:00,2026-07-08T21:40:00+00:00,0.15,sell_yes,buy_yes,0.17,0.18,72.296,-0.723,-1,0.18,0.175,closed,opposite_fill
3339,Will the U.S. invade Iran before 2027?,2026-07-08T21:36:00+00:00,2026-07-08T21:59:00+00:00,0.3833,sell_yes,buy_yes,0.15,0.18,59.9024,-1.7971,-3,0.155,0.175,closed,opposite_fill
3340,Bab el-Mandeb Strait effectively closed by September 30?,2026-07-08T21:40:00+00:00,2026-07-08T22:59:00+00:00,1.3167,buy_yes,sell_yes,0.18,0.15,30.984,-0.9295,-3,0.175,0.155,closed,opposite_fill
3341,Bab el-Mandeb Strait effectively closed by September 30?,2026-07-08T22:59:00+00:00,2026-07-08T23:29:00+00:00,0.5,sell_yes,buy_yes,0.15,0.15,72.296,0,0,0.155,0.145,closed,opposite_fill
3342,Will the U.S. invade Iran before 2027?,2026-07-08T21:59:00+00:00,2026-07-08T23:43:00+00:00,1.7333,buy_yes,sell_yes,0.18,0.15,43.3776,-1.3013,-3,0.175,0.155,closed,opposite_fill
3343,Will there be no change in Fed interest rates after the September 2026 meeting?,2026-07-08T17:08:00+00:00,2026-07-08T23:58:00+00:00,6.8333,sell_yes,buy_yes,0.56,0.58,47.0957,-0.9419,-2,0.565,0.565,closed,opposite_fill
3344,Bab el-Mandeb Strait effectively closed by September 30?,2026-07-08T23:29:00+00:00,2026-07-09T00:00:00+00:00,0.5167,buy_yes,sell_yes,0.15,0.15,30.984,0,0,0.145,0.31,closed,opposite_fill
3345,Bab el-Mandeb Strait effectively closed by September 30?,2026-07-09T00:00:00+00:00,2026-07-09T00:03:00+00:00,0.05,sell_yes,buy_yes,0.15,0.15,72.296,0,0,0.31,0.135,closed,opposite_fill
3346,Will Harry Kane win the 2026 Ballon d'Or?,2026-07-08T00:14:00+00:00,2026-07-09T00:04:00+00:00,23.8333,buy_yes,sell_yes,0.26,0.19,1.23936,-0.0868,-7,0.2045,0.2455,closed,opposite_fill
3347,Bab el-Mandeb Strait effectively closed by September 30?,2026-07-09T00:03:00+00:00,2026-07-09T00:36:00+00:00,0.55,buy_yes,sell_yes,0.15,0.13,30.984,-0.6197,-2,0.135,0.145,closed,opposite_fill
3348,Bab el-Mandeb Strait effectively closed by September 30?,2026-07-09T00:36:00+00:00,2026-07-09T03:21:00+00:00,2.75,sell_yes,buy_yes,0.13,0.15,72.296,-1.4459,-2,0.145,0.145,closed,opposite_fill
3349,Bab el-Mandeb Strait effectively closed by September 30?,2026-07-09T03:21:00+00:00,2026-07-09T03:22:00+00:00,0.0167,buy_yes,sell_yes,0.15,0.15,30.984,0,0,0.145,0.15,closed,opposite_fill
3350,Bab el-Mandeb Strait effectively closed by September 30?,2026-07-09T03:22:00+00:00,2026-07-09T03:28:00+00:00,0.1,sell_yes,buy_yes,0.15,0.15,75.3944,0,0,0.15,0.145,closed,opposite_fill
3351,Bab el-Mandeb Strait effectively closed by September 30?,2026-07-09T03:28:00+00:00,2026-07-09T03:31:00+00:00,0.05,buy_yes,sell_yes,0.15,0.15,27.8856,0,0,0.145,0.15,closed,opposite_fill
3352,Bab el-Mandeb Strait effectively closed by September 30?,2026-07-09T03:31:00+00:00,2026-07-09T03:34:00+00:00,0.05,sell_yes,buy_yes,0.15,0.15,75.3944,0,0,0.15,0.145,closed,opposite_fill
3353,Bab el-Mandeb Strait effectively closed by September 30?,2026-07-09T03:34:00+00:00,2026-07-09T03:36:00+00:00,0.0333,buy_yes,sell_yes,0.15,0.15,27.8856,0,0,0.145,0.15,closed,opposite_fill
3354,Bab el-Mandeb Strait effectively closed by September 30?,2026-07-09T03:36:00+00:00,2026-07-09T03:39:00+00:00,0.05,sell_yes,buy_yes,0.15,0.15,78.4928,0,0,0.15,0.145,closed,opposite_fill
3355,Bab el-Mandeb Strait effectively closed by September 30?,2026-07-09T03:39:00+00:00,2026-07-09T03:40:00+00:00,0.0167,buy_yes,sell_yes,0.15,0.15,24.7872,0,0,0.145,0.15,closed,opposite_fill
3356,Bab el-Mandeb Strait effectively closed by September 30?,2026-07-09T03:40:00+00:00,2026-07-09T03:42:00+00:00,0.0333,sell_yes,buy_yes,0.15,0.15,78.4928,0,0,0.15,0.145,closed,opposite_fill
3357,Bab el-Mandeb Strait effectively closed by September 30?,2026-07-09T03:42:00+00:00,2026-07-09T03:46:00+00:00,0.0667,buy_yes,sell_yes,0.15,0.15,24.7872,0,0,0.145,0.155,closed,opposite_fill
3358,Bab el-Mandeb Strait effectively closed by September 30?,2026-07-09T03:46:00+00:00,2026-07-09T03:48:00+00:00,0.0333,sell_yes,buy_yes,0.15,0.15,78.4928,0,0,0.155,0.14,closed,opposite_fill
3359,Bab el-Mandeb Strait effectively closed by September 30?,2026-07-09T03:48:00+00:00,2026-07-09T07:33:00+00:00,3.75,buy_yes,sell_yes,0.15,0.13,24.7872,-0.4957,-2,0.14,0.135,closed,opposite_fill
3360,Strait of Hormuz traffic returns to normal by December 31?,2026-07-07T01:40:00+00:00,2026-07-09T07:35:00+00:00,53.9167,sell_yes,buy_yes,0.59,0.61,3.0984,-0.062,-2,0.605,0.605,closed,opposite_fill
3361,Strait of Hormuz traffic returns to normal by December 31?,2026-07-08T02:23:00+00:00,2026-07-09T07:35:00+00:00,29.2,sell_yes,buy_yes,0.63,0.61,100.182,2.0036,2,0.645,0.605,closed,opposite_fill
3362,Will Édouard Philippe win the 2027 French presidential election?,2026-07-07T18:18:00+00:00,2026-07-09T08:11:00+00:00,37.8833,sell_yes,buy_yes,0.23,0.26,12.3936,-0.3718,-3,0.235,0.255,closed,opposite_fill
3363,Will there be no change in Fed interest rates after the September 2026 meeting?,2026-07-08T23:58:00+00:00,2026-07-09T09:38:00+00:00,9.6667,buy_yes,sell_yes,0.58,0.57,56.1843,-0.5618,-1,0.565,0.57,closed,opposite_fill
3364,Fed Rate Hike by October 2026 Meeting?,2026-06-28T22:25:00+00:00,2026-07-09T09:57:00+00:00,251.533,sell_yes,buy_yes,0.39,0.5,2.91663,-0.3208,-11,0.4,0.475,closed,opposite_fill
3365,Fed Rate Hike by October 2026 Meeting?,2026-07-08T13:25:00+00:00,2026-07-09T09:57:00+00:00,20.5333,sell_yes,buy_yes,0.44,0.5,106.56,-6.3936,-6,0.465,0.475,closed,opposite_fill
3366,Will Édouard Philippe win the 2027 French presidential election?,2026-07-09T08:11:00+00:00,2026-07-09T14:48:00+00:00,6.6167,buy_yes,sell_yes,0.26,0.26,39.2464,0,0,0.255,0.265,closed,opposite_fill
3367,Will the U.S. invade Iran before 2027?,2026-07-08T23:43:00+00:00,2026-07-09T15:55:00+00:00,16.2,sell_yes,buy_yes,0.15,0.16,59.9024,-0.599,-1,0.155,0.155,closed,opposite_fill
3368,Bab el-Mandeb Strait effectively closed by September 30?,2026-07-09T07:33:00+00:00,2026-07-09T16:42:00+00:00,9.15,sell_yes,buy_yes,0.13,0.12,78.4928,0.7849,1,0.135,0.115,closed,opposite_fill
3369,Bab el-Mandeb Strait effectively closed by September 30?,2026-07-09T16:42:00+00:00,2026-07-09T17:21:00+00:00,0.65,buy_yes,sell_yes,0.12,0.12,24.7872,0,0,0.115,0.135,closed,opposite_fill
3370,Will there be no change in Fed interest rates after the September 2026 meeting?,2026-07-09T09:38:00+00:00,2026-07-09T17:39:00+00:00,8.0167,sell_yes,buy_yes,0.57,0.57,50.1941,0,0,0.57,0.565,closed,opposite_fill
3371,Will Harry Kane win the 2026 Ballon d'Or?,2026-07-09T00:04:00+00:00,2026-07-10T00:01:00+00:00,23.95,sell_yes,buy_yes,0.19,0.2,24.5806,-0.2458,-1,0.2455,0.1425,closed,opposite_fill
3372,Bab el-Mandeb Strait effectively closed by September 30?,2026-07-09T17:21:00+00:00,2026-07-10T00:01:00+00:00,6.6667,sell_yes,buy_yes,0.12,0.13,81.5912,-0.8159,-1,0.135,0.125,closed,opposite_fill
3373,Will Harry Kane win the 2026 Ballon d'Or?,2026-07-10T00:01:00+00:00,2026-07-10T00:04:00+00:00,0.05,buy_yes,sell_yes,0.2,0.17,1.23936,-0.0372,-3,0.1425,0.243,closed,opposite_fill
3374,Will there be no change in Fed interest rates after the September 2026 meeting?,2026-07-09T17:39:00+00:00,2026-07-10T00:09:00+00:00,6.5,buy_yes,sell_yes,0.57,0.57,53.0859,0,0,0.565,0.57,closed,opposite_fill
3375,Bab el-Mandeb Strait effectively closed by September 30?,2026-07-10T00:01:00+00:00,2026-07-10T00:36:00+00:00,0.5833,buy_yes,sell_yes,0.13,0.13,21.6888,0,0,0.125,0.135,closed,opposite_fill
3376,Will the U.S. invade Iran before 2027?,2026-07-09T15:55:00+00:00,2026-07-10T00:54:00+00:00,8.9833,buy_yes,sell_yes,0.16,0.16,43.3776,0,0,0.155,0.165,closed,opposite_fill
3377,Clarity Act (H.R.3633) signed into law in 2026?,2026-07-08T00:03:00+00:00,2026-07-10T03:32:00+00:00,51.4833,buy_yes,sell_yes,0.46,0.41,37.1808,-1.859,-5,0.46,0.41,closed,opposite_fill
3378,Clarity Act (H.R.3633) signed into law in 2026?,2026-07-10T03:32:00+00:00,2026-07-10T03:41:00+00:00,0.15,sell_yes,buy_yes,0.41,0.42,19.1068,-0.1911,-1,0.41,0.415,closed,opposite_fill
3379,Clarity Act (H.R.3633) signed into law in 2026?,2026-07-10T03:41:00+00:00,2026-07-10T05:56:00+00:00,2.25,buy_yes,sell_yes,0.42,0.43,34.0824,0.3408,1,0.415,0.435,closed,opposite_fill
3380,Will Édouard Philippe win the 2027 French presidential election?,2026-07-09T14:48:00+00:00,2026-07-10T07:04:00+00:00,16.2667,sell_yes,buy_yes,0.26,0.26,12.3936,0,0,0.265,0.255,closed,opposite_fill
3381,Clarity Act (H.R.3633) signed into law in 2026?,2026-07-10T05:56:00+00:00,2026-07-10T08:49:00+00:00,2.8833,sell_yes,buy_yes,0.43,0.44,23.7544,-0.2375,-1,0.435,0.415,closed,opposite_fill
3382,Will Édouard Philippe win the 2027 French presidential election?,2026-07-10T07:04:00+00:00,2026-07-10T09:05:00+00:00,2.0167,buy_yes,sell_yes,0.26,0.26,39.2464,0,0,0.255,0.265,closed,opposite_fill
3383,Will the U.S. invade Iran before 2027?,2026-07-10T00:54:00+00:00,2026-07-10T10:01:00+00:00,9.1167,sell_yes,buy_yes,0.16,0.16,59.9024,0,0,0.165,0.155,closed,opposite_fill
3384,Clarity Act (H.R.3633) signed into law in 2026?,2026-07-10T08:49:00+00:00,2026-07-10T11:35:00+00:00,2.7667,buy_yes,sell_yes,0.44,0.39,29.4348,-1.4717,-5,0.415,0.4,closed,opposite_fill
3385,Will the U.S. invade Iran before 2027?,2026-07-10T10:01:00+00:00,2026-07-10T14:25:00+00:00,4.4,buy_yes,sell_yes,0.16,0.16,43.3776,0,0,0.155,0.165,closed,opposite_fill
3386,Clarity Act (H.R.3633) signed into law in 2026?,2026-07-10T11:35:00+00:00,2026-07-10T16:58:00+00:00,5.3833,sell_yes,buy_yes,0.39,0.38,22.2052,0.2221,1,0.4,0.375,closed,opposite_fill
3387,Clarity Act (H.R.3633) signed into law in 2026?,2026-07-10T16:58:00+00:00,2026-07-10T19:04:00+00:00,2.1,buy_yes,sell_yes,0.38,0.38,29.4348,0,0,0.375,0.385,closed,opposite_fill
3388,Will the U.S. invade Iran before 2027?,2026-07-10T14:25:00+00:00,2026-07-10T20:22:00+00:00,5.95,sell_yes,buy_yes,0.16,0.16,59.9024,0,0,0.165,0.155,closed,opposite_fill
3389,Bab el-Mandeb Strait effectively closed by September 30?,2026-07-10T00:36:00+00:00,2026-07-10T20:51:00+00:00,20.25,sell_yes,buy_yes,0.13,0.13,81.5912,0,0,0.135,0.125,closed,opposite_fill
3390,Will the U.S. invade Iran before 2027?,2026-07-10T20:22:00+00:00,2026-07-10T23:42:00+00:00,3.3333,buy_yes,sell_yes,0.16,0.16,43.3776,0,0,0.155,0.165,closed,opposite_fill
3391,Will Ulf Kristersson be the next Prime Minister of Sweden?,2026-06-29T19:34:00+00:00,2026-07-11T00:00:00+00:00,268.433,sell_yes,buy_yes,0.21,0.12,3.0984,0.2789,9,0.21,0.1,closed,opposite_fill
3392,Will the U.S. invade Iran before 2027?,2026-07-10T23:42:00+00:00,2026-07-11T01:14:00+00:00,1.5333,sell_yes,buy_yes,0.16,0.16,59.9024,0,0,0.165,0.155,closed,opposite_fill
3393,Will Ulf Kristersson be the next Prime Minister of Sweden?,2026-07-11T00:00:00+00:00,2026-07-11T05:00:00+00:00,5,buy_yes,sell_yes,0.12,0.15,48.5416,1.4562,3,0.1,0.15,closed,opposite_fill
3394,Iran leadership change by December 31?,2026-07-10T04:34:00+00:00,2026-07-11T11:15:00+00:00,30.6833,buy_yes,sell_yes,0.16,0.17,103.28,1.0328,1,0.155,0.175,closed,opposite_fill
3395,Will the U.S. invade Iran before 2027?,2026-07-11T01:14:00+00:00,2026-07-11T17:21:00+00:00,16.1167,buy_yes,sell_yes,0.16,0.15,43.3776,-0.4338,-1,0.155,0.155,closed,opposite_fill
3396,Bab el-Mandeb Strait effectively closed by September 30?,2026-07-10T20:51:00+00:00,2026-07-11T17:34:00+00:00,20.7167,buy_yes,sell_yes,0.13,0.12,21.6888,-0.2169,-1,0.125,0.15,closed,opposite_fill
3397,Will the U.S. invade Iran before 2027?,2026-07-11T17:21:00+00:00,2026-07-11T17:54:00+00:00,0.55,sell_yes,buy_yes,0.15,0.15,59.9024,0,0,0.155,0.145,closed,opposite_fill
3398,Bab el-Mandeb Strait effectively closed by September 30?,2026-07-11T17:34:00+00:00,2026-07-11T17:58:00+00:00,0.4,sell_yes,buy_yes,0.12,0.15,81.5912,-2.4477,-3,0.15,0.14,closed,opposite_fill
3399,Will the U.S. invade Iran before 2027?,2026-07-11T17:54:00+00:00,2026-07-11T18:08:00+00:00,0.2333,buy_yes,sell_yes,0.15,0.15,43.3776,0,0,0.145,0.15,closed,opposite_fill
3400,Clarity Act (H.R.3633) signed into law in 2026?,2026-07-10T19:04:00+00:00,2026-07-11T18:36:00+00:00,23.5333,sell_yes,buy_yes,0.38,0.43,22.2052,-1.1103,-5,0.385,0.425,closed,opposite_fill
3401,Clarity Act (H.R.3633) signed into law in 2026?,2026-07-11T18:36:00+00:00,2026-07-11T21:53:00+00:00,3.2833,buy_yes,sell_yes,0.43,0.41,29.4348,-0.5887,-2,0.425,0.41,closed,opposite_fill
3402,Will Harry Kane win the 2026 Ballon d'Or?,2026-07-10T00:04:00+00:00,2026-07-11T22:01:00+00:00,45.95,sell_yes,buy_yes,0.17,0.27,24.5806,-2.4581,-10,0.243,0.2685,closed,opposite_fill
3403,Clarity Act (H.R.3633) signed into law in 2026?,2026-07-11T21:53:00+00:00,2026-07-11T23:51:00+00:00,1.9667,sell_yes,buy_yes,0.41,0.42,22.2052,-0.2221,-1,0.41,0.415,closed,opposite_fill
3404,Bab el-Mandeb Strait effectively closed by September 30?,2026-07-11T17:58:00+00:00,2026-07-12T00:18:00+00:00,6.3333,buy_yes,sell_yes,0.15,0.13,27.8856,-0.5577,-2,0.14,0.155,closed,opposite_fill
3405,Will the U.S. invade Iran before 2027?,2026-07-11T18:08:00+00:00,2026-07-12T00:39:00+00:00,6.5167,sell_yes,buy_yes,0.15,0.17,63.0008,-1.26,-2,0.15,0.165,closed,opposite_fill
3406,Bab el-Mandeb Strait effectively closed by September 30?,2026-07-12T00:18:00+00:00,2026-07-12T00:50:00+00:00,0.5333,sell_yes,buy_yes,0.13,0.17,87.788,-3.5115,-4,0.155,0.16,closed,opposite_fill
3407,Iran leadership change by December 31?,2026-07-12T00:00:00+00:00,2026-07-12T02:20:00+00:00,2.3333,sell_yes,buy_yes,0.2,0.22,103.28,-2.0656,-2,0.245,0.215,closed,opposite_fill
3408,Will the U.S. invade Iran before 2027?,2026-07-12T00:39:00+00:00,2026-07-12T03:46:00+00:00,3.1167,buy_yes,sell_yes,0.17,0.17,40.2792,0,0,0.165,0.19,closed,opposite_fill
3409,Clarity Act (H.R.3633) signed into law in 2026?,2026-07-11T23:51:00+00:00,2026-07-12T03:47:00+00:00,3.9333,buy_yes,sell_yes,0.42,0.41,29.4348,-0.2943,-1,0.415,0.41,closed,opposite_fill
3410,Will the U.S. invade Iran before 2027?,2026-07-12T03:46:00+00:00,2026-07-12T03:49:00+00:00,0.05,sell_yes,buy_yes,0.17,0.19,63.0008,-1.26,-2,0.19,0.185,closed,opposite_fill
3411,Will the U.S. invade Iran before 2027?,2026-07-12T03:49:00+00:00,2026-07-12T03:57:00+00:00,0.1333,buy_yes,sell_yes,0.19,0.17,52.6728,-1.0535,-2,0.185,0.175,closed,opposite_fill
3412,Will the U.S. invade Iran before 2027?,2026-07-12T03:57:00+00:00,2026-07-12T07:55:00+00:00,3.9667,sell_yes,buy_yes,0.17,0.17,50.6072,0,0,0.175,0.17,closed,opposite_fill
3413,Clarity Act (H.R.3633) signed into law in 2026?,2026-07-12T03:47:00+00:00,2026-07-12T08:09:00+00:00,4.3667,sell_yes,buy_yes,0.41,0.46,22.2052,-1.1103,-5,0.41,0.455,closed,opposite_fill
3414,Will the U.S. invade Iran before 2027?,2026-07-12T07:55:00+00:00,2026-07-12T08:38:00+00:00,0.7167,buy_yes,sell_yes,0.17,0.17,52.6728,0,0,0.17,0.175,closed,opposite_fill
3415,Will the U.S. invade Iran before 2027?,2026-07-12T08:38:00+00:00,2026-07-12T08:42:00+00:00,0.0667,sell_yes,buy_yes,0.17,0.17,50.6072,0,0,0.175,0.17,closed,opposite_fill
3416,Will the U.S. invade Iran before 2027?,2026-07-12T08:42:00+00:00,2026-07-12T10:50:00+00:00,2.1333,buy_yes,sell_yes,0.17,0.17,55.7712,0,0,0.17,0.175,closed,opposite_fill
3417,Will the U.S. invade Iran before 2027?,2026-07-12T10:50:00+00:00,2026-07-12T10:58:00+00:00,0.1333,sell_yes,buy_yes,0.17,0.17,47.5088,0,0,0.175,0.17,closed,opposite_fill
3418,Will the U.S. invade Iran before 2027?,2026-07-12T10:58:00+00:00,2026-07-12T11:02:00+00:00,0.0667,buy_yes,sell_yes,0.17,0.17,55.7712,0,0,0.17,0.175,closed,opposite_fill
3419,Will the U.S. invade Iran before 2027?,2026-07-12T11:02:00+00:00,2026-07-12T11:11:00+00:00,0.15,sell_yes,buy_yes,0.17,0.17,47.5088,0,0,0.175,0.165,closed,opposite_fill
3420,Will the U.S. invade Iran before 2027?,2026-07-12T11:11:00+00:00,2026-07-12T15:46:00+00:00,4.5833,buy_yes,sell_yes,0.17,0.17,55.7712,0,0,0.165,0.175,closed,opposite_fill
3421,Will the U.S. invade Iran before 2027?,2026-07-12T15:46:00+00:00,2026-07-12T16:06:00+00:00,0.3333,sell_yes,buy_yes,0.17,0.17,47.5088,0,0,0.175,0.165,closed,opposite_fill
3422,Will the U.S. invade Iran before 2027?,2026-07-12T16:06:00+00:00,2026-07-12T17:49:00+00:00,1.7167,buy_yes,sell_yes,0.17,0.17,55.7712,0,0,0.165,0.175,closed,opposite_fill
3423,Will the U.S. invade Iran before 2027?,2026-07-12T17:49:00+00:00,2026-07-12T18:44:00+00:00,0.9167,sell_yes,buy_yes,0.17,0.17,47.5088,0,0,0.175,0.17,closed,opposite_fill
3424,Clarity Act (H.R.3633) signed into law in 2026?,2026-07-12T08:09:00+00:00,2026-07-12T18:57:00+00:00,10.8,buy_yes,sell_yes,0.46,0.45,29.4348,-0.2943,-1,0.455,0.455,closed,opposite_fill
3425,Will the U.S. invade Iran before 2027?,2026-07-12T18:44:00+00:00,2026-07-12T19:05:00+00:00,0.35,buy_yes,sell_yes,0.17,0.17,58.8696,0,0,0.17,0.175,closed,opposite_fill
3426,Will the U.S. invade Iran before 2027?,2026-07-12T19:05:00+00:00,2026-07-12T19:15:00+00:00,0.1667,sell_yes,buy_yes,0.17,0.17,44.4104,0,0,0.175,0.165,closed,opposite_fill
3427,Bab el-Mandeb Strait effectively closed by September 30?,2026-07-12T00:50:00+00:00,2026-07-12T21:02:00+00:00,20.2,buy_yes,sell_yes,0.17,0.15,15.492,-0.3098,-2,0.16,0.16,closed,opposite_fill
3428,Clarity Act (H.R.3633) signed into law in 2026?,2026-07-12T18:57:00+00:00,2026-07-12T21:29:00+00:00,2.5333,sell_yes,buy_yes,0.45,0.46,22.2052,-0.2221,-1,0.455,0.46,closed,opposite_fill
3429,Will the U.S. invade Iran before 2027?,2026-07-12T19:15:00+00:00,2026-07-12T22:09:00+00:00,2.9,buy_yes,sell_yes,0.17,0.17,58.8696,0,0,0.165,0.175,closed,opposite_fill
3430,Will the U.S. invade Iran before 2027?,2026-07-12T22:09:00+00:00,2026-07-12T22:24:00+00:00,0.25,sell_yes,buy_yes,0.17,0.17,44.4104,0,0,0.175,0.17,closed,opposite_fill
3431,Will the U.S. invade Iran before 2027?,2026-07-12T22:24:00+00:00,2026-07-12T23:04:00+00:00,0.6667,buy_yes,sell_yes,0.17,0.17,61.968,0,0,0.17,0.175,closed,opposite_fill
3432,Will the Sweden Democrats (SD) win the second most seats in the 2026 Swedish parliamentary election?,2026-06-18T00:00:00+00:00,2026-07-13T00:00:00+00:00,600,sell_yes,buy_yes,0.63,0.77,3.27191,-0.4581,-14,0.635,0.415,closed,opposite_fill
3433,Will the Moderate Party (M) win the third most seats in the 2026 Swedish parliamentary election?,2026-06-24T01:00:00+00:00,2026-07-13T00:00:00+00:00,455,sell_yes,buy_yes,0.73,0.79,45.4535,-2.7272,-6,0.83,0.78,closed,opposite_fill
3434,Bab el-Mandeb Strait effectively closed by September 30?,2026-07-12T21:02:00+00:00,2026-07-13T00:07:00+00:00,3.0833,sell_yes,buy_yes,0.15,0.19,87.788,-3.5115,-4,0.16,0.155,closed,opposite_fill
3435,Bab el-Mandeb Strait effectively closed by September 30?,2026-07-13T00:07:00+00:00,2026-07-13T01:27:00+00:00,1.3333,buy_yes,sell_yes,0.19,0.16,18.5904,-0.5577,-3,0.155,0.165,closed,opposite_fill
3436,Bab el-Mandeb Strait effectively closed by September 30?,2026-07-13T01:27:00+00:00,2026-07-13T09:49:00+00:00,8.3667,sell_yes,buy_yes,0.16,0.16,84.6896,0,0,0.165,0.14,closed,opposite_fill
3437,Bab el-Mandeb Strait effectively closed by September 30?,2026-07-13T09:49:00+00:00,2026-07-13T09:51:00+00:00,0.0333,buy_yes,sell_yes,0.16,0.15,18.5904,-0.1859,-1,0.14,0.15,closed,opposite_fill
3438,Will the U.S. invade Iran before 2027?,2026-07-12T23:04:00+00:00,2026-07-13T10:34:00+00:00,11.5,sell_yes,buy_yes,0.17,0.17,41.312,0,0,0.175,0.165,closed,opposite_fill
3439,Clarity Act (H.R.3633) signed into law in 2026?,2026-07-12T21:29:00+00:00,2026-07-13T10:42:00+00:00,13.2167,buy_yes,sell_yes,0.46,0.45,29.4348,-0.2943,-1,0.46,0.455,closed,opposite_fill
3440,Will there be no change in Fed interest rates after the September 2026 meeting?,2026-07-10T00:09:00+00:00,2026-07-13T10:54:00+00:00,82.75,sell_yes,buy_yes,0.57,0.55,50.1941,1.0039,2,0.57,0.545,closed,opposite_fill
3441,Bab el-Mandeb Strait effectively closed by September 30?,2026-07-13T09:51:00+00:00,2026-07-13T11:42:00+00:00,1.85,sell_yes,buy_yes,0.15,0.17,84.6896,-1.6938,-2,0.15,0.165,closed,opposite_fill
3442,Will the U.S. invade Iran before 2027?,2026-07-13T10:34:00+00:00,2026-07-13T12:00:00+00:00,1.4333,buy_yes,sell_yes,0.17,0.19,61.968,1.2394,2,0.165,0.195,closed,opposite_fill
3443,Will the U.S. invade Iran before 2027?,2026-07-13T12:00:00+00:00,2026-07-13T12:04:00+00:00,0.0667,sell_yes,buy_yes,0.19,0.19,41.312,0,0,0.195,0.185,closed,opposite_fill
3444,Bab el-Mandeb Strait effectively closed by September 30?,2026-07-13T11:42:00+00:00,2026-07-13T12:08:00+00:00,0.4333,buy_yes,sell_yes,0.17,0.15,18.5904,-0.3718,-2,0.165,0.155,closed,opposite_fill
3445,Will the U.S. invade Iran before 2027?,2026-07-13T12:04:00+00:00,2026-07-13T12:09:00+00:00,0.0833,buy_yes,sell_yes,0.19,0.19,61.968,0,0,0.185,0.195,closed,opposite_fill
3446,Bab el-Mandeb Strait effectively closed by September 30?,2026-07-13T12:08:00+00:00,2026-07-13T12:22:00+00:00,0.2333,sell_yes,buy_yes,0.15,0.15,84.6896,0,0,0.155,0.145,closed,opposite_fill
3447,Bab el-Mandeb Strait effectively closed by September 30?,2026-07-13T12:22:00+00:00,2026-07-13T12:28:00+00:00,0.1,buy_yes,sell_yes,0.15,0.15,18.5904,0,0,0.145,0.15,closed,opposite_fill
3448,Will the U.S. invade Iran before 2027?,2026-07-13T12:09:00+00:00,2026-07-13T12:36:00+00:00,0.45,sell_yes,buy_yes,0.19,0.19,41.312,0,0,0.195,0.185,closed,opposite_fill
3449,Bab el-Mandeb Strait effectively closed by September 30?,2026-07-13T12:28:00+00:00,2026-07-13T12:46:00+00:00,0.3,sell_yes,buy_yes,0.15,0.16,84.6896,-0.8469,-1,0.15,0.145,closed,opposite_fill
3450,Bab el-Mandeb Strait effectively closed by September 30?,2026-07-13T12:46:00+00:00,2026-07-13T12:55:00+00:00,0.15,buy_yes,sell_yes,0.16,0.15,21.6888,-0.2169,-1,0.145,0.165,closed,opposite_fill
3451,Will the U.S. invade Iran before 2027?,2026-07-13T12:36:00+00:00,2026-07-13T13:06:00+00:00,0.5,buy_yes,sell_yes,0.19,0.19,61.968,0,0,0.185,0.195,closed,opposite_fill
3452,Clarity Act (H.R.3633) signed into law in 2026?,2026-07-13T10:42:00+00:00,2026-07-13T13:23:00+00:00,2.6833,sell_yes,buy_yes,0.45,0.46,22.2052,-0.2221,-1,0.455,0.44,closed,opposite_fill
3453,Clarity Act (H.R.3633) signed into law in 2026?,2026-07-13T13:23:00+00:00,2026-07-13T14:29:00+00:00,1.1,buy_yes,sell_yes,0.46,0.38,29.4348,-2.3548,-8,0.44,0.385,closed,opposite_fill
3454,Iran leadership change by December 31?,2026-07-12T02:20:00+00:00,2026-07-13T14:39:00+00:00,36.3167,buy_yes,sell_yes,0.22,0.23,6.1968,0.062,1,0.215,0.24,closed,opposite_fill
3455,Bab el-Mandeb Strait effectively closed by September 30?,2026-07-13T12:55:00+00:00,2026-07-13T15:55:00+00:00,3,sell_yes,buy_yes,0.15,0.21,84.6896,-5.0814,-6,0.165,0.205,closed,opposite_fill
3456,Clarity Act (H.R.3633) signed into law in 2026?,2026-07-13T14:29:00+00:00,2026-07-13T16:08:00+00:00,1.65,sell_yes,buy_yes,0.38,0.36,22.2052,0.4441,2,0.385,0.335,closed,opposite_fill
3457,Clarity Act (H.R.3633) signed into law in 2026?,2026-07-13T16:08:00+00:00,2026-07-13T16:17:00+00:00,0.15,buy_yes,sell_yes,0.36,0.22,51.64,-7.2296,-14,0.335,0.24,closed,opposite_fill
3458,Clarity Act (H.R.3633) signed into law in 2026?,2026-07-13T16:08:00+00:00,2026-07-13T16:33:00+00:00,0.4167,buy_yes,sell_yes,0.36,0.25,18.074,-1.9881,-11,0.335,0.285,closed,opposite_fill
3459,Clarity Act (H.R.3633) signed into law in 2026?,2026-07-13T16:33:00+00:00,2026-07-13T16:51:00+00:00,0.3,sell_yes,buy_yes,0.25,0.38,42.8612,-5.572,-13,0.285,0.365,closed,opposite_fill
3460,Clarity Act (H.R.3633) signed into law in 2026?,2026-07-13T16:51:00+00:00,2026-07-13T16:52:00+00:00,0.0167,buy_yes,sell_yes,0.38,0.37,8.7788,-0.0878,-1,0.365,0.395,closed,opposite_fill
3461,Fed Rate Hike by October 2026 Meeting?,2026-07-08T13:25:00+00:00,2026-07-13T16:58:00+00:00,123.55,sell_yes,buy_yes,0.44,0.69,2.91663,-0.7292,-25,0.465,0.68,closed,opposite_fill
3462,Fed Rate Hike by October 2026 Meeting?,2026-07-13T06:41:00+00:00,2026-07-13T16:58:00+00:00,10.2833,sell_yes,buy_yes,0.57,0.69,103.28,-12.3936,-12,0.575,0.68,closed,opposite_fill
3463,Bab el-Mandeb Strait effectively closed by September 30?,2026-07-13T15:55:00+00:00,2026-07-13T17:14:00+00:00,1.3167,buy_yes,sell_yes,0.21,0.18,18.5904,-0.5577,-3,0.205,0.19,closed,opposite_fill
3464,Will there be no change in Fed interest rates after the September 2026 meeting?,2026-07-13T10:54:00+00:00,2026-07-13T17:15:00+00:00,6.35,buy_yes,sell_yes,0.55,0.45,53.0859,-5.3086,-10,0.545,0.455,closed,opposite_fill
3465,Will there be no change in Fed interest rates after the September 2026 meeting?,2026-07-13T17:15:00+00:00,2026-07-13T17:16:00+00:00,0.0167,sell_yes,buy_yes,0.45,0.45,50.1941,0,0,0.455,0.445,closed,opposite_fill
3466,Will there be no change in Fed interest rates after the September 2026 meeting?,2026-07-13T17:16:00+00:00,2026-07-13T17:23:00+00:00,0.1167,buy_yes,sell_yes,0.45,0.45,53.0859,0,0,0.445,0.455,closed,opposite_fill
3467,Will there be no change in Fed interest rates after the September 2026 meeting?,2026-07-13T17:23:00+00:00,2026-07-13T17:27:00+00:00,0.0667,sell_yes,buy_yes,0.45,0.45,50.1941,0,0,0.455,0.405,closed,opposite_fill
3468,Bab el-Mandeb Strait effectively closed by September 30?,2026-07-13T17:14:00+00:00,2026-07-13T17:46:00+00:00,0.5333,sell_yes,buy_yes,0.18,0.19,84.6896,-0.8469,-1,0.19,0.185,closed,opposite_fill
3469,Will there be no change in Fed interest rates after the September 2026 meeting?,2026-07-13T17:27:00+00:00,2026-07-13T17:52:00+00:00,0.4167,buy_yes,sell_yes,0.45,0.43,53.0859,-1.0617,-2,0.405,0.435,closed,opposite_fill
3470,Clarity Act (H.R.3633) signed into law in 2026?,2026-07-13T16:52:00+00:00,2026-07-13T18:41:00+00:00,1.8167,sell_yes,buy_yes,0.37,0.39,42.8612,-0.8572,-2,0.395,0.355,closed,opposite_fill
3471,Will the U.S. invade Iran before 2027?,2026-07-13T13:06:00+00:00,2026-07-13T18:48:00+00:00,5.7,sell_yes,buy_yes,0.19,0.21,41.312,-0.8262,-2,0.195,0.205,closed,opposite_fill
3472,Clarity Act (H.R.3633) signed into law in 2026?,2026-07-13T18:41:00+00:00,2026-07-13T18:49:00+00:00,0.1333,buy_yes,sell_yes,0.39,0.36,8.7788,-0.2634,-3,0.355,0.365,closed,opposite_fill
3473,Will the U.S. invade Iran before 2027?,2026-07-13T18:48:00+00:00,2026-07-13T18:52:00+00:00,0.0667,buy_yes,sell_yes,0.21,0.2,61.968,-0.6197,-1,0.205,0.205,closed,opposite_fill
3474,Will there be no change in Fed interest rates after the September 2026 meeting?,2026-07-13T17:52:00+00:00,2026-07-13T19:12:00+00:00,1.3333,sell_yes,buy_yes,0.43,0.42,53.2925,0.5329,1,0.435,0.415,closed,opposite_fill
3475,Will the U.S. invade Iran before 2027?,2026-07-13T18:52:00+00:00,2026-07-13T19:14:00+00:00,0.3667,sell_yes,buy_yes,0.2,0.22,41.312,-0.8262,-2,0.205,0.215,closed,opposite_fill
3476,Will the U.S. invade Iran before 2027?,2026-07-13T19:14:00+00:00,2026-07-13T19:30:00+00:00,0.2667,buy_yes,sell_yes,0.22,0.22,61.968,0,0,0.215,0.225,closed,opposite_fill
3477,Will the U.S. invade Iran before 2027?,2026-07-13T19:30:00+00:00,2026-07-13T19:32:00+00:00,0.0333,sell_yes,buy_yes,0.22,0.23,41.312,-0.4131,-1,0.225,0.22,closed,opposite_fill
3478,Bab el-Mandeb Strait effectively closed by September 30?,2026-07-13T17:46:00+00:00,2026-07-13T19:35:00+00:00,1.8167,buy_yes,sell_yes,0.19,0.17,18.5904,-0.3718,-2,0.185,0.18,closed,opposite_fill
3479,Will the U.S. invade Iran before 2027?,2026-07-13T19:32:00+00:00,2026-07-13T19:38:00+00:00,0.1,buy_yes,sell_yes,0.23,0.22,65.0664,-0.6507,-1,0.22,0.225,closed,opposite_fill
3480,Will the U.S. invade Iran before 2027?,2026-07-13T19:38:00+00:00,2026-07-13T19:44:00+00:00,0.1,sell_yes,buy_yes,0.22,0.22,38.2136,0,0,0.225,0.195,closed,opposite_fill
3481,Will there be no change in Fed interest rates after the September 2026 meeting?,2026-07-13T19:12:00+00:00,2026-07-13T19:52:00+00:00,0.6667,buy_yes,sell_yes,0.42,0.34,49.9875,-3.999,-8,0.415,0.35,closed,opposite_fill
3482,Fed Rate Hike by October 2026 Meeting?,2026-07-13T16:58:00+00:00,2026-07-13T20:03:00+00:00,3.0833,buy_yes,sell_yes,0.69,0.67,0.181771,-0.0036,-2,0.68,0.68,closed,opposite_fill
3483,Will the Fed increase interest rates by 25 bps after the September 2026 meeting?,2026-07-13T19:10:00+00:00,2026-07-13T20:10:00+00:00,1,sell_yes,buy_yes,0.51,0.56,112.575,-5.6288,-5,0.52,0.555,closed,opposite_fill
3484,Bab el-Mandeb Strait effectively closed by September 30?,2026-07-13T19:35:00+00:00,2026-07-13T20:15:00+00:00,0.6667,sell_yes,buy_yes,0.17,0.17,84.6896,0,0,0.18,0.17,closed,opposite_fill
3485,Will the Fed increase interest rates by 25 bps after the September 2026 meeting?,2026-07-13T20:10:00+00:00,2026-07-13T20:26:00+00:00,0.2667,buy_yes,sell_yes,0.56,0.52,15.492,-0.6197,-4,0.555,0.53,closed,opposite_fill
3486,Bab el-Mandeb Strait effectively closed by September 30?,2026-07-13T20:15:00+00:00,2026-07-13T20:26:00+00:00,0.1833,buy_yes,sell_yes,0.17,0.17,18.5904,0,0,0.17,0.18,closed,opposite_fill
3487,Bab el-Mandeb Strait effectively closed by September 30?,2026-07-13T20:26:00+00:00,2026-07-13T21:01:00+00:00,0.5833,sell_yes,buy_yes,0.17,0.18,87.788,-0.8779,-1,0.18,0.175,closed,opposite_fill
3488,Will there be no change in Fed interest rates after the September 2026 meeting?,2026-07-13T19:52:00+00:00,2026-07-13T21:22:00+00:00,1.5,sell_yes,buy_yes,0.34,0.43,53.2925,-4.7963,-9,0.35,0.425,closed,opposite_fill
3489,Clarity Act (H.R.3633) signed into law in 2026?,2026-07-13T18:49:00+00:00,2026-07-13T21:52:00+00:00,3.05,sell_yes,buy_yes,0.36,0.39,44.4104,-1.3323,-3,0.365,0.385,closed,opposite_fill
3490,Will the Fed increase interest rates by 25 bps after the September 2026 meeting?,2026-07-13T20:26:00+00:00,2026-07-14T00:06:00+00:00,3.6667,sell_yes,buy_yes,0.52,0.5,35.3052,0.7061,2,0.53,0.495,closed,opposite_fill
3491,Fed Rate Hike by October 2026 Meeting?,2026-07-13T20:03:00+00:00,2026-07-14T00:10:00+00:00,4.1167,sell_yes,buy_yes,0.67,0.67,103.098,0,0,0.68,0.66,closed,opposite_fill
3492,Clarity Act (H.R.3633) signed into law in 2026?,2026-07-13T21:52:00+00:00,2026-07-14T00:10:00+00:00,2.3,buy_yes,sell_yes,0.39,0.37,13.4264,-0.2685,-2,0.385,0.375,closed,opposite_fill
3493,Will the Fed increase interest rates by 25 bps after the September 2026 meeting?,2026-07-14T00:06:00+00:00,2026-07-14T00:58:00+00:00,0.8667,buy_yes,sell_yes,0.5,0.5,67.9748,0,0,0.495,0.525,closed,opposite_fill
3494,Clarity Act (H.R.3633) signed into law in 2026?,2026-07-14T00:10:00+00:00,2026-07-14T02:26:00+00:00,2.2667,sell_yes,buy_yes,0.37,0.39,42.8612,-0.8572,-2,0.375,0.365,closed,opposite_fill
3495,Clarity Act (H.R.3633) signed into law in 2026?,2026-07-14T02:26:00+00:00,2026-07-14T02:41:00+00:00,0.25,buy_yes,sell_yes,0.39,0.35,11.8772,-0.4751,-4,0.365,0.36,closed,opposite_fill
3496,Clarity Act (H.R.3633) signed into law in 2026?,2026-07-14T02:41:00+00:00,2026-07-14T03:20:00+00:00,0.65,sell_yes,buy_yes,0.35,0.37,39.7628,-0.7953,-2,0.36,0.365,closed,opposite_fill
3497,Clarity Act (H.R.3633) signed into law in 2026?,2026-07-14T03:20:00+00:00,2026-07-14T03:57:00+00:00,0.6167,buy_yes,sell_yes,0.37,0.37,11.8772,0,0,0.365,0.375,closed,opposite_fill
3498,Iran leadership change by December 31?,2026-07-13T14:39:00+00:00,2026-07-14T05:10:00+00:00,14.5167,sell_yes,buy_yes,0.23,0.24,97.0832,-0.9708,-1,0.24,0.235,closed,opposite_fill
3499,Will the U.S. invade Iran before 2027?,2026-07-13T19:44:00+00:00,2026-07-14T05:22:00+00:00,9.6333,buy_yes,sell_yes,0.22,0.19,65.0664,-1.952,-3,0.195,0.195,closed,opposite_fill
3500,Will the Fed increase interest rates by 25 bps after the September 2026 meeting?,2026-07-14T00:58:00+00:00,2026-07-14T05:41:00+00:00,4.7167,sell_yes,buy_yes,0.5,0.53,35.3052,-1.0592,-3,0.525,0.525,closed,opposite_fill
3501,Will there be no change in Fed interest rates after the September 2026 meeting?,2026-07-13T21:22:00+00:00,2026-07-14T06:00:00+00:00,8.6333,buy_yes,sell_yes,0.43,0.42,49.9875,-0.4999,-1,0.425,0.425,closed,opposite_fill
3502,Will the U.S. invade Iran before 2027?,2026-07-14T05:22:00+00:00,2026-07-14T06:08:00+00:00,0.7667,sell_yes,buy_yes,0.19,0.19,38.2136,0,0,0.195,0.185,closed,opposite_fill
3503,Clarity Act (H.R.3633) signed into law in 2026?,2026-07-14T03:57:00+00:00,2026-07-14T08:00:00+00:00,4.05,sell_yes,buy_yes,0.37,0.38,39.7628,-0.3976,-1,0.375,0.375,closed,opposite_fill
3504,Will the Fed increase interest rates by 25 bps after the September 2026 meeting?,2026-07-14T05:41:00+00:00,2026-07-14T08:13:00+00:00,2.5333,buy_yes,sell_yes,0.53,0.52,77.27,-0.7727,-1,0.525,0.525,closed,opposite_fill
3505,Will the U.S. invade Iran before 2027?,2026-07-14T06:08:00+00:00,2026-07-14T10:12:00+00:00,4.0667,buy_yes,sell_yes,0.19,0.19,65.0664,0,0,0.185,0.195,closed,opposite_fill
3506,Clarity Act (H.R.3633) signed into law in 2026?,2026-07-14T08:00:00+00:00,2026-07-14T10:49:00+00:00,2.8167,buy_yes,sell_yes,0.38,0.33,11.8772,-0.5939,-5,0.375,0.335,closed,opposite_fill
3507,Will the Fed increase interest rates by 25 bps after the September 2026 meeting?,2026-07-14T08:13:00+00:00,2026-07-14T12:30:00+00:00,4.2833,sell_yes,buy_yes,0.52,0.52,26.01,0,0,0.525,0.495,closed,opposite_fill
3508,Will there be no change in Fed interest rates after the September 2026 meeting?,2026-07-14T06:00:00+00:00,2026-07-14T12:34:00+00:00,6.5667,sell_yes,buy_yes,0.42,0.53,56.3909,-6.203,-11,0.425,0.525,closed,opposite_fill
3509,Clarity Act (H.R.3633) signed into law in 2026?,2026-07-14T10:49:00+00:00,2026-07-14T12:38:00+00:00,1.8167,sell_yes,buy_yes,0.33,0.34,39.7628,-0.3976,-1,0.335,0.34,closed,opposite_fill
3510,Will there be no change in Fed interest rates after the September 2026 meeting?,2026-07-14T12:34:00+00:00,2026-07-14T12:39:00+00:00,0.0833,buy_yes,sell_yes,0.53,0.53,46.8891,0,0,0.525,0.535,closed,opposite_fill
3511,Will the Fed increase interest rates by 25 bps after the September 2026 meeting?,2026-07-14T12:30:00+00:00,2026-07-14T12:40:00+00:00,0.1667,buy_yes,sell_yes,0.52,0.41,106.378,-11.7016,-11,0.495,0.415,closed,opposite_fill
3512,Will there be no change in Fed interest rates after the September 2026 meeting?,2026-07-14T12:39:00+00:00,2026-07-14T12:47:00+00:00,0.1333,sell_yes,buy_yes,0.53,0.53,59.4893,0,0,0.535,0.525,closed,opposite_fill
3513,Will the Fed increase interest rates by 25 bps after the September 2026 meeting?,2026-07-14T12:30:00+00:00,2026-07-14T12:51:00+00:00,0.35,buy_yes,sell_yes,0.52,0.43,8.07236,-0.7265,-9,0.495,0.435,closed,opposite_fill
3514,Will there be no change in Fed interest rates after the September 2026 meeting?,2026-07-14T12:47:00+00:00,2026-07-14T13:02:00+00:00,0.25,buy_yes,sell_yes,0.53,0.53,43.7907,0,0,0.525,0.535,closed,opposite_fill
3515,Will the Fed increase interest rates by 25 bps after the September 2026 meeting?,2026-07-14T12:51:00+00:00,2026-07-14T13:40:00+00:00,0.8167,sell_yes,buy_yes,0.43,0.42,95.2076,0.9521,1,0.435,0.415,closed,opposite_fill
3516,Bab el-Mandeb Strait effectively closed by September 30?,2026-07-13T21:01:00+00:00,2026-07-14T13:52:00+00:00,16.85,buy_yes,sell_yes,0.18,0.17,15.492,-0.1549,-1,0.175,0.175,closed,opposite_fill
3517,Will the Fed increase interest rates by 25 bps after the September 2026 meeting?,2026-07-14T13:40:00+00:00,2026-07-14T14:00:00+00:00,0.3333,buy_yes,sell_yes,0.42,0.37,20.466,-1.0233,-5,0.415,0.375,closed,opposite_fill
3518,Will there be no change in Fed interest rates after the September 2026 meeting?,2026-07-14T13:02:00+00:00,2026-07-14T14:00:00+00:00,0.9667,sell_yes,buy_yes,0.53,0.59,59.4893,-3.5694,-6,0.535,0.585,closed,opposite_fill
3519,Clarity Act (H.R.3633) signed into law in 2026?,2026-07-14T12:38:00+00:00,2026-07-14T14:04:00+00:00,1.4333,buy_yes,sell_yes,0.34,0.35,11.8772,0.1188,1,0.34,0.36,closed,opposite_fill
3520,Bab el-Mandeb Strait effectively closed by September 30?,2026-07-14T13:52:00+00:00,2026-07-14T14:05:00+00:00,0.2167,sell_yes,buy_yes,0.17,0.17,87.788,0,0,0.175,0.17,closed,opposite_fill
3521,Will the Fed increase interest rates by 25 bps after the September 2026 meeting?,2026-07-14T14:00:00+00:00,2026-07-14T14:08:00+00:00,0.1333,sell_yes,buy_yes,0.37,0.37,82.814,0,0,0.375,0.365,closed,opposite_fill
3522,Will there be no change in Fed interest rates after the September 2026 meeting?,2026-07-14T14:00:00+00:00,2026-07-14T14:08:00+00:00,0.1333,buy_yes,sell_yes,0.59,0.59,43.7907,0,0,0.585,0.595,closed,opposite_fill
3523,Will the Fed increase interest rates by 25 bps after the September 2026 meeting?,2026-07-14T14:08:00+00:00,2026-07-14T14:31:00+00:00,0.3833,buy_yes,sell_yes,0.37,0.34,20.466,-0.614,-3,0.365,0.36,closed,opposite_fill
3524,Will there be no change in Fed interest rates after the September 2026 meeting?,2026-07-14T14:08:00+00:00,2026-07-14T14:31:00+00:00,0.3833,sell_yes,buy_yes,0.59,0.61,59.4893,-1.1898,-2,0.595,0.6,closed,opposite_fill
3525,Will there be no change in Fed interest rates after the September 2026 meeting?,2026-07-14T14:31:00+00:00,2026-07-14T14:34:00+00:00,0.05,buy_yes,sell_yes,0.61,0.6,43.7907,-0.4379,-1,0.6,0.605,closed,opposite_fill
3526,Will the Fed increase interest rates by 25 bps after the September 2026 meeting?,2026-07-14T14:31:00+00:00,2026-07-14T14:35:00+00:00,0.0667,sell_yes,buy_yes,0.34,0.35,82.814,-0.8281,-1,0.36,0.335,closed,opposite_fill
3527,Will the Fed increase interest rates by 25 bps after the September 2026 meeting?,2026-07-14T14:35:00+00:00,2026-07-14T14:36:00+00:00,0.0167,buy_yes,sell_yes,0.35,0.34,20.466,-0.2047,-1,0.335,0.345,closed,opposite_fill
3528,Will there be no change in Fed interest rates after the September 2026 meeting?,2026-07-14T14:34:00+00:00,2026-07-14T14:38:00+00:00,0.0667,sell_yes,buy_yes,0.6,0.61,59.4893,-0.5949,-1,0.605,0.605,closed,opposite_fill
3529,Will there be no change in Fed interest rates after the September 2026 meeting?,2026-07-14T14:38:00+00:00,2026-07-14T17:00:00+00:00,2.3667,buy_yes,sell_yes,0.61,0.56,43.7907,-2.1895,-5,0.605,0.565,closed,opposite_fill
3530,Clarity Act (H.R.3633) signed into law in 2026?,2026-07-14T14:04:00+00:00,2026-07-14T17:36:00+00:00,3.5333,sell_yes,buy_yes,0.35,0.37,42.8612,-0.8572,-2,0.36,0.365,closed,opposite_fill
3531,Clarity Act (H.R.3633) signed into law in 2026?,2026-07-14T17:36:00+00:00,2026-07-14T18:32:00+00:00,0.9333,buy_yes,sell_yes,0.37,0.37,8.7788,0,0,0.365,0.385,closed,opposite_fill
3532,Clarity Act (H.R.3633) signed into law in 2026?,2026-07-14T18:32:00+00:00,2026-07-14T22:05:00+00:00,3.55,sell_yes,buy_yes,0.37,0.37,42.8612,0,0,0.385,0.365,closed,opposite_fill
3533,Clarity Act (H.R.3633) signed into law in 2026?,2026-07-14T22:05:00+00:00,2026-07-14T22:08:00+00:00,0.05,buy_yes,sell_yes,0.37,0.37,8.7788,0,0,0.365,0.38,closed,opposite_fill
3534,Clarity Act (H.R.3633) signed into law in 2026?,2026-07-14T22:08:00+00:00,2026-07-14T23:30:00+00:00,1.3667,sell_yes,buy_yes,0.37,0.37,42.8612,0,0,0.38,0.365,closed,opposite_fill
3535,Bab el-Mandeb Strait effectively closed by September 30?,2026-07-14T14:05:00+00:00,2026-07-15T00:01:00+00:00,9.9333,buy_yes,sell_yes,0.17,0.16,18.5904,-0.1859,-1,0.17,0.36,closed,opposite_fill
3536,Will the U.S. invade Iran before 2027?,2026-07-14T10:12:00+00:00,2026-07-15T05:53:00+00:00,19.6833,sell_yes,buy_yes,0.19,0.19,38.2136,0,0,0.195,0.185,closed,opposite_fill
3537,Clarity Act (H.R.3633) signed into law in 2026?,2026-07-14T23:30:00+00:00,2026-07-15T07:44:00+00:00,8.2333,buy_yes,sell_yes,0.37,0.37,8.7788,0,0,0.365,0.375,closed,opposite_fill
3538,Will Spider-Man: Brand New Day be the top grossing movie of 2026?,2026-06-28T15:10:00+00:00,2026-07-15T10:01:00+00:00,402.85,sell_yes,buy_yes,0.7,0.69,2.3238,0.0232,1,0.725,0.68,closed,opposite_fill
3539,Will the Fed increase interest rates by 25 bps after the September 2026 meeting?,2026-07-14T14:36:00+00:00,2026-07-15T10:59:00+00:00,20.3833,sell_yes,buy_yes,0.34,0.36,89.0108,-1.7802,-2,0.345,0.345,closed,opposite_fill
3540,Will the Fed increase interest rates by 25 bps after the September 2026 meeting?,2026-07-15T10:59:00+00:00,2026-07-15T11:31:00+00:00,0.5333,buy_yes,sell_yes,0.36,0.35,14.2692,-0.1427,-1,0.345,0.355,closed,opposite_fill
3541,Will there be no change in Fed interest rates after the September 2026 meeting?,2026-07-14T17:00:00+00:00,2026-07-15T11:31:00+00:00,18.5167,sell_yes,buy_yes,0.56,0.61,59.4893,-2.9745,-5,0.565,0.605,closed,opposite_fill
3542,Will Spider-Man: Brand New Day be the top grossing movie of 2026?,2026-07-15T10:01:00+00:00,2026-07-15T11:57:00+00:00,1.9333,buy_yes,sell_yes,0.69,0.59,28.9184,-2.8918,-10,0.68,0.62,closed,opposite_fill
3543,Bab el-Mandeb Strait effectively closed by September 30?,2026-07-15T00:01:00+00:00,2026-07-15T12:09:00+00:00,12.1333,sell_yes,buy_yes,0.16,0.15,84.6896,0.8469,1,0.36,0.145,closed,opposite_fill
3544,Will the Fed increase interest rates by 25 bps after the September 2026 meeting?,2026-07-15T11:31:00+00:00,2026-07-15T12:32:00+00:00,1.0167,sell_yes,buy_yes,0.35,0.35,89.0108,0,0,0.355,0.34,closed,opposite_fill
3545,Will there be no change in Fed interest rates after the October 2026 meeting?,2026-07-14T12:51:00+00:00,2026-07-15T12:32:00+00:00,23.6833,buy_yes,sell_yes,0.62,0.59,51.64,-1.5492,-3,0.615,0.595,closed,opposite_fill
3546,Will there be no change in Fed interest rates after the September 2026 meeting?,2026-07-15T11:31:00+00:00,2026-07-15T12:43:00+00:00,1.2,buy_yes,sell_yes,0.61,0.61,43.7907,0,0,0.605,0.615,closed,opposite_fill
3547,Bab el-Mandeb Strait effectively closed by September 30?,2026-07-15T12:09:00+00:00,2026-07-15T12:59:00+00:00,0.8333,buy_yes,sell_yes,0.15,0.15,18.5904,0,0,0.145,0.15,closed,opposite_fill
3548,Bab el-Mandeb Strait effectively closed by September 30?,2026-07-15T12:59:00+00:00,2026-07-15T13:04:00+00:00,0.0833,sell_yes,buy_yes,0.15,0.15,84.6896,0,0,0.15,0.145,closed,opposite_fill
3549,Fed Rate Hike by October 2026 Meeting?,2026-07-14T00:10:00+00:00,2026-07-15T13:16:00+00:00,37.1,buy_yes,sell_yes,0.67,0.46,3.28017,-0.6888,-21,0.66,0.465,closed,opposite_fill
3550,Fed Rate Hike by October 2026 Meeting?,2026-07-14T12:35:00+00:00,2026-07-15T13:16:00+00:00,24.6833,buy_yes,sell_yes,0.58,0.46,99.9998,-12,-12,0.565,0.465,closed,opposite_fill
3551,Will Spider-Man: Brand New Day be the top grossing movie of 2026?,2026-07-15T10:01:00+00:00,2026-07-15T15:26:00+00:00,5.4167,buy_yes,sell_yes,0.69,0.71,1.5492,0.031,2,0.68,0.715,closed,opposite_fill
3552,Will Spider-Man: Brand New Day be the top grossing movie of 2026?,2026-07-15T13:43:00+00:00,2026-07-15T15:26:00+00:00,1.7167,buy_yes,sell_yes,0.66,0.71,25.0454,1.2523,5,0.65,0.715,closed,opposite_fill
3553,Will the Fed increase interest rates by 25 bps after the September 2026 meeting?,2026-07-15T12:32:00+00:00,2026-07-15T16:01:00+00:00,3.4833,buy_yes,sell_yes,0.35,0.29,23.5644,-1.4139,-6,0.34,0.295,closed,opposite_fill
3554,Will the Fed increase interest rates by 25 bps after the September 2026 meeting?,2026-07-15T16:01:00+00:00,2026-07-15T16:03:00+00:00,0.0333,sell_yes,buy_yes,0.29,0.29,79.7156,0,0,0.295,0.255,closed,opposite_fill
3555,Will there be no change in Fed interest rates after the September 2026 meeting?,2026-07-15T12:43:00+00:00,2026-07-15T16:11:00+00:00,3.4667,sell_yes,buy_yes,0.61,0.7,59.4893,-5.354,-9,0.615,0.695,closed,opposite_fill
3556,Bab el-Mandeb Strait effectively closed by September 30?,2026-07-15T13:04:00+00:00,2026-07-15T16:33:00+00:00,3.4833,buy_yes,sell_yes,0.15,0.15,18.5904,0,0,0.145,0.155,closed,opposite_fill
3557,Will the Fed increase interest rates by 25 bps after the September 2026 meeting?,2026-07-15T16:03:00+00:00,2026-07-15T16:38:00+00:00,0.5833,buy_yes,sell_yes,0.29,0.27,23.5644,-0.4713,-2,0.255,0.275,closed,opposite_fill
3558,Will the U.S. invade Iran before 2027?,2026-07-15T05:53:00+00:00,2026-07-15T18:28:00+00:00,12.5833,buy_yes,sell_yes,0.19,0.17,65.0664,-1.3013,-2,0.185,0.175,closed,opposite_fill
3559,Clarity Act (H.R.3633) signed into law in 2026?,2026-07-15T07:44:00+00:00,2026-07-15T18:29:00+00:00,10.75,sell_yes,buy_yes,0.37,0.39,42.8612,-0.8572,-2,0.375,0.375,closed,opposite_fill
3560,Will the U.S. invade Iran before 2027?,2026-07-15T18:28:00+00:00,2026-07-15T18:57:00+00:00,0.4833,sell_yes,buy_yes,0.17,0.17,38.2136,0,0,0.175,0.165,closed,opposite_fill
3561,Will the U.S. invade Iran before 2027?,2026-07-15T18:57:00+00:00,2026-07-15T19:33:00+00:00,0.6,buy_yes,sell_yes,0.17,0.17,65.0664,0,0,0.165,0.205,closed,opposite_fill
3562,Will the U.S. invade Iran before 2027?,2026-07-15T19:33:00+00:00,2026-07-15T19:39:00+00:00,0.1,sell_yes,buy_yes,0.17,0.21,44.4104,-1.7764,-4,0.205,0.205,closed,opposite_fill
3563,Will the U.S. invade Iran before 2027?,2026-07-15T19:39:00+00:00,2026-07-15T19:41:00+00:00,0.0333,buy_yes,sell_yes,0.21,0.2,58.8696,-0.5887,-1,0.205,0.205,closed,opposite_fill
3564,Will the U.S. invade Iran before 2027?,2026-07-15T19:41:00+00:00,2026-07-15T19:45:00+00:00,0.0667,sell_yes,buy_yes,0.2,0.2,44.4104,0,0,0.205,0.195,closed,opposite_fill
3565,Will Harry Kane win the 2026 Ballon d'Or?,2026-07-11T22:01:00+00:00,2026-07-15T20:17:00+00:00,94.2667,buy_yes,sell_yes,0.27,0.49,1.23936,0.2727,22,0.2685,0.5785,closed,opposite_fill
3566,Will Harry Kane win the 2026 Ballon d'Or?,2026-07-15T20:17:00+00:00,2026-07-15T20:23:00+00:00,0.1,sell_yes,buy_yes,0.49,0.56,25.5876,-1.7911,-7,0.5785,0.5445,closed,opposite_fill
3567,Clarity Act (H.R.3633) signed into law in 2026?,2026-07-15T18:29:00+00:00,2026-07-15T20:33:00+00:00,2.0667,buy_yes,sell_yes,0.39,0.38,8.7788,-0.0878,-1,0.375,0.39,closed,opposite_fill
3568,Will the U.S. invade Iran before 2027?,2026-07-15T19:45:00+00:00,2026-07-15T20:40:00+00:00,0.9167,buy_yes,sell_yes,0.2,0.2,58.8696,0,0,0.195,0.205,closed,opposite_fill
3569,Will Harry Kane win the 2026 Ballon d'Or?,2026-07-15T20:23:00+00:00,2026-07-15T20:57:00+00:00,0.5667,buy_yes,sell_yes,0.56,0.27,0.23238,-0.0674,-29,0.5445,0.2735,closed,opposite_fill
3570,Will Harry Kane win the 2026 Ballon d'Or?,2026-07-15T20:57:00+00:00,2026-07-15T20:58:00+00:00,0.0167,sell_yes,buy_yes,0.27,0.23,17.0482,0.6819,4,0.2735,0.228,closed,opposite_fill
3571,Will Harry Kane win the 2026 Ballon d'Or?,2026-07-15T20:57:00+00:00,2026-07-15T21:01:00+00:00,0.0667,sell_yes,buy_yes,0.27,0.17,8.5394,0.8539,10,0.2735,0.1565,closed,opposite_fill
3572,Will the U.S. invade Iran before 2027?,2026-07-15T20:40:00+00:00,2026-07-15T21:10:00+00:00,0.5,sell_yes,buy_yes,0.2,0.21,50.6072,-0.5061,-1,0.205,0.205,closed,opposite_fill
3573,Will the U.S. invade Iran before 2027?,2026-07-15T21:10:00+00:00,2026-07-15T21:37:00+00:00,0.45,buy_yes,sell_yes,0.21,0.21,52.6728,0,0,0.205,0.21,closed,opposite_fill
3574,Will the U.S. invade Iran before 2027?,2026-07-15T21:37:00+00:00,2026-07-15T22:14:00+00:00,0.6167,sell_yes,buy_yes,0.21,0.22,53.7056,-0.5371,-1,0.21,0.215,closed,opposite_fill
3575,Will the U.S. invade Iran before 2027?,2026-07-15T22:14:00+00:00,2026-07-15T22:20:00+00:00,0.1,buy_yes,sell_yes,0.22,0.22,49.5744,0,0,0.215,0.225,closed,opposite_fill
3576,Will the U.S. invade Iran before 2027?,2026-07-15T22:20:00+00:00,2026-07-15T22:54:00+00:00,0.5667,sell_yes,buy_yes,0.22,0.22,53.7056,0,0,0.225,0.215,closed,opposite_fill
3577,Will the U.S. invade Iran before 2027?,2026-07-15T22:54:00+00:00,2026-07-15T22:59:00+00:00,0.0833,buy_yes,sell_yes,0.22,0.21,49.5744,-0.4957,-1,0.215,0.215,closed,opposite_fill
3578,Iran leadership change by December 31?,2026-07-14T05:10:00+00:00,2026-07-16T00:00:00+00:00,42.8333,buy_yes,sell_yes,0.24,0.23,6.1968,-0.062,-1,0.235,0.375,closed,opposite_fill
3579,Will Harry Kane win the 2026 Ballon d'Or?,2026-07-15T21:01:00+00:00,2026-07-16T00:01:00+00:00,3,buy_yes,sell_yes,0.17,0.19,4.87874,0.0976,2,0.1565,0.199,closed,opposite_fill
3580,Will Harry Kane win the 2026 Ballon d'Or?,2026-07-16T00:01:00+00:00,2026-07-16T00:03:00+00:00,0.0333,sell_yes,buy_yes,0.19,0.18,20.9413,0.2094,1,0.199,0.169,closed,opposite_fill
3581,Iran leadership change by December 31?,2026-07-16T00:00:00+00:00,2026-07-16T00:03:00+00:00,0.05,sell_yes,buy_yes,0.23,0.37,97.0832,-13.5916,-14,0.375,0.2,closed,opposite_fill
3582,Will the U.S. invade Iran before 2027?,2026-07-15T22:59:00+00:00,2026-07-16T00:14:00+00:00,1.25,sell_yes,buy_yes,0.21,0.21,53.7056,0,0,0.215,0.205,closed,opposite_fill
3583,Will the U.S. invade Iran before 2027?,2026-07-16T00:14:00+00:00,2026-07-16T00:17:00+00:00,0.05,buy_yes,sell_yes,0.21,0.21,49.5744,0,0,0.205,0.215,closed,opposite_fill
3584,Will the U.S. invade Iran before 2027?,2026-07-16T00:17:00+00:00,2026-07-16T01:05:00+00:00,0.8,sell_yes,buy_yes,0.21,0.23,53.7056,-1.0741,-2,0.215,0.23,closed,opposite_fill
3585,Will the U.S. invade Iran before 2027?,2026-07-16T01:05:00+00:00,2026-07-16T01:08:00+00:00,0.05,buy_yes,sell_yes,0.23,0.23,49.5744,0,0,0.23,0.235,closed,opposite_fill
3586,Will the U.S. invade Iran before 2027?,2026-07-16T01:08:00+00:00,2026-07-16T01:18:00+00:00,0.1667,sell_yes,buy_yes,0.23,0.25,53.7056,-1.0741,-2,0.235,0.245,closed,opposite_fill
3587,Will the U.S. invade Iran before 2027?,2026-07-16T01:18:00+00:00,2026-07-16T01:21:00+00:00,0.05,buy_yes,sell_yes,0.25,0.25,49.5744,0,0,0.245,0.255,closed,opposite_fill
3588,Will the U.S. invade Iran before 2027?,2026-07-16T01:21:00+00:00,2026-07-16T01:31:00+00:00,0.1667,sell_yes,buy_yes,0.25,0.25,53.7056,0,0,0.255,0.245,closed,opposite_fill
3589,Bab el-Mandeb Strait effectively closed by September 30?,2026-07-15T16:33:00+00:00,2026-07-16T04:07:00+00:00,11.5667,sell_yes,buy_yes,0.15,0.17,84.6896,-1.6938,-2,0.155,0.17,closed,opposite_fill
3590,Will the Fed increase interest rates by 25 bps after the September 2026 meeting?,2026-07-15T16:38:00+00:00,2026-07-16T04:31:00+00:00,11.8833,sell_yes,buy_yes,0.27,0.3,79.7156,-2.3915,-3,0.275,0.295,closed,opposite_fill
3591,Will there be no change in Fed interest rates after the September 2026 meeting?,2026-07-15T16:11:00+00:00,2026-07-16T04:31:00+00:00,12.3333,buy_yes,sell_yes,0.7,0.65,49.9875,-2.4994,-5,0.695,0.655,closed,opposite_fill
3592,Clarity Act (H.R.3633) signed into law in 2026?,2026-07-15T20:33:00+00:00,2026-07-16T05:17:00+00:00,8.7333,sell_yes,buy_yes,0.38,0.38,42.8612,0,0,0.39,0.37,closed,opposite_fill
3593,Will the U.S. invade Iran before 2027?,2026-07-16T01:31:00+00:00,2026-07-16T08:37:00+00:00,7.1,buy_yes,sell_yes,0.25,0.24,49.5744,-0.4957,-1,0.245,0.245,closed,opposite_fill
3594,Will the U.S. invade Iran before 2027?,2026-07-16T08:37:00+00:00,2026-07-16T08:53:00+00:00,0.2667,sell_yes,buy_yes,0.24,0.24,53.7056,0,0,0.245,0.235,closed,opposite_fill
3595,Clarity Act (H.R.3633) signed into law in 2026?,2026-07-16T05:17:00+00:00,2026-07-16T09:11:00+00:00,3.9,buy_yes,sell_yes,0.38,0.35,10.328,-0.3098,-3,0.37,0.355,closed,opposite_fill
3596,Clarity Act (H.R.3633) signed into law in 2026?,2026-07-16T09:11:00+00:00,2026-07-16T09:59:00+00:00,0.8,sell_yes,buy_yes,0.35,0.35,41.312,0,0,0.355,0.345,closed,opposite_fill
3597,Clarity Act (H.R.3633) signed into law in 2026?,2026-07-16T09:59:00+00:00,2026-07-16T10:03:00+00:00,0.0667,buy_yes,sell_yes,0.35,0.35,10.328,0,0,0.345,0.355,closed,opposite_fill
3598,Bab el-Mandeb Strait effectively closed by September 30?,2026-07-16T04:07:00+00:00,2026-07-16T10:07:00+00:00,6,buy_yes,sell_yes,0.17,0.16,18.5904,-0.1859,-1,0.17,0.165,closed,opposite_fill
3599,Clarity Act (H.R.3633) signed into law in 2026?,2026-07-16T10:03:00+00:00,2026-07-16T10:18:00+00:00,0.25,sell_yes,buy_yes,0.35,0.35,41.312,0,0,0.355,0.345,closed,opposite_fill
3600,Clarity Act (H.R.3633) signed into law in 2026?,2026-07-16T10:18:00+00:00,2026-07-16T10:19:00+00:00,0.0167,buy_yes,sell_yes,0.35,0.35,10.328,0,0,0.345,0.355,closed,opposite_fill
3601,Will the Fed increase interest rates by 25 bps after the October 2026 meeting?,2026-07-14T12:35:00+00:00,2026-07-16T11:15:00+00:00,46.6667,sell_yes,buy_yes,0.21,0.23,51.64,-1.0328,-2,0.21,0.205,closed,opposite_fill
3602,Bab el-Mandeb Strait effectively closed by September 30?,2026-07-16T10:07:00+00:00,2026-07-16T11:31:00+00:00,1.4,sell_yes,buy_yes,0.16,0.17,84.6896,-0.8469,-1,0.165,0.17,closed,opposite_fill
3603,Bab el-Mandeb Strait effectively closed by September 30?,2026-07-16T11:31:00+00:00,2026-07-16T11:50:00+00:00,0.3167,buy_yes,sell_yes,0.17,0.17,18.5904,0,0,0.17,0.185,closed,opposite_fill
3604,Bab el-Mandeb Strait effectively closed by September 30?,2026-07-16T11:50:00+00:00,2026-07-16T11:51:00+00:00,0.0167,sell_yes,buy_yes,0.17,0.18,87.788,-0.8779,-1,0.185,0.175,closed,opposite_fill
3605,Bab el-Mandeb Strait effectively closed by September 30?,2026-07-16T11:51:00+00:00,2026-07-16T11:52:00+00:00,0.0167,buy_yes,sell_yes,0.18,0.18,15.492,0,0,0.175,0.19,closed,opposite_fill
3606,Will the Fed increase interest rates by 25 bps after the September 2026 meeting?,2026-07-16T04:31:00+00:00,2026-07-16T12:08:00+00:00,7.6167,buy_yes,sell_yes,0.3,0.28,23.5644,-0.4713,-2,0.295,0.285,closed,opposite_fill
3607,Bab el-Mandeb Strait effectively closed by September 30?,2026-07-16T11:52:00+00:00,2026-07-16T12:25:00+00:00,0.55,sell_yes,buy_yes,0.18,0.21,90.8864,-2.7266,-3,0.19,0.205,closed,opposite_fill
3608,Bab el-Mandeb Strait effectively closed by September 30?,2026-07-16T12:25:00+00:00,2026-07-16T12:27:00+00:00,0.0333,buy_yes,sell_yes,0.21,0.21,12.3936,0,0,0.205,0.23,closed,opposite_fill
3609,Bab el-Mandeb Strait effectively closed by September 30?,2026-07-16T12:27:00+00:00,2026-07-16T12:34:00+00:00,0.1167,sell_yes,buy_yes,0.21,0.22,90.8864,-0.9089,-1,0.23,0.21,closed,opposite_fill
3610,Will there be no change in Fed interest rates after the September 2026 meeting?,2026-07-16T04:31:00+00:00,2026-07-16T13:02:00+00:00,8.5167,sell_yes,buy_yes,0.65,0.66,53.2925,-0.5329,-1,0.655,0.655,closed,opposite_fill
3611,Bab el-Mandeb Strait effectively closed by September 30?,2026-07-16T12:34:00+00:00,2026-07-16T13:23:00+00:00,0.8167,buy_yes,sell_yes,0.22,0.21,12.3936,-0.1239,-1,0.21,0.21,closed,opposite_fill
3612,Bab el-Mandeb Strait effectively closed by September 30?,2026-07-16T13:23:00+00:00,2026-07-16T13:25:00+00:00,0.0333,sell_yes,buy_yes,0.21,0.21,90.8864,0,0,0.21,0.205,closed,opposite_fill
3613,Bab el-Mandeb Strait effectively closed by September 30?,2026-07-16T13:25:00+00:00,2026-07-16T13:33:00+00:00,0.1333,buy_yes,sell_yes,0.21,0.21,12.3936,0,0,0.205,0.21,closed,opposite_fill
3614,Bab el-Mandeb Strait effectively closed by September 30?,2026-07-16T13:33:00+00:00,2026-07-16T14:42:00+00:00,1.15,sell_yes,buy_yes,0.21,0.21,93.9848,0,0,0.21,0.205,closed,opposite_fill
3615,Bab el-Mandeb Strait effectively closed by September 30?,2026-07-16T14:42:00+00:00,2026-07-16T16:23:00+00:00,1.6833,buy_yes,sell_yes,0.21,0.21,9.2952,0,0,0.205,0.215,closed,opposite_fill
3616,Will the Fed increase interest rates by 25 bps after the September 2026 meeting?,2026-07-16T12:08:00+00:00,2026-07-16T20:04:00+00:00,7.9333,sell_yes,buy_yes,0.28,0.33,79.7156,-3.9858,-5,0.285,0.325,closed,opposite_fill
3617,Bab el-Mandeb Strait effectively closed by September 30?,2026-07-16T16:23:00+00:00,2026-07-16T20:15:00+00:00,3.8667,sell_yes,buy_yes,0.21,0.21,93.9848,0,0,0.215,0.205,closed,opposite_fill
3618,Will Harry Kane win the 2026 Ballon d'Or?,2026-07-16T00:03:00+00:00,2026-07-16T20:16:00+00:00,20.2167,buy_yes,sell_yes,0.18,0.21,5.88572,0.1766,3,0.169,0.212,closed,opposite_fill
3619,Bab el-Mandeb Strait effectively closed by September 30?,2026-07-16T20:15:00+00:00,2026-07-16T20:17:00+00:00,0.0333,buy_yes,sell_yes,0.21,0.21,9.2952,0,0,0.205,0.21,closed,opposite_fill
3620,Will the U.S. invade Iran before 2027?,2026-07-16T08:53:00+00:00,2026-07-16T20:35:00+00:00,11.7,buy_yes,sell_yes,0.24,0.23,49.5744,-0.4957,-1,0.235,0.235,closed,opposite_fill
3621,Will the U.S. invade Iran before 2027?,2026-07-16T20:35:00+00:00,2026-07-16T20:39:00+00:00,0.0667,sell_yes,buy_yes,0.23,0.23,53.7056,0,0,0.235,0.23,closed,opposite_fill
3622,Bab el-Mandeb Strait effectively closed by September 30?,2026-07-16T20:17:00+00:00,2026-07-16T20:40:00+00:00,0.3833,sell_yes,buy_yes,0.21,0.21,93.9848,0,0,0.21,0.205,closed,opposite_fill
3623,Will the U.S. invade Iran before 2027?,2026-07-16T20:39:00+00:00,2026-07-16T20:44:00+00:00,0.0833,buy_yes,sell_yes,0.23,0.23,49.5744,0,0,0.23,0.235,closed,opposite_fill
3624,Will the U.S. invade Iran before 2027?,2026-07-16T20:44:00+00:00,2026-07-16T20:47:00+00:00,0.05,sell_yes,buy_yes,0.23,0.23,53.7056,0,0,0.235,0.225,closed,opposite_fill
3625,Will the U.S. invade Iran before 2027?,2026-07-16T20:47:00+00:00,2026-07-16T21:08:00+00:00,0.35,buy_yes,sell_yes,0.23,0.23,49.5744,0,0,0.225,0.235,closed,opposite_fill
3626,Will the U.S. invade Iran before 2027?,2026-07-16T21:08:00+00:00,2026-07-16T21:10:00+00:00,0.0333,sell_yes,buy_yes,0.23,0.23,53.7056,0,0,0.235,0.23,closed,opposite_fill
3627,Will the U.S. invade Iran before 2027?,2026-07-16T21:10:00+00:00,2026-07-16T21:16:00+00:00,0.1,buy_yes,sell_yes,0.23,0.23,52.6728,0,0,0.23,0.235,closed,opposite_fill
3628,Will the U.S. invade Iran before 2027?,2026-07-16T21:16:00+00:00,2026-07-16T21:40:00+00:00,0.4,sell_yes,buy_yes,0.23,0.23,50.6072,0,0,0.235,0.23,closed,opposite_fill
3629,Will the U.S. invade Iran before 2027?,2026-07-16T21:40:00+00:00,2026-07-16T22:05:00+00:00,0.4167,buy_yes,sell_yes,0.23,0.23,55.7712,0,0,0.23,0.235,closed,opposite_fill
3630,Bab el-Mandeb Strait effectively closed by September 30?,2026-07-16T20:40:00+00:00,2026-07-16T22:05:00+00:00,1.4167,buy_yes,sell_yes,0.21,0.21,9.2952,0,0,0.205,0.215,closed,opposite_fill
3631,Will the U.S. invade Iran before 2027?,2026-07-16T22:05:00+00:00,2026-07-16T22:10:00+00:00,0.0833,sell_yes,buy_yes,0.23,0.23,47.5088,0,0,0.235,0.225,closed,opposite_fill
3632,Clarity Act (H.R.3633) signed into law in 2026?,2026-07-16T10:19:00+00:00,2026-07-16T22:27:00+00:00,12.1333,sell_yes,buy_yes,0.35,0.44,41.312,-3.7181,-9,0.355,0.435,closed,opposite_fill
3633,Clarity Act (H.R.3633) signed into law in 2026?,2026-07-16T22:27:00+00:00,2026-07-17T00:00:00+00:00,1.55,buy_yes,sell_yes,0.44,0.42,11.8772,-0.2375,-2,0.435,0.455,closed,opposite_fill
3634,Will Harry Kane win the 2026 Ballon d'Or?,2026-07-16T20:16:00+00:00,2026-07-17T00:02:00+00:00,3.7667,sell_yes,buy_yes,0.21,0.18,21.0962,0.6329,3,0.212,0.168,closed,opposite_fill
3635,Bab el-Mandeb Strait effectively closed by September 30?,2026-07-16T22:05:00+00:00,2026-07-17T00:04:00+00:00,1.9833,sell_yes,buy_yes,0.21,0.26,93.9848,-4.6992,-5,0.215,0.23,closed,opposite_fill
3636,Clarity Act (H.R.3633) signed into law in 2026?,2026-07-17T00:00:00+00:00,2026-07-17T00:37:00+00:00,0.6167,sell_yes,buy_yes,0.42,0.41,39.7628,0.3976,1,0.455,0.405,closed,opposite_fill
3637,Clarity Act (H.R.3633) signed into law in 2026?,2026-07-17T00:37:00+00:00,2026-07-17T00:39:00+00:00,0.0333,buy_yes,sell_yes,0.41,0.41,16.5248,0,0,0.405,0.41,closed,opposite_fill
3638,Clarity Act (H.R.3633) signed into law in 2026?,2026-07-17T00:39:00+00:00,2026-07-17T00:40:00+00:00,0.0167,sell_yes,buy_yes,0.41,0.4,35.1152,0.3512,1,0.41,0.395,closed,opposite_fill
3639,Will the U.S. invade Iran before 2027?,2026-07-16T22:10:00+00:00,2026-07-17T00:51:00+00:00,2.6833,buy_yes,sell_yes,0.23,0.23,55.7712,0,0,0.225,0.235,closed,opposite_fill
3640,Will the U.S. invade Iran before 2027?,2026-07-17T00:51:00+00:00,2026-07-17T01:51:00+00:00,1,sell_yes,buy_yes,0.23,0.23,47.5088,0,0,0.235,0.23,closed,opposite_fill
3641,Bab el-Mandeb Strait effectively closed by September 30?,2026-07-17T00:04:00+00:00,2026-07-17T01:59:00+00:00,1.9167,buy_yes,sell_yes,0.26,0.22,9.2952,-0.3718,-4,0.23,0.23,closed,opposite_fill
3642,Will Kate O’Flynn – “Widow’s Bay” win Emmys 2026: Outstanding supporting actress in a comedy series?,2026-07-16T05:44:00+00:00,2026-07-17T05:25:00+00:00,23.6833,sell_yes,buy_yes,0.53,0.55,51.64,-1.0328,-2,0.558,0.5255,closed,opposite_fill
3643,Will the U.S. invade Iran before 2027?,2026-07-17T01:51:00+00:00,2026-07-17T06:32:00+00:00,4.6833,buy_yes,sell_yes,0.23,0.22,58.8696,-0.5887,-1,0.23,0.225,closed,opposite_fill
3644,Will the U.S. invade Iran before 2027?,2026-07-17T06:32:00+00:00,2026-07-17T09:12:00+00:00,2.6667,sell_yes,buy_yes,0.22,0.23,44.4104,-0.4441,-1,0.225,0.225,closed,opposite_fill
3645,Bab el-Mandeb Strait effectively closed by September 30?,2026-07-17T01:59:00+00:00,2026-07-17T09:55:00+00:00,7.9333,sell_yes,buy_yes,0.22,0.22,93.9848,0,0,0.23,0.215,closed,opposite_fill
3646,Clarity Act (H.R.3633) signed into law in 2026?,2026-07-17T00:40:00+00:00,2026-07-17T10:55:00+00:00,10.25,buy_yes,sell_yes,0.4,0.31,18.074,-1.6267,-9,0.395,0.315,closed,opposite_fill
3647,Clarity Act (H.R.3633) signed into law in 2026?,2026-07-17T10:55:00+00:00,2026-07-17T12:21:00+00:00,1.4333,sell_yes,buy_yes,0.31,0.31,33.566,0,0,0.315,0.305,closed,opposite_fill
3648,Clarity Act (H.R.3633) signed into law in 2026?,2026-07-17T12:21:00+00:00,2026-07-17T14:46:00+00:00,2.4167,buy_yes,sell_yes,0.31,0.32,18.074,0.1807,1,0.305,0.325,closed,opposite_fill
3649,Bab el-Mandeb Strait effectively closed by September 30?,2026-07-17T09:55:00+00:00,2026-07-17T14:51:00+00:00,4.9333,buy_yes,sell_yes,0.22,0.22,9.2952,0,0,0.215,0.225,closed,opposite_fill
3650,Will the U.S. invade Iran before 2027?,2026-07-17T09:12:00+00:00,2026-07-17T16:03:00+00:00,6.85,buy_yes,sell_yes,0.23,0.24,58.8696,0.5887,1,0.225,0.245,closed,opposite_fill
3651,Clarity Act (H.R.3633) signed into law in 2026?,2026-07-17T14:46:00+00:00,2026-07-17T16:28:00+00:00,1.7,sell_yes,buy_yes,0.32,0.34,36.6644,-0.7333,-2,0.325,0.34,closed,opposite_fill
3652,Clarity Act (H.R.3633) signed into law in 2026?,2026-07-17T16:28:00+00:00,2026-07-17T16:56:00+00:00,0.4667,buy_yes,sell_yes,0.34,0.34,14.9756,0,0,0.34,0.345,closed,opposite_fill
3653,Fed Rate Hike by October 2026 Meeting?,2026-07-14T12:35:00+00:00,2026-07-17T16:57:00+00:00,76.3667,buy_yes,sell_yes,0.58,0.43,15.6738,-2.3511,-15,0.565,0.435,closed,opposite_fill
3654,Clarity Act (H.R.3633) signed into law in 2026?,2026-07-17T16:56:00+00:00,2026-07-17T16:59:00+00:00,0.05,sell_yes,buy_yes,0.34,0.34,36.6644,0,0,0.345,0.335,closed,opposite_fill
3655,Will the U.S. invade Iran before 2027?,2026-07-17T16:03:00+00:00,2026-07-17T17:59:00+00:00,1.9333,sell_yes,buy_yes,0.24,0.26,44.4104,-0.8882,-2,0.245,0.255,closed,opposite_fill
3656,Will the U.S. invade Iran before 2027?,2026-07-17T17:59:00+00:00,2026-07-17T18:26:00+00:00,0.45,buy_yes,sell_yes,0.26,0.26,58.8696,0,0,0.255,0.265,closed,opposite_fill
3657,Clarity Act (H.R.3633) signed into law in 2026?,2026-07-17T16:59:00+00:00,2026-07-17T19:35:00+00:00,2.6,buy_yes,sell_yes,0.34,0.33,16.5248,-0.1652,-1,0.335,0.345,closed,opposite_fill
3658,Clarity Act (H.R.3633) signed into law in 2026?,2026-07-17T19:35:00+00:00,2026-07-17T19:37:00+00:00,0.0333,sell_yes,buy_yes,0.33,0.34,35.1152,-0.3512,-1,0.345,0.34,closed,opposite_fill
3659,Will the Fed increase interest rates by 25 bps after the September 2026 meeting?,2026-07-16T20:04:00+00:00,2026-07-17T20:24:00+00:00,24.3333,buy_yes,sell_yes,0.33,0.35,23.5644,0.4713,2,0.325,0.355,closed,opposite_fill
3660,Will the Fed increase interest rates by 25 bps after the September 2026 meeting?,2026-07-17T20:24:00+00:00,2026-07-17T20:25:00+00:00,0.0167,sell_yes,buy_yes,0.35,0.35,79.7156,0,0,0.355,0.345,closed,opposite_fill
3661,Will the Fed increase interest rates by 25 bps after the September 2026 meeting?,2026-07-17T20:25:00+00:00,2026-07-17T20:36:00+00:00,0.1833,buy_yes,sell_yes,0.35,0.35,23.5644,0,0,0.345,0.355,closed,opposite_fill
3662,Will there be no change in Fed interest rates after the September 2026 meeting?,2026-07-16T13:02:00+00:00,2026-07-17T20:50:00+00:00,31.8,buy_yes,sell_yes,0.66,0.6,49.9875,-2.9993,-6,0.655,0.605,closed,opposite_fill
3663,Will the U.S. invade Iran before 2027?,2026-07-17T18:26:00+00:00,2026-07-17T21:17:00+00:00,2.85,sell_yes,buy_yes,0.26,0.27,44.4104,-0.4441,-1,0.265,0.265,closed,opposite_fill
3664,Will the U.S. invade Iran before 2027?,2026-07-17T21:17:00+00:00,2026-07-17T21:19:00+00:00,0.0333,buy_yes,sell_yes,0.27,0.27,58.8696,0,0,0.265,0.275,closed,opposite_fill
3665,Clarity Act (H.R.3633) signed into law in 2026?,2026-07-17T19:37:00+00:00,2026-07-17T22:32:00+00:00,2.9167,buy_yes,sell_yes,0.34,0.34,16.5248,0,0,0.34,0.345,closed,opposite_fill
3666,Bab el-Mandeb Strait effectively closed by September 30?,2026-07-17T14:51:00+00:00,2026-07-17T23:47:00+00:00,8.9333,sell_yes,buy_yes,0.22,0.23,93.9848,-0.9398,-1,0.225,0.23,closed,opposite_fill
3667,Will Ulf Kristersson be the next Prime Minister of Sweden?,2026-07-11T05:00:00+00:00,2026-07-18T00:00:00+00:00,163,sell_yes,buy_yes,0.15,0.12,3.0984,0.093,3,0.15,0.115,closed,opposite_fill
3668,Will there be no change in Fed interest rates after the September 2026 meeting?,2026-07-17T20:50:00+00:00,2026-07-18T00:00:00+00:00,3.1667,sell_yes,buy_yes,0.6,0.6,53.2925,0,0,0.605,0.595,closed,opposite_fill
3669,Will Ulf Kristersson be the next Prime Minister of Sweden?,2026-07-18T00:00:00+00:00,2026-07-18T00:01:00+00:00,0.0167,buy_yes,sell_yes,0.12,0.12,48.5416,0,0,0.115,0.155,closed,opposite_fill
3670,Bab el-Mandeb Strait effectively closed by September 30?,2026-07-17T23:47:00+00:00,2026-07-18T00:01:00+00:00,0.2333,buy_yes,sell_yes,0.23,0.23,9.2952,0,0,0.23,0.235,closed,opposite_fill
3671,Clarity Act (H.R.3633) signed into law in 2026?,2026-07-17T22:32:00+00:00,2026-07-18T01:37:00+00:00,3.0833,sell_yes,buy_yes,0.34,0.37,35.1152,-1.0535,-3,0.345,0.365,closed,opposite_fill
3672,Clarity Act (H.R.3633) signed into law in 2026?,2026-07-18T01:37:00+00:00,2026-07-18T01:48:00+00:00,0.1833,buy_yes,sell_yes,0.37,0.36,16.5248,-0.1652,-1,0.365,0.365,closed,opposite_fill
3673,Clarity Act (H.R.3633) signed into law in 2026?,2026-07-18T01:48:00+00:00,2026-07-18T01:56:00+00:00,0.1333,sell_yes,buy_yes,0.36,0.36,35.1152,0,0,0.365,0.355,closed,opposite_fill
3674,Clarity Act (H.R.3633) signed into law in 2026?,2026-07-18T01:56:00+00:00,2026-07-18T03:02:00+00:00,1.1,buy_yes,sell_yes,0.36,0.34,18.074,-0.3615,-2,0.355,0.375,closed,opposite_fill
3675,Clarity Act (H.R.3633) signed into law in 2026?,2026-07-18T03:02:00+00:00,2026-07-18T04:50:00+00:00,1.8,sell_yes,buy_yes,0.34,0.41,35.1152,-2.4581,-7,0.375,0.405,closed,opposite_fill
3676,Clarity Act (H.R.3633) signed into law in 2026?,2026-07-18T04:50:00+00:00,2026-07-18T07:13:00+00:00,2.3833,buy_yes,sell_yes,0.41,0.4,16.5248,-0.1652,-1,0.405,0.425,closed,opposite_fill
3677,Bab el-Mandeb Strait effectively closed by September 30?,2026-07-18T00:01:00+00:00,2026-07-18T08:40:00+00:00,8.65,sell_yes,buy_yes,0.23,0.23,97.0832,0,0,0.235,0.225,closed,opposite_fill
3678,Clarity Act (H.R.3633) signed into law in 2026?,2026-07-18T07:13:00+00:00,2026-07-18T10:14:00+00:00,3.0167,sell_yes,buy_yes,0.4,0.42,35.1152,-0.7023,-2,0.425,0.405,closed,opposite_fill
3679,Will Stephen Root – “Widow’s Bay” win Emmys 2026: Outstanding supporting actor in a comedy series?,2026-07-17T01:44:00+00:00,2026-07-18T10:15:00+00:00,32.5167,buy_yes,sell_yes,0.32,0.38,51.64,3.0984,6,0.275,0.4,closed,opposite_fill
3680,Will the U.S. invade Iran before 2027?,2026-07-17T21:19:00+00:00,2026-07-18T12:33:00+00:00,15.2333,sell_yes,buy_yes,0.27,0.28,44.4104,-0.4441,-1,0.275,0.275,closed,opposite_fill
3681,Will the U.S. invade Iran before 2027?,2026-07-18T12:33:00+00:00,2026-07-18T17:20:00+00:00,4.7833,buy_yes,sell_yes,0.28,0.29,58.8696,0.5887,1,0.275,0.29,closed,opposite_fill
3682,Will the U.S. invade Iran before 2027?,2026-07-18T17:20:00+00:00,2026-07-18T17:31:00+00:00,0.1833,sell_yes,buy_yes,0.29,0.29,47.5088,0,0,0.29,0.285,closed,opposite_fill
3683,Will the U.S. invade Iran before 2027?,2026-07-18T17:31:00+00:00,2026-07-18T17:33:00+00:00,0.0333,buy_yes,sell_yes,0.29,0.29,55.7712,0,0,0.285,0.295,closed,opposite_fill
3684,Clarity Act (H.R.3633) signed into law in 2026?,2026-07-18T10:14:00+00:00,2026-07-18T19:45:00+00:00,9.5167,buy_yes,sell_yes,0.42,0.4,19.6232,-0.3925,-2,0.405,0.405,closed,opposite_fill
3685,Will the U.S. invade Iran before 2027?,2026-07-18T17:33:00+00:00,2026-07-18T20:10:00+00:00,2.6167,sell_yes,buy_yes,0.29,0.3,47.5088,-0.4751,-1,0.295,0.295,closed,opposite_fill
3686,Will the U.S. invade Iran before 2027?,2026-07-18T20:10:00+00:00,2026-07-18T23:18:00+00:00,3.1333,buy_yes,sell_yes,0.3,0.3,55.7712,0,0,0.295,0.305,closed,opposite_fill
3687,Will the Fed increase interest rates by 25 bps after the October 2026 meeting?,2026-07-16T11:15:00+00:00,2026-07-19T00:00:00+00:00,60.75,buy_yes,sell_yes,0.23,0.21,6.1968,-0.1239,-2,0.205,0.23,closed,opposite_fill
3688,Will the U.S. invade Iran before 2027?,2026-07-18T23:18:00+00:00,2026-07-19T00:00:00+00:00,0.7,sell_yes,buy_yes,0.3,0.31,47.5088,-0.4751,-1,0.305,0.305,closed,opposite_fill
3689,Will the U.S. invade Iran before 2027?,2026-07-19T00:00:00+00:00,2026-07-19T00:01:00+00:00,0.0167,buy_yes,sell_yes,0.31,0.31,55.7712,0,0,0.305,0.315,closed,opposite_fill
3690,Will Stephen Root – “Widow’s Bay” win Emmys 2026: Outstanding supporting actor in a comedy series?,2026-07-18T10:15:00+00:00,2026-07-19T00:01:00+00:00,13.7667,sell_yes,buy_yes,0.38,0.38,4.6476,0,0,0.4,0.31,closed,opposite_fill
3691,Will the U.S. invade Iran before 2027?,2026-07-19T00:01:00+00:00,2026-07-19T00:16:00+00:00,0.25,sell_yes,buy_yes,0.31,0.33,47.5088,-0.9502,-2,0.315,0.32,closed,opposite_fill
3692,Will Stephen Root – “Widow’s Bay” win Emmys 2026: Outstanding supporting actor in a comedy series?,2026-07-19T00:01:00+00:00,2026-07-19T00:16:00+00:00,0.25,buy_yes,sell_yes,0.38,0.43,46.9924,2.3496,5,0.31,0.43,closed,opposite_fill
3693,Will the U.S. invade Iran before 2027?,2026-07-19T00:16:00+00:00,2026-07-19T00:32:00+00:00,0.2667,buy_yes,sell_yes,0.33,0.32,58.8696,-0.5887,-1,0.32,0.335,closed,opposite_fill
3694,Will the U.S. invade Iran before 2027?,2026-07-19T00:32:00+00:00,2026-07-19T00:36:00+00:00,0.0667,sell_yes,buy_yes,0.32,0.33,44.4104,-0.4441,-1,0.335,0.325,closed,opposite_fill
3695,Will the U.S. invade Iran before 2027?,2026-07-19T00:36:00+00:00,2026-07-19T00:37:00+00:00,0.0167,buy_yes,sell_yes,0.33,0.33,58.8696,0,0,0.325,0.335,closed,opposite_fill
3696,Will the U.S. invade Iran before 2027?,2026-07-19T00:37:00+00:00,2026-07-19T00:58:00+00:00,0.35,sell_yes,buy_yes,0.33,0.33,44.4104,0,0,0.335,0.325,closed,opposite_fill
3697,Will the U.S. invade Iran before 2027?,2026-07-19T00:58:00+00:00,2026-07-19T02:00:00+00:00,1.0333,buy_yes,sell_yes,0.33,0.31,58.8696,-1.1774,-2,0.325,0.315,closed,opposite_fill
3698,Will the U.S. invade Iran before 2027?,2026-07-19T02:00:00+00:00,2026-07-19T02:20:00+00:00,0.3333,sell_yes,buy_yes,0.31,0.3,44.4104,0.4441,1,0.315,0.295,closed,opposite_fill
3699,Clarity Act (H.R.3633) signed into law in 2026?,2026-07-18T19:45:00+00:00,2026-07-19T02:40:00+00:00,6.9167,sell_yes,buy_yes,0.4,0.41,32.0168,-0.3202,-1,0.405,0.395,closed,opposite_fill
3700,Will the U.S. invade Iran before 2027?,2026-07-19T02:20:00+00:00,2026-07-19T04:06:00+00:00,1.7667,buy_yes,sell_yes,0.3,0.29,58.8696,-0.5887,-1,0.295,0.295,closed,opposite_fill
3701,Will the Fed increase interest rates by 25 bps after the September 2026 meeting?,2026-07-17T20:36:00+00:00,2026-07-19T04:06:00+00:00,31.5,sell_yes,buy_yes,0.35,0.36,82.814,-0.8281,-1,0.355,0.355,closed,opposite_fill
3702,Will the U.S. invade Iran before 2027?,2026-07-19T04:06:00+00:00,2026-07-19T04:10:00+00:00,0.0667,sell_yes,buy_yes,0.29,0.29,44.4104,0,0,0.295,0.285,closed,opposite_fill
3703,Will the U.S. invade Iran before 2027?,2026-07-19T04:10:00+00:00,2026-07-19T04:15:00+00:00,0.0833,buy_yes,sell_yes,0.29,0.29,58.8696,0,0,0.285,0.295,closed,opposite_fill
3704,Clarity Act (H.R.3633) signed into law in 2026?,2026-07-19T02:40:00+00:00,2026-07-19T05:59:00+00:00,3.3167,buy_yes,sell_yes,0.41,0.39,19.6232,-0.3925,-2,0.395,0.405,closed,opposite_fill
3705,Will the U.S. invade Iran before 2027?,2026-07-19T04:15:00+00:00,2026-07-19T06:54:00+00:00,2.65,sell_yes,buy_yes,0.29,0.3,44.4104,-0.4441,-1,0.295,0.295,closed,opposite_fill
3706,Will the U.S. invade Iran before 2027?,2026-07-19T06:54:00+00:00,2026-07-19T08:08:00+00:00,1.2333,buy_yes,sell_yes,0.3,0.3,58.8696,0,0,0.295,0.305,closed,opposite_fill
3707,Clarity Act (H.R.3633) signed into law in 2026?,2026-07-19T05:59:00+00:00,2026-07-19T08:17:00+00:00,2.3,sell_yes,buy_yes,0.39,0.4,32.0168,-0.3202,-1,0.405,0.35,closed,opposite_fill
3708,Clarity Act (H.R.3633) signed into law in 2026?,2026-07-19T08:17:00+00:00,2026-07-19T08:21:00+00:00,0.0667,buy_yes,sell_yes,0.4,0.36,19.6232,-0.7849,-4,0.35,0.365,closed,opposite_fill
3709,Will the U.S. invade Iran before 2027?,2026-07-19T08:08:00+00:00,2026-07-19T08:53:00+00:00,0.75,sell_yes,buy_yes,0.3,0.3,44.4104,0,0,0.305,0.295,closed,opposite_fill
3710,Will the U.S. invade Iran before 2027?,2026-07-19T08:53:00+00:00,2026-07-19T08:54:00+00:00,0.0167,buy_yes,sell_yes,0.3,0.3,58.8696,0,0,0.295,0.305,closed,opposite_fill
3711,Clarity Act (H.R.3633) signed into law in 2026?,2026-07-19T08:21:00+00:00,2026-07-19T15:07:00+00:00,6.7667,sell_yes,buy_yes,0.36,0.38,32.0168,-0.6403,-2,0.365,0.375,closed,opposite_fill
3712,Will there be no change in Fed interest rates after the October 2026 meeting?,2026-07-14T12:51:00+00:00,2026-07-19T15:15:00+00:00,122.4,buy_yes,sell_yes,0.62,0.59,1.5492,-0.0465,-3,0.615,0.59,closed,opposite_fill
3713,Will there be no change in Fed interest rates after the October 2026 meeting?,2026-07-19T15:15:00+00:00,2026-07-19T15:17:00+00:00,0.0333,sell_yes,buy_yes,0.59,0.57,23.961,0.4792,2,0.59,0.565,closed,opposite_fill
3714,Will there be no change in Fed interest rates after the September 2026 meeting?,2026-07-18T00:00:00+00:00,2026-07-19T15:55:00+00:00,39.9167,buy_yes,sell_yes,0.6,0.59,49.9875,-0.4999,-1,0.595,0.595,closed,opposite_fill
3715,Clarity Act (H.R.3633) signed into law in 2026?,2026-07-19T15:07:00+00:00,2026-07-19T18:00:00+00:00,2.8833,buy_yes,sell_yes,0.38,0.39,19.6232,0.1962,1,0.375,0.395,closed,opposite_fill
3716,Will the U.S. invade Iran before 2027?,2026-07-19T08:54:00+00:00,2026-07-19T19:38:00+00:00,10.7333,sell_yes,buy_yes,0.3,0.31,44.4104,-0.4441,-1,0.305,0.305,closed,opposite_fill
3717,Will the U.S. invade Iran before 2027?,2026-07-19T19:38:00+00:00,2026-07-19T20:17:00+00:00,0.65,buy_yes,sell_yes,0.31,0.31,58.8696,0,0,0.305,0.315,closed,opposite_fill
3718,Will Harry Kane win the 2026 Ballon d'Or?,2026-07-17T00:02:00+00:00,2026-07-19T21:44:00+00:00,69.7,buy_yes,sell_yes,0.18,0.22,4.80128,0.1921,4,0.168,0.228,closed,opposite_fill
3719,Will the U.S. invade Iran before 2027?,2026-07-19T20:17:00+00:00,2026-07-19T22:23:00+00:00,2.1,sell_yes,buy_yes,0.31,0.3,44.4104,0.4441,1,0.315,0.295,closed,opposite_fill
3720,Will the Fed increase interest rates by 25 bps after the September 2026 meeting?,2026-07-19T04:06:00+00:00,2026-07-19T22:25:00+00:00,18.3167,buy_yes,sell_yes,0.36,0.36,20.466,0,0,0.355,0.365,closed,opposite_fill
3721,Will the U.S. invade Iran before 2027?,2026-07-19T22:23:00+00:00,2026-07-19T22:34:00+00:00,0.1833,buy_yes,sell_yes,0.3,0.3,58.8696,0,0,0.295,0.305,closed,opposite_fill
3722,Will Harry Kane win the 2026 Ballon d'Or?,2026-07-19T21:44:00+00:00,2026-07-19T22:47:00+00:00,1.05,sell_yes,buy_yes,0.22,0.5,24.3495,-6.8179,-28,0.228,0.4865,closed,opposite_fill
3723,Will the U.S. invade Iran before 2027?,2026-07-19T22:34:00+00:00,2026-07-19T22:49:00+00:00,0.25,sell_yes,buy_yes,0.3,0.3,44.4104,0,0,0.305,0.295,closed,opposite_fill
3724,Will the U.S. invade Iran before 2027?,2026-07-19T22:49:00+00:00,2026-07-19T22:52:00+00:00,0.05,buy_yes,sell_yes,0.3,0.3,58.8696,0,0,0.295,0.305,closed,opposite_fill
3725,Will Harry Kane win the 2026 Ballon d'Or?,2026-07-19T22:47:00+00:00,2026-07-19T22:54:00+00:00,0.1167,buy_yes,sell_yes,0.5,0.43,13.3103,-0.9317,-7,0.4865,0.4345,closed,opposite_fill
3726,Will the U.S. invade Iran before 2027?,2026-07-19T22:52:00+00:00,2026-07-19T22:55:00+00:00,0.05,sell_yes,buy_yes,0.3,0.3,44.4104,0,0,0.305,0.295,closed,opposite_fill
3727,Will Harry Kane win the 2026 Ballon d'Or?,2026-07-19T22:47:00+00:00,2026-07-19T22:58:00+00:00,0.1833,buy_yes,sell_yes,0.5,0.44,0.476328,-0.0286,-6,0.4865,0.4645,closed,opposite_fill
3728,Will there be no change in Fed interest rates after the September 2026 meeting?,2026-07-19T15:55:00+00:00,2026-07-19T23:01:00+00:00,7.1,sell_yes,buy_yes,0.59,0.59,53.2925,0,0,0.595,0.585,closed,opposite_fill
3729,Will the U.S. invade Iran before 2027?,2026-07-19T22:55:00+00:00,2026-07-19T23:24:00+00:00,0.4833,buy_yes,sell_yes,0.3,0.3,58.8696,0,0,0.295,0.305,closed,opposite_fill
3730,Bab el-Mandeb Strait effectively closed by September 30?,2026-07-18T08:40:00+00:00,2026-07-19T23:31:00+00:00,38.85,buy_yes,sell_yes,0.23,0.27,6.1968,0.2479,4,0.225,0.28,closed,opposite_fill
3731,Will Harry Kane win the 2026 Ballon d'Or?,2026-07-19T22:58:00+00:00,2026-07-19T23:56:00+00:00,0.9667,sell_yes,buy_yes,0.44,0.41,11.5042,0.3451,3,0.4645,0.405,closed,opposite_fill
3732,Will Harry Kane win the 2026 Ballon d'Or?,2026-07-19T23:56:00+00:00,2026-07-20T00:04:00+00:00,0.1333,buy_yes,sell_yes,0.41,0.42,14.3158,0.1432,1,0.405,0.4695,closed,opposite_fill
3733,Will the U.S. invade Iran before 2027?,2026-07-19T23:24:00+00:00,2026-07-20T00:07:00+00:00,0.7167,sell_yes,buy_yes,0.3,0.3,44.4104,0,0,0.305,0.295,closed,opposite_fill
3734,Will Harry Kane win the 2026 Ballon d'Or?,2026-07-20T00:04:00+00:00,2026-07-20T00:08:00+00:00,0.0667,sell_yes,buy_yes,0.42,0.46,11.5042,-0.4602,-4,0.4695,0.4265,closed,opposite_fill
3735,Will Harry Kane win the 2026 Ballon d'Or?,2026-07-20T00:08:00+00:00,2026-07-20T00:11:00+00:00,0.05,buy_yes,sell_yes,0.46,0.41,14.3158,-0.7158,-5,0.4265,0.439,closed,opposite_fill
3736,Will Harry Kane win the 2026 Ballon d'Or?,2026-07-20T00:11:00+00:00,2026-07-20T00:28:00+00:00,0.2833,sell_yes,buy_yes,0.41,0.46,13.5181,-0.6759,-5,0.439,0.4455,closed,opposite_fill
3737,Will the U.S. invade Iran before 2027?,2026-07-20T00:07:00+00:00,2026-07-20T00:32:00+00:00,0.4167,buy_yes,sell_yes,0.3,0.3,58.8696,0,0,0.295,0.305,closed,opposite_fill
3738,Will Harry Kane win the 2026 Ballon d'Or?,2026-07-20T00:28:00+00:00,2026-07-20T00:36:00+00:00,0.1333,buy_yes,sell_yes,0.46,0.41,18.3438,-0.9172,-5,0.4455,0.4145,closed,opposite_fill
3739,Will Harry Kane win the 2026 Ballon d'Or?,2026-07-20T00:36:00+00:00,2026-07-20T00:40:00+00:00,0.0667,sell_yes,buy_yes,0.41,0.44,11.1169,-0.3335,-3,0.4145,0.438,closed,opposite_fill
3740,Will Harry Kane win the 2026 Ballon d'Or?,2026-07-20T00:40:00+00:00,2026-07-20T00:51:00+00:00,0.1833,buy_yes,sell_yes,0.44,0.39,15.6327,-0.7816,-5,0.438,0.3915,closed,opposite_fill
3741,Will Harry Kane win the 2026 Ballon d'Or?,2026-07-20T00:51:00+00:00,2026-07-20T01:20:00+00:00,0.4833,sell_yes,buy_yes,0.39,0.43,12.4337,-0.4973,-4,0.3915,0.4095,closed,opposite_fill
3742,Will Harry Kane win the 2026 Ballon d'Or?,2026-07-20T01:20:00+00:00,2026-07-20T01:22:00+00:00,0.0333,buy_yes,sell_yes,0.43,0.42,15.9425,-0.1594,-1,0.4095,0.426,closed,opposite_fill
3743,Will Harry Kane win the 2026 Ballon d'Or?,2026-07-20T01:22:00+00:00,2026-07-20T01:24:00+00:00,0.0333,sell_yes,buy_yes,0.42,0.42,9.87749,0,0,0.426,0.393,closed,opposite_fill
3744,Will Harry Kane win the 2026 Ballon d'Or?,2026-07-20T01:24:00+00:00,2026-07-20T01:31:00+00:00,0.1167,buy_yes,sell_yes,0.42,0.39,17.1044,-0.5131,-3,0.393,0.394,closed,opposite_fill
3745,Will the U.S. invade Iran before 2027?,2026-07-20T00:32:00+00:00,2026-07-20T01:32:00+00:00,1,sell_yes,buy_yes,0.3,0.3,44.4104,0,0,0.305,0.295,closed,opposite_fill
3746,Will Harry Kane win the 2026 Ballon d'Or?,2026-07-20T01:31:00+00:00,2026-07-20T01:33:00+00:00,0.0333,sell_yes,buy_yes,0.39,0.39,8.71559,0,0,0.394,0.385,closed,opposite_fill
3747,Will Harry Kane win the 2026 Ballon d'Or?,2026-07-20T01:33:00+00:00,2026-07-20T01:38:00+00:00,0.0833,buy_yes,sell_yes,0.39,0.39,17.1044,0,0,0.385,0.3905,closed,opposite_fill
3748,Will the U.S. invade Iran before 2027?,2026-07-20T01:32:00+00:00,2026-07-20T01:42:00+00:00,0.1667,buy_yes,sell_yes,0.3,0.3,58.8696,0,0,0.295,0.305,closed,opposite_fill
3749,Will the U.S. invade Iran before 2027?,2026-07-20T01:42:00+00:00,2026-07-20T01:45:00+00:00,0.05,sell_yes,buy_yes,0.3,0.3,44.4104,0,0,0.305,0.295,closed,opposite_fill
3750,Will the U.S. invade Iran before 2027?,2026-07-20T01:45:00+00:00,2026-07-20T02:15:00+00:00,0.5,buy_yes,sell_yes,0.3,0.3,58.8696,0,0,0.295,0.305,closed,opposite_fill
3751,Clarity Act (H.R.3633) signed into law in 2026?,2026-07-19T18:00:00+00:00,2026-07-20T03:07:00+00:00,9.1167,sell_yes,buy_yes,0.39,0.39,32.0168,0,0,0.395,0.385,closed,opposite_fill
3752,Will Harry Kane win the 2026 Ballon d'Or?,2026-07-20T01:38:00+00:00,2026-07-20T04:06:00+00:00,2.4667,sell_yes,buy_yes,0.39,0.43,8.79305,-0.3517,-4,0.3905,0.4295,closed,opposite_fill
3753,Will Harry Kane win the 2026 Ballon d'Or?,2026-07-20T04:06:00+00:00,2026-07-20T04:10:00+00:00,0.0667,buy_yes,sell_yes,0.43,0.43,17.0269,0,0,0.4295,0.4305,closed,opposite_fill
3754,Will Harry Kane win the 2026 Ballon d'Or?,2026-07-20T04:10:00+00:00,2026-07-20T04:44:00+00:00,0.5667,sell_yes,buy_yes,0.43,0.44,8.94797,-0.0895,-1,0.4305,0.4325,closed,opposite_fill
3755,Will the U.S. invade Iran before 2027?,2026-07-20T02:15:00+00:00,2026-07-20T05:40:00+00:00,3.4167,sell_yes,buy_yes,0.3,0.3,44.4104,0,0,0.305,0.295,closed,opposite_fill
3756,Will the U.S. invade Iran before 2027?,2026-07-20T05:40:00+00:00,2026-07-20T05:41:00+00:00,0.0167,buy_yes,sell_yes,0.3,0.3,58.8696,0,0,0.295,0.305,closed,opposite_fill
3757,Will Harry Kane win the 2026 Ballon d'Or?,2026-07-20T04:44:00+00:00,2026-07-20T06:49:00+00:00,2.0833,buy_yes,sell_yes,0.44,0.38,16.872,-1.0123,-6,0.4325,0.397,closed,opposite_fill
3758,Will Harry Kane win the 2026 Ballon d'Or?,2026-07-20T06:49:00+00:00,2026-07-20T06:56:00+00:00,0.1167,sell_yes,buy_yes,0.38,0.39,8.94797,-0.0895,-1,0.397,0.3855,closed,opposite_fill
3759,Bab el-Mandeb Strait effectively closed by September 30?,2026-07-19T23:31:00+00:00,2026-07-20T07:15:00+00:00,7.7333,sell_yes,buy_yes,0.27,0.24,97.0832,2.9125,3,0.28,0.235,closed,opposite_fill
3760,Will the U.S. invade Iran before 2027?,2026-07-20T05:41:00+00:00,2026-07-20T07:33:00+00:00,1.8667,sell_yes,buy_yes,0.3,0.3,44.4104,0,0,0.305,0.295,closed,opposite_fill
3761,Will Harry Kane win the 2026 Ballon d'Or?,2026-07-20T06:56:00+00:00,2026-07-20T08:05:00+00:00,1.15,buy_yes,sell_yes,0.39,0.36,21.0549,-0.6316,-3,0.3855,0.3605,closed,opposite_fill
3762,Will the U.S. invade Iran before 2027?,2026-07-20T07:33:00+00:00,2026-07-20T08:24:00+00:00,0.85,buy_yes,sell_yes,0.3,0.25,58.8696,-2.9435,-5,0.295,0.255,closed,opposite_fill
3763,Will the U.S. invade Iran before 2027?,2026-07-20T08:24:00+00:00,2026-07-20T08:29:00+00:00,0.0833,sell_yes,buy_yes,0.25,0.25,44.4104,0,0,0.255,0.245,closed,opposite_fill
3764,Will the U.S. invade Iran before 2027?,2026-07-20T08:29:00+00:00,2026-07-20T09:28:00+00:00,0.9833,buy_yes,sell_yes,0.25,0.24,58.8696,-0.5887,-1,0.245,0.245,closed,opposite_fill
3765,Will the U.S. invade Iran before 2027?,2026-07-20T09:28:00+00:00,2026-07-20T09:37:00+00:00,0.15,sell_yes,buy_yes,0.24,0.24,44.4104,0,0,0.245,0.235,closed,opposite_fill
3766,Will the U.S. invade Iran before 2027?,2026-07-20T09:37:00+00:00,2026-07-20T10:31:00+00:00,0.9,buy_yes,sell_yes,0.24,0.24,58.8696,0,0,0.235,0.245,closed,opposite_fill
3767,Will the U.S. invade Iran before 2027?,2026-07-20T10:31:00+00:00,2026-07-20T10:44:00+00:00,0.2167,sell_yes,buy_yes,0.24,0.24,44.4104,0,0,0.245,0.235,closed,opposite_fill
3768,Will the U.S. invade Iran before 2027?,2026-07-20T10:44:00+00:00,2026-07-20T12:02:00+00:00,1.3,buy_yes,sell_yes,0.24,0.22,58.8696,-1.1774,-2,0.235,0.225,closed,opposite_fill
3769,Bab el-Mandeb Strait effectively closed by September 30?,2026-07-20T07:15:00+00:00,2026-07-20T12:03:00+00:00,4.8,buy_yes,sell_yes,0.24,0.22,6.1968,-0.1239,-2,0.235,0.225,closed,opposite_fill
3770,Will the U.S. invade Iran before 2027?,2026-07-20T12:02:00+00:00,2026-07-20T12:26:00+00:00,0.4,sell_yes,buy_yes,0.22,0.22,44.4104,0,0,0.225,0.215,closed,opposite_fill
3771,Will the U.S. invade Iran before 2027?,2026-07-20T12:26:00+00:00,2026-07-20T12:34:00+00:00,0.1333,buy_yes,sell_yes,0.22,0.22,58.8696,0,0,0.215,0.225,closed,opposite_fill
3772,Will the U.S. invade Iran before 2027?,2026-07-20T12:34:00+00:00,2026-07-20T13:55:00+00:00,1.35,sell_yes,buy_yes,0.22,0.24,44.4104,-0.8882,-2,0.225,0.235,closed,opposite_fill
3773,Will the U.S. invade Iran before 2027?,2026-07-20T13:55:00+00:00,2026-07-20T14:13:00+00:00,0.3,buy_yes,sell_yes,0.24,0.24,58.8696,0,0,0.235,0.245,closed,opposite_fill
3774,Will the U.S. invade Iran before 2027?,2026-07-20T14:13:00+00:00,2026-07-20T15:22:00+00:00,1.15,sell_yes,buy_yes,0.24,0.27,44.4104,-1.3323,-3,0.245,0.265,closed,opposite_fill
3775,Will the U.S. invade Iran before 2027?,2026-07-20T15:22:00+00:00,2026-07-20T15:40:00+00:00,0.3,buy_yes,sell_yes,0.27,0.26,58.8696,-0.5887,-1,0.265,0.265,closed,opposite_fill
3776,Will the U.S. invade Iran before 2027?,2026-07-20T15:40:00+00:00,2026-07-20T15:43:00+00:00,0.05,sell_yes,buy_yes,0.26,0.26,44.4104,0,0,0.265,0.255,closed,opposite_fill
3777,Will the U.S. invade Iran before 2027?,2026-07-20T15:43:00+00:00,2026-07-20T15:44:00+00:00,0.0167,buy_yes,sell_yes,0.26,0.26,58.8696,0,0,0.255,0.265,closed,opposite_fill
3778,Will the U.S. invade Iran before 2027?,2026-07-20T15:44:00+00:00,2026-07-20T15:49:00+00:00,0.0833,sell_yes,buy_yes,0.26,0.26,44.4104,0,0,0.265,0.255,closed,opposite_fill
3779,Will the U.S. invade Iran before 2027?,2026-07-20T15:49:00+00:00,2026-07-20T15:52:00+00:00,0.05,buy_yes,sell_yes,0.26,0.26,58.8696,0,0,0.255,0.265,closed,opposite_fill
3780,Will the U.S. invade Iran before 2027?,2026-07-20T15:52:00+00:00,2026-07-20T16:20:00+00:00,0.4667,sell_yes,buy_yes,0.26,0.26,44.4104,0,0,0.265,0.255,closed,opposite_fill
3781,Will the U.S. invade Iran before 2027?,2026-07-20T16:20:00+00:00,2026-07-20T16:22:00+00:00,0.0333,buy_yes,sell_yes,0.26,0.26,58.8696,0,0,0.255,0.265,closed,opposite_fill
3782,Will the U.S. invade Iran before 2027?,2026-07-20T16:22:00+00:00,2026-07-20T16:39:00+00:00,0.2833,sell_yes,buy_yes,0.26,0.26,44.4104,0,0,0.265,0.255,closed,opposite_fill
3783,Will the U.S. invade Iran before 2027?,2026-07-20T16:39:00+00:00,2026-07-20T16:44:00+00:00,0.0833,buy_yes,sell_yes,0.26,0.26,58.8696,0,0,0.255,0.265,closed,opposite_fill
3784,Will there be no change in Fed interest rates after the September 2026 meeting?,2026-07-19T23:01:00+00:00,2026-07-20T16:48:00+00:00,17.7833,buy_yes,sell_yes,0.59,0.54,49.9875,-2.4994,-5,0.585,0.545,closed,opposite_fill
3785,Will there be no change in Fed interest rates after the September 2026 meeting?,2026-07-20T16:48:00+00:00,2026-07-20T16:49:00+00:00,0.0167,sell_yes,buy_yes,0.54,0.54,53.2925,0,0,0.545,0.535,closed,opposite_fill
3786,Will there be no change in Fed interest rates after the September 2026 meeting?,2026-07-20T16:49:00+00:00,2026-07-20T16:50:00+00:00,0.0167,buy_yes,sell_yes,0.54,0.54,49.9875,0,0,0.535,0.545,closed,opposite_fill
3787,Will the U.S. invade Iran before 2027?,2026-07-20T16:44:00+00:00,2026-07-20T16:53:00+00:00,0.15,sell_yes,buy_yes,0.26,0.27,50.6072,-0.5061,-1,0.265,0.265,closed,opposite_fill
3788,Will the U.S. invade Iran before 2027?,2026-07-20T16:53:00+00:00,2026-07-20T17:10:00+00:00,0.2833,buy_yes,sell_yes,0.27,0.27,52.6728,0,0,0.265,0.275,closed,opposite_fill
3789,Will the U.S. invade Iran before 2027?,2026-07-20T17:10:00+00:00,2026-07-20T17:11:00+00:00,0.0167,sell_yes,buy_yes,0.27,0.27,50.6072,0,0,0.275,0.265,closed,opposite_fill
3790,Will the U.S. invade Iran before 2027?,2026-07-20T17:11:00+00:00,2026-07-20T17:12:00+00:00,0.0167,buy_yes,sell_yes,0.27,0.27,52.6728,0,0,0.265,0.275,closed,opposite_fill
3791,Will the U.S. invade Iran before 2027?,2026-07-20T17:12:00+00:00,2026-07-20T17:13:00+00:00,0.0167,sell_yes,buy_yes,0.27,0.27,50.6072,0,0,0.275,0.265,closed,opposite_fill
3792,Will the U.S. invade Iran before 2027?,2026-07-20T17:13:00+00:00,2026-07-20T19:33:00+00:00,2.3333,buy_yes,sell_yes,0.27,0.27,52.6728,0,0,0.265,0.275,closed,opposite_fill
3793,Will the U.S. invade Iran before 2027?,2026-07-20T19:33:00+00:00,2026-07-20T20:13:00+00:00,0.6667,sell_yes,buy_yes,0.27,0.27,50.6072,0,0,0.275,0.265,closed,opposite_fill
3794,Will the U.S. invade Iran before 2027?,2026-07-20T20:13:00+00:00,2026-07-20T20:14:00+00:00,0.0167,buy_yes,sell_yes,0.27,0.27,52.6728,0,0,0.265,0.275,closed,opposite_fill
3795,Will the U.S. invade Iran before 2027?,2026-07-20T20:14:00+00:00,2026-07-20T20:15:00+00:00,0.0167,sell_yes,buy_yes,0.27,0.27,50.6072,0,0,0.275,0.265,closed,opposite_fill
3796,Will Spider-Man: Brand New Day be the top grossing movie of 2026?,2026-07-15T13:43:00+00:00,2026-07-20T21:44:00+00:00,128.017,buy_yes,sell_yes,0.66,0.74,0.7746,0.062,8,0.65,0.745,closed,opposite_fill
3797,Clarity Act (H.R.3633) signed into law in 2026?,2026-07-20T03:07:00+00:00,2026-07-20T22:53:00+00:00,19.7667,buy_yes,sell_yes,0.39,0.32,19.6232,-1.3736,-7,0.385,0.325,closed,opposite_fill
3798,Will the Fed increase interest rates by 25 bps after the September 2026 meeting?,2026-07-19T22:25:00+00:00,2026-07-21T00:00:00+00:00,25.5833,sell_yes,buy_yes,0.36,0.41,82.814,-4.1407,-5,0.365,0.405,closed,opposite_fill
3799,Will the Fed increase interest rates by 25 bps after the September 2026 meeting?,2026-07-21T00:00:00+00:00,2026-07-21T00:13:00+00:00,0.2167,buy_yes,sell_yes,0.41,0.41,20.466,0,0,0.405,0.415,closed,opposite_fill
3800,Clarity Act (H.R.3633) signed into law in 2026?,2026-07-20T22:53:00+00:00,2026-07-21T01:37:00+00:00,2.7333,sell_yes,buy_yes,0.32,0.42,41.312,-4.1312,-10,0.325,0.415,closed,opposite_fill
3801,Clarity Act (H.R.3633) signed into law in 2026?,2026-07-21T01:37:00+00:00,2026-07-21T01:42:00+00:00,0.0833,buy_yes,sell_yes,0.42,0.42,10.328,0,0,0.415,0.425,closed,opposite_fill
3802,Clarity Act (H.R.3633) signed into law in 2026?,2026-07-21T01:42:00+00:00,2026-07-21T02:32:00+00:00,0.8333,sell_yes,buy_yes,0.42,0.43,41.312,-0.4131,-1,0.425,0.425,closed,opposite_fill
3803,Will Stephen Root – “Widow’s Bay” win Emmys 2026: Outstanding supporting actor in a comedy series?,2026-07-19T00:16:00+00:00,2026-07-21T04:57:00+00:00,52.6833,sell_yes,buy_yes,0.43,0.39,4.6476,0.1859,4,0.43,0.36,closed,opposite_fill
3804,Clarity Act (H.R.3633) signed into law in 2026?,2026-07-21T02:32:00+00:00,2026-07-21T05:44:00+00:00,3.2,buy_yes,sell_yes,0.43,0.4,10.328,-0.3098,-3,0.425,0.405,closed,opposite_fill
3805,Bab el-Mandeb Strait effectively closed by September 30?,2026-07-20T12:03:00+00:00,2026-07-21T10:13:00+00:00,22.1667,sell_yes,buy_yes,0.22,0.21,103.28,1.0328,1,0.225,0.205,closed,opposite_fill
3806,Will the U.S. invade Iran before 2027?,2026-07-20T20:15:00+00:00,2026-07-21T10:56:00+00:00,14.6833,buy_yes,sell_yes,0.27,0.26,52.6728,-0.5267,-1,0.265,0.265,closed,opposite_fill
3807,Will the U.S. invade Iran before 2027?,2026-07-21T10:56:00+00:00,2026-07-21T11:58:00+00:00,1.0333,sell_yes,buy_yes,0.26,0.26,50.6072,0,0,0.265,0.255,closed,opposite_fill
3808,Will there be no change in Fed interest rates after the September 2026 meeting?,2026-07-20T16:50:00+00:00,2026-07-21T12:43:00+00:00,19.8833,sell_yes,buy_yes,0.54,0.54,53.2925,0,0,0.545,0.535,closed,opposite_fill
3809,Fed Rate Hike by October 2026 Meeting?,2026-07-17T16:57:00+00:00,2026-07-21T13:43:00+00:00,92.7667,sell_yes,buy_yes,0.43,0.53,90.7046,-9.0705,-10,0.435,0.52,closed,opposite_fill
3810,Clarity Act (H.R.3633) signed into law in 2026?,2026-07-21T05:44:00+00:00,2026-07-21T15:21:00+00:00,9.6167,sell_yes,buy_yes,0.4,0.52,41.312,-4.9574,-12,0.405,0.51,closed,opposite_fill
3811,Clarity Act (H.R.3633) signed into law in 2026?,2026-07-21T15:21:00+00:00,2026-07-21T15:41:00+00:00,0.3333,buy_yes,sell_yes,0.52,0.5,10.328,-0.2066,-2,0.51,0.505,closed,opposite_fill
3812,Will the U.S. invade Iran before 2027?,2026-07-21T11:58:00+00:00,2026-07-21T16:04:00+00:00,4.1,buy_yes,sell_yes,0.26,0.27,52.6728,0.5267,1,0.255,0.275,closed,opposite_fill
3813,Will the U.S. invade Iran before 2027?,2026-07-21T16:04:00+00:00,2026-07-21T16:11:00+00:00,0.1167,sell_yes,buy_yes,0.27,0.28,56.804,-0.568,-1,0.275,0.275,closed,opposite_fill
3814,Clarity Act (H.R.3633) signed into law in 2026?,2026-07-21T15:41:00+00:00,2026-07-21T16:34:00+00:00,0.8833,sell_yes,buy_yes,0.5,0.52,41.312,-0.8262,-2,0.505,0.495,closed,opposite_fill
3815,Clarity Act (H.R.3633) signed into law in 2026?,2026-07-21T16:34:00+00:00,2026-07-21T17:07:00+00:00,0.55,buy_yes,sell_yes,0.52,0.46,10.328,-0.6197,-6,0.495,0.465,closed,opposite_fill
3816,Clarity Act (H.R.3633) signed into law in 2026?,2026-07-21T17:07:00+00:00,2026-07-21T17:42:00+00:00,0.5833,sell_yes,buy_yes,0.46,0.46,44.4104,0,0,0.465,0.46,closed,opposite_fill
3817,Will there be no change in Fed interest rates after the October 2026 meeting?,2026-07-19T15:15:00+00:00,2026-07-21T18:14:00+00:00,50.9833,sell_yes,buy_yes,0.59,0.62,30.7774,-0.9233,-3,0.59,0.615,closed,opposite_fill
3818,Fed Rate Hike by October 2026 Meeting?,2026-07-21T13:43:00+00:00,2026-07-21T18:37:00+00:00,4.9,buy_yes,sell_yes,0.53,0.56,12.5754,0.3773,3,0.52,0.57,closed,opposite_fill
3819,Will there be no change in Fed interest rates after the September 2026 meeting?,2026-07-21T12:43:00+00:00,2026-07-21T19:47:00+00:00,7.0667,buy_yes,sell_yes,0.54,0.43,49.9875,-5.4986,-11,0.535,0.435,closed,opposite_fill
3820,Fed Rate Hike by October 2026 Meeting?,2026-07-21T18:37:00+00:00,2026-07-21T20:09:00+00:00,1.5333,sell_yes,buy_yes,0.56,0.6,96.9014,-3.8761,-4,0.57,0.575,closed,opposite_fill
3821,Fed Rate Hike by October 2026 Meeting?,2026-07-21T20:09:00+00:00,2026-07-21T20:52:00+00:00,0.7167,buy_yes,sell_yes,0.6,0.57,9.47697,-0.2843,-3,0.575,0.57,closed,opposite_fill
3822,Fed Rate Hike by October 2026 Meeting?,2026-07-21T20:52:00+00:00,2026-07-21T20:53:00+00:00,0.0167,sell_yes,buy_yes,0.57,0.57,93.803,0,0,0.57,0.565,closed,opposite_fill
3823,Fed Rate Hike by October 2026 Meeting?,2026-07-21T20:53:00+00:00,2026-07-21T20:55:00+00:00,0.0333,buy_yes,sell_yes,0.57,0.57,9.47697,0,0,0.565,0.57,closed,opposite_fill
3824,Will the U.S. invade Iran before 2027?,2026-07-21T16:11:00+00:00,2026-07-21T21:27:00+00:00,5.2667,buy_yes,sell_yes,0.28,0.28,46.476,0,0,0.275,0.285,closed,opposite_fill
3825,Fed Rate Hike by October 2026 Meeting?,2026-07-21T20:55:00+00:00,2026-07-21T21:30:00+00:00,0.5833,sell_yes,buy_yes,0.57,0.57,93.803,0,0,0.57,0.565,closed,opposite_fill
3826,Fed Rate Hike by October 2026 Meeting?,2026-07-21T21:30:00+00:00,2026-07-21T21:44:00+00:00,0.2333,buy_yes,sell_yes,0.57,0.57,9.47697,0,0,0.565,0.57,closed,opposite_fill
3827,Fed Rate Hike by October 2026 Meeting?,2026-07-21T21:44:00+00:00,2026-07-21T22:20:00+00:00,0.6,sell_yes,buy_yes,0.57,0.57,93.803,0,0,0.57,0.565,closed,opposite_fill
3828,Will the U.S. invade Iran before 2027?,2026-07-21T21:27:00+00:00,2026-07-21T23:10:00+00:00,1.7167,sell_yes,buy_yes,0.28,0.28,56.804,0,0,0.285,0.275,closed,opposite_fill
3829,Fed Rate Hike by October 2026 Meeting?,2026-07-21T22:20:00+00:00,2026-07-22T00:00:00+00:00,1.6667,buy_yes,sell_yes,0.57,0.57,9.47697,0,0,0.565,0.57,closed,opposite_fill
3830,Fed Rate Hike by October 2026 Meeting?,2026-07-22T00:00:00+00:00,2026-07-22T00:01:00+00:00,0.0167,sell_yes,buy_yes,0.57,0.57,93.803,0,0,0.57,0.565,closed,opposite_fill
3831,Will Stephen Root – “Widow’s Bay” win Emmys 2026: Outstanding supporting actor in a comedy series?,2026-07-21T04:57:00+00:00,2026-07-22T00:13:00+00:00,19.2667,buy_yes,sell_yes,0.39,0.26,46.9924,-6.109,-13,0.36,0.37,closed,opposite_fill
3832,Will there be no change in Fed interest rates after the September 2026 meeting?,2026-07-21T19:47:00+00:00,2026-07-22T03:27:00+00:00,7.6667,sell_yes,buy_yes,0.43,0.44,53.2925,-0.5329,-1,0.435,0.435,closed,opposite_fill
3833,Will Stephen Root – “Widow’s Bay” win Emmys 2026: Outstanding supporting actor in a comedy series?,2026-07-22T00:13:00+00:00,2026-07-22T05:07:00+00:00,4.9,sell_yes,buy_yes,0.26,0.34,4.6476,-0.3718,-8,0.37,0.315,closed,opposite_fill
3834,Will the U.S. invade Iran before 2027?,2026-07-21T23:10:00+00:00,2026-07-22T08:36:00+00:00,9.4333,buy_yes,sell_yes,0.28,0.29,46.476,0.4648,1,0.275,0.29,closed,opposite_fill
3835,Will there be no change in Fed interest rates after the September 2026 meeting?,2026-07-22T03:27:00+00:00,2026-07-22T09:20:00+00:00,5.8833,buy_yes,sell_yes,0.44,0.44,49.9875,0,0,0.435,0.445,closed,opposite_fill
3836,Fed Rate Hike by October 2026 Meeting?,2026-07-22T00:01:00+00:00,2026-07-22T14:21:00+00:00,14.3333,buy_yes,sell_yes,0.57,0.57,9.47697,0,0,0.565,0.57,closed,opposite_fill
3837,Fed Rate Hike by October 2026 Meeting?,2026-07-22T14:21:00+00:00,2026-07-22T15:21:00+00:00,1,sell_yes,buy_yes,0.57,0.6,99.9998,-3,-3,0.57,0.595,closed,opposite_fill
3838,Fed Rate Hike by October 2026 Meeting?,2026-07-22T15:21:00+00:00,2026-07-22T15:26:00+00:00,0.0833,buy_yes,sell_yes,0.6,0.63,3.28017,0.0984,3,0.595,0.64,closed,opposite_fill
3839,Will Stephen Root – “Widow’s Bay” win Emmys 2026: Outstanding supporting actor in a comedy series?,2026-07-22T05:07:00+00:00,2026-07-22T16:35:00+00:00,11.4667,buy_yes,sell_yes,0.34,0.38,46.9924,1.8797,4,0.315,0.39,closed,opposite_fill
3840,Will the Fed increase interest rates by 25 bps after the September 2026 meeting?,2026-07-21T00:13:00+00:00,2026-07-23T00:00:00+00:00,47.7833,sell_yes,buy_yes,0.41,0.49,82.814,-6.6251,-8,0.415,0.485,closed,opposite_fill
3841,Fed Rate Hike by October 2026 Meeting?,2026-07-22T15:26:00+00:00,2026-07-23T03:41:00+00:00,12.25,sell_yes,buy_yes,0.63,0.63,44.6417,0,0,0.64,0.625,closed,opposite_fill
3842,Fed Rate Hike by October 2026 Meeting?,2026-07-23T03:41:00+00:00,2026-07-23T07:25:00+00:00,3.7333,buy_yes,sell_yes,0.63,0.63,58.6383,0,0,0.625,0.635,closed,opposite_fill
3843,Fed Rate Hike by October 2026 Meeting?,2026-07-23T07:25:00+00:00,2026-07-23T08:52:00+00:00,1.45,sell_yes,buy_yes,0.63,0.67,47.7401,-1.9096,-4,0.635,0.66,closed,opposite_fill
3844,Fed Rate Hike by October 2026 Meeting?,2026-07-23T08:52:00+00:00,2026-07-23T08:59:00+00:00,0.1167,buy_yes,sell_yes,0.67,0.67,55.5399,0,0,0.66,0.68,closed,opposite_fill
3845,Fed Rate Hike by October 2026 Meeting?,2026-07-23T08:59:00+00:00,2026-07-23T09:25:00+00:00,0.4333,sell_yes,buy_yes,0.67,0.67,47.7401,0,0,0.68,0.65,closed,opposite_fill
3846,Clarity Act (H.R.3633) signed into law in 2026?,2026-07-21T17:42:00+00:00,2026-07-23T09:40:00+00:00,39.9667,buy_yes,sell_yes,0.46,0.33,7.2296,-0.9398,-13,0.46,0.415,closed,opposite_fill
3847,Fed Rate Hike by October 2026 Meeting?,2026-07-23T09:25:00+00:00,2026-07-23T10:28:00+00:00,1.05,buy_yes,sell_yes,0.67,0.65,55.5399,-1.1108,-2,0.65,0.665,closed,opposite_fill
3848,Will there be no change in Fed interest rates after the September 2026 meeting?,2026-07-22T09:20:00+00:00,2026-07-23T10:29:00+00:00,25.15,sell_yes,buy_yes,0.44,0.44,59.4893,0,0,0.445,0.435,closed,opposite_fill
3849,Will the Fed increase interest rates by 25 bps after the September 2026 meeting?,2026-07-23T00:00:00+00:00,2026-07-23T10:35:00+00:00,10.5833,buy_yes,sell_yes,0.49,0.42,20.466,-1.4326,-7,0.485,0.43,closed,opposite_fill
3850,Will the Fed increase interest rates by 25 bps after the September 2026 meeting?,2026-07-23T10:35:00+00:00,2026-07-23T11:10:00+00:00,0.5833,sell_yes,buy_yes,0.42,0.46,89.0108,-3.5604,-4,0.43,0.46,closed,opposite_fill
3851,Fed Rate Hike by October 2026 Meeting?,2026-07-23T10:28:00+00:00,2026-07-23T11:47:00+00:00,1.3167,sell_yes,buy_yes,0.65,0.68,53.9369,-1.6181,-3,0.665,0.68,closed,opposite_fill
3852,Will the Fed increase interest rates by 25 bps after the September 2026 meeting?,2026-07-23T11:10:00+00:00,2026-07-23T12:52:00+00:00,1.7,buy_yes,sell_yes,0.46,0.47,14.2692,0.1427,1,0.46,0.475,closed,opposite_fill
3853,Will Stephen Root – “Widow’s Bay” win Emmys 2026: Outstanding supporting actor in a comedy series?,2026-07-22T16:35:00+00:00,2026-07-23T13:06:00+00:00,20.5167,sell_yes,buy_yes,0.38,0.33,4.6476,0.2324,5,0.39,0.305,closed,opposite_fill
3854,Will the Fed increase interest rates by 25 bps after the September 2026 meeting?,2026-07-23T12:52:00+00:00,2026-07-23T14:00:00+00:00,1.1333,sell_yes,buy_yes,0.47,0.49,89.0108,-1.7802,-2,0.475,0.485,closed,opposite_fill
3855,Will the Fed increase interest rates by 25 bps after the September 2026 meeting?,2026-07-23T14:00:00+00:00,2026-07-23T16:05:00+00:00,2.0833,buy_yes,sell_yes,0.49,0.48,14.2692,-0.1427,-1,0.485,0.49,closed,opposite_fill
3856,Will the Fed increase interest rates by 25 bps after the September 2026 meeting?,2026-07-23T16:05:00+00:00,2026-07-23T16:53:00+00:00,0.8,sell_yes,buy_yes,0.48,0.51,103.28,-3.0984,-3,0.49,0.505,closed,opposite_fill
3857,Will Spider-Man: Brand New Day be the top grossing movie of 2026?,2026-07-20T21:44:00+00:00,2026-07-23T16:55:00+00:00,67.1833,sell_yes,buy_yes,0.74,0.8,25.0454,-1.5027,-6,0.745,0.795,closed,opposite_fill
3858,Will the U.S. invade Iran before 2027?,2026-07-22T08:36:00+00:00,2026-07-23T17:40:00+00:00,33.0667,sell_yes,buy_yes,0.29,0.3,59.9024,-0.599,-1,0.29,0.295,closed,opposite_fill
3859,Will the U.S. invade Iran before 2027?,2026-07-23T17:40:00+00:00,2026-07-23T17:59:00+00:00,0.3167,buy_yes,sell_yes,0.3,0.3,43.3776,0,0,0.295,0.305,closed,opposite_fill
3860,Fed Rate Hike by October 2026 Meeting?,2026-07-23T11:47:00+00:00,2026-07-23T18:37:00+00:00,6.8333,buy_yes,sell_yes,0.68,0.68,49.3431,0,0,0.68,0.685,closed,opposite_fill
3861,Will the U.S. invade Iran before 2027?,2026-07-23T17:59:00+00:00,2026-07-23T20:54:00+00:00,2.9167,sell_yes,buy_yes,0.3,0.3,59.9024,0,0,0.305,0.295,closed,opposite_fill
3862,Will the U.S. invade Iran before 2027?,2026-07-23T20:54:00+00:00,2026-07-23T23:09:00+00:00,2.25,buy_yes,sell_yes,0.3,0.3,43.3776,0,0,0.295,0.305,closed,opposite_fill
3863,Bab el-Mandeb Strait effectively closed by September 30?,2026-07-23T13:50:00+00:00,2026-07-24T02:13:00+00:00,12.3833,buy_yes,sell_yes,0.24,0.23,103.28,-1.0328,-1,0.23,0.235,closed,opposite_fill
3864,Will the U.S. invade Iran before 2027?,2026-07-23T23:09:00+00:00,2026-07-24T04:41:00+00:00,5.5333,sell_yes,buy_yes,0.3,0.3,59.9024,0,0,0.305,0.295,closed,opposite_fill
3865,Clarity Act (H.R.3633) signed into law in 2026?,2026-07-23T09:40:00+00:00,2026-07-24T06:16:00+00:00,20.6,sell_yes,buy_yes,0.33,0.37,44.4104,-1.7764,-4,0.415,0.365,closed,opposite_fill
3866,Will the U.S. invade Iran before 2027?,2026-07-24T04:41:00+00:00,2026-07-24T06:51:00+00:00,2.1667,buy_yes,sell_yes,0.3,0.29,43.3776,-0.4338,-1,0.295,0.295,closed,opposite_fill
3867,Will the U.S. invade Iran before 2027?,2026-07-24T06:51:00+00:00,2026-07-24T11:28:00+00:00,4.6167,sell_yes,buy_yes,0.29,0.29,59.9024,0,0,0.295,0.285,closed,opposite_fill
3868,Will the U.S. invade Iran before 2027?,2026-07-24T11:28:00+00:00,2026-07-24T11:34:00+00:00,0.1,buy_yes,sell_yes,0.29,0.29,43.3776,0,0,0.285,0.29,closed,opposite_fill
3869,Will the U.S. invade Iran before 2027?,2026-07-24T11:34:00+00:00,2026-07-24T13:45:00+00:00,2.1833,sell_yes,buy_yes,0.29,0.29,63.0008,0,0,0.29,0.285,closed,opposite_fill
3870,Will the U.S. invade Iran before 2027?,2026-07-24T13:45:00+00:00,2026-07-24T14:47:00+00:00,1.0333,buy_yes,sell_yes,0.29,0.29,40.2792,0,0,0.285,0.295,closed,opposite_fill
3871,Will the U.S. invade Iran before 2027?,2026-07-24T14:47:00+00:00,2026-07-24T15:56:00+00:00,1.15,sell_yes,buy_yes,0.29,0.29,63.0008,0,0,0.295,0.285,closed,opposite_fill
3872,Will the U.S. invade Iran before 2027?,2026-07-24T15:56:00+00:00,2026-07-24T15:58:00+00:00,0.0333,buy_yes,sell_yes,0.29,0.29,40.2792,0,0,0.285,0.295,closed,opposite_fill
3873,Will the U.S. invade Iran before 2027?,2026-07-24T15:58:00+00:00,2026-07-24T16:07:00+00:00,0.15,sell_yes,buy_yes,0.29,0.29,63.0008,0,0,0.295,0.285,closed,opposite_fill
3874,Will the U.S. invade Iran before 2027?,2026-07-24T16:07:00+00:00,2026-07-24T17:20:00+00:00,1.2167,buy_yes,sell_yes,0.29,0.28,40.2792,-0.4028,-1,0.285,0.285,closed,opposite_fill
3875,Will the U.S. invade Iran before 2027?,2026-07-24T17:20:00+00:00,2026-07-24T17:46:00+00:00,0.4333,sell_yes,buy_yes,0.28,0.29,63.0008,-0.63,-1,0.285,0.285,closed,opposite_fill
3876,Will the U.S. invade Iran before 2027?,2026-07-24T17:46:00+00:00,2026-07-24T18:33:00+00:00,0.7833,buy_yes,sell_yes,0.29,0.29,40.2792,0,0,0.285,0.295,closed,opposite_fill
3877,Will the U.S. invade Iran before 2027?,2026-07-24T18:33:00+00:00,2026-07-24T20:11:00+00:00,1.6333,sell_yes,buy_yes,0.29,0.3,63.0008,-0.63,-1,0.295,0.295,closed,opposite_fill
3878,Will the U.S. invade Iran before 2027?,2026-07-24T20:11:00+00:00,2026-07-24T23:26:00+00:00,3.25,buy_yes,sell_yes,0.3,0.3,40.2792,0,0,0.295,0.305,closed,opposite_fill
3879,Fed Rate Hike by October 2026 Meeting?,2026-07-23T18:37:00+00:00,2026-07-25T00:00:00+00:00,29.3833,sell_yes,buy_yes,0.68,0.68,53.9369,0,0,0.685,0.68,closed,opposite_fill
3880,Will Stephen Root – “Widow’s Bay” win Emmys 2026: Outstanding supporting actor in a comedy series?,2026-07-23T13:06:00+00:00,2026-07-25T00:25:00+00:00,35.3167,buy_yes,sell_yes,0.33,0.29,46.9924,-1.8797,-4,0.305,0.29,closed,opposite_fill
3881,Will the U.S. invade Iran before 2027?,2026-07-24T23:26:00+00:00,2026-07-25T02:52:00+00:00,3.4333,sell_yes,buy_yes,0.3,0.3,63.0008,0,0,0.305,0.295,closed,opposite_fill
3882,Will the U.S. invade Iran before 2027?,2026-07-25T02:52:00+00:00,2026-07-25T16:27:00+00:00,13.5833,buy_yes,sell_yes,0.3,0.25,40.2792,-2.014,-5,0.295,0.255,closed,opposite_fill
3883,Will the U.S. invade Iran before 2027?,2026-07-25T16:27:00+00:00,2026-07-25T16:45:00+00:00,0.3,sell_yes,buy_yes,0.25,0.25,63.0008,0,0,0.255,0.245,closed,opposite_fill
3884,Will the U.S. invade Iran before 2027?,2026-07-25T16:45:00+00:00,2026-07-25T16:49:00+00:00,0.0667,buy_yes,sell_yes,0.25,0.25,40.2792,0,0,0.245,0.255,closed,opposite_fill
3885,Will the U.S. invade Iran before 2027?,2026-07-25T16:49:00+00:00,2026-07-25T18:41:00+00:00,1.8667,sell_yes,buy_yes,0.25,0.26,63.0008,-0.63,-1,0.255,0.255,closed,opposite_fill
3886,Will there be no change in Fed interest rates after the October 2026 meeting?,2026-07-21T18:14:00+00:00,2026-07-25T18:50:00+00:00,96.6,buy_yes,sell_yes,0.62,0.54,20.8626,-1.669,-8,0.615,0.545,closed,opposite_fill
3887,Will the U.S. invade Iran before 2027?,2026-07-25T18:41:00+00:00,2026-07-25T18:57:00+00:00,0.2667,buy_yes,sell_yes,0.26,0.26,40.2792,0,0,0.255,0.265,closed,opposite_fill
3888,Will the U.S. invade Iran before 2027?,2026-07-25T18:57:00+00:00,2026-07-25T21:18:00+00:00,2.35,sell_yes,buy_yes,0.26,0.26,63.0008,0,0,0.265,0.255,closed,opposite_fill
3889,Will the U.S. invade Iran before 2027?,2026-07-25T21:18:00+00:00,2026-07-25T21:26:00+00:00,0.1333,buy_yes,sell_yes,0.26,0.26,40.2792,0,0,0.255,0.265,closed,opposite_fill
3890,Will Édouard Philippe win the 2027 French presidential election?,2026-07-10T09:05:00+00:00,2026-07-25T22:27:00+00:00,373.367,sell_yes,buy_yes,0.26,0.26,12.3936,0,0,0.265,0.255,closed,opposite_fill
3891,Will the U.S. invade Iran before 2027?,2026-07-25T21:26:00+00:00,2026-07-25T22:34:00+00:00,1.1333,sell_yes,buy_yes,0.26,0.26,63.0008,0,0,0.265,0.255,closed,opposite_fill
3892,Will Gadi Eizenkot be the next Prime Minister of Israel?,2026-07-25T15:24:00+00:00,2026-07-26T06:10:00+00:00,14.7667,sell_yes,buy_yes,0.53,0.53,53.9638,0,0,0.545,0.522,closed,opposite_fill
3893,Will the U.S. invade Iran before 2027?,2026-07-25T22:34:00+00:00,2026-07-26T09:38:00+00:00,11.0667,buy_yes,sell_yes,0.26,0.21,40.2792,-2.014,-5,0.255,0.215,closed,opposite_fill
3894,Will the U.S. invade Iran before 2027?,2026-07-26T09:38:00+00:00,2026-07-26T10:15:00+00:00,0.6167,sell_yes,buy_yes,0.21,0.21,63.0008,0,0,0.215,0.205,closed,opposite_fill
3895,Will there be no change in Fed interest rates after the September 2026 meeting?,2026-07-23T10:29:00+00:00,2026-07-26T14:43:00+00:00,76.2333,buy_yes,sell_yes,0.44,0.41,43.7907,-1.3137,-3,0.435,0.415,closed,opposite_fill
3896,Will the U.S. invade Iran before 2027?,2026-07-26T10:15:00+00:00,2026-07-26T15:11:00+00:00,4.9333,buy_yes,sell_yes,0.21,0.2,40.2792,-0.4028,-1,0.205,0.205,closed,opposite_fill
3897,Will the Fed increase interest rates by 25 bps after the October 2026 meeting?,2026-07-19T00:00:00+00:00,2026-07-26T20:19:00+00:00,188.317,sell_yes,buy_yes,0.21,0.29,45.4432,-3.6355,-8,0.23,0.285,closed,opposite_fill
3898,Will there be no change in Fed interest rates after the September 2026 meeting?,2026-07-26T14:43:00+00:00,2026-07-27T01:24:00+00:00,10.6833,sell_yes,buy_yes,0.41,0.45,59.4893,-2.3796,-4,0.415,0.445,closed,opposite_fill
3899,Fed Rate Hike by October 2026 Meeting?,2026-07-25T00:00:00+00:00,2026-07-27T14:37:00+00:00,62.6167,buy_yes,sell_yes,0.68,0.63,49.3431,-2.4672,-5,0.68,0.635,closed,opposite_fill
3900,Will the U.S. invade Iran before 2027?,2026-07-26T15:11:00+00:00,2026-07-27T16:34:00+00:00,25.3833,sell_yes,buy_yes,0.2,0.22,63.0008,-1.26,-2,0.205,0.215,closed,opposite_fill
3901,Will the U.S. invade Iran before 2027?,2026-07-27T16:34:00+00:00,2026-07-27T16:51:00+00:00,0.2833,buy_yes,sell_yes,0.22,0.22,40.2792,0,0,0.215,0.225,closed,opposite_fill
3902,Will the U.S. invade Iran before 2027?,2026-07-27T16:51:00+00:00,2026-07-27T18:49:00+00:00,1.9667,sell_yes,buy_yes,0.22,0.23,63.0008,-0.63,-1,0.225,0.225,closed,opposite_fill
3903,Will the U.S. invade Iran before 2027?,2026-07-27T18:49:00+00:00,2026-07-27T19:57:00+00:00,1.1333,buy_yes,sell_yes,0.23,0.22,40.2792,-0.4028,-1,0.225,0.225,closed,opposite_fill
3904,Fed Rate Hike by October 2026 Meeting?,2026-07-27T14:37:00+00:00,2026-07-27T23:02:00+00:00,8.4167,sell_yes,buy_yes,0.63,0.68,53.9369,-2.6968,-5,0.635,0.68,closed,opposite_fill
3905,Will the U.S. invade Iran before 2027?,2026-07-27T19:57:00+00:00,2026-07-28T01:28:00+00:00,5.5167,sell_yes,buy_yes,0.22,0.22,63.0008,0,0,0.225,0.215,closed,opposite_fill
3906,Will the Fed increase interest rates by 25 bps after the October 2026 meeting?,2026-07-26T20:19:00+00:00,2026-07-28T02:58:00+00:00,30.65,buy_yes,sell_yes,0.29,0.24,20.1396,-1.007,-5,0.285,0.245,closed,opposite_fill
3907,Fed Rate Hike by October 2026 Meeting?,2026-07-27T23:02:00+00:00,2026-07-28T03:39:00+00:00,4.6167,buy_yes,sell_yes,0.68,0.7,49.3431,0.9869,2,0.68,0.725,closed,opposite_fill
3908,Will there be no change in Fed interest rates after the September 2026 meeting?,2026-07-27T01:24:00+00:00,2026-07-28T10:09:00+00:00,32.75,buy_yes,sell_yes,0.45,0.35,43.7907,-4.3791,-10,0.445,0.355,closed,opposite_fill
3909,Will there be no change in Fed interest rates after the September 2026 meeting?,2026-07-28T10:09:00+00:00,2026-07-28T10:10:00+00:00,0.0167,sell_yes,buy_yes,0.35,0.35,59.4893,0,0,0.355,0.345,closed,opposite_fill
3910,Will there be no change in Fed interest rates after the September 2026 meeting?,2026-07-28T10:10:00+00:00,2026-07-28T11:15:00+00:00,1.0833,buy_yes,sell_yes,0.35,0.35,43.7907,0,0,0.345,0.355,closed,opposite_fill
3911,Fed Rate Hike by October 2026 Meeting?,2026-07-28T03:39:00+00:00,2026-07-28T13:33:00+00:00,9.9,sell_yes,buy_yes,0.7,0.73,53.9369,-1.6181,-3,0.725,0.725,closed,opposite_fill
3912,Will the Fed increase interest rates by 25 bps after the October 2026 meeting?,2026-07-28T02:58:00+00:00,2026-07-28T16:40:00+00:00,13.7,sell_yes,buy_yes,0.24,0.24,31.5004,0,0,0.245,0.235,closed,opposite_fill
3913,Fed Rate Hike by October 2026 Meeting?,2026-07-28T13:33:00+00:00,2026-07-28T16:57:00+00:00,3.4,buy_yes,sell_yes,0.73,0.73,49.3431,0,0,0.725,0.735,closed,opposite_fill
3914,Will the U.S. invade Iran before 2027?,2026-07-28T01:28:00+00:00,2026-07-28T20:53:00+00:00,19.4167,buy_yes,sell_yes,0.22,0.21,40.2792,-0.4028,-1,0.215,0.215,closed,opposite_fill
3915,Will the U.S. invade Iran before 2027?,2026-07-28T20:53:00+00:00,2026-07-28T20:57:00+00:00,0.0667,sell_yes,buy_yes,0.21,0.21,63.0008,0,0,0.215,0.205,closed,opposite_fill
3916,Will the U.S. invade Iran before 2027?,2026-07-28T20:57:00+00:00,2026-07-28T21:01:00+00:00,0.0667,buy_yes,sell_yes,0.21,0.21,40.2792,0,0,0.205,0.215,closed,opposite_fill
3917,Will the U.S. invade Iran before 2027?,2026-07-28T21:01:00+00:00,2026-07-28T23:01:00+00:00,2,sell_yes,buy_yes,0.21,0.24,63.0008,-1.89,-3,0.215,0.235,closed,opposite_fill
3918,Will the U.S. invade Iran before 2027?,2026-07-28T23:01:00+00:00,2026-07-28T23:41:00+00:00,0.6667,buy_yes,sell_yes,0.24,0.24,40.2792,0,0,0.235,0.245,closed,opposite_fill
3919,Will the Sweden Democrats (SD) win the second most seats in the 2026 Swedish parliamentary election?,2026-07-13T00:00:00+00:00,2026-07-29T00:00:00+00:00,384,buy_yes,sell_yes,0.77,0.81,58.6961,2.3478,4,0.415,0.82,closed,opposite_fill
3920,Bab el-Mandeb Strait effectively closed by September 30?,2026-07-29T00:00:00+00:00,2026-07-29T00:02:00+00:00,0.0333,buy_yes,sell_yes,0.18,0.19,103.28,1.0328,1,0.15,0.2,closed,opposite_fill
3921,Will Katherine LaNasa – “The Pitt” win Emmys 2026: Outstanding supporting actress in a drama series?,2026-07-16T08:25:00+00:00,2026-07-29T01:41:00+00:00,305.267,sell_yes,buy_yes,0.73,0.74,53.1892,-0.5319,-1,0.735,0.675,closed,opposite_fill
3922,Will Katherine LaNasa – “The Pitt” win Emmys 2026: Outstanding supporting actress in a drama series?,2026-07-29T01:41:00+00:00,2026-07-29T02:00:00+00:00,0.3167,buy_yes,sell_yes,0.74,0.66,9.2952,-0.7436,-8,0.675,0.72,closed,opposite_fill
3923,Will there be no change in Fed interest rates after the September 2026 meeting?,2026-07-28T11:15:00+00:00,2026-07-29T11:14:00+00:00,23.9833,sell_yes,buy_yes,0.35,0.4,59.4893,-2.9745,-5,0.355,0.395,closed,opposite_fill
3924,Will there be no change in Fed interest rates after the September 2026 meeting?,2026-07-29T11:14:00+00:00,2026-07-29T13:53:00+00:00,2.65,buy_yes,sell_yes,0.4,0.4,43.7907,0,0,0.395,0.405,closed,opposite_fill
3925,Will there be no change in Fed interest rates after the September 2026 meeting?,2026-07-29T13:53:00+00:00,2026-07-29T13:54:00+00:00,0.0167,sell_yes,buy_yes,0.4,0.4,59.4893,0,0,0.405,0.395,closed,opposite_fill
3926,Will there be no change in Fed interest rates after the October 2026 meeting?,2026-07-25T18:50:00+00:00,2026-07-29T16:18:00+00:00,93.4667,sell_yes,buy_yes,0.54,0.63,30.7774,-2.77,-9,0.545,0.625,closed,opposite_fill
3927,Fed Rate Hike by October 2026 Meeting?,2026-07-28T16:57:00+00:00,2026-07-29T17:58:00+00:00,25.0167,sell_yes,buy_yes,0.73,0.73,53.9369,0,0,0.735,0.695,closed,opposite_fill
3928,Will there be no change in Fed interest rates after the September 2026 meeting?,2026-07-29T13:54:00+00:00,2026-07-29T18:03:00+00:00,4.15,buy_yes,sell_yes,0.4,0.33,49.9875,-3.4991,-7,0.395,0.335,closed,opposite_fill
3929,Will there be no change in Fed interest rates after the October 2026 meeting?,2026-07-29T16:18:00+00:00,2026-07-29T18:03:00+00:00,1.75,buy_yes,sell_yes,0.63,0.63,20.8626,0,0,0.625,0.635,closed,opposite_fill
3930,Will there be no change in Fed interest rates after the September 2026 meeting?,2026-07-29T18:03:00+00:00,2026-07-29T18:08:00+00:00,0.0833,sell_yes,buy_yes,0.33,0.36,65.6861,-1.9706,-3,0.335,0.355,closed,opposite_fill
3931,Will there be no change in Fed interest rates after the September 2026 meeting?,2026-07-29T18:08:00+00:00,2026-07-29T18:10:00+00:00,0.0333,buy_yes,sell_yes,0.36,0.36,37.5939,0,0,0.355,0.365,closed,opposite_fill
3932,Will the Fed increase interest rates by 25 bps after the October 2026 meeting?,2026-07-28T16:40:00+00:00,2026-07-29T18:12:00+00:00,25.5333,buy_yes,sell_yes,0.24,0.23,20.1396,-0.2014,-1,0.235,0.235,closed,opposite_fill
3933,Will the Fed increase interest rates by 25 bps after the October 2026 meeting?,2026-07-29T18:12:00+00:00,2026-07-29T18:13:00+00:00,0.0167,sell_yes,buy_yes,0.23,0.23,34.5988,0,0,0.235,0.23,closed,opposite_fill
3934,Will the Fed increase interest rates by 25 bps after the October 2026 meeting?,2026-07-29T18:13:00+00:00,2026-07-29T18:14:00+00:00,0.0167,buy_yes,sell_yes,0.23,0.24,17.0412,0.1704,1,0.23,0.245,closed,opposite_fill
3935,Will the Fed increase interest rates by 25 bps after the October 2026 meeting?,2026-07-29T18:14:00+00:00,2026-07-29T18:15:00+00:00,0.0167,sell_yes,buy_yes,0.24,0.24,34.5988,0,0,0.245,0.235,closed,opposite_fill
3936,Will there be no change in Fed interest rates after the September 2026 meeting?,2026-07-29T18:10:00+00:00,2026-07-29T18:15:00+00:00,0.0833,sell_yes,buy_yes,0.36,0.36,65.6861,0,0,0.365,0.345,closed,opposite_fill
3937,Will there be no change in Fed interest rates after the October 2026 meeting?,2026-07-29T18:03:00+00:00,2026-07-29T18:15:00+00:00,0.2,sell_yes,buy_yes,0.63,0.63,30.7774,0,0,0.635,0.625,closed,opposite_fill
3938,Will the Fed increase interest rates by 25 bps after the October 2026 meeting?,2026-07-29T18:15:00+00:00,2026-07-29T18:16:00+00:00,0.0167,buy_yes,sell_yes,0.24,0.24,17.0412,0,0,0.235,0.245,closed,opposite_fill
3939,Will there be no change in Fed interest rates after the September 2026 meeting?,2026-07-29T18:15:00+00:00,2026-07-29T18:16:00+00:00,0.0167,buy_yes,sell_yes,0.36,0.35,37.5939,-0.3759,-1,0.345,0.355,closed,opposite_fill
3940,Fed Rate Hike by October 2026 Meeting?,2026-07-29T17:58:00+00:00,2026-07-29T18:18:00+00:00,0.3333,buy_yes,sell_yes,0.73,0.64,77.2287,-6.9506,-9,0.695,0.655,closed,opposite_fill
3941,Will there be no change in Fed interest rates after the October 2026 meeting?,2026-07-29T18:15:00+00:00,2026-07-29T18:22:00+00:00,0.1167,buy_yes,sell_yes,0.63,0.62,23.961,-0.2396,-1,0.625,0.625,closed,opposite_fill
3942,Will there be no change in Fed interest rates after the September 2026 meeting?,2026-07-29T18:16:00+00:00,2026-07-29T18:28:00+00:00,0.2,sell_yes,buy_yes,0.35,0.39,71.8829,-2.8753,-4,0.355,0.38,closed,opposite_fill
3943,Will there be no change in Fed interest rates after the September 2026 meeting?,2026-07-29T18:28:00+00:00,2026-07-29T18:35:00+00:00,0.1167,buy_yes,sell_yes,0.39,0.32,59.2827,-4.1498,-7,0.38,0.325,closed,opposite_fill
3944,Will the Fed increase interest rates by 25 bps after the September 2026 meeting?,2026-07-23T16:05:00+00:00,2026-07-29T18:42:00+00:00,146.617,sell_yes,buy_yes,0.48,0.62,4.32123,-0.605,-14,0.49,0.59,closed,opposite_fill
3945,Will there be no change in Fed interest rates after the September 2026 meeting?,2026-07-29T18:35:00+00:00,2026-07-29T18:54:00+00:00,0.3167,sell_yes,buy_yes,0.32,0.4,50.1941,-4.0155,-8,0.325,0.395,closed,opposite_fill
3946,Fed Rate Hike by October 2026 Meeting?,2026-07-29T18:18:00+00:00,2026-07-29T18:55:00+00:00,0.6167,sell_yes,buy_yes,0.64,0.65,26.0513,-0.2605,-1,0.655,0.645,closed,opposite_fill
3947,Will there be no change in Fed interest rates after the September 2026 meeting?,2026-07-29T18:54:00+00:00,2026-07-29T18:58:00+00:00,0.0667,buy_yes,sell_yes,0.4,0.4,53.0859,0,0,0.395,0.415,closed,opposite_fill
3948,Will the Fed increase interest rates by 25 bps after the October 2026 meeting?,2026-07-29T18:16:00+00:00,2026-07-29T19:03:00+00:00,0.7833,sell_yes,buy_yes,0.24,0.26,34.5988,-0.692,-2,0.245,0.215,closed,opposite_fill
3949,Will there be no change in Fed interest rates after the September 2026 meeting?,2026-07-29T18:58:00+00:00,2026-07-29T19:29:00+00:00,0.5167,sell_yes,buy_yes,0.4,0.46,56.3909,-3.3835,-6,0.415,0.455,closed,opposite_fill
3950,Will the Fed increase interest rates by 25 bps after the October 2026 meeting?,2026-07-29T19:03:00+00:00,2026-07-29T19:35:00+00:00,0.5333,buy_yes,sell_yes,0.26,0.22,17.0412,-0.6816,-4,0.215,0.225,closed,opposite_fill
3951,Will the U.S. invade Iran before 2027?,2026-07-28T23:41:00+00:00,2026-07-29T19:47:00+00:00,20.1,sell_yes,buy_yes,0.24,0.24,63.0008,0,0,0.245,0.235,closed,opposite_fill
3952,Will the U.S. invade Iran before 2027?,2026-07-29T19:47:00+00:00,2026-07-29T21:39:00+00:00,1.8667,buy_yes,sell_yes,0.24,0.24,40.2792,0,0,0.235,0.245,closed,opposite_fill
3953,Will the U.S. invade Iran before 2027?,2026-07-29T21:39:00+00:00,2026-07-29T23:39:00+00:00,2,sell_yes,buy_yes,0.24,0.24,63.0008,0,0,0.245,0.235,closed,opposite_fill
3954,Iran leadership change by December 31?,2026-07-16T00:03:00+00:00,2026-07-30T00:00:00+00:00,335.95,buy_yes,sell_yes,0.37,0.23,6.1968,-0.8676,-14,0.2,0.275,closed,opposite_fill
3955,Will the Fed increase interest rates by 25 bps after the October 2026 meeting?,2026-07-29T19:35:00+00:00,2026-07-30T00:01:00+00:00,4.4333,sell_yes,buy_yes,0.22,0.23,36.148,-0.3615,-1,0.225,0.23,closed,opposite_fill
3956,Iran leadership change by December 31?,2026-07-30T00:00:00+00:00,2026-07-30T00:08:00+00:00,0.1333,sell_yes,buy_yes,0.23,0.21,97.0832,1.9417,2,0.275,0.205,closed,opposite_fill
3957,Will the U.S. invade Iran before 2027?,2026-07-29T23:39:00+00:00,2026-07-30T00:25:00+00:00,0.7667,buy_yes,sell_yes,0.24,0.24,40.2792,0,0,0.235,0.245,closed,opposite_fill
3958,Will the U.S. invade Iran before 2027?,2026-07-30T00:25:00+00:00,2026-07-30T01:37:00+00:00,1.2,sell_yes,buy_yes,0.24,0.31,63.0008,-4.4101,-7,0.245,0.305,closed,opposite_fill
3959,Will the U.S. invade Iran before 2027?,2026-07-30T01:37:00+00:00,2026-07-30T01:43:00+00:00,0.1,buy_yes,sell_yes,0.31,0.29,52.6728,-1.0535,-2,0.305,0.295,closed,opposite_fill
3960,Will the U.S. invade Iran before 2027?,2026-07-30T01:43:00+00:00,2026-07-30T01:45:00+00:00,0.0333,sell_yes,buy_yes,0.29,0.3,50.6072,-0.5061,-1,0.295,0.295,closed,opposite_fill
3961,Will the U.S. invade Iran before 2027?,2026-07-30T01:45:00+00:00,2026-07-30T01:48:00+00:00,0.05,buy_yes,sell_yes,0.3,0.29,58.8696,-0.5887,-1,0.295,0.295,closed,opposite_fill
3962,Will the U.S. invade Iran before 2027?,2026-07-30T01:48:00+00:00,2026-07-30T01:50:00+00:00,0.0333,sell_yes,buy_yes,0.29,0.29,44.4104,0,0,0.295,0.285,closed,opposite_fill
3963,Clarity Act (H.R.3633) signed into law in 2026?,2026-07-24T06:16:00+00:00,2026-07-30T02:16:00+00:00,140,buy_yes,sell_yes,0.37,0.27,7.2296,-0.723,-10,0.365,0.275,closed,opposite_fill
3964,Clarity Act (H.R.3633) signed into law in 2026?,2026-07-29T13:10:00+00:00,2026-07-30T02:16:00+00:00,13.1,buy_yes,sell_yes,0.27,0.27,44.4104,0,0,0.265,0.275,closed,opposite_fill
3965,Will the Fed increase interest rates by 25 bps after the September 2026 meeting?,2026-07-29T18:42:00+00:00,2026-07-30T04:30:00+00:00,9.8,buy_yes,sell_yes,0.62,0.53,98.9588,-8.9063,-9,0.59,0.535,closed,opposite_fill
3966,Will the U.S. invade Iran before 2027?,2026-07-30T01:50:00+00:00,2026-07-30T05:48:00+00:00,3.9667,buy_yes,sell_yes,0.29,0.27,65.0664,-1.3013,-2,0.285,0.275,closed,opposite_fill
3967,Will the U.S. invade Iran before 2027?,2026-07-30T05:48:00+00:00,2026-07-30T06:19:00+00:00,0.5167,sell_yes,buy_yes,0.27,0.27,38.2136,0,0,0.275,0.265,closed,opposite_fill
3968,Will the U.S. invade Iran before 2027?,2026-07-30T06:19:00+00:00,2026-07-30T06:37:00+00:00,0.3,buy_yes,sell_yes,0.27,0.27,65.0664,0,0,0.265,0.275,closed,opposite_fill
3969,Will the U.S. invade Iran before 2027?,2026-07-30T06:37:00+00:00,2026-07-30T06:58:00+00:00,0.35,sell_yes,buy_yes,0.27,0.27,38.2136,0,0,0.275,0.265,closed,opposite_fill
3970,Will there be no change in Fed interest rates after the September 2026 meeting?,2026-07-29T19:29:00+00:00,2026-07-30T12:29:00+00:00,17,buy_yes,sell_yes,0.46,0.39,46.8891,-3.2822,-7,0.455,0.395,closed,opposite_fill
3971,Will there be no change in Fed interest rates after the September 2026 meeting?,2026-07-30T12:29:00+00:00,2026-07-30T15:12:00+00:00,2.7167,sell_yes,buy_yes,0.39,0.45,56.3909,-3.3835,-6,0.395,0.445,closed,opposite_fill
3972,Will the U.S. invade Iran before 2027?,2026-07-30T06:58:00+00:00,2026-07-30T21:31:00+00:00,14.55,buy_yes,sell_yes,0.27,0.24,65.0664,-1.952,-3,0.265,0.245,closed,opposite_fill
3973,Will there be no change in Fed interest rates after the October 2026 meeting?,2026-07-29T18:22:00+00:00,2026-07-31T00:25:00+00:00,30.05,sell_yes,buy_yes,0.62,0.69,27.679,-1.9375,-7,0.625,0.685,closed,opposite_fill
3974,Clarity Act (H.R.3633) signed into law in 2026?,2026-07-29T13:10:00+00:00,2026-07-31T02:45:00+00:00,37.5833,buy_yes,sell_yes,0.27,0.29,7.2296,0.1446,2,0.265,0.29,closed,opposite_fill
3975,Clarity Act (H.R.3633) signed into law in 2026?,2026-07-30T16:54:00+00:00,2026-07-31T02:45:00+00:00,9.85,buy_yes,sell_yes,0.27,0.29,44.4104,0.8882,2,0.24,0.29,closed,opposite_fill
3976,Will the U.S. invade Iran before 2027?,2026-07-30T21:31:00+00:00,2026-07-31T16:02:00+00:00,18.5167,sell_yes,buy_yes,0.24,0.24,38.2136,0,0,0.245,0.235,closed,opposite_fill
3977,Fed Rate Hike by October 2026 Meeting?,2026-07-29T18:55:00+00:00,2026-07-31T20:59:00+00:00,50.0667,buy_yes,sell_yes,0.65,0.61,80.3271,-3.2131,-4,0.645,0.62,closed,opposite_fill
3978,Fed Rate Hike by October 2026 Meeting?,2026-07-31T20:59:00+00:00,2026-07-31T21:27:00+00:00,0.4667,sell_yes,buy_yes,0.61,0.64,26.0513,-0.7815,-3,0.62,0.635,closed,opposite_fill
3979,Will the U.S. invade Iran before 2027?,2026-07-31T16:02:00+00:00,2026-07-31T22:01:00+00:00,5.9833,buy_yes,sell_yes,0.24,0.24,65.0664,0,0,0.235,0.245,closed,opposite_fill
3980,Will the U.S. invade Iran before 2027?,2026-07-31T22:01:00+00:00,2026-07-31T22:14:00+00:00,0.2167,sell_yes,buy_yes,0.24,0.24,38.2136,0,0,0.245,0.235,closed,opposite_fill
3981,Will the U.S. invade Iran before 2027?,2026-07-31T22:14:00+00:00,2026-07-31T22:45:00+00:00,0.5167,buy_yes,sell_yes,0.24,0.24,65.0664,0,0,0.235,0.245,closed,opposite_fill
3982,Will Stephen Root – “Widow’s Bay” win Emmys 2026: Outstanding supporting actor in a comedy series?,2026-07-25T00:25:00+00:00,2026-08-01T00:02:00+00:00,167.617,sell_yes,buy_yes,0.29,0.34,4.6476,-0.2324,-5,0.29,0.245,closed,opposite_fill
3983,Will the U.S. invade Iran before 2027?,2026-07-31T22:45:00+00:00,2026-08-01T00:09:00+00:00,1.4,sell_yes,buy_yes,0.24,0.24,38.2136,0,0,0.245,0.235,closed,opposite_fill
3984,Will Stephen Root – “Widow’s Bay” win Emmys 2026: Outstanding supporting actor in a comedy series?,2026-08-01T00:02:00+00:00,2026-08-01T00:21:00+00:00,0.3167,buy_yes,sell_yes,0.34,0.25,46.9924,-4.2293,-9,0.245,0.385,closed,opposite_fill
3985,Will the U.S. invade Iran before 2027?,2026-08-01T00:09:00+00:00,2026-08-01T03:48:00+00:00,3.65,buy_yes,sell_yes,0.24,0.24,65.0664,0,0,0.235,0.245,closed,opposite_fill
3986,Will Katherine LaNasa – “The Pitt” win Emmys 2026: Outstanding supporting actress in a drama series?,2026-07-29T02:00:00+00:00,2026-08-01T05:31:00+00:00,75.5167,sell_yes,buy_yes,0.66,0.71,46.9924,-2.3496,-5,0.72,0.705,closed,opposite_fill
3987,Clarity Act (H.R.3633) signed into law in 2026?,2026-07-30T16:54:00+00:00,2026-08-01T10:46:00+00:00,41.8667,buy_yes,sell_yes,0.27,0.29,7.2296,0.1446,2,0.24,0.29,closed,opposite_fill
3988,Clarity Act (H.R.3633) signed into law in 2026?,2026-07-31T08:23:00+00:00,2026-08-01T10:46:00+00:00,26.3833,buy_yes,sell_yes,0.26,0.29,51.64,1.5492,3,0.245,0.29,closed,opposite_fill
3989,Clarity Act (H.R.3633) signed into law in 2026?,2026-08-01T10:46:00+00:00,2026-08-01T15:55:00+00:00,5.15,sell_yes,buy_yes,0.29,0.3,5.164,-0.0516,-1,0.29,0.295,closed,opposite_fill
3990,Will the U.S. invade Iran before 2027?,2026-08-01T03:48:00+00:00,2026-08-01T17:49:00+00:00,14.0167,sell_yes,buy_yes,0.24,0.26,38.2136,-0.7643,-2,0.245,0.255,closed,opposite_fill
3991,Will the U.S. invade Iran before 2027?,2026-08-01T17:49:00+00:00,2026-08-01T19:02:00+00:00,1.2167,buy_yes,sell_yes,0.26,0.26,65.0664,0,0,0.255,0.265,closed,opposite_fill
3992,Will the U.S. invade Iran before 2027?,2026-08-01T19:02:00+00:00,2026-08-01T20:14:00+00:00,1.2,sell_yes,buy_yes,0.26,0.26,38.2136,0,0,0.265,0.255,closed,opposite_fill
3993,Clarity Act (H.R.3633) signed into law in 2026?,2026-08-01T15:55:00+00:00,2026-08-01T23:24:00+00:00,7.4833,buy_yes,sell_yes,0.3,0.32,49.5744,0.9915,2,0.295,0.34,closed,opposite_fill
3994,Clarity Act (H.R.3633) signed into law in 2026?,2026-08-01T23:24:00+00:00,2026-08-02T00:11:00+00:00,0.7833,sell_yes,buy_yes,0.32,0.33,2.0656,-0.0207,-1,0.34,0.325,closed,opposite_fill
3995,Clarity Act (H.R.3633) signed into law in 2026?,2026-08-01T23:31:00+00:00,2026-08-02T00:11:00+00:00,0.6667,sell_yes,buy_yes,0.37,0.33,51.64,2.0656,4,0.375,0.325,closed,opposite_fill
3996,Will the U.S. invade Iran before 2027?,2026-08-01T20:14:00+00:00,2026-08-02T02:52:00+00:00,6.6333,buy_yes,sell_yes,0.26,0.2,65.0664,-3.904,-6,0.255,0.205,closed,opposite_fill
3997,Will the U.S. invade Iran before 2027?,2026-08-02T02:52:00+00:00,2026-08-02T03:04:00+00:00,0.2,sell_yes,buy_yes,0.2,0.2,38.2136,0,0,0.205,0.195,closed,opposite_fill
3998,Will the U.S. invade Iran before 2027?,2026-08-02T03:04:00+00:00,2026-08-02T03:05:00+00:00,0.0167,buy_yes,sell_yes,0.2,0.2,65.0664,0,0,0.195,0.205,closed,opposite_fill
3999,Will there be no change in Fed interest rates after the September 2026 meeting?,2026-07-30T15:12:00+00:00,2026-08-02T03:07:00+00:00,59.9167,buy_yes,sell_yes,0.45,0.39,46.8891,-2.8133,-6,0.445,0.395,closed,opposite_fill
4000,Will the U.S. invade Iran before 2027?,2026-08-02T03:05:00+00:00,2026-08-02T03:30:00+00:00,0.4167,sell_yes,buy_yes,0.2,0.2,38.2136,0,0,0.205,0.195,closed,opposite_fill
4001,Will the U.S. invade Iran before 2027?,2026-08-02T03:30:00+00:00,2026-08-02T03:59:00+00:00,0.4833,buy_yes,sell_yes,0.2,0.17,65.0664,-1.952,-3,0.195,0.175,closed,opposite_fill
4002,Will the U.S. invade Iran before 2027?,2026-08-02T03:59:00+00:00,2026-08-02T04:02:00+00:00,0.05,sell_yes,buy_yes,0.17,0.17,38.2136,0,0,0.175,0.165,closed,opposite_fill
4003,Will the U.S. invade Iran before 2027?,2026-08-02T04:02:00+00:00,2026-08-02T04:38:00+00:00,0.6,buy_yes,sell_yes,0.17,0.17,65.0664,0,0,0.165,0.175,closed,opposite_fill
4004,Will the U.S. invade Iran before 2027?,2026-08-02T04:38:00+00:00,2026-08-02T06:23:00+00:00,1.75,sell_yes,buy_yes,0.17,0.18,38.2136,-0.3821,-1,0.175,0.175,closed,opposite_fill
4005,Will the U.S. invade Iran before 2027?,2026-08-02T06:23:00+00:00,2026-08-02T06:28:00+00:00,0.0833,buy_yes,sell_yes,0.18,0.17,65.0664,-0.6507,-1,0.175,0.175,closed,opposite_fill
4006,Will the U.S. invade Iran before 2027?,2026-08-02T06:28:00+00:00,2026-08-02T07:36:00+00:00,1.1333,sell_yes,buy_yes,0.17,0.19,38.2136,-0.7643,-2,0.175,0.185,closed,opposite_fill
4007,Will the U.S. invade Iran before 2027?,2026-08-02T07:36:00+00:00,2026-08-02T07:57:00+00:00,0.35,buy_yes,sell_yes,0.19,0.19,65.0664,0,0,0.185,0.195,closed,opposite_fill
4008,Will the U.S. invade Iran before 2027?,2026-08-02T07:57:00+00:00,2026-08-02T21:50:00+00:00,13.8833,sell_yes,buy_yes,0.19,0.2,38.2136,-0.3821,-1,0.195,0.195,closed,opposite_fill
4009,Will the U.S. invade Iran before 2027?,2026-08-02T21:50:00+00:00,2026-08-02T22:19:00+00:00,0.4833,buy_yes,sell_yes,0.2,0.2,65.0664,0,0,0.195,0.205,closed,opposite_fill
4010,Will the U.S. invade Iran before 2027?,2026-08-02T22:19:00+00:00,2026-08-02T22:27:00+00:00,0.1333,sell_yes,buy_yes,0.2,0.2,38.2136,0,0,0.205,0.195,closed,opposite_fill
4011,Will the U.S. invade Iran before 2027?,2026-08-02T22:27:00+00:00,2026-08-02T22:28:00+00:00,0.0167,buy_yes,sell_yes,0.2,0.2,65.0664,0,0,0.195,0.205,closed,opposite_fill
4012,Will the U.S. invade Iran before 2027?,2026-08-02T22:28:00+00:00,2026-08-02T22:37:00+00:00,0.15,sell_yes,buy_yes,0.2,0.2,38.2136,0,0,0.205,0.195,closed,opposite_fill
4013,Will there be no change in Fed interest rates after the September 2026 meeting?,2026-08-02T03:07:00+00:00,2026-08-02T22:46:00+00:00,19.65,sell_yes,buy_yes,0.39,0.41,56.3909,-1.1278,-2,0.395,0.405,closed,opposite_fill
4014,Will the U.S. invade Iran before 2027?,2026-08-02T22:37:00+00:00,2026-08-02T22:54:00+00:00,0.2833,buy_yes,sell_yes,0.2,0.2,65.0664,0,0,0.195,0.205,closed,opposite_fill
4015,Will “The Late Show With Stephen Colbert” win Emmys 2026: Outstanding variety series?,2026-08-02T21:49:00+00:00,2026-08-03T00:48:00+00:00,2.9833,sell_yes,buy_yes,0.5,0.54,51.64,-2.0656,-4,0.545,0.53,closed,opposite_fill
4016,Will there be no change in Fed interest rates after the September 2026 meeting?,2026-08-02T22:46:00+00:00,2026-08-03T01:32:00+00:00,2.7667,buy_yes,sell_yes,0.41,0.41,46.8891,0,0,0.405,0.415,closed,opposite_fill
4017,Will the U.S. invade Iran before 2027?,2026-08-02T22:54:00+00:00,2026-08-03T07:30:00+00:00,8.6,sell_yes,buy_yes,0.2,0.2,38.2136,0,0,0.205,0.195,closed,opposite_fill
4018,Will Stephen Root – “Widow’s Bay” win Emmys 2026: Outstanding supporting actor in a comedy series?,2026-08-01T00:21:00+00:00,2026-08-03T09:01:00+00:00,56.6667,sell_yes,buy_yes,0.25,0.39,6.1968,-0.8676,-14,0.385,0.37,closed,opposite_fill
4019,Will the U.S. invade Iran before 2027?,2026-08-03T07:30:00+00:00,2026-08-03T09:12:00+00:00,1.7,buy_yes,sell_yes,0.2,0.2,65.0664,0,0,0.195,0.205,closed,opposite_fill
4020,Fed Rate Hike by October 2026 Meeting?,2026-07-31T21:27:00+00:00,2026-08-03T11:36:00+00:00,62.15,buy_yes,sell_yes,0.64,0.62,77.2287,-1.5446,-2,0.635,0.625,closed,opposite_fill
4021,Will the U.S. invade Iran before 2027?,2026-08-03T09:12:00+00:00,2026-08-03T12:06:00+00:00,2.9,sell_yes,buy_yes,0.2,0.22,38.2136,-0.7643,-2,0.205,0.215,closed,opposite_fill
4022,Will the U.S. invade Iran before 2027?,2026-08-03T12:06:00+00:00,2026-08-03T12:23:00+00:00,0.2833,buy_yes,sell_yes,0.22,0.21,71.2632,-0.7126,-1,0.215,0.215,closed,opposite_fill
4023,Will the U.S. invade Iran before 2027?,2026-08-03T12:23:00+00:00,2026-08-03T12:28:00+00:00,0.0833,sell_yes,buy_yes,0.21,0.21,32.0168,0,0,0.215,0.205,closed,opposite_fill
4024,Will Benjamin Netanyahu be the next Prime Minister of Israel?,2026-06-26T12:33:00+00:00,2026-08-03T16:37:00+00:00,916.067,sell_yes,buy_yes,0.33,0.35,3.0984,-0.062,-2,0.335,0.345,closed,opposite_fill
4025,Will Benjamin Netanyahu be the next Prime Minister of Israel?,2026-08-03T00:00:00+00:00,2026-08-03T16:37:00+00:00,16.6167,sell_yes,buy_yes,0.38,0.35,48.5416,1.4562,3,0.54,0.345,closed,opposite_fill
4026,Will the U.S. invade Iran before 2027?,2026-08-03T12:28:00+00:00,2026-08-03T19:27:00+00:00,6.9833,buy_yes,sell_yes,0.21,0.21,71.2632,0,0,0.205,0.215,closed,opposite_fill
4027,Will the U.S. invade Iran before 2027?,2026-08-03T19:27:00+00:00,2026-08-03T23:11:00+00:00,3.7333,sell_yes,buy_yes,0.21,0.21,32.0168,0,0,0.215,0.205,closed,opposite_fill
4028,Will the U.S. invade Iran before 2027?,2026-08-03T23:11:00+00:00,2026-08-03T23:24:00+00:00,0.2167,buy_yes,sell_yes,0.21,0.21,71.2632,0,0,0.205,0.21,closed,opposite_fill
4029,Will the Sweden Democrats (SD) win the second most seats in the 2026 Swedish parliamentary election?,2026-07-29T00:00:00+00:00,2026-08-04T00:02:00+00:00,144.033,sell_yes,buy_yes,0.81,0.81,3.27191,0,0,0.82,0.6,closed,opposite_fill
4030,Will Stephen Root – “Widow’s Bay” win Emmys 2026: Outstanding supporting actor in a comedy series?,2026-08-03T09:01:00+00:00,2026-08-04T00:06:00+00:00,15.0833,buy_yes,sell_yes,0.39,0.4,45.4432,0.4544,1,0.37,0.405,closed,opposite_fill
4031,Will the U.S. invade Iran before 2027?,2026-08-03T23:24:00+00:00,2026-08-04T00:25:00+00:00,1.0167,sell_yes,buy_yes,0.21,0.21,32.0168,0,0,0.21,0.205,closed,opposite_fill
4032,Will the U.S. invade Iran before 2027?,2026-08-04T00:25:00+00:00,2026-08-04T00:34:00+00:00,0.15,buy_yes,sell_yes,0.21,0.21,71.2632,0,0,0.205,0.21,closed,opposite_fill
4033,Will the U.S. invade Iran before 2027?,2026-08-04T00:34:00+00:00,2026-08-04T10:14:00+00:00,9.6667,sell_yes,buy_yes,0.21,0.21,35.1152,0,0,0.21,0.205,closed,opposite_fill
4034,Fed Rate Hike by October 2026 Meeting?,2026-08-03T11:36:00+00:00,2026-08-04T12:23:00+00:00,24.7833,sell_yes,buy_yes,0.62,0.62,26.0513,0,0,0.625,0.615,closed,opposite_fill
4035,Will the U.S. invade Iran before 2027?,2026-08-04T10:14:00+00:00,2026-08-04T13:09:00+00:00,2.9167,buy_yes,sell_yes,0.21,0.2,68.1648,-0.6816,-1,0.205,0.205,closed,opposite_fill
4036,Will the U.S. invade Iran before 2027?,2026-08-04T13:09:00+00:00,2026-08-04T13:11:00+00:00,0.0333,sell_yes,buy_yes,0.2,0.2,35.1152,0,0,0.205,0.195,closed,opposite_fill
4037,Fed Rate Hike by October 2026 Meeting?,2026-08-04T12:23:00+00:00,2026-08-04T14:04:00+00:00,1.6833,buy_yes,sell_yes,0.62,0.62,77.2287,0,0,0.615,0.625,closed,opposite_fill
4038,Will there be no change in Fed interest rates after the September 2026 meeting?,2026-08-03T01:32:00+00:00,2026-08-04T14:44:00+00:00,37.2,sell_yes,buy_yes,0.41,0.49,56.3909,-4.5113,-8,0.415,0.485,closed,opposite_fill
4039,Fed Rate Hike by October 2026 Meeting?,2026-08-04T14:04:00+00:00,2026-08-04T14:45:00+00:00,0.6833,sell_yes,buy_yes,0.62,0.62,26.0513,0,0,0.625,0.615,closed,opposite_fill
4040,Fed Rate Hike by October 2026 Meeting?,2026-08-04T14:45:00+00:00,2026-08-04T14:53:00+00:00,0.1333,buy_yes,sell_yes,0.62,0.59,89.6223,-2.6887,-3,0.615,0.595,closed,opposite_fill
4041,Will there be no change in Fed interest rates after the September 2026 meeting?,2026-08-04T14:44:00+00:00,2026-08-04T17:09:00+00:00,2.4167,buy_yes,sell_yes,0.49,0.49,46.8891,0,0,0.485,0.495,closed,opposite_fill
4042,Will there be no change in Fed interest rates after the September 2026 meeting?,2026-08-04T17:09:00+00:00,2026-08-04T20:36:00+00:00,3.45,sell_yes,buy_yes,0.49,0.51,56.3909,-1.1278,-2,0.495,0.505,closed,opposite_fill
4043,Fed Rate Hike by October 2026 Meeting?,2026-08-04T14:53:00+00:00,2026-08-04T22:12:00+00:00,7.3167,sell_yes,buy_yes,0.59,0.59,13.6577,0,0,0.595,0.585,closed,opposite_fill
4044,Fed Rate Hike by October 2026 Meeting?,2026-08-04T22:12:00+00:00,2026-08-05T00:02:00+00:00,1.8333,buy_yes,sell_yes,0.59,0.58,89.6223,-0.8962,-1,0.585,0.58,closed,opposite_fill
4045,Will there be no change in Fed interest rates after the September 2026 meeting?,2026-08-04T20:36:00+00:00,2026-08-05T02:11:00+00:00,5.5833,buy_yes,sell_yes,0.51,0.49,46.8891,-0.9378,-2,0.505,0.495,closed,opposite_fill
4046,Will the U.S. invade Iran before 2027?,2026-08-04T13:11:00+00:00,2026-08-05T08:33:00+00:00,19.3667,buy_yes,sell_yes,0.2,0.16,68.1648,-2.7266,-4,0.195,0.165,closed,opposite_fill
4047,Will there be no change in Fed interest rates after the September 2026 meeting?,2026-08-05T02:11:00+00:00,2026-08-05T10:10:00+00:00,7.9833,sell_yes,buy_yes,0.49,0.51,56.3909,-1.1278,-2,0.495,0.505,closed,opposite_fill
4048,Will there be no change in Fed interest rates after the September 2026 meeting?,2026-08-05T10:10:00+00:00,2026-08-05T10:13:00+00:00,0.05,buy_yes,sell_yes,0.51,0.51,46.8891,0,0,0.505,0.515,closed,opposite_fill
4049,Will the U.S. invade Iran before 2027?,2026-08-05T08:33:00+00:00,2026-08-05T13:02:00+00:00,4.4833,sell_yes,buy_yes,0.16,0.16,35.1152,0,0,0.165,0.155,closed,opposite_fill
4050,Iran leadership change by December 31?,2026-07-30T00:08:00+00:00,2026-08-05T17:37:00+00:00,161.483,buy_yes,sell_yes,0.21,0.15,6.1968,-0.3718,-6,0.205,0.155,closed,opposite_fill
4051,Iran leadership change by December 31?,2026-08-03T05:04:00+00:00,2026-08-05T17:37:00+00:00,60.55,buy_yes,sell_yes,0.17,0.15,97.0832,-1.9417,-2,0.165,0.155,closed,opposite_fill
4052,Will the U.S. invade Iran before 2027?,2026-08-05T13:02:00+00:00,2026-08-05T18:21:00+00:00,5.3167,buy_yes,sell_yes,0.16,0.15,68.1648,-0.6816,-1,0.155,0.155,closed,opposite_fill
4053,Will the U.S. invade Iran before 2027?,2026-08-05T18:21:00+00:00,2026-08-05T18:27:00+00:00,0.1,sell_yes,buy_yes,0.15,0.15,35.1152,0,0,0.155,0.145,closed,opposite_fill
4054,Will the U.S. invade Iran before 2027?,2026-08-05T18:27:00+00:00,2026-08-05T18:31:00+00:00,0.0667,buy_yes,sell_yes,0.15,0.15,68.1648,0,0,0.145,0.155,closed,opposite_fill
4055,Will the U.S. invade Iran before 2027?,2026-08-05T18:31:00+00:00,2026-08-05T18:32:00+00:00,0.0167,sell_yes,buy_yes,0.15,0.15,35.1152,0,0,0.155,0.145,closed,opposite_fill
4056,Will the U.S. invade Iran before 2027?,2026-08-05T18:32:00+00:00,2026-08-05T19:25:00+00:00,0.8833,buy_yes,sell_yes,0.15,0.15,68.1648,0,0,0.145,0.155,closed,opposite_fill
4057,Will the U.S. invade Iran before 2027?,2026-08-05T19:25:00+00:00,2026-08-05T20:01:00+00:00,0.6,sell_yes,buy_yes,0.15,0.15,35.1152,0,0,0.155,0.145,closed,opposite_fill
4058,Will the U.S. invade Iran before 2027?,2026-08-05T20:01:00+00:00,2026-08-05T20:49:00+00:00,0.8,buy_yes,sell_yes,0.15,0.15,68.1648,0,0,0.145,0.155,closed,opposite_fill
4059,Will Madrid host the final of the 2030 FIFA World Cup?,2026-08-05T21:06:00+00:00,2026-08-05T21:29:00+00:00,0.3833,buy_yes,sell_yes,0.47,0.33,25.82,-3.6148,-14,0.255,0.375,closed,opposite_fill
4060,Will Madrid host the final of the 2030 FIFA World Cup?,2026-08-05T21:29:00+00:00,2026-08-05T22:01:00+00:00,0.5333,sell_yes,buy_yes,0.33,0.59,25.82,-6.7132,-26,0.375,0.29,closed,opposite_fill
4061,Will another city host the final of the 2030 FIFA World Cup?,2026-08-05T21:06:00+00:00,2026-08-05T22:46:00+00:00,1.6667,buy_yes,sell_yes,0.47,0.33,25.82,-3.6148,-14,0.255,0.54,closed,opposite_fill
4062,Will Benjamin Netanyahu be the next Prime Minister of Israel?,2026-08-03T00:00:00+00:00,2026-08-06T00:00:00+00:00,72,sell_yes,buy_yes,0.38,0.3,3.0984,0.2479,8,0.54,0.185,closed,opposite_fill
4063,Bab el-Mandeb Strait effectively closed by December 31?,2026-08-06T00:00:00+00:00,2026-08-06T00:02:00+00:00,0.0333,sell_yes,buy_yes,0.16,0.33,103.28,-17.5576,-17,0.35,0.3,closed,opposite_fill
4064,Will the Sweden Democrats (SD) win the second most seats in the 2026 Swedish parliamentary election?,2026-08-04T00:02:00+00:00,2026-08-06T00:03:00+00:00,48.0167,buy_yes,sell_yes,0.81,0.61,58.6961,-11.7392,-20,0.6,0.845,closed,opposite_fill
4065,Will another city host the final of the 2030 FIFA World Cup?,2026-08-05T22:09:00+00:00,2026-08-06T03:24:00+00:00,5.25,buy_yes,sell_yes,0.51,0.27,25.82,-6.1968,-24,0.295,0.325,closed,opposite_fill
4066,Will there be no change in Fed interest rates after the September 2026 meeting?,2026-08-05T10:13:00+00:00,2026-08-06T08:40:00+00:00,22.45,sell_yes,buy_yes,0.51,0.54,56.3909,-1.6917,-3,0.515,0.535,closed,opposite_fill
4067,Bab el-Mandeb Strait effectively closed by December 31?,2026-08-06T00:02:00+00:00,2026-08-06T09:01:00+00:00,8.9833,buy_yes,sell_yes,0.33,0.17,105.346,-16.8553,-16,0.3,0.185,closed,opposite_fill
4068,Will United Russia (ER) gain the most seats in the next Russian parliamentary election?,2026-08-06T09:31:00+00:00,2026-08-06T09:53:00+00:00,0.3667,sell_yes,buy_yes,0.77,0.69,51.64,4.1312,8,0.785,0.675,closed,opposite_fill
4069,Will the U.S. invade Iran before 2027?,2026-08-05T20:49:00+00:00,2026-08-06T10:02:00+00:00,13.2167,sell_yes,buy_yes,0.15,0.16,35.1152,-0.3512,-1,0.155,0.155,closed,opposite_fill
4070,Fed Rate Hike by October 2026 Meeting?,2026-08-05T00:02:00+00:00,2026-08-06T14:44:00+00:00,38.7,sell_yes,buy_yes,0.58,0.56,13.6577,0.2732,2,0.58,0.555,closed,opposite_fill
4071,Will another city host the final of the 2030 FIFA World Cup?,2026-08-06T14:40:00+00:00,2026-08-06T15:35:00+00:00,0.9167,sell_yes,buy_yes,0.32,0.38,25.82,-1.5492,-6,0.4,0.36,closed,opposite_fill
4072,Will the U.S. invade Iran before 2027?,2026-08-06T10:02:00+00:00,2026-08-06T16:22:00+00:00,6.3333,buy_yes,sell_yes,0.16,0.16,68.1648,0,0,0.155,0.165,closed,opposite_fill
4073,Fed Rate Hike by October 2026 Meeting?,2026-08-06T14:44:00+00:00,2026-08-06T17:08:00+00:00,2.4,buy_yes,sell_yes,0.56,0.56,89.6223,0,0,0.555,0.565,closed,opposite_fill
4074,Will the U.S. invade Iran before 2027?,2026-08-06T16:22:00+00:00,2026-08-06T19:18:00+00:00,2.9333,sell_yes,buy_yes,0.16,0.17,35.1152,-0.3512,-1,0.165,0.165,closed,opposite_fill
4075,Will the U.S. invade Iran before 2027?,2026-08-06T19:18:00+00:00,2026-08-06T20:06:00+00:00,0.8,buy_yes,sell_yes,0.17,0.17,68.1648,0,0,0.165,0.175,closed,opposite_fill
4076,Will Caliste Win the LEC 2026 Summer Split MVP?,2026-08-06T21:19:00+00:00,2026-08-06T22:03:00+00:00,0.7333,buy_yes,sell_yes,0.22,0.17,10.328,-0.5164,-5,0.14,0.32,closed,opposite_fill
4077,Bab el-Mandeb Strait effectively closed by September 30?,2026-08-07T00:00:00+00:00,2026-08-07T00:02:00+00:00,0.0333,sell_yes,buy_yes,0.13,0.24,103.28,-11.3608,-11,0.26,0.14,closed,opposite_fill
4078,Will the U.S. invade Iran before 2027?,2026-08-06T20:06:00+00:00,2026-08-07T00:17:00+00:00,4.1833,sell_yes,buy_yes,0.17,0.19,35.1152,-0.7023,-2,0.175,0.185,closed,opposite_fill
4079,Will Stephen Root – “Widow’s Bay” win Emmys 2026: Outstanding supporting actor in a comedy series?,2026-08-04T00:06:00+00:00,2026-08-07T03:29:00+00:00,75.3833,sell_yes,buy_yes,0.4,0.34,6.1968,0.3718,6,0.405,0.31,closed,opposite_fill
4080,Will United Russia (ER) gain the most seats in the next Russian parliamentary election?,2026-08-06T10:01:00+00:00,2026-08-07T09:34:00+00:00,23.55,buy_yes,sell_yes,0.69,0.69,54.7384,0,0,0.685,0.695,closed,opposite_fill
4081,Will there be no change in Fed interest rates after the September 2026 meeting?,2026-08-06T08:40:00+00:00,2026-08-07T12:10:00+00:00,27.5,buy_yes,sell_yes,0.54,0.49,46.8891,-2.3445,-5,0.535,0.495,closed,opposite_fill
4082,Will the Fed increase interest rates by 25 bps after the September 2026 meeting?,2026-07-30T04:30:00+00:00,2026-08-07T12:30:00+00:00,200,sell_yes,buy_yes,0.53,0.46,4.32123,0.3025,7,0.535,0.385,closed,opposite_fill
4083,Fed Rate Hike by October 2026 Meeting?,2026-08-06T17:08:00+00:00,2026-08-07T12:31:00+00:00,19.3833,sell_yes,buy_yes,0.56,0.57,13.6577,-0.1366,-1,0.565,0.565,closed,opposite_fill
4084,Will there be no change in Fed interest rates after the September 2026 meeting?,2026-08-07T12:10:00+00:00,2026-08-07T12:33:00+00:00,0.3833,sell_yes,buy_yes,0.49,0.64,56.3909,-8.4586,-15,0.495,0.62,closed,opposite_fill
4085,Will there be no change in Fed interest rates after the September 2026 meeting?,2026-08-07T12:33:00+00:00,2026-08-07T12:37:00+00:00,0.0667,buy_yes,sell_yes,0.64,0.61,46.8891,-1.4067,-3,0.62,0.625,closed,opposite_fill
4086,Will there be no change in Fed interest rates after the September 2026 meeting?,2026-08-07T12:37:00+00:00,2026-08-07T12:40:00+00:00,0.05,sell_yes,buy_yes,0.61,0.62,56.3909,-0.5639,-1,0.625,0.615,closed,opposite_fill
4087,Will the Fed increase interest rates by 25 bps after the October 2026 meeting?,2026-07-30T00:01:00+00:00,2026-08-07T12:42:00+00:00,204.683,buy_yes,sell_yes,0.23,0.23,15.492,0,0,0.23,0.235,closed,opposite_fill
4088,Will there be no change in Fed interest rates after the September 2026 meeting?,2026-08-07T12:40:00+00:00,2026-08-07T12:43:00+00:00,0.05,buy_yes,sell_yes,0.62,0.62,46.8891,0,0,0.615,0.625,closed,opposite_fill
4089,Will the Fed increase interest rates by 25 bps after the October 2026 meeting?,2026-08-07T12:42:00+00:00,2026-08-07T12:51:00+00:00,0.15,sell_yes,buy_yes,0.23,0.23,37.6972,0,0,0.235,0.225,closed,opposite_fill
4090,Will there be no change in Fed interest rates after the September 2026 meeting?,2026-08-07T12:43:00+00:00,2026-08-07T12:56:00+00:00,0.2167,sell_yes,buy_yes,0.62,0.65,74.9813,-2.2494,-3,0.625,0.645,closed,opposite_fill
4091,Fed Rate Hike by October 2026 Meeting?,2026-08-07T12:31:00+00:00,2026-08-07T14:08:00+00:00,1.6167,buy_yes,sell_yes,0.57,0.5,102.016,-7.1411,-7,0.565,0.505,closed,opposite_fill
4092,Bab el-Mandeb Strait effectively closed by September 30?,2026-08-07T00:02:00+00:00,2026-08-07T14:27:00+00:00,14.4167,buy_yes,sell_yes,0.24,0.11,24.7872,-3.2223,-13,0.14,0.115,closed,opposite_fill
4093,Will there be no change in Fed interest rates after the September 2026 meeting?,2026-08-07T12:56:00+00:00,2026-08-07T14:37:00+00:00,1.6833,buy_yes,sell_yes,0.65,0.63,28.2987,-0.566,-2,0.645,0.635,closed,opposite_fill
4094,Will another city host the final of the 2030 FIFA World Cup?,2026-08-06T14:40:00+00:00,2026-08-07T15:35:00+00:00,24.9167,sell_yes,buy_yes,0.32,0.38,3.0984,-0.1859,-6,0.4,0.375,closed,opposite_fill
4095,Will there be no change in Fed interest rates after the September 2026 meeting?,2026-08-07T14:37:00+00:00,2026-08-07T15:57:00+00:00,1.3333,sell_yes,buy_yes,0.63,0.63,74.9813,0,0,0.635,0.625,closed,opposite_fill
4096,Will another city host the final of the 2030 FIFA World Cup?,2026-08-07T15:35:00+00:00,2026-08-07T19:18:00+00:00,3.7167,buy_yes,sell_yes,0.38,0.35,25.82,-0.7746,-3,0.375,0.425,closed,opposite_fill
4097,Will the Sweden Democrats (SD) win the second most seats in the 2026 Swedish parliamentary election?,2026-08-06T00:03:00+00:00,2026-08-08T00:01:00+00:00,47.9667,sell_yes,buy_yes,0.61,0.81,3.27191,-0.6544,-20,0.845,0.755,closed,opposite_fill
4098,Will Benjamin Netanyahu be the next Prime Minister of Israel?,2026-08-06T00:00:00+00:00,2026-08-08T00:02:00+00:00,48.0333,buy_yes,sell_yes,0.3,0.19,48.5416,-5.3396,-11,0.185,0.325,closed,opposite_fill
4099,Will the Sweden Democrats (SD) win the second most seats in the 2026 Swedish parliamentary election?,2026-08-08T00:01:00+00:00,2026-08-08T00:03:00+00:00,0.0333,buy_yes,sell_yes,0.81,0.76,58.6961,-2.9348,-5,0.755,0.835,closed,opposite_fill
4100,Will Stephen Root – “Widow’s Bay” win Emmys 2026: Outstanding supporting actor in a comedy series?,2026-08-07T03:29:00+00:00,2026-08-08T01:08:00+00:00,21.65,buy_yes,sell_yes,0.34,0.39,45.4432,2.2722,5,0.31,0.465,closed,opposite_fill
4101,Will Stephen Root – “Widow’s Bay” win Emmys 2026: Outstanding supporting actor in a comedy series?,2026-08-08T01:08:00+00:00,2026-08-08T03:52:00+00:00,2.7333,sell_yes,buy_yes,0.39,0.45,7.746,-0.4648,-6,0.465,0.45,closed,opposite_fill
4102,Iran leadership change by December 31?,2026-08-03T05:04:00+00:00,2026-08-08T06:32:00+00:00,121.467,buy_yes,sell_yes,0.17,0.23,6.1968,0.3718,6,0.165,0.235,closed,opposite_fill
4103,Bab el-Mandeb Strait effectively closed by September 30?,2026-08-07T14:27:00+00:00,2026-08-08T11:58:00+00:00,21.5167,sell_yes,buy_yes,0.11,0.1,78.4928,0.7849,1,0.115,0.095,closed,opposite_fill
4104,Will Benjamin Netanyahu be the next Prime Minister of Israel?,2026-08-08T00:02:00+00:00,2026-08-09T00:00:00+00:00,23.9667,sell_yes,buy_yes,0.19,0.29,4.6476,-0.4648,-10,0.325,0.23,closed,opposite_fill
4105,Will Kate O’Flynn – “Widow’s Bay” win Emmys 2026: Outstanding supporting actress in a comedy series?,2026-07-16T05:44:00+00:00,2026-08-09T00:00:00+00:00,570.267,sell_yes,buy_yes,0.53,0.61,3.25332,-0.2603,-8,0.558,0.3365,closed,opposite_fill
4106,Will Stephen Root – “Widow’s Bay” win Emmys 2026: Outstanding supporting actor in a comedy series?,2026-08-08T03:52:00+00:00,2026-08-09T00:01:00+00:00,20.15,buy_yes,sell_yes,0.45,0.44,43.894,-0.4389,-1,0.45,0.46,closed,opposite_fill
4107,Bab el-Mandeb Strait effectively closed by September 30?,2026-08-08T11:58:00+00:00,2026-08-09T00:20:00+00:00,12.3667,buy_yes,sell_yes,0.1,0.08,24.7872,-0.4957,-2,0.095,0.085,closed,opposite_fill
4108,Will Benjamin Netanyahu be the next Prime Minister of Israel?,2026-08-09T00:00:00+00:00,2026-08-09T08:51:00+00:00,8.85,buy_yes,sell_yes,0.29,0.33,46.9924,1.8797,4,0.23,0.335,closed,opposite_fill
4109,Will Stephen Root – “Widow’s Bay” win Emmys 2026: Outstanding supporting actor in a comedy series?,2026-08-09T00:01:00+00:00,2026-08-09T09:21:00+00:00,9.3333,sell_yes,buy_yes,0.44,0.42,7.746,0.1549,2,0.46,0.37,closed,opposite_fill
4110,Will Stephen Root – “Widow’s Bay” win Emmys 2026: Outstanding supporting actor in a comedy series?,2026-08-09T09:21:00+00:00,2026-08-09T11:09:00+00:00,1.8,buy_yes,sell_yes,0.42,0.43,43.894,0.4389,1,0.37,0.515,closed,opposite_fill
4111,Iran leadership change by December 31?,2026-08-08T06:32:00+00:00,2026-08-09T11:39:00+00:00,29.1167,sell_yes,buy_yes,0.23,0.22,103.28,1.0328,1,0.235,0.215,closed,opposite_fill
4112,Will the Fed increase interest rates by 25 bps after the September 2026 meeting?,2026-08-07T12:30:00+00:00,2026-08-09T11:51:00+00:00,47.35,buy_yes,sell_yes,0.46,0.35,103.28,-11.3608,-11,0.385,0.355,closed,opposite_fill
4113,Iran leadership change by December 31?,2026-08-08T06:32:00+00:00,2026-08-09T12:19:00+00:00,29.7833,sell_yes,buy_yes,0.23,0.21,12.3936,0.2479,2,0.235,0.205,closed,opposite_fill
4114,Will the Fed increase interest rates by 25 bps after the October 2026 meeting?,2026-08-07T12:51:00+00:00,2026-08-09T23:58:00+00:00,59.1167,buy_yes,sell_yes,0.23,0.24,13.9428,0.1394,1,0.225,0.245,closed,opposite_fill
4115,Will Oscar Isaac – “Beef” win Emmys 2026: Outstanding lead actor in a limited or anthology series or movie?,2026-08-07T00:00:00+00:00,2026-08-10T00:00:00+00:00,72,sell_yes,buy_yes,0.64,0.59,51.64,2.582,5,0.65,0.32,closed,opposite_fill
4116,Will Katherine LaNasa – “The Pitt” win Emmys 2026: Outstanding supporting actress in a drama series?,2026-08-01T05:31:00+00:00,2026-08-10T00:00:00+00:00,210.483,buy_yes,sell_yes,0.71,0.76,4.6476,0.2324,5,0.705,0.815,closed,opposite_fill
4117,Will Ulf Kristersson be the next Prime Minister of Sweden?,2026-07-18T00:01:00+00:00,2026-08-10T00:01:00+00:00,552,sell_yes,buy_yes,0.12,0.09,4.6476,0.1394,3,0.155,0.075,closed,opposite_fill
4118,Bab el-Mandeb Strait effectively closed by September 30?,2026-08-09T00:20:00+00:00,2026-08-10T00:06:00+00:00,23.7667,sell_yes,buy_yes,0.08,0.1,55.2128,-1.1043,-2,0.085,0.07,closed,opposite_fill
4119,Will the Moderate Party (M) win the third most seats in the 2026 Swedish parliamentary election?,2026-07-13T00:00:00+00:00,2026-08-10T00:07:00+00:00,672.117,buy_yes,sell_yes,0.79,0.69,1.02247,-0.1022,-10,0.78,0.835,closed,opposite_fill
4120,Fed Rate Hike by October 2026 Meeting?,2026-08-07T14:08:00+00:00,2026-08-10T00:41:00+00:00,58.55,sell_yes,eod_mark,0.5,0.47,1.26415,0.0379,3,0.505,0.47,open_at_end,eod_mark
4121,Will Harry Kane win the 2026 Ballon d'Or?,2026-07-20T08:05:00+00:00,2026-08-10T00:41:00+00:00,496.6,sell_yes,eod_mark,0.36,0.5855,5.77211,-1.3016,-22.55,0.3605,0.5855,open_at_end,eod_mark
4122,Will the Fed increase interest rates by 25 bps after the September 2026 meeting?,2026-08-07T12:30:00+00:00,2026-08-10T00:41:00+00:00,60.1833,buy_yes,eod_mark,0.46,0.355,14.2692,-1.4983,-10.5,0.385,0.355,open_at_end,eod_mark
4123,Will there be no change in Fed interest rates after the September 2026 meeting?,2026-08-07T15:57:00+00:00,2026-08-10T00:41:00+00:00,56.7333,buy_yes,eod_mark,0.63,0.625,28.2987,-0.1415,-0.5,0.625,0.625,open_at_end,eod_mark
4124,Bab el-Mandeb Strait effectively closed by September 30?,2026-08-10T00:06:00+00:00,2026-08-10T00:41:00+00:00,0.5833,buy_yes,eod_mark,0.1,0.07,48.0672,-1.442,-3,0.07,0.07,open_at_end,eod_mark
4125,Will Ulf Kristersson be the next Prime Minister of Sweden?,2026-08-10T00:01:00+00:00,2026-08-10T00:41:00+00:00,0.6667,buy_yes,eod_mark,0.09,0.12,46.9924,1.4098,3,0.075,0.12,open_at_end,eod_mark
4126,Clarity Act (H.R.3633) signed into law in 2026?,2026-08-02T00:11:00+00:00,2026-08-10T00:41:00+00:00,192.5,buy_yes,eod_mark,0.33,0.205,1.0328,-0.1291,-12.5,0.325,0.205,open_at_end,eod_mark
4127,Will Édouard Philippe win the 2027 French presidential election?,2026-07-25T22:27:00+00:00,2026-08-10T00:41:00+00:00,362.233,buy_yes,eod_mark,0.26,0.255,39.2464,-0.1962,-0.5,0.255,0.255,open_at_end,eod_mark
4128,Will Spider-Man: Brand New Day be the top grossing movie of 2026?,2026-07-23T16:55:00+00:00,2026-08-10T00:41:00+00:00,415.767,buy_yes,eod_mark,0.8,0.915,0.7746,0.0891,11.5,0.795,0.915,open_at_end,eod_mark
4129,Will the Sweden Democrats (SD) win the second most seats in the 2026 Swedish parliamentary election?,2026-08-08T00:03:00+00:00,2026-08-10T00:41:00+00:00,48.6333,sell_yes,eod_mark,0.76,0.845,5.13095,-0.4361,-8.5,0.835,0.845,open_at_end,eod_mark
4130,Will the Moderate Party (M) win the second most seats in the 2026 Swedish parliamentary election?,2026-06-11T00:27:00+00:00,2026-08-10T00:41:00+00:00,1440.23,buy_yes,eod_mark,0.27,0.145,6.06791,-0.7585,-12.5,0.26,0.145,open_at_end,eod_mark
4131,Will the Sweden Democrats (SD) win the third most seats in the 2026 Swedish parliamentary election?,2026-06-18T00:00:00+00:00,2026-08-10T00:41:00+00:00,1272.68,sell_yes,eod_mark,0.29,0.15,0.92952,0.1301,14,0.325,0.15,open_at_end,eod_mark
4132,Will the Moderate Party (M) win the third most seats in the 2026 Swedish parliamentary election?,2026-08-10T00:07:00+00:00,2026-08-10T00:41:00+00:00,0.5667,sell_yes,eod_mark,0.69,0.84,45.4535,-6.818,-15,0.835,0.84,open_at_end,eod_mark
4133,Strait of Hormuz traffic returns to normal by December 31?,2026-07-08T02:23:00+00:00,2026-08-10T00:41:00+00:00,790.3,sell_yes,eod_mark,0.63,0.475,3.0984,0.4803,15.5,0.645,0.475,open_at_end,eod_mark
4134,Iran leadership change by December 31?,2026-08-09T12:19:00+00:00,2026-08-10T00:41:00+00:00,12.3667,buy_yes,eod_mark,0.21,0.195,90.8864,-1.3633,-1.5,0.205,0.195,open_at_end,eod_mark
4135,Will the U.S. invade Iran before 2027?,2026-08-07T00:17:00+00:00,2026-08-10T00:41:00+00:00,72.4,buy_yes,eod_mark,0.19,0.155,68.1648,-2.3858,-3.5,0.185,0.155,open_at_end,eod_mark
4136,Will Kimi Antonelli be the 2026 F1 Drivers' Champion?,2026-07-05T15:18:00+00:00,2026-08-10T00:41:00+00:00,849.383,sell_yes,eod_mark,0.57,0.742,5.11236,-0.8793,-17.2,0.5825,0.742,open_at_end,eod_mark
4137,Will Marine Le Pen win the 2027 French presidential election?,2026-07-07T14:31:00+00:00,2026-08-10T00:41:00+00:00,802.167,sell_yes,eod_mark,0.16,0.3025,0.69976,-0.0997,-14.25,0.1655,0.3025,open_at_end,eod_mark
4138,Will Benjamin Netanyahu be the next Prime Minister of Israel?,2026-08-09T08:51:00+00:00,2026-08-10T00:41:00+00:00,15.8333,sell_yes,eod_mark,0.33,0.335,4.6476,-0.0232,-0.5,0.335,0.335,open_at_end,eod_mark
4139,Will Flávio Bolsonaro win the 2026 Brazilian presidential election?,2026-06-19T17:27:00+00:00,2026-08-10T00:41:00+00:00,1231.23,sell_yes,eod_mark,0.25,0.2715,2.16888,-0.0466,-2.15,0.2515,0.2715,open_at_end,eod_mark
4140,Will Gadi Eizenkot be the next Prime Minister of Israel?,2026-07-25T15:24:00+00:00,2026-08-10T00:41:00+00:00,369.283,sell_yes,eod_mark,0.53,0.512,4.6476,0.0837,1.8,0.545,0.512,open_at_end,eod_mark
4141,Will the Fed increase interest rates by 25 bps after the October 2026 meeting?,2026-08-09T23:58:00+00:00,2026-08-10T00:41:00+00:00,0.7167,sell_yes,eod_mark,0.24,0.245,37.6972,-0.1885,-0.5,0.245,0.245,open_at_end,eod_mark
4142,Will there be no change in Fed interest rates after the October 2026 meeting?,2026-07-31T00:25:00+00:00,2026-08-10T00:41:00+00:00,240.267,buy_yes,eod_mark,0.69,0.675,23.961,-0.3594,-1.5,0.685,0.675,open_at_end,eod_mark
4143,Will Kate O’Flynn – “Widow’s Bay” win Emmys 2026: Outstanding supporting actress in a comedy series?,2026-08-09T00:00:00+00:00,2026-08-10T00:41:00+00:00,24.6833,buy_yes,eod_mark,0.61,0.652,48.3867,2.0322,4.2,0.3365,0.652,open_at_end,eod_mark
4144,Will Katherine LaNasa – “The Pitt” win Emmys 2026: Outstanding supporting actress in a drama series?,2026-08-10T00:00:00+00:00,2026-08-10T00:41:00+00:00,0.6833,sell_yes,eod_mark,0.76,0.72,46.9924,1.8797,4,0.815,0.72,open_at_end,eod_mark
4145,Will Stephen Root – “Widow’s Bay” win Emmys 2026: Outstanding supporting actor in a comedy series?,2026-08-09T11:09:00+00:00,2026-08-10T00:41:00+00:00,13.5333,sell_yes,eod_mark,0.43,0.425,7.746,0.0387,0.5,0.515,0.425,open_at_end,eod_mark
4146,Will another city host the final of the 2030 FIFA World Cup?,2026-08-07T15:35:00+00:00,2026-08-10T00:41:00+00:00,57.1,buy_yes,eod_mark,0.38,0.345,2.3238,-0.0813,-3.5,0.375,0.345,open_at_end,eod_mark
4147,Will Madrid host the final of the 2030 FIFA World Cup?,2026-08-05T21:29:00+00:00,2026-08-10T00:41:00+00:00,99.2,sell_yes,eod_mark,0.33,0.385,12.1354,-0.6674,-5.5,0.375,0.385,open_at_end,eod_mark
4148,Bab el-Mandeb Strait effectively closed by December 31?,2026-08-06T09:01:00+00:00,2026-08-10T00:41:00+00:00,87.6667,sell_yes,eod_mark,0.17,0.18,4.1312,-0.0413,-1,0.185,0.18,open_at_end,eod_mark
