fill_id,datetime_utc,date,market_question,market_id_short,side,action_plain,size_shares,price,notional_usd,mid,edge_vs_mid_cents,inv_yes_after,inv_no_after,net_inv_after,cash_after,fee,rebate
1,2026-07-12T00:01:00+00:00,2026-07-12,Iran leadership change by December 31?,0x377e7fe6,buy_yes,Bought YES (bid hit),103.28,0.22,22.7216,0.17,-5,103.28,0,103.28,9977.28,0,0
2,2026-07-12T00:18:00+00:00,2026-07-12,Bab el-Mandeb Strait effectively closed by September 30?,0x95fc6a4e,sell_yes,Sold YES (ask lifted),115.674,0.15,17.351,0.155,-0.5,0,115.674,-115.674,9896.31,0,0
3,2026-07-13T00:00:00+00:00,2026-07-13,Will the Sweden Democrats (SD) win the second most seats in the 2026 Swedish parliamentary election?,0x9e2966ab,buy_yes,Bought YES (bid hit),61.968,0.77,47.7154,0.415,-35.5,61.968,0,61.968,9904.31,0,0
4,2026-07-13T00:07:00+00:00,2026-07-13,Bab el-Mandeb Strait effectively closed by September 30?,0x95fc6a4e,buy_yes,Bought YES (bid hit),106.378,0.19,20.2119,0.155,-3.5,106.378,115.674,-9.2952,9884.1,0,0
5,2026-07-13T06:41:00+00:00,2026-07-13,Fed Rate Hike by October 2026 Meeting?,0x059db22d,sell_yes,Sold YES (ask lifted),103.28,0.57,58.8696,0.575,-0.5,0,103.28,-103.28,9898.56,0,0
6,2026-07-13T09:49:00+00:00,2026-07-13,Bab el-Mandeb Strait effectively closed by September 30?,0x95fc6a4e,buy_yes,Bought YES (bid hit),103.28,0.16,16.5248,0.14,-2,209.658,115.674,93.9848,9882.03,0,0
7,2026-07-13T09:51:00+00:00,2026-07-13,Bab el-Mandeb Strait effectively closed by September 30?,0x95fc6a4e,sell_yes,Sold YES (ask lifted),103.28,0.15,15.492,0.15,-0,106.378,115.674,-9.2952,9897.52,0,0
8,2026-07-13T11:22:00+00:00,2026-07-13,Bab el-Mandeb Strait effectively closed by September 30?,0x95fc6a4e,buy_yes,Bought YES (bid hit),103.28,0.16,16.5248,0.155,-0.5,209.658,115.674,93.9848,9881,0,0
9,2026-07-13T11:33:00+00:00,2026-07-13,Bab el-Mandeb Strait effectively closed by September 30?,0x95fc6a4e,sell_yes,Sold YES (ask lifted),106.378,0.16,17.0205,0.165,-0.5,103.28,115.674,-12.3936,9898.02,0,0
10,2026-07-13T11:40:00+00:00,2026-07-13,Bab el-Mandeb Strait effectively closed by September 30?,0x95fc6a4e,buy_yes,Bought YES (bid hit),106.378,0.17,18.0843,0.17,-0,209.658,115.674,93.9848,9879.94,0,0
11,2026-07-13T11:41:00+00:00,2026-07-13,Bab el-Mandeb Strait effectively closed by September 30?,0x95fc6a4e,sell_yes,Sold YES (ask lifted),103.28,0.17,17.5576,0.175,-0.5,106.378,115.674,-9.2952,9897.49,0,0
12,2026-07-13T11:42:00+00:00,2026-07-13,Bab el-Mandeb Strait effectively closed by September 30?,0x95fc6a4e,buy_yes,Bought YES (bid hit),103.28,0.17,17.5576,0.165,-0.5,209.658,115.674,93.9848,9879.94,0,0
13,2026-07-13T12:08:00+00:00,2026-07-13,Bab el-Mandeb Strait effectively closed by September 30?,0x95fc6a4e,sell_yes,Sold YES (ask lifted),103.28,0.15,15.492,0.155,-0.5,106.378,115.674,-9.2952,9895.43,0,0
14,2026-07-13T12:22:00+00:00,2026-07-13,Bab el-Mandeb Strait effectively closed by September 30?,0x95fc6a4e,buy_yes,Bought YES (bid hit),103.28,0.15,15.492,0.145,-0.5,209.658,115.674,93.9848,9879.94,0,0
15,2026-07-13T12:28:00+00:00,2026-07-13,Bab el-Mandeb Strait effectively closed by September 30?,0x95fc6a4e,sell_yes,Sold YES (ask lifted),103.28,0.15,15.492,0.15,-0,106.378,115.674,-9.2952,9895.43,0,0
16,2026-07-13T12:46:00+00:00,2026-07-13,Bab el-Mandeb Strait effectively closed by September 30?,0x95fc6a4e,buy_yes,Bought YES (bid hit),106.378,0.16,17.0205,0.145,-1.5,212.757,115.674,97.0832,9878.41,0,0
17,2026-07-13T12:55:00+00:00,2026-07-13,Bab el-Mandeb Strait effectively closed by September 30?,0x95fc6a4e,sell_yes,Sold YES (ask lifted),106.378,0.16,17.0205,0.165,-0.5,106.378,115.674,-9.2952,9895.43,0,0
18,2026-07-13T14:15:00+00:00,2026-07-13,Clarity Act (H.R.3633) signed into law in 2026?,0x9cb23d04,buy_yes,Bought YES (bid hit),56.2876,0.41,23.0779,0.385,-2.5,56.2876,0,56.2876,9872.35,0,0
19,2026-07-13T14:38:00+00:00,2026-07-13,Iran leadership change by December 31?,0x377e7fe6,sell_yes,Sold YES (ask lifted),118.772,0.2,23.7544,0.21,-1,0,15.492,-15.492,9883.71,0,0
20,2026-07-13T14:42:00+00:00,2026-07-13,Iran leadership change by December 31?,0x377e7fe6,buy_yes,Bought YES (bid hit),103.28,0.23,23.7544,0.23,-0,103.28,15.492,87.788,9859.96,0,0
21,2026-07-13T14:43:00+00:00,2026-07-13,Iran leadership change by December 31?,0x377e7fe6,sell_yes,Sold YES (ask lifted),103.28,0.23,23.7544,0.235,-0.5,0,15.492,-15.492,9883.71,0,0
22,2026-07-13T15:25:00+00:00,2026-07-13,Iran leadership change by December 31?,0x377e7fe6,buy_yes,Bought YES (bid hit),103.28,0.23,23.7544,0.225,-0.5,103.28,15.492,87.788,9859.96,0,0
23,2026-07-13T16:07:00+00:00,2026-07-13,Will the Fed increase interest rates by 25 bps after the October 2026 meeting?,0x12aa13b3,sell_yes,Sold YES (ask lifted),51.64,0.2,10.328,0.205,-0.5,0,51.64,-51.64,9828.97,0,0
24,2026-07-13T16:33:00+00:00,2026-07-13,Clarity Act (H.R.3633) signed into law in 2026?,0x9cb23d04,sell_yes,Sold YES (ask lifted),60.9352,0.27,16.4525,0.285,-1.5,0,4.6476,-4.6476,9842.03,0,0
25,2026-07-13T16:47:00+00:00,2026-07-13,Clarity Act (H.R.3633) signed into law in 2026?,0x9cb23d04,sell_yes,Sold YES (ask lifted),54.7384,0.38,20.8006,0.385,-0.5,0,59.386,-59.386,9828.89,0,0
26,2026-07-13T16:58:00+00:00,2026-07-13,Fed Rate Hike by October 2026 Meeting?,0x059db22d,buy_yes,Bought YES (bid hit),106.378,0.69,73.4011,0.68,-1,106.378,103.28,3.0984,9755.49,0,0
27,2026-07-13T17:09:00+00:00,2026-07-13,Bab el-Mandeb Strait effectively closed by September 30?,0x95fc6a4e,buy_yes,Bought YES (bid hit),103.28,0.2,20.656,0.175,-2.5,209.658,115.674,93.9848,9734.84,0,0
28,2026-07-13T17:12:00+00:00,2026-07-13,Will there be no change in Fed interest rates after the September 2026 meeting?,0xa3b36b2d,buy_yes,Bought YES (bid hit),103.28,0.45,46.476,0.445,-0.5,103.28,0,103.28,9688.36,0,0
29,2026-07-13T17:14:00+00:00,2026-07-13,Bab el-Mandeb Strait effectively closed by September 30?,0x95fc6a4e,sell_yes,Sold YES (ask lifted),103.28,0.18,18.5904,0.19,-1,106.378,115.674,-9.2952,9706.95,0,0
30,2026-07-13T17:46:00+00:00,2026-07-13,Iran leadership change by December 31?,0x377e7fe6,sell_yes,Sold YES (ask lifted),103.28,0.23,23.7544,0.235,-0.5,0,15.492,-15.492,9730.71,0,0
31,2026-07-13T17:46:00+00:00,2026-07-13,Bab el-Mandeb Strait effectively closed by September 30?,0x95fc6a4e,buy_yes,Bought YES (bid hit),103.28,0.19,19.6232,0.185,-0.5,209.658,115.674,93.9848,9711.08,0,0
32,2026-07-13T17:47:00+00:00,2026-07-13,Iran leadership change by December 31?,0x377e7fe6,buy_yes,Bought YES (bid hit),103.28,0.23,23.7544,0.23,-0,103.28,15.492,87.788,9687.33,0,0
33,2026-07-13T18:41:00+00:00,2026-07-13,Iran leadership change by December 31?,0x377e7fe6,sell_yes,Sold YES (ask lifted),103.28,0.23,23.7544,0.245,-1.5,0,15.492,-15.492,9711.08,0,0
34,2026-07-13T18:41:00+00:00,2026-07-13,Clarity Act (H.R.3633) signed into law in 2026?,0x9cb23d04,buy_yes,Bought YES (bid hit),51.64,0.36,18.5904,0.355,-0.5,51.64,59.386,-7.746,9692.49,0,0
35,2026-07-13T19:10:00+00:00,2026-07-13,Will the Fed increase interest rates by 25 bps after the September 2026 meeting?,0x876506d8,sell_yes,Sold YES (ask lifted),112.575,0.51,57.4134,0.52,-1,0,112.575,-112.575,9694.74,0,0
36,2026-07-13T19:35:00+00:00,2026-07-13,Bab el-Mandeb Strait effectively closed by September 30?,0x95fc6a4e,sell_yes,Sold YES (ask lifted),103.28,0.17,17.5576,0.18,-1,106.378,115.674,-9.2952,9712.3,0,0
37,2026-07-13T19:41:00+00:00,2026-07-13,Fed Rate Hike by October 2026 Meeting?,0x059db22d,buy_yes,Bought YES (bid hit),103.28,0.65,67.132,0.645,-0.5,209.658,103.28,106.378,9645.17,0,0
38,2026-07-13T19:45:00+00:00,2026-07-13,Bab el-Mandeb Strait effectively closed by September 30?,0x95fc6a4e,buy_yes,Bought YES (bid hit),103.28,0.17,17.5576,0.17,-0,209.658,115.674,93.9848,9627.61,0,0
39,2026-07-13T19:46:00+00:00,2026-07-13,Iran leadership change by December 31?,0x377e7fe6,buy_yes,Bought YES (bid hit),103.28,0.25,25.82,0.245,-0.5,103.28,15.492,87.788,9601.79,0,0
40,2026-07-13T19:47:00+00:00,2026-07-13,Iran leadership change by December 31?,0x377e7fe6,sell_yes,Sold YES (ask lifted),103.28,0.25,25.82,0.255,-0.5,0,15.492,-15.492,9627.61,0,0
41,2026-07-13T20:01:00+00:00,2026-07-13,Iran leadership change by December 31?,0x377e7fe6,buy_yes,Bought YES (bid hit),103.28,0.25,25.82,0.245,-0.5,103.28,15.492,87.788,9601.79,0,0
42,2026-07-13T20:03:00+00:00,2026-07-13,Fed Rate Hike by October 2026 Meeting?,0x059db22d,sell_yes,Sold YES (ask lifted),47.9219,0.67,32.1077,0.68,-1,161.736,103.28,58.4565,9633.9,0,0
43,2026-07-13T20:10:00+00:00,2026-07-13,Will the Fed increase interest rates by 25 bps after the September 2026 meeting?,0x876506d8,buy_yes,Bought YES (bid hit),128.067,0.56,71.7176,0.555,-0.5,128.067,112.575,15.492,9562.18,0,0
44,2026-07-13T20:11:00+00:00,2026-07-13,Bab el-Mandeb Strait effectively closed by September 30?,0x95fc6a4e,sell_yes,Sold YES (ask lifted),103.28,0.17,17.5576,0.175,-0.5,106.378,115.674,-9.2952,9579.74,0,0
45,2026-07-13T20:15:00+00:00,2026-07-13,Bab el-Mandeb Strait effectively closed by September 30?,0x95fc6a4e,buy_yes,Bought YES (bid hit),103.28,0.17,17.5576,0.17,-0,209.658,115.674,93.9848,9562.18,0,0
46,2026-07-13T20:16:00+00:00,2026-07-13,Bab el-Mandeb Strait effectively closed by September 30?,0x95fc6a4e,sell_yes,Sold YES (ask lifted),106.378,0.17,18.0843,0.175,-0.5,103.28,115.674,-12.3936,9580.27,0,0
47,2026-07-13T20:23:00+00:00,2026-07-13,Bab el-Mandeb Strait effectively closed by September 30?,0x95fc6a4e,buy_yes,Bought YES (bid hit),103.28,0.17,17.5576,0.165,-0.5,206.56,115.674,90.8864,9562.71,0,0
48,2026-07-13T20:26:00+00:00,2026-07-13,Will the Fed increase interest rates by 25 bps after the September 2026 meeting?,0x876506d8,sell_yes,Sold YES (ask lifted),50.7972,0.52,26.4146,0.53,-1,77.27,112.575,-35.3052,9589.12,0,0
49,2026-07-13T20:26:00+00:00,2026-07-13,Bab el-Mandeb Strait effectively closed by September 30?,0x95fc6a4e,sell_yes,Sold YES (ask lifted),106.378,0.17,18.0843,0.18,-1,100.182,115.674,-15.492,9607.21,0,0
50,2026-07-13T20:30:00+00:00,2026-07-13,Will there be no change in Fed interest rates after the September 2026 meeting?,0xa3b36b2d,sell_yes,Sold YES (ask lifted),103.28,0.41,42.3448,0.415,-0.5,0,0,0,9649.55,0,0
51,2026-07-13T21:01:00+00:00,2026-07-13,Bab el-Mandeb Strait effectively closed by September 30?,0x95fc6a4e,buy_yes,Bought YES (bid hit),103.28,0.18,18.5904,0.175,-0.5,203.462,115.674,87.788,9630.96,0,0
52,2026-07-13T21:53:00+00:00,2026-07-13,Clarity Act (H.R.3633) signed into law in 2026?,0x9cb23d04,buy_yes,Bought YES (bid hit),51.64,0.36,18.5904,0.355,-0.5,103.28,59.386,43.894,9612.37,0,0
53,2026-07-14T00:06:00+00:00,2026-07-14,Will the Fed increase interest rates by 25 bps after the September 2026 meeting?,0x876506d8,buy_yes,Bought YES (bid hit),103.28,0.5,51.64,0.495,-0.5,180.55,112.575,67.9748,9612.6,0,0
54,2026-07-14T00:10:00+00:00,2026-07-14,Clarity Act (H.R.3633) signed into law in 2026?,0x9cb23d04,sell_yes,Sold YES (ask lifted),56.2876,0.37,20.8264,0.375,-0.5,46.9924,59.386,-12.3936,9633.43,0,0
55,2026-07-14T00:58:00+00:00,2026-07-14,Will the Fed increase interest rates by 25 bps after the September 2026 meeting?,0x876506d8,sell_yes,Sold YES (ask lifted),103.28,0.5,51.64,0.525,-2.5,77.27,112.575,-35.3052,9685.07,0,0
56,2026-07-14T01:22:00+00:00,2026-07-14,Will the Fed increase interest rates by 25 bps after the October 2026 meeting?,0x12aa13b3,buy_yes,Bought YES (bid hit),51.64,0.17,8.7788,0.17,-0,51.64,51.64,0,9676.29,0,0
57,2026-07-14T01:51:00+00:00,2026-07-14,Bab el-Mandeb Strait effectively closed by September 30?,0x95fc6a4e,sell_yes,Sold YES (ask lifted),103.28,0.17,17.5576,0.175,-0.5,100.182,115.674,-15.492,9693.85,0,0
58,2026-07-14T02:03:00+00:00,2026-07-14,Bab el-Mandeb Strait effectively closed by September 30?,0x95fc6a4e,buy_yes,Bought YES (bid hit),103.28,0.17,17.5576,0.165,-0.5,203.462,115.674,87.788,9676.29,0,0
59,2026-07-14T02:26:00+00:00,2026-07-14,Clarity Act (H.R.3633) signed into law in 2026?,0x9cb23d04,buy_yes,Bought YES (bid hit),54.7384,0.39,21.348,0.365,-2.5,101.731,59.386,42.3448,9654.94,0,0
60,2026-07-14T02:41:00+00:00,2026-07-14,Clarity Act (H.R.3633) signed into law in 2026?,0x9cb23d04,sell_yes,Sold YES (ask lifted),51.64,0.35,18.074,0.36,-1,50.0908,59.386,-9.2952,9673.01,0,0
61,2026-07-14T03:13:00+00:00,2026-07-14,Bab el-Mandeb Strait effectively closed by September 30?,0x95fc6a4e,sell_yes,Sold YES (ask lifted),103.28,0.17,17.5576,0.175,-0.5,100.182,115.674,-15.492,9690.57,0,0
62,2026-07-14T03:20:00+00:00,2026-07-14,Clarity Act (H.R.3633) signed into law in 2026?,0x9cb23d04,buy_yes,Bought YES (bid hit),51.64,0.37,19.1068,0.365,-0.5,101.731,59.386,42.3448,9671.46,0,0
63,2026-07-14T03:57:00+00:00,2026-07-14,Clarity Act (H.R.3633) signed into law in 2026?,0x9cb23d04,sell_yes,Sold YES (ask lifted),51.64,0.37,19.1068,0.375,-0.5,50.0908,59.386,-9.2952,9690.57,0,0
64,2026-07-14T05:41:00+00:00,2026-07-14,Will the Fed increase interest rates by 25 bps after the September 2026 meeting?,0x876506d8,buy_yes,Bought YES (bid hit),112.575,0.53,59.6649,0.525,-0.5,189.845,112.575,77.27,9630.91,0,0
65,2026-07-14T07:38:00+00:00,2026-07-14,Iran leadership change by December 31?,0x377e7fe6,sell_yes,Sold YES (ask lifted),103.28,0.23,23.7544,0.235,-0.5,0,15.492,-15.492,9654.66,0,0
66,2026-07-14T08:00:00+00:00,2026-07-14,Clarity Act (H.R.3633) signed into law in 2026?,0x9cb23d04,buy_yes,Bought YES (bid hit),51.64,0.38,19.6232,0.375,-0.5,101.731,59.386,42.3448,9635.04,0,0
67,2026-07-14T08:13:00+00:00,2026-07-14,Will the Fed increase interest rates by 25 bps after the September 2026 meeting?,0x876506d8,sell_yes,Sold YES (ask lifted),103.28,0.52,53.7056,0.525,-0.5,86.5652,112.575,-26.01,9688.74,0,0
68,2026-07-14T10:49:00+00:00,2026-07-14,Clarity Act (H.R.3633) signed into law in 2026?,0x9cb23d04,sell_yes,Sold YES (ask lifted),51.64,0.33,17.0412,0.335,-0.5,50.0908,59.386,-9.2952,9705.78,0,0
69,2026-07-14T10:50:00+00:00,2026-07-14,Fed Rate Hike by October 2026 Meeting?,0x059db22d,sell_yes,Sold YES (ask lifted),109.477,0.6,65.6861,0.61,-1,52.2597,103.28,-51.0203,9771.47,0,0
70,2026-07-14T10:58:00+00:00,2026-07-14,Fed Rate Hike by October 2026 Meeting?,0x059db22d,buy_yes,Bought YES (bid hit),103.28,0.61,63.0008,0.595,-1.5,155.54,103.28,52.2597,9708.47,0,0
71,2026-07-14T11:03:00+00:00,2026-07-14,Fed Rate Hike by October 2026 Meeting?,0x059db22d,sell_yes,Sold YES (ask lifted),103.28,0.6,61.968,0.61,-1,52.2597,103.28,-51.0203,9770.44,0,0
72,2026-07-14T11:15:00+00:00,2026-07-14,Fed Rate Hike by October 2026 Meeting?,0x059db22d,buy_yes,Bought YES (bid hit),103.28,0.6,61.968,0.59,-1,155.54,103.28,52.2597,9708.47,0,0
73,2026-07-14T11:18:00+00:00,2026-07-14,Iran leadership change by December 31?,0x377e7fe6,buy_yes,Bought YES (bid hit),103.28,0.23,23.7544,0.225,-0.5,103.28,15.492,87.788,9684.72,0,0
74,2026-07-14T12:06:00+00:00,2026-07-14,Fed Rate Hike by October 2026 Meeting?,0x059db22d,sell_yes,Sold YES (ask lifted),109.477,0.6,65.6861,0.605,-0.5,46.0629,103.28,-57.2171,9750.4,0,0
75,2026-07-14T12:30:00+00:00,2026-07-14,Fed Rate Hike by October 2026 Meeting?,0x059db22d,buy_yes,Bought YES (bid hit),134.264,0.62,83.2437,0.615,-0.5,180.327,103.28,77.0469,9667.16,0,0
76,2026-07-14T12:30:00+00:00,2026-07-14,Will the Fed increase interest rates by 25 bps after the September 2026 meeting?,0x876506d8,buy_yes,Bought YES (bid hit),140.461,0.52,73.0396,0.495,-2.5,227.026,112.575,114.451,9594.12,0,0
77,2026-07-14T12:31:00+00:00,2026-07-14,Will there be no change in Fed interest rates after the September 2026 meeting?,0xa3b36b2d,sell_yes,Sold YES (ask lifted),124.969,0.46,57.4856,0.49,-3,0,124.969,-124.969,9584.12,0,0
78,2026-07-14T12:33:00+00:00,2026-07-14,Fed Rate Hike by October 2026 Meeting?,0x059db22d,sell_yes,Sold YES (ask lifted),103.28,0.59,60.9352,0.605,-1.5,77.0469,103.28,-26.2331,9645.06,0,0
79,2026-07-14T12:35:00+00:00,2026-07-14,Fed Rate Hike by October 2026 Meeting?,0x059db22d,buy_yes,Bought YES (bid hit),115.674,0.6,69.4042,0.565,-3.5,192.72,103.28,89.4405,9575.65,0,0
80,2026-07-14T12:38:00+00:00,2026-07-14,Clarity Act (H.R.3633) signed into law in 2026?,0x9cb23d04,buy_yes,Bought YES (bid hit),51.64,0.34,17.5576,0.34,-0,101.731,59.386,42.3448,9558.09,0,0
81,2026-07-14T12:40:00+00:00,2026-07-14,Will the Fed increase interest rates by 25 bps after the September 2026 meeting?,0x876506d8,sell_yes,Sold YES (ask lifted),106.378,0.41,43.6151,0.415,-0.5,120.648,112.575,8.07236,9601.71,0,0
82,2026-07-14T12:41:00+00:00,2026-07-14,Fed Rate Hike by October 2026 Meeting?,0x059db22d,sell_yes,Sold YES (ask lifted),103.28,0.55,56.804,0.555,-0.5,89.4405,103.28,-13.8395,9658.51,0,0
83,2026-07-14T12:44:00+00:00,2026-07-14,Will there be no change in Fed interest rates after the October 2026 meeting?,0xdf9bf27e,buy_yes,Bought YES (bid hit),54.7384,0.66,36.1273,0.655,-0.5,54.7384,0,54.7384,9622.39,0,0
84,2026-07-14T12:46:00+00:00,2026-07-14,Fed Rate Hike by October 2026 Meeting?,0x059db22d,buy_yes,Bought YES (bid hit),103.28,0.55,56.804,0.51,-4,192.72,103.28,89.4405,9565.58,0,0
85,2026-07-14T12:51:00+00:00,2026-07-14,Will the Fed increase interest rates by 25 bps after the September 2026 meeting?,0x876506d8,sell_yes,Sold YES (ask lifted),103.28,0.43,44.4104,0.435,-0.5,17.3676,112.575,-95.2076,9609.99,0,0
86,2026-07-14T13:07:00+00:00,2026-07-14,Bab el-Mandeb Strait effectively closed by September 30?,0x95fc6a4e,buy_yes,Bought YES (bid hit),103.28,0.17,17.5576,0.165,-0.5,203.462,115.674,87.788,9592.43,0,0
87,2026-07-14T13:40:00+00:00,2026-07-14,Will the Fed increase interest rates by 25 bps after the September 2026 meeting?,0x876506d8,buy_yes,Bought YES (bid hit),115.674,0.42,48.5829,0.415,-0.5,133.041,112.575,20.466,9543.85,0,0
88,2026-07-14T13:52:00+00:00,2026-07-14,Bab el-Mandeb Strait effectively closed by September 30?,0x95fc6a4e,sell_yes,Sold YES (ask lifted),103.28,0.17,17.5576,0.175,-0.5,100.182,115.674,-15.492,9561.41,0,0
89,2026-07-14T14:00:00+00:00,2026-07-14,Will the Fed increase interest rates by 25 bps after the September 2026 meeting?,0x876506d8,sell_yes,Sold YES (ask lifted),103.28,0.37,38.2136,0.375,-0.5,29.7612,112.575,-82.814,9599.62,0,0
90,2026-07-14T14:04:00+00:00,2026-07-14,Clarity Act (H.R.3633) signed into law in 2026?,0x9cb23d04,sell_yes,Sold YES (ask lifted),54.7384,0.35,19.1584,0.36,-1,46.9924,59.386,-12.3936,9618.78,0,0
91,2026-07-14T14:05:00+00:00,2026-07-14,Bab el-Mandeb Strait effectively closed by September 30?,0x95fc6a4e,buy_yes,Bought YES (bid hit),106.378,0.17,18.0843,0.17,-0,206.56,115.674,90.8864,9600.7,0,0
92,2026-07-14T14:08:00+00:00,2026-07-14,Will the Fed increase interest rates by 25 bps after the September 2026 meeting?,0x876506d8,buy_yes,Bought YES (bid hit),103.28,0.37,38.2136,0.365,-0.5,133.041,112.575,20.466,9562.48,0,0
93,2026-07-14T14:21:00+00:00,2026-07-14,Bab el-Mandeb Strait effectively closed by September 30?,0x95fc6a4e,sell_yes,Sold YES (ask lifted),103.28,0.17,17.5576,0.175,-0.5,103.28,115.674,-12.3936,9580.04,0,0
94,2026-07-14T14:31:00+00:00,2026-07-14,Will the Fed increase interest rates by 25 bps after the September 2026 meeting?,0x876506d8,sell_yes,Sold YES (ask lifted),103.28,0.34,35.1152,0.36,-2,29.7612,112.575,-82.814,9615.16,0,0
95,2026-07-14T14:35:00+00:00,2026-07-14,Will the Fed increase interest rates by 25 bps after the September 2026 meeting?,0x876506d8,buy_yes,Bought YES (bid hit),103.28,0.35,36.148,0.335,-1.5,133.041,112.575,20.466,9579.01,0,0
96,2026-07-14T14:36:00+00:00,2026-07-14,Will the Fed increase interest rates by 25 bps after the September 2026 meeting?,0x876506d8,sell_yes,Sold YES (ask lifted),109.477,0.34,37.2221,0.345,-0.5,23.5644,112.575,-89.0108,9616.23,0,0
97,2026-07-14T15:11:00+00:00,2026-07-14,Bab el-Mandeb Strait effectively closed by September 30?,0x95fc6a4e,buy_yes,Bought YES (bid hit),103.28,0.17,17.5576,0.165,-0.5,206.56,115.674,90.8864,9598.67,0,0
98,2026-07-14T16:12:00+00:00,2026-07-14,Fed Rate Hike by October 2026 Meeting?,0x059db22d,sell_yes,Sold YES (ask lifted),109.477,0.48,52.5489,0.485,-0.5,83.2437,103.28,-20.0363,9651.22,0,0
99,2026-07-14T17:36:00+00:00,2026-07-14,Clarity Act (H.R.3633) signed into law in 2026?,0x9cb23d04,buy_yes,Bought YES (bid hit),51.64,0.37,19.1068,0.365,-0.5,98.6324,59.386,39.2464,9632.11,0,0
100,2026-07-14T18:32:00+00:00,2026-07-14,Clarity Act (H.R.3633) signed into law in 2026?,0x9cb23d04,sell_yes,Sold YES (ask lifted),51.64,0.37,19.1068,0.385,-1.5,46.9924,59.386,-12.3936,9651.22,0,0
101,2026-07-14T18:41:00+00:00,2026-07-14,Fed Rate Hike by October 2026 Meeting?,0x059db22d,buy_yes,Bought YES (bid hit),103.28,0.5,51.64,0.495,-0.5,186.524,103.28,83.2437,9599.58,0,0
102,2026-07-14T22:05:00+00:00,2026-07-14,Clarity Act (H.R.3633) signed into law in 2026?,0x9cb23d04,buy_yes,Bought YES (bid hit),51.64,0.37,19.1068,0.365,-0.5,98.6324,59.386,39.2464,9580.47,0,0
103,2026-07-14T22:08:00+00:00,2026-07-14,Clarity Act (H.R.3633) signed into law in 2026?,0x9cb23d04,sell_yes,Sold YES (ask lifted),51.64,0.37,19.1068,0.38,-1,46.9924,59.386,-12.3936,9599.58,0,0
104,2026-07-14T23:30:00+00:00,2026-07-14,Clarity Act (H.R.3633) signed into law in 2026?,0x9cb23d04,buy_yes,Bought YES (bid hit),51.64,0.37,19.1068,0.365,-0.5,98.6324,59.386,39.2464,9580.47,0,0
105,2026-07-15T00:01:00+00:00,2026-07-15,Bab el-Mandeb Strait effectively closed by September 30?,0x95fc6a4e,sell_yes,Sold YES (ask lifted),103.28,0.16,16.5248,0.36,-20,103.28,115.674,-12.3936,9644.74,0,0
106,2026-07-15T00:13:00+00:00,2026-07-15,Will there be no change in Fed interest rates after the September 2026 meeting?,0xa3b36b2d,buy_yes,Bought YES (bid hit),103.28,0.57,58.8696,0.565,-0.5,103.28,124.969,-21.6888,9585.87,0,0
107,2026-07-15T07:44:00+00:00,2026-07-15,Clarity Act (H.R.3633) signed into law in 2026?,0x9cb23d04,sell_yes,Sold YES (ask lifted),51.64,0.37,19.1068,0.375,-0.5,46.9924,59.386,-12.3936,9604.98,0,0
108,2026-07-15T10:59:00+00:00,2026-07-15,Will the Fed increase interest rates by 25 bps after the September 2026 meeting?,0x876506d8,buy_yes,Bought YES (bid hit),103.28,0.36,37.1808,0.345,-1.5,126.844,112.575,14.2692,9567.8,0,0
109,2026-07-15T11:31:00+00:00,2026-07-15,Will the Fed increase interest rates by 25 bps after the September 2026 meeting?,0x876506d8,sell_yes,Sold YES (ask lifted),103.28,0.35,36.148,0.355,-0.5,23.5644,112.575,-89.0108,9603.94,0,0
110,2026-07-15T11:31:00+00:00,2026-07-15,Will there be no change in Fed interest rates after the September 2026 meeting?,0xa3b36b2d,buy_yes,Bought YES (bid hit),103.28,0.61,63.0008,0.605,-0.5,206.56,124.969,81.5912,9540.94,0,0
111,2026-07-15T12:09:00+00:00,2026-07-15,Bab el-Mandeb Strait effectively closed by September 30?,0x95fc6a4e,buy_yes,Bought YES (bid hit),103.28,0.15,15.492,0.145,-0.5,206.56,115.674,90.8864,9525.45,0,0
112,2026-07-15T12:32:00+00:00,2026-07-15,Will the Fed increase interest rates by 25 bps after the September 2026 meeting?,0x876506d8,buy_yes,Bought YES (bid hit),112.575,0.35,39.4013,0.34,-1,136.14,112.575,23.5644,9486.05,0,0
113,2026-07-15T12:32:00+00:00,2026-07-15,Will there be no change in Fed interest rates after the October 2026 meeting?,0xdf9bf27e,sell_yes,Sold YES (ask lifted),51.64,0.59,30.4676,0.595,-0.5,3.0984,0,3.0984,9516.52,0,0
114,2026-07-15T12:43:00+00:00,2026-07-15,Will there be no change in Fed interest rates after the September 2026 meeting?,0xa3b36b2d,sell_yes,Sold YES (ask lifted),103.28,0.61,63.0008,0.615,-0.5,103.28,124.969,-21.6888,9579.52,0,0
115,2026-07-15T12:55:00+00:00,2026-07-15,Will Spider-Man: Brand New Day be the top grossing movie of 2026?,0xc4b07998,buy_yes,Bought YES (bid hit),25.82,0.68,17.5576,0.67,-1,25.82,0,25.82,9561.96,0,0
116,2026-07-15T12:59:00+00:00,2026-07-15,Bab el-Mandeb Strait effectively closed by September 30?,0x95fc6a4e,sell_yes,Sold YES (ask lifted),103.28,0.15,15.492,0.15,-0,103.28,115.674,-12.3936,9577.45,0,0
117,2026-07-15T13:16:00+00:00,2026-07-15,Fed Rate Hike by October 2026 Meeting?,0x059db22d,sell_yes,Sold YES (ask lifted),103.28,0.46,47.5088,0.465,-0.5,83.2437,103.28,-20.0363,9624.96,0,0
118,2026-07-15T13:43:00+00:00,2026-07-15,Will Spider-Man: Brand New Day be the top grossing movie of 2026?,0xc4b07998,buy_yes,Bought YES (bid hit),25.82,0.66,17.0412,0.65,-1,51.64,0,51.64,9607.92,0,0
119,2026-07-15T14:02:00+00:00,2026-07-15,Will Kate O’Flynn – “Widow’s Bay” win Emmys 2026: Outstanding supporting actress in a comedy series?,0x9b9a651f,sell_yes,Sold YES (ask lifted),51.64,0.45,23.238,0.464,-1.4,0,51.64,-51.64,9602.76,0,0
120,2026-07-15T16:01:00+00:00,2026-07-15,Will the Fed increase interest rates by 25 bps after the September 2026 meeting?,0x876506d8,sell_yes,Sold YES (ask lifted),103.28,0.29,29.9512,0.295,-0.5,32.8596,112.575,-79.7156,9632.71,0,0
121,2026-07-15T16:03:00+00:00,2026-07-15,Will the Fed increase interest rates by 25 bps after the September 2026 meeting?,0x876506d8,buy_yes,Bought YES (bid hit),103.28,0.29,29.9512,0.255,-3.5,136.14,112.575,23.5644,9602.76,0,0
122,2026-07-15T16:08:00+00:00,2026-07-15,Fed Rate Hike by October 2026 Meeting?,0x059db22d,buy_yes,Bought YES (bid hit),103.28,0.46,47.5088,0.46,-0,186.524,103.28,83.2437,9555.25,0,0
123,2026-07-15T16:11:00+00:00,2026-07-15,Will there be no change in Fed interest rates after the September 2026 meeting?,0xa3b36b2d,buy_yes,Bought YES (bid hit),109.477,0.7,76.6338,0.695,-0.5,212.757,124.969,87.788,9478.61,0,0
124,2026-07-15T16:19:00+00:00,2026-07-15,Will there be no change in Fed interest rates after the September 2026 meeting?,0xa3b36b2d,sell_yes,Sold YES (ask lifted),103.28,0.68,70.2304,0.685,-0.5,109.477,124.969,-15.492,9548.84,0,0
125,2026-07-15T16:38:00+00:00,2026-07-15,Will the Fed increase interest rates by 25 bps after the September 2026 meeting?,0x876506d8,sell_yes,Sold YES (ask lifted),103.28,0.27,27.8856,0.275,-0.5,32.8596,112.575,-79.7156,9576.73,0,0
126,2026-07-15T16:38:00+00:00,2026-07-15,Will there be no change in Fed interest rates after the September 2026 meeting?,0xa3b36b2d,buy_yes,Bought YES (bid hit),103.28,0.68,70.2304,0.675,-0.5,212.757,124.969,87.788,9506.5,0,0
127,2026-07-15T18:29:00+00:00,2026-07-15,Clarity Act (H.R.3633) signed into law in 2026?,0x9cb23d04,buy_yes,Bought YES (bid hit),51.64,0.39,20.1396,0.375,-1.5,98.6324,59.386,39.2464,9486.36,0,0
128,2026-07-15T20:33:00+00:00,2026-07-15,Clarity Act (H.R.3633) signed into law in 2026?,0x9cb23d04,sell_yes,Sold YES (ask lifted),51.64,0.38,19.6232,0.39,-1,46.9924,59.386,-12.3936,9505.98,0,0
129,2026-07-16T00:00:00+00:00,2026-07-16,Iran leadership change by December 31?,0x377e7fe6,sell_yes,Sold YES (ask lifted),103.28,0.21,21.6888,0.375,-16.5,0,15.492,-15.492,9572.69,0,0
130,2026-07-16T00:03:00+00:00,2026-07-16,Iran leadership change by December 31?,0x377e7fe6,buy_yes,Bought YES (bid hit),103.28,0.37,38.2136,0.2,-17,103.28,15.492,87.788,9534.48,0,0
131,2026-07-16T00:04:00+00:00,2026-07-16,Will Spider-Man: Brand New Day be the top grossing movie of 2026?,0xc4b07998,sell_yes,Sold YES (ask lifted),25.82,0.72,18.5904,0.74,-2,25.82,0,25.82,9553.07,0,0
132,2026-07-16T00:05:00+00:00,2026-07-16,Will Kate O’Flynn – “Widow’s Bay” win Emmys 2026: Outstanding supporting actress in a comedy series?,0x9b9a651f,buy_yes,Bought YES (bid hit),51.64,0.48,24.7872,0.4795,-0.05,51.64,51.64,0,9528.28,0,0
133,2026-07-16T03:33:00+00:00,2026-07-16,Will Spider-Man: Brand New Day be the top grossing movie of 2026?,0xc4b07998,sell_yes,Sold YES (ask lifted),25.82,0.75,19.365,0.755,-0.5,0,0,0,9547.65,0,0
134,2026-07-16T04:07:00+00:00,2026-07-16,Bab el-Mandeb Strait effectively closed by September 30?,0x95fc6a4e,buy_yes,Bought YES (bid hit),103.28,0.17,17.5576,0.17,-0,206.56,115.674,90.8864,9530.09,0,0
135,2026-07-16T04:15:00+00:00,2026-07-16,Bab el-Mandeb Strait effectively closed by September 30?,0x95fc6a4e,sell_yes,Sold YES (ask lifted),103.28,0.17,17.5576,0.175,-0.5,103.28,115.674,-12.3936,9547.65,0,0
136,2026-07-16T04:19:00+00:00,2026-07-16,Bab el-Mandeb Strait effectively closed by September 30?,0x95fc6a4e,buy_yes,Bought YES (bid hit),103.28,0.17,17.5576,0.17,-0,206.56,115.674,90.8864,9530.09,0,0
137,2026-07-16T04:29:00+00:00,2026-07-16,Bab el-Mandeb Strait effectively closed by September 30?,0x95fc6a4e,sell_yes,Sold YES (ask lifted),103.28,0.17,17.5576,0.175,-0.5,103.28,115.674,-12.3936,9547.65,0,0
138,2026-07-16T04:31:00+00:00,2026-07-16,Will the Fed increase interest rates by 25 bps after the September 2026 meeting?,0x876506d8,buy_yes,Bought YES (bid hit),103.28,0.3,30.984,0.295,-0.5,136.14,112.575,23.5644,9516.67,0,0
139,2026-07-16T04:31:00+00:00,2026-07-16,Will there be no change in Fed interest rates after the September 2026 meeting?,0xa3b36b2d,sell_yes,Sold YES (ask lifted),103.28,0.65,67.132,0.655,-0.5,109.477,124.969,-15.492,9583.8,0,0
140,2026-07-16T05:17:00+00:00,2026-07-16,Clarity Act (H.R.3633) signed into law in 2026?,0x9cb23d04,buy_yes,Bought YES (bid hit),53.1892,0.38,20.2119,0.37,-1,100.182,59.386,40.7956,9563.59,0,0
141,2026-07-16T05:41:00+00:00,2026-07-16,Bab el-Mandeb Strait effectively closed by September 30?,0x95fc6a4e,buy_yes,Bought YES (bid hit),103.28,0.17,17.5576,0.17,-0,206.56,115.674,90.8864,9546.03,0,0
142,2026-07-16T07:05:00+00:00,2026-07-16,Bab el-Mandeb Strait effectively closed by September 30?,0x95fc6a4e,sell_yes,Sold YES (ask lifted),103.28,0.17,17.5576,0.175,-0.5,103.28,115.674,-12.3936,9563.59,0,0
143,2026-07-16T07:28:00+00:00,2026-07-16,Will Kate O’Flynn – “Widow’s Bay” win Emmys 2026: Outstanding supporting actress in a comedy series?,0x9b9a651f,sell_yes,Sold YES (ask lifted),51.64,0.62,32.0168,0.699,-7.9,0,51.64,-51.64,9595.6,0,0
144,2026-07-16T07:44:00+00:00,2026-07-16,Bab el-Mandeb Strait effectively closed by September 30?,0x95fc6a4e,buy_yes,Bought YES (bid hit),103.28,0.17,17.5576,0.17,-0,206.56,115.674,90.8864,9578.04,0,0
145,2026-07-16T09:11:00+00:00,2026-07-16,Clarity Act (H.R.3633) signed into law in 2026?,0x9cb23d04,sell_yes,Sold YES (ask lifted),51.64,0.35,18.074,0.355,-0.5,48.5416,59.386,-10.8444,9596.12,0,0
146,2026-07-16T09:59:00+00:00,2026-07-16,Clarity Act (H.R.3633) signed into law in 2026?,0x9cb23d04,buy_yes,Bought YES (bid hit),51.64,0.35,18.074,0.345,-0.5,100.182,59.386,40.7956,9578.04,0,0
147,2026-07-16T10:03:00+00:00,2026-07-16,Clarity Act (H.R.3633) signed into law in 2026?,0x9cb23d04,sell_yes,Sold YES (ask lifted),51.64,0.35,18.074,0.355,-0.5,48.5416,59.386,-10.8444,9596.12,0,0
148,2026-07-16T10:07:00+00:00,2026-07-16,Bab el-Mandeb Strait effectively closed by September 30?,0x95fc6a4e,sell_yes,Sold YES (ask lifted),103.28,0.16,16.5248,0.165,-0.5,103.28,115.674,-12.3936,9612.64,0,0
149,2026-07-16T10:18:00+00:00,2026-07-16,Clarity Act (H.R.3633) signed into law in 2026?,0x9cb23d04,buy_yes,Bought YES (bid hit),51.64,0.35,18.074,0.345,-0.5,100.182,59.386,40.7956,9594.57,0,0
150,2026-07-16T10:19:00+00:00,2026-07-16,Clarity Act (H.R.3633) signed into law in 2026?,0x9cb23d04,sell_yes,Sold YES (ask lifted),51.64,0.35,18.074,0.355,-0.5,48.5416,59.386,-10.8444,9612.64,0,0
151,2026-07-16T11:15:00+00:00,2026-07-16,Will the Fed increase interest rates by 25 bps after the October 2026 meeting?,0x12aa13b3,buy_yes,Bought YES (bid hit),57.8368,0.21,12.1457,0.205,-0.5,109.477,51.64,57.8368,9600.5,0,0
152,2026-07-16T11:31:00+00:00,2026-07-16,Bab el-Mandeb Strait effectively closed by September 30?,0x95fc6a4e,buy_yes,Bought YES (bid hit),103.28,0.17,17.5576,0.17,-0,206.56,115.674,90.8864,9582.94,0,0
153,2026-07-16T11:50:00+00:00,2026-07-16,Bab el-Mandeb Strait effectively closed by September 30?,0x95fc6a4e,sell_yes,Sold YES (ask lifted),106.378,0.17,18.0843,0.185,-1.5,100.182,115.674,-15.492,9601.02,0,0
154,2026-07-16T11:51:00+00:00,2026-07-16,Bab el-Mandeb Strait effectively closed by September 30?,0x95fc6a4e,buy_yes,Bought YES (bid hit),103.28,0.18,18.5904,0.175,-0.5,203.462,115.674,87.788,9582.43,0,0
155,2026-07-16T11:52:00+00:00,2026-07-16,Bab el-Mandeb Strait effectively closed by September 30?,0x95fc6a4e,sell_yes,Sold YES (ask lifted),106.378,0.18,19.1481,0.19,-1,97.0832,115.674,-18.5904,9601.58,0,0
156,2026-07-16T12:08:00+00:00,2026-07-16,Will the Fed increase interest rates by 25 bps after the September 2026 meeting?,0x876506d8,sell_yes,Sold YES (ask lifted),103.28,0.28,28.9184,0.285,-0.5,32.8596,112.575,-79.7156,9630.5,0,0
157,2026-07-16T12:25:00+00:00,2026-07-16,Bab el-Mandeb Strait effectively closed by September 30?,0x95fc6a4e,buy_yes,Bought YES (bid hit),103.28,0.21,21.6888,0.205,-0.5,200.363,115.674,84.6896,9608.81,0,0
158,2026-07-16T12:27:00+00:00,2026-07-16,Bab el-Mandeb Strait effectively closed by September 30?,0x95fc6a4e,sell_yes,Sold YES (ask lifted),103.28,0.21,21.6888,0.23,-2,97.0832,115.674,-18.5904,9630.5,0,0
159,2026-07-16T12:34:00+00:00,2026-07-16,Bab el-Mandeb Strait effectively closed by September 30?,0x95fc6a4e,buy_yes,Bought YES (bid hit),103.28,0.22,22.7216,0.21,-1,200.363,115.674,84.6896,9607.78,0,0
160,2026-07-16T13:02:00+00:00,2026-07-16,Will there be no change in Fed interest rates after the September 2026 meeting?,0xa3b36b2d,buy_yes,Bought YES (bid hit),103.28,0.66,68.1648,0.655,-0.5,212.757,124.969,87.788,9539.61,0,0
161,2026-07-16T13:23:00+00:00,2026-07-16,Bab el-Mandeb Strait effectively closed by September 30?,0x95fc6a4e,sell_yes,Sold YES (ask lifted),103.28,0.21,21.6888,0.21,-0,97.0832,115.674,-18.5904,9561.3,0,0
162,2026-07-16T20:04:00+00:00,2026-07-16,Will the Fed increase interest rates by 25 bps after the September 2026 meeting?,0x876506d8,buy_yes,Bought YES (bid hit),103.28,0.33,34.0824,0.325,-0.5,136.14,112.575,23.5644,9527.22,0,0
163,2026-07-16T20:15:00+00:00,2026-07-16,Bab el-Mandeb Strait effectively closed by September 30?,0x95fc6a4e,buy_yes,Bought YES (bid hit),103.28,0.21,21.6888,0.205,-0.5,200.363,115.674,84.6896,9505.53,0,0
164,2026-07-16T20:17:00+00:00,2026-07-16,Bab el-Mandeb Strait effectively closed by September 30?,0x95fc6a4e,sell_yes,Sold YES (ask lifted),103.28,0.21,21.6888,0.21,-0,97.0832,115.674,-18.5904,9527.22,0,0
165,2026-07-16T20:40:00+00:00,2026-07-16,Bab el-Mandeb Strait effectively closed by September 30?,0x95fc6a4e,buy_yes,Bought YES (bid hit),103.28,0.21,21.6888,0.205,-0.5,200.363,115.674,84.6896,9505.53,0,0
166,2026-07-16T22:05:00+00:00,2026-07-16,Bab el-Mandeb Strait effectively closed by September 30?,0x95fc6a4e,sell_yes,Sold YES (ask lifted),103.28,0.21,21.6888,0.215,-0.5,97.0832,115.674,-18.5904,9527.22,0,0
167,2026-07-16T22:27:00+00:00,2026-07-16,Clarity Act (H.R.3633) signed into law in 2026?,0x9cb23d04,buy_yes,Bought YES (bid hit),53.1892,0.44,23.4032,0.435,-0.5,101.731,59.386,42.3448,9503.82,0,0
168,2026-07-17T00:00:00+00:00,2026-07-17,Clarity Act (H.R.3633) signed into law in 2026?,0x9cb23d04,sell_yes,Sold YES (ask lifted),51.64,0.42,21.6888,0.455,-3.5,50.0908,59.386,-9.2952,9570.89,0,0
169,2026-07-17T00:04:00+00:00,2026-07-17,Bab el-Mandeb Strait effectively closed by September 30?,0x95fc6a4e,buy_yes,Bought YES (bid hit),103.28,0.26,26.8528,0.23,-3,200.363,115.674,84.6896,9544.04,0,0
170,2026-07-17T00:37:00+00:00,2026-07-17,Clarity Act (H.R.3633) signed into law in 2026?,0x9cb23d04,buy_yes,Bought YES (bid hit),56.2876,0.41,23.0779,0.405,-0.5,106.378,59.386,46.9924,9520.96,0,0
171,2026-07-17T00:39:00+00:00,2026-07-17,Clarity Act (H.R.3633) signed into law in 2026?,0x9cb23d04,sell_yes,Sold YES (ask lifted),51.64,0.41,21.1724,0.41,-0,54.7384,59.386,-4.6476,9542.13,0,0
172,2026-07-17T00:56:00+00:00,2026-07-17,Bab el-Mandeb Strait effectively closed by September 30?,0x95fc6a4e,sell_yes,Sold YES (ask lifted),103.28,0.23,23.7544,0.235,-0.5,97.0832,115.674,-18.5904,9565.89,0,0
173,2026-07-17T00:59:00+00:00,2026-07-17,Bab el-Mandeb Strait effectively closed by September 30?,0x95fc6a4e,buy_yes,Bought YES (bid hit),103.28,0.23,23.7544,0.23,-0,200.363,115.674,84.6896,9542.13,0,0
174,2026-07-17T01:03:00+00:00,2026-07-17,Bab el-Mandeb Strait effectively closed by September 30?,0x95fc6a4e,sell_yes,Sold YES (ask lifted),103.28,0.23,23.7544,0.235,-0.5,97.0832,115.674,-18.5904,9565.89,0,0
175,2026-07-17T01:05:00+00:00,2026-07-17,Bab el-Mandeb Strait effectively closed by September 30?,0x95fc6a4e,buy_yes,Bought YES (bid hit),103.28,0.23,23.7544,0.23,-0,200.363,115.674,84.6896,9542.13,0,0
176,2026-07-17T01:09:00+00:00,2026-07-17,Bab el-Mandeb Strait effectively closed by September 30?,0x95fc6a4e,sell_yes,Sold YES (ask lifted),103.28,0.23,23.7544,0.235,-0.5,97.0832,115.674,-18.5904,9565.89,0,0
177,2026-07-17T01:11:00+00:00,2026-07-17,Bab el-Mandeb Strait effectively closed by September 30?,0x95fc6a4e,buy_yes,Bought YES (bid hit),103.28,0.23,23.7544,0.23,-0,200.363,115.674,84.6896,9542.13,0,0
178,2026-07-17T01:15:00+00:00,2026-07-17,Bab el-Mandeb Strait effectively closed by September 30?,0x95fc6a4e,sell_yes,Sold YES (ask lifted),103.28,0.23,23.7544,0.235,-0.5,97.0832,115.674,-18.5904,9565.89,0,0
179,2026-07-17T01:19:00+00:00,2026-07-17,Bab el-Mandeb Strait effectively closed by September 30?,0x95fc6a4e,buy_yes,Bought YES (bid hit),103.28,0.23,23.7544,0.23,-0,200.363,115.674,84.6896,9542.13,0,0
180,2026-07-17T01:23:00+00:00,2026-07-17,Bab el-Mandeb Strait effectively closed by September 30?,0x95fc6a4e,sell_yes,Sold YES (ask lifted),103.28,0.23,23.7544,0.235,-0.5,97.0832,115.674,-18.5904,9565.89,0,0
181,2026-07-17T01:24:00+00:00,2026-07-17,Bab el-Mandeb Strait effectively closed by September 30?,0x95fc6a4e,buy_yes,Bought YES (bid hit),103.28,0.23,23.7544,0.23,-0,200.363,115.674,84.6896,9542.13,0,0
182,2026-07-17T01:25:00+00:00,2026-07-17,Bab el-Mandeb Strait effectively closed by September 30?,0x95fc6a4e,sell_yes,Sold YES (ask lifted),103.28,0.23,23.7544,0.235,-0.5,97.0832,115.674,-18.5904,9565.89,0,0
183,2026-07-17T01:27:00+00:00,2026-07-17,Bab el-Mandeb Strait effectively closed by September 30?,0x95fc6a4e,buy_yes,Bought YES (bid hit),103.28,0.23,23.7544,0.23,-0,200.363,115.674,84.6896,9542.13,0,0
184,2026-07-17T01:31:00+00:00,2026-07-17,Bab el-Mandeb Strait effectively closed by September 30?,0x95fc6a4e,sell_yes,Sold YES (ask lifted),103.28,0.23,23.7544,0.235,-0.5,97.0832,115.674,-18.5904,9565.89,0,0
185,2026-07-17T01:34:00+00:00,2026-07-17,Bab el-Mandeb Strait effectively closed by September 30?,0x95fc6a4e,buy_yes,Bought YES (bid hit),109.477,0.23,25.1797,0.225,-0.5,206.56,115.674,90.8864,9540.71,0,0
186,2026-07-17T01:59:00+00:00,2026-07-17,Bab el-Mandeb Strait effectively closed by September 30?,0x95fc6a4e,sell_yes,Sold YES (ask lifted),103.28,0.22,22.7216,0.23,-1,103.28,115.674,-12.3936,9563.43,0,0
187,2026-07-17T02:47:00+00:00,2026-07-17,Bab el-Mandeb Strait effectively closed by September 30?,0x95fc6a4e,buy_yes,Bought YES (bid hit),103.28,0.23,23.7544,0.225,-0.5,206.56,115.674,90.8864,9539.68,0,0
188,2026-07-17T05:25:00+00:00,2026-07-17,Will Kate O’Flynn – “Widow’s Bay” win Emmys 2026: Outstanding supporting actress in a comedy series?,0x9b9a651f,buy_yes,Bought YES (bid hit),51.64,0.55,28.402,0.5255,-2.45,51.64,51.64,0,9511.27,0,0
189,2026-07-17T09:04:00+00:00,2026-07-17,Bab el-Mandeb Strait effectively closed by September 30?,0x95fc6a4e,sell_yes,Sold YES (ask lifted),109.477,0.23,25.1797,0.265,-3.5,97.0832,115.674,-18.5904,9536.45,0,0
190,2026-07-17T09:35:00+00:00,2026-07-17,Bab el-Mandeb Strait effectively closed by September 30?,0x95fc6a4e,buy_yes,Bought YES (bid hit),103.28,0.25,25.82,0.245,-0.5,200.363,115.674,84.6896,9510.63,0,0
191,2026-07-17T14:51:00+00:00,2026-07-17,Bab el-Mandeb Strait effectively closed by September 30?,0x95fc6a4e,sell_yes,Sold YES (ask lifted),103.28,0.22,22.7216,0.225,-0.5,97.0832,115.674,-18.5904,9533.35,0,0
192,2026-07-17T16:57:00+00:00,2026-07-17,Fed Rate Hike by October 2026 Meeting?,0x059db22d,sell_yes,Sold YES (ask lifted),106.378,0.43,45.7427,0.435,-0.5,80.1453,103.28,-23.1347,9579.1,0,0
193,2026-07-17T17:51:00+00:00,2026-07-17,Iran leadership change by December 31?,0x377e7fe6,sell_yes,Sold YES (ask lifted),103.28,0.2,20.656,0.205,-0.5,0,15.492,-15.492,9599.75,0,0
194,2026-07-17T20:24:00+00:00,2026-07-17,Will the Fed increase interest rates by 25 bps after the September 2026 meeting?,0x876506d8,sell_yes,Sold YES (ask lifted),103.28,0.35,36.148,0.355,-0.5,32.8596,112.575,-79.7156,9635.9,0,0
195,2026-07-17T20:25:00+00:00,2026-07-17,Will the Fed increase interest rates by 25 bps after the September 2026 meeting?,0x876506d8,buy_yes,Bought YES (bid hit),103.28,0.35,36.148,0.345,-0.5,136.14,112.575,23.5644,9599.75,0,0
196,2026-07-17T20:36:00+00:00,2026-07-17,Will the Fed increase interest rates by 25 bps after the September 2026 meeting?,0x876506d8,sell_yes,Sold YES (ask lifted),106.378,0.35,37.2324,0.355,-0.5,29.7612,112.575,-82.814,9636.99,0,0
197,2026-07-17T20:50:00+00:00,2026-07-17,Will there be no change in Fed interest rates after the September 2026 meeting?,0xa3b36b2d,sell_yes,Sold YES (ask lifted),103.28,0.6,61.968,0.605,-0.5,109.477,124.969,-15.492,9698.95,0,0
198,2026-07-17T23:47:00+00:00,2026-07-17,Bab el-Mandeb Strait effectively closed by September 30?,0x95fc6a4e,buy_yes,Bought YES (bid hit),103.28,0.23,23.7544,0.23,-0,200.363,115.674,84.6896,9675.2,0,0
199,2026-07-17T23:48:00+00:00,2026-07-17,Bab el-Mandeb Strait effectively closed by September 30?,0x95fc6a4e,sell_yes,Sold YES (ask lifted),106.378,0.23,24.467,0.235,-0.5,93.9848,115.674,-21.6888,9699.67,0,0
200,2026-07-17T23:59:00+00:00,2026-07-17,Bab el-Mandeb Strait effectively closed by September 30?,0x95fc6a4e,buy_yes,Bought YES (bid hit),103.28,0.23,23.7544,0.23,-0,197.265,115.674,81.5912,9675.91,0,0
201,2026-07-18T00:00:00+00:00,2026-07-18,Strait of Hormuz traffic returns to normal by December 31?,0x5c79dfde,sell_yes,Sold YES (ask lifted),103.28,0.54,55.7712,0.555,-1.5,0,103.28,-103.28,9734.92,0,0
202,2026-07-18T00:00:00+00:00,2026-07-18,Will “The Late Show With Stephen Colbert” win Emmys 2026: Outstanding variety series?,0x607f376c,sell_yes,Sold YES (ask lifted),51.64,0.19,9.8116,0.2,-1,0,51.64,-51.64,9702.9,0,0
203,2026-07-18T00:00:00+00:00,2026-07-18,Will Ulf Kristersson be the next Prime Minister of Sweden?,0x8a42bb4c,buy_yes,Bought YES (bid hit),51.64,0.12,6.1968,0.115,-0.5,51.64,0,51.64,9696.71,0,0
204,2026-07-18T00:00:00+00:00,2026-07-18,Will Japan's core-core CPI increase by between 2.0 and 2.4% in 2026?,0x9013401c,buy_yes,Bought YES (bid hit),10.328,0.37,3.8214,0.29,-8,10.328,0,10.328,9692.88,0,0
205,2026-07-18T00:00:00+00:00,2026-07-18,Will there be no change in Fed interest rates after the September 2026 meeting?,0xa3b36b2d,buy_yes,Bought YES (bid hit),103.28,0.6,61.968,0.595,-0.5,212.757,124.969,87.788,9630.92,0,0
206,2026-07-18T00:01:00+00:00,2026-07-18,Strait of Hormuz traffic returns to normal by December 31?,0x5c79dfde,buy_yes,Bought YES (bid hit),109.477,0.55,60.2122,0.53,-2,109.477,103.28,6.1968,9570.7,0,0
207,2026-07-18T00:01:00+00:00,2026-07-18,Will Ulf Kristersson be the next Prime Minister of Sweden?,0x8a42bb4c,sell_yes,Sold YES (ask lifted),53.1892,0.12,6.3827,0.155,-3.5,0,1.5492,-1.5492,9575.72,0,0
208,2026-07-18T00:01:00+00:00,2026-07-18,Bab el-Mandeb Strait effectively closed by September 30?,0x95fc6a4e,sell_yes,Sold YES (ask lifted),106.378,0.23,24.467,0.235,-0.5,90.8864,115.674,-24.7872,9600.19,0,0
209,2026-07-18T00:03:00+00:00,2026-07-18,Will “The Late Show With Stephen Colbert” win Emmys 2026: Outstanding variety series?,0x607f376c,buy_yes,Bought YES (bid hit),51.64,0.18,9.2952,0.145,-3.5,51.64,51.64,0,9590.89,0,0
210,2026-07-18T00:08:00+00:00,2026-07-18,Bab el-Mandeb Strait effectively closed by September 30?,0x95fc6a4e,buy_yes,Bought YES (bid hit),106.378,0.23,24.467,0.23,-0,197.265,115.674,81.5912,9566.43,0,0
211,2026-07-18T00:25:00+00:00,2026-07-18,Bab el-Mandeb Strait effectively closed by September 30?,0x95fc6a4e,sell_yes,Sold YES (ask lifted),103.28,0.23,23.7544,0.24,-1,93.9848,115.674,-21.6888,9590.18,0,0
212,2026-07-18T03:02:00+00:00,2026-07-18,Clarity Act (H.R.3633) signed into law in 2026?,0x9cb23d04,sell_yes,Sold YES (ask lifted),53.1892,0.36,19.1481,0.375,-1.5,1.5492,59.386,-57.8368,9609.33,0,0
213,2026-07-18T08:40:00+00:00,2026-07-18,Bab el-Mandeb Strait effectively closed by September 30?,0x95fc6a4e,buy_yes,Bought YES (bid hit),103.28,0.23,23.7544,0.225,-0.5,197.265,115.674,81.5912,9585.58,0,0
214,2026-07-18T12:03:00+00:00,2026-07-18,Bab el-Mandeb Strait effectively closed by September 30?,0x95fc6a4e,sell_yes,Sold YES (ask lifted),103.28,0.23,23.7544,0.235,-0.5,93.9848,115.674,-21.6888,9609.33,0,0
215,2026-07-19T00:00:00+00:00,2026-07-19,Will the Fed increase interest rates by 25 bps after the October 2026 meeting?,0x12aa13b3,sell_yes,Sold YES (ask lifted),51.64,0.19,9.8116,0.23,-4,57.8368,51.64,6.1968,9665.09,0,0
216,2026-07-19T00:02:00+00:00,2026-07-19,Will “The Late Show With Stephen Colbert” win Emmys 2026: Outstanding variety series?,0x607f376c,buy_yes,Bought YES (bid hit),51.64,0.15,7.746,0.145,-0.5,103.28,51.64,51.64,9657.35,0,0
217,2026-07-19T00:16:00+00:00,2026-07-19,Bab el-Mandeb Strait effectively closed by September 30?,0x95fc6a4e,buy_yes,Bought YES (bid hit),106.378,0.25,26.5946,0.245,-0.5,200.363,115.674,84.6896,9630.75,0,0
218,2026-07-19T02:40:00+00:00,2026-07-19,Clarity Act (H.R.3633) signed into law in 2026?,0x9cb23d04,buy_yes,Bought YES (bid hit),51.64,0.41,21.1724,0.395,-1.5,53.1892,59.386,-6.1968,9609.58,0,0
219,2026-07-19T04:06:00+00:00,2026-07-19,Will the Fed increase interest rates by 25 bps after the September 2026 meeting?,0x876506d8,buy_yes,Bought YES (bid hit),103.28,0.36,37.1808,0.355,-0.5,133.041,112.575,20.466,9572.4,0,0
220,2026-07-19T04:34:00+00:00,2026-07-19,Bab el-Mandeb Strait effectively closed by September 30?,0x95fc6a4e,sell_yes,Sold YES (ask lifted),103.28,0.24,24.7872,0.245,-0.5,97.0832,115.674,-18.5904,9597.19,0,0
221,2026-07-19T07:55:00+00:00,2026-07-19,Bab el-Mandeb Strait effectively closed by September 30?,0x95fc6a4e,buy_yes,Bought YES (bid hit),103.28,0.23,23.7544,0.23,-0,200.363,115.674,84.6896,9573.43,0,0
222,2026-07-19T08:13:00+00:00,2026-07-19,Bab el-Mandeb Strait effectively closed by September 30?,0x95fc6a4e,sell_yes,Sold YES (ask lifted),103.28,0.23,23.7544,0.24,-1,97.0832,115.674,-18.5904,9597.19,0,0
223,2026-07-19T08:17:00+00:00,2026-07-19,Clarity Act (H.R.3633) signed into law in 2026?,0x9cb23d04,buy_yes,Bought YES (bid hit),51.64,0.38,19.6232,0.35,-3,104.829,59.386,45.4432,9577.56,0,0
224,2026-07-19T11:24:00+00:00,2026-07-19,Iran leadership change by December 31?,0x377e7fe6,buy_yes,Bought YES (bid hit),103.28,0.26,26.8528,0.255,-0.5,103.28,15.492,87.788,9550.71,0,0
225,2026-07-19T13:50:00+00:00,2026-07-19,Iran leadership change by December 31?,0x377e7fe6,sell_yes,Sold YES (ask lifted),103.28,0.26,26.8528,0.265,-0.5,0,15.492,-15.492,9577.56,0,0
226,2026-07-19T15:07:00+00:00,2026-07-19,Will there be no change in Fed interest rates after the October 2026 meeting?,0xdf9bf27e,buy_yes,Bought YES (bid hit),51.64,0.62,32.0168,0.585,-3.5,54.7384,0,54.7384,9545.55,0,0
227,2026-07-19T15:19:00+00:00,2026-07-19,Will there be no change in Fed interest rates after the October 2026 meeting?,0xdf9bf27e,sell_yes,Sold YES (ask lifted),51.64,0.6,30.984,0.6,-0,3.0984,0,3.0984,9576.53,0,0
228,2026-07-19T15:55:00+00:00,2026-07-19,Will there be no change in Fed interest rates after the September 2026 meeting?,0xa3b36b2d,sell_yes,Sold YES (ask lifted),103.28,0.59,60.9352,0.595,-0.5,109.477,124.969,-15.492,9637.46,0,0
229,2026-07-19T17:54:00+00:00,2026-07-19,Bab el-Mandeb Strait effectively closed by September 30?,0x95fc6a4e,buy_yes,Bought YES (bid hit),103.28,0.24,24.7872,0.235,-0.5,200.363,115.674,84.6896,9612.68,0,0
230,2026-07-19T17:58:00+00:00,2026-07-19,Bab el-Mandeb Strait effectively closed by September 30?,0x95fc6a4e,sell_yes,Sold YES (ask lifted),106.378,0.23,24.467,0.235,-0.5,93.9848,115.674,-21.6888,9637.14,0,0
231,2026-07-19T19:04:00+00:00,2026-07-19,Bab el-Mandeb Strait effectively closed by September 30?,0x95fc6a4e,buy_yes,Bought YES (bid hit),103.28,0.26,26.8528,0.255,-0.5,197.265,115.674,81.5912,9610.29,0,0
232,2026-07-19T20:31:00+00:00,2026-07-19,Bab el-Mandeb Strait effectively closed by September 30?,0x95fc6a4e,sell_yes,Sold YES (ask lifted),103.28,0.27,27.8856,0.285,-1.5,93.9848,115.674,-21.6888,9638.18,0,0
233,2026-07-19T20:33:00+00:00,2026-07-19,Strait of Hormuz traffic returns to normal by December 31?,0x5c79dfde,sell_yes,Sold YES (ask lifted),106.378,0.54,57.4443,0.545,-0.5,3.0984,103.28,-100.182,9695.62,0,0
234,2026-07-19T21:44:00+00:00,2026-07-19,Will Harry Kane win the 2026 Ballon d'Or?,0x12dc2b61,sell_yes,Sold YES (ask lifted),29.1508,0.22,6.4132,0.228,-0.8,0,29.1508,-29.1508,9679.3,0,0
235,2026-07-19T21:46:00+00:00,2026-07-19,Bab el-Mandeb Strait effectively closed by September 30?,0x95fc6a4e,buy_yes,Bought YES (bid hit),103.28,0.27,27.8856,0.265,-0.5,197.265,115.674,81.5912,9651.41,0,0
236,2026-07-19T22:25:00+00:00,2026-07-19,Will the Fed increase interest rates by 25 bps after the September 2026 meeting?,0x876506d8,sell_yes,Sold YES (ask lifted),103.28,0.36,37.1808,0.365,-0.5,29.7612,112.575,-82.814,9688.59,0,0
237,2026-07-19T22:47:00+00:00,2026-07-19,Will Harry Kane win the 2026 Ballon d'Or?,0x12dc2b61,buy_yes,Bought YES (bid hit),38.1361,0.5,19.0681,0.4865,-1.35,38.1361,29.1508,8.98536,9669.52,0,0
238,2026-07-19T22:54:00+00:00,2026-07-19,Will Harry Kane win the 2026 Ballon d'Or?,0x12dc2b61,sell_yes,Sold YES (ask lifted),13.3103,0.43,5.7234,0.4345,-0.45,24.8258,29.1508,-4.32495,9675.25,0,0
239,2026-07-19T23:01:00+00:00,2026-07-19,Will Harry Kane win the 2026 Ballon d'Or?,0x12dc2b61,buy_yes,Bought YES (bid hit),11.9805,0.39,4.6724,0.387,-0.3,36.8063,29.1508,7.65553,9670.58,0,0
240,2026-07-19T23:01:00+00:00,2026-07-19,Will there be no change in Fed interest rates after the September 2026 meeting?,0xa3b36b2d,buy_yes,Bought YES (bid hit),103.28,0.59,60.9352,0.585,-0.5,212.757,124.969,87.788,9609.64,0,0
241,2026-07-19T23:31:00+00:00,2026-07-19,Bab el-Mandeb Strait effectively closed by September 30?,0x95fc6a4e,sell_yes,Sold YES (ask lifted),103.28,0.26,26.8528,0.28,-2,93.9848,115.674,-21.6888,9636.49,0,0
242,2026-07-19T23:33:00+00:00,2026-07-19,Bab el-Mandeb Strait effectively closed by September 30?,0x95fc6a4e,buy_yes,Bought YES (bid hit),103.28,0.26,26.8528,0.25,-1,197.265,115.674,81.5912,9609.64,0,0
243,2026-07-19T23:53:00+00:00,2026-07-19,Will Harry Kane win the 2026 Ballon d'Or?,0x12dc2b61,sell_yes,Sold YES (ask lifted),25.82,0.43,11.1026,0.438,-0.8,10.9863,29.1508,-18.1645,9620.74,0,0
244,2026-07-19T23:56:00+00:00,2026-07-19,Will Harry Kane win the 2026 Ballon d'Or?,0x12dc2b61,buy_yes,Bought YES (bid hit),11.9805,0.41,4.912,0.405,-0.5,22.9668,29.1508,-6.18399,9615.83,0,0
245,2026-07-20T00:00:00+00:00,2026-07-20,Bab el-Mandeb Strait effectively closed by September 30?,0x95fc6a4e,sell_yes,Sold YES (ask lifted),103.28,0.25,25.82,0.33,-8,93.9848,115.674,-21.6888,9705.4,0,0
246,2026-07-20T00:08:00+00:00,2026-07-20,Will Harry Kane win the 2026 Ballon d'Or?,0x12dc2b61,buy_yes,Bought YES (bid hit),11.9805,0.44,5.2714,0.4265,-1.35,34.9473,29.1508,5.79649,9700.13,0,0
247,2026-07-20T00:13:00+00:00,2026-07-20,Will “The Late Show With Stephen Colbert” win Emmys 2026: Outstanding variety series?,0x607f376c,sell_yes,Sold YES (ask lifted),51.64,0.15,7.746,0.15,-0,51.64,51.64,0,9707.88,0,0
248,2026-07-20T05:48:00+00:00,2026-07-20,Strait of Hormuz traffic returns to normal by December 31?,0x5c79dfde,buy_yes,Bought YES (bid hit),103.28,0.52,53.7056,0.505,-1.5,106.378,103.28,3.0984,9654.17,0,0
249,2026-07-20T07:00:00+00:00,2026-07-20,Will Harry Kane win the 2026 Ballon d'Or?,0x12dc2b61,buy_yes,Bought YES (bid hit),26.7495,0.36,9.6298,0.3585,-0.15,61.6968,29.1508,32.546,9644.54,0,0
250,2026-07-20T07:15:00+00:00,2026-07-20,Bab el-Mandeb Strait effectively closed by September 30?,0x95fc6a4e,buy_yes,Bought YES (bid hit),103.28,0.24,24.7872,0.235,-0.5,197.265,115.674,81.5912,9619.76,0,0
251,2026-07-20T07:32:00+00:00,2026-07-20,Bab el-Mandeb Strait effectively closed by September 30?,0x95fc6a4e,sell_yes,Sold YES (ask lifted),103.28,0.23,23.7544,0.235,-0.5,93.9848,115.674,-21.6888,9643.51,0,0
252,2026-07-20T07:55:00+00:00,2026-07-20,Bab el-Mandeb Strait effectively closed by September 30?,0x95fc6a4e,buy_yes,Bought YES (bid hit),106.378,0.23,24.467,0.18,-5,200.363,115.674,84.6896,9619.04,0,0
253,2026-07-20T07:56:00+00:00,2026-07-20,Iran leadership change by December 31?,0x377e7fe6,buy_yes,Bought YES (bid hit),103.28,0.26,26.8528,0.255,-0.5,103.28,15.492,87.788,9592.19,0,0
254,2026-07-20T08:08:00+00:00,2026-07-20,Bab el-Mandeb Strait effectively closed by September 30?,0x95fc6a4e,sell_yes,Sold YES (ask lifted),103.28,0.17,17.5576,0.175,-0.5,97.0832,115.674,-18.5904,9609.75,0,0
255,2026-07-20T08:53:00+00:00,2026-07-20,Bab el-Mandeb Strait effectively closed by September 30?,0x95fc6a4e,buy_yes,Bought YES (bid hit),103.28,0.17,17.5576,0.17,-0,200.363,115.674,84.6896,9592.19,0,0
256,2026-07-20T08:54:00+00:00,2026-07-20,Bab el-Mandeb Strait effectively closed by September 30?,0x95fc6a4e,sell_yes,Sold YES (ask lifted),103.28,0.17,17.5576,0.175,-0.5,97.0832,115.674,-18.5904,9609.75,0,0
257,2026-07-20T08:55:00+00:00,2026-07-20,Bab el-Mandeb Strait effectively closed by September 30?,0x95fc6a4e,buy_yes,Bought YES (bid hit),103.28,0.17,17.5576,0.17,-0,200.363,115.674,84.6896,9592.19,0,0
258,2026-07-20T08:59:00+00:00,2026-07-20,Bab el-Mandeb Strait effectively closed by September 30?,0x95fc6a4e,sell_yes,Sold YES (ask lifted),103.28,0.17,17.5576,0.175,-0.5,97.0832,115.674,-18.5904,9609.75,0,0
259,2026-07-20T09:01:00+00:00,2026-07-20,Bab el-Mandeb Strait effectively closed by September 30?,0x95fc6a4e,buy_yes,Bought YES (bid hit),103.28,0.17,17.5576,0.17,-0,200.363,115.674,84.6896,9592.19,0,0
260,2026-07-20T09:51:00+00:00,2026-07-20,Bab el-Mandeb Strait effectively closed by September 30?,0x95fc6a4e,sell_yes,Sold YES (ask lifted),103.28,0.17,17.5576,0.175,-0.5,97.0832,115.674,-18.5904,9609.75,0,0
261,2026-07-20T09:53:00+00:00,2026-07-20,Bab el-Mandeb Strait effectively closed by September 30?,0x95fc6a4e,buy_yes,Bought YES (bid hit),103.28,0.17,17.5576,0.17,-0,200.363,115.674,84.6896,9592.19,0,0
262,2026-07-20T12:01:00+00:00,2026-07-20,Bab el-Mandeb Strait effectively closed by September 30?,0x95fc6a4e,sell_yes,Sold YES (ask lifted),128.067,0.16,20.4908,0.18,-2,72.296,115.674,-43.3776,9612.68,0,0
263,2026-07-20T12:04:00+00:00,2026-07-20,Bab el-Mandeb Strait effectively closed by September 30?,0x95fc6a4e,buy_yes,Bought YES (bid hit),103.28,0.22,22.7216,0.2,-2,175.576,115.674,59.9024,9589.96,0,0
264,2026-07-20T12:06:00+00:00,2026-07-20,Bab el-Mandeb Strait effectively closed by September 30?,0x95fc6a4e,sell_yes,Sold YES (ask lifted),112.575,0.21,23.6408,0.22,-1,63.0008,115.674,-52.6728,9613.6,0,0
265,2026-07-20T12:14:00+00:00,2026-07-20,Bab el-Mandeb Strait effectively closed by September 30?,0x95fc6a4e,buy_yes,Bought YES (bid hit),112.575,0.23,25.8923,0.23,-0,175.576,115.674,59.9024,9587.71,0,0
266,2026-07-20T12:20:00+00:00,2026-07-20,Bab el-Mandeb Strait effectively closed by September 30?,0x95fc6a4e,sell_yes,Sold YES (ask lifted),106.378,0.22,23.4032,0.225,-0.5,69.1976,115.674,-46.476,9611.11,0,0
267,2026-07-20T13:55:00+00:00,2026-07-20,Bab el-Mandeb Strait effectively closed by September 30?,0x95fc6a4e,buy_yes,Bought YES (bid hit),103.28,0.23,23.7544,0.23,-0,172.478,115.674,56.804,9587.36,0,0
268,2026-07-20T14:36:00+00:00,2026-07-20,Bab el-Mandeb Strait effectively closed by September 30?,0x95fc6a4e,sell_yes,Sold YES (ask lifted),103.28,0.21,21.6888,0.21,-0,69.1976,115.674,-46.476,9609.05,0,0
269,2026-07-20T16:48:00+00:00,2026-07-20,Will there be no change in Fed interest rates after the September 2026 meeting?,0xa3b36b2d,sell_yes,Sold YES (ask lifted),103.28,0.54,55.7712,0.545,-0.5,109.477,124.969,-15.492,9664.82,0,0
270,2026-07-20T16:49:00+00:00,2026-07-20,Will there be no change in Fed interest rates after the September 2026 meeting?,0xa3b36b2d,buy_yes,Bought YES (bid hit),103.28,0.54,55.7712,0.535,-0.5,212.757,124.969,87.788,9609.05,0,0
271,2026-07-20T16:50:00+00:00,2026-07-20,Will there be no change in Fed interest rates after the September 2026 meeting?,0xa3b36b2d,sell_yes,Sold YES (ask lifted),103.28,0.54,55.7712,0.545,-0.5,109.477,124.969,-15.492,9664.82,0,0
272,2026-07-20T17:43:00+00:00,2026-07-20,Bab el-Mandeb Strait effectively closed by September 30?,0x95fc6a4e,buy_yes,Bought YES (bid hit),103.28,0.24,24.7872,0.225,-1.5,172.478,115.674,56.804,9640.03,0,0
273,2026-07-20T22:23:00+00:00,2026-07-20,Will Japan's core-core CPI increase by between 2.0 and 2.4% in 2026?,0x9013401c,sell_yes,Sold YES (ask lifted),13.4264,0.41,5.5048,0.57,-16,0,3.0984,-3.0984,9643.71,0,0
274,2026-07-20T22:53:00+00:00,2026-07-20,Clarity Act (H.R.3633) signed into law in 2026?,0x9cb23d04,sell_yes,Sold YES (ask lifted),60.9352,0.32,19.4993,0.325,-0.5,43.894,59.386,-15.492,9663.21,0,0
275,2026-07-20T23:11:00+00:00,2026-07-20,Will Harry Kane win the 2026 Ballon d'Or?,0x12dc2b61,sell_yes,Sold YES (ask lifted),25.8975,0.36,9.3231,0.378,-1.8,35.7993,29.1508,6.64855,9672.53,0,0
276,2026-07-21T00:00:00+00:00,2026-07-21,Will “DTF St. Louis” win Emmys 2026: Outstanding limited or anthology series?,0x8096b13b,sell_yes,Sold YES (ask lifted),51.64,0.53,27.3692,0.565,-3.5,0,51.64,-51.64,9725.56,0,0
277,2026-07-21T00:00:00+00:00,2026-07-21,Will the Fed increase interest rates by 25 bps after the September 2026 meeting?,0x876506d8,buy_yes,Bought YES (bid hit),103.28,0.41,42.3448,0.405,-0.5,133.041,112.575,20.466,9683.22,0,0
278,2026-07-21T00:00:00+00:00,2026-07-21,Bab el-Mandeb Strait effectively closed by December 31?,0xd8659b58,sell_yes,Sold YES (ask lifted),103.28,0.36,37.1808,0.445,-8.5,0,103.28,-103.28,9654.3,0,0
279,2026-07-21T00:02:00+00:00,2026-07-21,Iran leadership change by December 31?,0x377e7fe6,sell_yes,Sold YES (ask lifted),103.28,0.23,23.7544,0.235,-0.5,0,15.492,-15.492,9678.05,0,0
280,2026-07-21T00:02:00+00:00,2026-07-21,Will “DTF St. Louis” win Emmys 2026: Outstanding limited or anthology series?,0x8096b13b,buy_yes,Bought YES (bid hit),51.64,0.54,27.8856,0.495,-4.5,51.64,51.64,0,9650.17,0,0
281,2026-07-21T00:02:00+00:00,2026-07-21,Bab el-Mandeb Strait effectively closed by December 31?,0xd8659b58,buy_yes,Bought YES (bid hit),112.575,0.44,49.5331,0.34,-10,112.575,103.28,9.2952,9600.63,0,0
282,2026-07-21T00:04:00+00:00,2026-07-21,Will “DTF St. Louis” win Emmys 2026: Outstanding limited or anthology series?,0x8096b13b,sell_yes,Sold YES (ask lifted),51.64,0.54,27.8856,0.545,-0.5,0,51.64,-51.64,9628.52,0,0
283,2026-07-21T00:13:00+00:00,2026-07-21,Will the Fed increase interest rates by 25 bps after the September 2026 meeting?,0x876506d8,sell_yes,Sold YES (ask lifted),103.28,0.41,42.3448,0.415,-0.5,29.7612,112.575,-82.814,9670.86,0,0
284,2026-07-21T01:37:00+00:00,2026-07-21,Clarity Act (H.R.3633) signed into law in 2026?,0x9cb23d04,buy_yes,Bought YES (bid hit),51.64,0.42,21.6888,0.415,-0.5,95.534,59.386,36.148,9649.17,0,0
285,2026-07-21T01:42:00+00:00,2026-07-21,Clarity Act (H.R.3633) signed into law in 2026?,0x9cb23d04,sell_yes,Sold YES (ask lifted),51.64,0.42,21.6888,0.425,-0.5,43.894,59.386,-15.492,9670.86,0,0
286,2026-07-21T02:32:00+00:00,2026-07-21,Clarity Act (H.R.3633) signed into law in 2026?,0x9cb23d04,buy_yes,Bought YES (bid hit),51.64,0.43,22.2052,0.425,-0.5,95.534,59.386,36.148,9648.66,0,0
287,2026-07-21T04:57:00+00:00,2026-07-21,Will Stephen Root – “Widow’s Bay” win Emmys 2026: Outstanding supporting actor in a comedy series?,0xbca22b54,buy_yes,Bought YES (bid hit),51.64,0.39,20.1396,0.36,-3,51.64,0,51.64,9628.52,0,0
288,2026-07-21T05:44:00+00:00,2026-07-21,Clarity Act (H.R.3633) signed into law in 2026?,0x9cb23d04,sell_yes,Sold YES (ask lifted),51.64,0.4,20.656,0.405,-0.5,43.894,59.386,-15.492,9649.17,0,0
289,2026-07-21T10:49:00+00:00,2026-07-21,Bab el-Mandeb Strait effectively closed by September 30?,0x95fc6a4e,sell_yes,Sold YES (ask lifted),103.28,0.21,21.6888,0.215,-0.5,69.1976,115.674,-46.476,9670.86,0,0
290,2026-07-21T12:43:00+00:00,2026-07-21,Will there be no change in Fed interest rates after the September 2026 meeting?,0xa3b36b2d,buy_yes,Bought YES (bid hit),103.28,0.54,55.7712,0.535,-0.5,212.757,124.969,87.788,9615.09,0,0
291,2026-07-21T12:56:00+00:00,2026-07-21,Bab el-Mandeb Strait effectively closed by December 31?,0xd8659b58,sell_yes,Sold YES (ask lifted),103.28,0.33,34.0824,0.335,-0.5,9.2952,103.28,-93.9848,9649.17,0,0
292,2026-07-21T13:43:00+00:00,2026-07-21,Fed Rate Hike by October 2026 Meeting?,0x059db22d,buy_yes,Bought YES (bid hit),103.28,0.53,54.7384,0.52,-1,183.425,103.28,80.1453,9594.44,0,0
293,2026-07-21T13:50:00+00:00,2026-07-21,Will “DTF St. Louis” win Emmys 2026: Outstanding limited or anthology series?,0x8096b13b,buy_yes,Bought YES (bid hit),51.64,0.43,22.2052,0.425,-0.5,51.64,51.64,0,9572.23,0,0
294,2026-07-21T15:21:00+00:00,2026-07-21,Clarity Act (H.R.3633) signed into law in 2026?,0x9cb23d04,buy_yes,Bought YES (bid hit),51.64,0.52,26.8528,0.51,-1,95.534,59.386,36.148,9545.38,0,0
295,2026-07-21T15:41:00+00:00,2026-07-21,Clarity Act (H.R.3633) signed into law in 2026?,0x9cb23d04,sell_yes,Sold YES (ask lifted),51.64,0.5,25.82,0.505,-0.5,43.894,59.386,-15.492,9571.2,0,0
296,2026-07-21T16:34:00+00:00,2026-07-21,Clarity Act (H.R.3633) signed into law in 2026?,0x9cb23d04,buy_yes,Bought YES (bid hit),51.64,0.52,26.8528,0.495,-2.5,95.534,59.386,36.148,9544.34,0,0
297,2026-07-21T17:07:00+00:00,2026-07-21,Clarity Act (H.R.3633) signed into law in 2026?,0x9cb23d04,sell_yes,Sold YES (ask lifted),54.7384,0.46,25.1797,0.465,-0.5,40.7956,59.386,-18.5904,9569.52,0,0
298,2026-07-21T17:42:00+00:00,2026-07-21,Clarity Act (H.R.3633) signed into law in 2026?,0x9cb23d04,buy_yes,Bought YES (bid hit),51.64,0.46,23.7544,0.46,-0,92.4356,59.386,33.0496,9545.77,0,0
299,2026-07-21T17:55:00+00:00,2026-07-21,Bab el-Mandeb Strait effectively closed by September 30?,0x95fc6a4e,buy_yes,Bought YES (bid hit),103.28,0.27,27.8856,0.265,-0.5,172.478,115.674,56.804,9517.88,0,0
300,2026-07-21T17:59:00+00:00,2026-07-21,Clarity Act (H.R.3633) signed into law in 2026?,0x9cb23d04,sell_yes,Sold YES (ask lifted),53.1892,0.44,23.4032,0.45,-1,39.2464,59.386,-20.1396,9541.29,0,0
301,2026-07-21T18:01:00+00:00,2026-07-21,Clarity Act (H.R.3633) signed into law in 2026?,0x9cb23d04,buy_yes,Bought YES (bid hit),51.64,0.44,22.7216,0.435,-0.5,90.8864,59.386,31.5004,9518.57,0,0
302,2026-07-21T18:04:00+00:00,2026-07-21,Clarity Act (H.R.3633) signed into law in 2026?,0x9cb23d04,sell_yes,Sold YES (ask lifted),51.64,0.44,22.7216,0.455,-1.5,39.2464,59.386,-20.1396,9541.29,0,0
303,2026-07-21T18:28:00+00:00,2026-07-21,Clarity Act (H.R.3633) signed into law in 2026?,0x9cb23d04,buy_yes,Bought YES (bid hit),51.64,0.47,24.2708,0.465,-0.5,90.8864,59.386,31.5004,9517.02,0,0
304,2026-07-21T18:37:00+00:00,2026-07-21,Fed Rate Hike by October 2026 Meeting?,0x059db22d,sell_yes,Sold YES (ask lifted),109.477,0.56,61.307,0.57,-1,73.9485,103.28,-29.3315,9578.32,0,0
305,2026-07-21T19:15:00+00:00,2026-07-21,Bab el-Mandeb Strait effectively closed by September 30?,0x95fc6a4e,sell_yes,Sold YES (ask lifted),103.28,0.26,26.8528,0.265,-0.5,69.1976,115.674,-46.476,9605.18,0,0
306,2026-07-21T19:23:00+00:00,2026-07-21,Clarity Act (H.R.3633) signed into law in 2026?,0x9cb23d04,sell_yes,Sold YES (ask lifted),51.64,0.47,24.2708,0.475,-0.5,39.2464,59.386,-20.1396,9629.45,0,0
307,2026-07-21T19:47:00+00:00,2026-07-21,Will there be no change in Fed interest rates after the September 2026 meeting?,0xa3b36b2d,sell_yes,Sold YES (ask lifted),103.28,0.43,44.4104,0.435,-0.5,109.477,124.969,-15.492,9673.86,0,0
308,2026-07-21T20:09:00+00:00,2026-07-21,Fed Rate Hike by October 2026 Meeting?,0x059db22d,buy_yes,Bought YES (bid hit),106.378,0.6,63.827,0.575,-2.5,180.327,103.28,77.0469,9610.03,0,0
309,2026-07-21T20:55:00+00:00,2026-07-21,Fed Rate Hike by October 2026 Meeting?,0x059db22d,sell_yes,Sold YES (ask lifted),103.28,0.57,58.8696,0.57,-0,77.0469,103.28,-26.2331,9668.9,0,0
310,2026-07-21T21:10:00+00:00,2026-07-21,Bab el-Mandeb Strait effectively closed by September 30?,0x95fc6a4e,buy_yes,Bought YES (bid hit),103.28,0.26,26.8528,0.255,-0.5,172.478,115.674,56.804,9642.05,0,0
311,2026-07-21T21:57:00+00:00,2026-07-21,Clarity Act (H.R.3633) signed into law in 2026?,0x9cb23d04,buy_yes,Bought YES (bid hit),54.7384,0.48,26.2744,0.465,-1.5,93.9848,59.386,34.5988,9615.77,0,0
312,2026-07-21T22:43:00+00:00,2026-07-21,Iran leadership change by December 31?,0x377e7fe6,buy_yes,Bought YES (bid hit),103.28,0.27,27.8856,0.265,-0.5,103.28,15.492,87.788,9587.89,0,0
313,2026-07-22T00:00:00+00:00,2026-07-22,Iran leadership change by December 31?,0x377e7fe6,sell_yes,Sold YES (ask lifted),103.28,0.27,27.8856,0.28,-1,0,15.492,-15.492,9669.24,0,0
314,2026-07-22T00:00:00+00:00,2026-07-22,Bab el-Mandeb Strait effectively closed by September 30?,0x95fc6a4e,sell_yes,Sold YES (ask lifted),103.28,0.25,25.82,0.44,-19,69.1976,115.674,-46.476,9695.06,0,0
315,2026-07-22T00:13:00+00:00,2026-07-22,Will Stephen Root – “Widow’s Bay” win Emmys 2026: Outstanding supporting actor in a comedy series?,0xbca22b54,sell_yes,Sold YES (ask lifted),51.64,0.26,13.4264,0.37,-11,0,0,0,9708.49,0,0
316,2026-07-22T01:34:00+00:00,2026-07-22,Clarity Act (H.R.3633) signed into law in 2026?,0x9cb23d04,sell_yes,Sold YES (ask lifted),51.64,0.46,23.7544,0.465,-0.5,42.3448,59.386,-17.0412,9732.24,0,0
317,2026-07-22T02:54:00+00:00,2026-07-22,Clarity Act (H.R.3633) signed into law in 2026?,0x9cb23d04,buy_yes,Bought YES (bid hit),51.64,0.47,24.2708,0.465,-0.5,93.9848,59.386,34.5988,9707.97,0,0
318,2026-07-22T03:27:00+00:00,2026-07-22,Will there be no change in Fed interest rates after the September 2026 meeting?,0xa3b36b2d,buy_yes,Bought YES (bid hit),103.28,0.44,45.4432,0.435,-0.5,212.757,124.969,87.788,9662.53,0,0
319,2026-07-22T03:41:00+00:00,2026-07-22,Bab el-Mandeb Strait effectively closed by September 30?,0x95fc6a4e,buy_yes,Bought YES (bid hit),103.28,0.23,23.7544,0.225,-0.5,172.478,115.674,56.804,9638.77,0,0
320,2026-07-22T08:52:00+00:00,2026-07-22,Clarity Act (H.R.3633) signed into law in 2026?,0x9cb23d04,sell_yes,Sold YES (ask lifted),51.64,0.41,21.1724,0.41,-0,42.3448,59.386,-17.0412,9659.95,0,0
321,2026-07-22T09:20:00+00:00,2026-07-22,Will there be no change in Fed interest rates after the September 2026 meeting?,0xa3b36b2d,sell_yes,Sold YES (ask lifted),109.477,0.44,48.1698,0.445,-0.5,103.28,124.969,-21.6888,9708.12,0,0
322,2026-07-22T14:39:00+00:00,2026-07-22,Bab el-Mandeb Strait effectively closed by September 30?,0x95fc6a4e,sell_yes,Sold YES (ask lifted),103.28,0.25,25.82,0.26,-1,69.1976,115.674,-46.476,9733.94,0,0
323,2026-07-22T14:56:00+00:00,2026-07-22,Bab el-Mandeb Strait effectively closed by September 30?,0x95fc6a4e,buy_yes,Bought YES (bid hit),103.28,0.25,25.82,0.245,-0.5,172.478,115.674,56.804,9708.12,0,0
324,2026-07-22T15:08:00+00:00,2026-07-22,Clarity Act (H.R.3633) signed into law in 2026?,0x9cb23d04,buy_yes,Bought YES (bid hit),51.64,0.4,20.656,0.395,-0.5,93.9848,59.386,34.5988,9687.46,0,0
325,2026-07-22T15:21:00+00:00,2026-07-22,Fed Rate Hike by October 2026 Meeting?,0x059db22d,buy_yes,Bought YES (bid hit),103.28,0.6,61.968,0.595,-0.5,180.327,103.28,77.0469,9625.49,0,0
326,2026-07-22T15:26:00+00:00,2026-07-22,Fed Rate Hike by October 2026 Meeting?,0x059db22d,sell_yes,Sold YES (ask lifted),103.28,0.61,63.0008,0.64,-3,77.0469,103.28,-26.2331,9688.49,0,0
327,2026-07-22T18:50:00+00:00,2026-07-22,Clarity Act (H.R.3633) signed into law in 2026?,0x9cb23d04,sell_yes,Sold YES (ask lifted),51.64,0.33,17.0412,0.345,-1.5,42.3448,59.386,-17.0412,9705.53,0,0
328,2026-07-22T19:35:00+00:00,2026-07-22,Clarity Act (H.R.3633) signed into law in 2026?,0x9cb23d04,buy_yes,Bought YES (bid hit),51.64,0.37,19.1068,0.365,-0.5,93.9848,59.386,34.5988,9686.43,0,0
329,2026-07-22T19:50:00+00:00,2026-07-22,Clarity Act (H.R.3633) signed into law in 2026?,0x9cb23d04,sell_yes,Sold YES (ask lifted),53.1892,0.37,19.68,0.375,-0.5,40.7956,59.386,-18.5904,9706.11,0,0
330,2026-07-22T20:34:00+00:00,2026-07-22,Clarity Act (H.R.3633) signed into law in 2026?,0x9cb23d04,buy_yes,Bought YES (bid hit),51.64,0.39,20.1396,0.385,-0.5,92.4356,59.386,33.0496,9685.97,0,0
331,2026-07-22T21:16:00+00:00,2026-07-22,Bab el-Mandeb Strait effectively closed by September 30?,0x95fc6a4e,sell_yes,Sold YES (ask lifted),115.674,0.24,27.7617,0.25,-1,56.804,115.674,-58.8696,9713.73,0,0
332,2026-07-22T21:35:00+00:00,2026-07-22,Bab el-Mandeb Strait effectively closed by December 31?,0xd8659b58,buy_yes,Bought YES (bid hit),103.28,0.37,38.2136,0.365,-0.5,112.575,103.28,9.2952,9675.52,0,0
333,2026-07-22T22:10:00+00:00,2026-07-22,Bab el-Mandeb Strait effectively closed by September 30?,0x95fc6a4e,buy_yes,Bought YES (bid hit),103.28,0.3,30.984,0.295,-0.5,160.084,115.674,44.4104,9644.53,0,0
334,2026-07-23T00:00:00+00:00,2026-07-23,Will the Fed increase interest rates by 25 bps after the September 2026 meeting?,0x876506d8,buy_yes,Bought YES (bid hit),103.28,0.49,50.6072,0.485,-0.5,133.041,112.575,20.466,9655.36,0,0
335,2026-07-23T00:51:00+00:00,2026-07-23,Bab el-Mandeb Strait effectively closed by December 31?,0xd8659b58,sell_yes,Sold YES (ask lifted),109.477,0.37,40.5064,0.375,-0.5,3.0984,103.28,-100.182,9695.87,0,0
336,2026-07-23T02:40:00+00:00,2026-07-23,Bab el-Mandeb Strait effectively closed by December 31?,0xd8659b58,buy_yes,Bought YES (bid hit),103.28,0.39,40.2792,0.375,-1.5,106.378,103.28,3.0984,9655.59,0,0
337,2026-07-23T03:41:00+00:00,2026-07-23,Fed Rate Hike by October 2026 Meeting?,0x059db22d,buy_yes,Bought YES (bid hit),103.28,0.63,65.0664,0.625,-0.5,180.327,103.28,77.0469,9590.52,0,0
338,2026-07-23T08:28:00+00:00,2026-07-23,Bab el-Mandeb Strait effectively closed by September 30?,0x95fc6a4e,sell_yes,Sold YES (ask lifted),103.28,0.27,27.8856,0.275,-0.5,56.804,115.674,-58.8696,9618.41,0,0
339,2026-07-23T08:35:00+00:00,2026-07-23,Clarity Act (H.R.3633) signed into law in 2026?,0x9cb23d04,sell_yes,Sold YES (ask lifted),51.64,0.31,16.0084,0.315,-0.5,40.7956,59.386,-18.5904,9634.42,0,0
340,2026-07-23T08:57:00+00:00,2026-07-23,Clarity Act (H.R.3633) signed into law in 2026?,0x9cb23d04,buy_yes,Bought YES (bid hit),51.64,0.31,16.0084,0.305,-0.5,92.4356,59.386,33.0496,9618.41,0,0
341,2026-07-23T09:40:00+00:00,2026-07-23,Clarity Act (H.R.3633) signed into law in 2026?,0x9cb23d04,sell_yes,Sold YES (ask lifted),51.64,0.31,16.0084,0.415,-10.5,40.7956,59.386,-18.5904,9634.42,0,0
342,2026-07-23T10:28:00+00:00,2026-07-23,Fed Rate Hike by October 2026 Meeting?,0x059db22d,sell_yes,Sold YES (ask lifted),109.477,0.65,71.1599,0.665,-1.5,70.8501,103.28,-32.4299,9705.58,0,0
343,2026-07-23T10:29:00+00:00,2026-07-23,Will there be no change in Fed interest rates after the September 2026 meeting?,0xa3b36b2d,buy_yes,Bought YES (bid hit),103.28,0.44,45.4432,0.435,-0.5,206.56,124.969,81.5912,9660.13,0,0
344,2026-07-23T10:35:00+00:00,2026-07-23,Will the Fed increase interest rates by 25 bps after the September 2026 meeting?,0x876506d8,sell_yes,Sold YES (ask lifted),109.477,0.42,45.9803,0.43,-1,23.5644,112.575,-89.0108,9706.11,0,0
345,2026-07-23T11:02:00+00:00,2026-07-23,Clarity Act (H.R.3633) signed into law in 2026?,0x9cb23d04,buy_yes,Bought YES (bid hit),51.64,0.41,21.1724,0.405,-0.5,92.4356,59.386,33.0496,9684.94,0,0
346,2026-07-23T11:10:00+00:00,2026-07-23,Will the Fed increase interest rates by 25 bps after the September 2026 meeting?,0x876506d8,buy_yes,Bought YES (bid hit),103.28,0.46,47.5088,0.46,-0,126.844,112.575,14.2692,9637.43,0,0
347,2026-07-23T11:36:00+00:00,2026-07-23,Bab el-Mandeb Strait effectively closed by September 30?,0x95fc6a4e,buy_yes,Bought YES (bid hit),103.28,0.27,27.8856,0.265,-0.5,160.084,115.674,44.4104,9609.55,0,0
348,2026-07-23T11:47:00+00:00,2026-07-23,Fed Rate Hike by October 2026 Meeting?,0x059db22d,buy_yes,Bought YES (bid hit),103.28,0.68,70.2304,0.68,-0,174.13,103.28,70.8501,9539.32,0,0
349,2026-07-23T12:52:00+00:00,2026-07-23,Will the Fed increase interest rates by 25 bps after the September 2026 meeting?,0x876506d8,sell_yes,Sold YES (ask lifted),103.28,0.47,48.5416,0.475,-0.5,23.5644,112.575,-89.0108,9587.86,0,0
350,2026-07-23T14:00:00+00:00,2026-07-23,Will the Fed increase interest rates by 25 bps after the September 2026 meeting?,0x876506d8,buy_yes,Bought YES (bid hit),103.28,0.49,50.6072,0.485,-0.5,126.844,112.575,14.2692,9537.25,0,0
351,2026-07-23T16:05:00+00:00,2026-07-23,Will the Fed increase interest rates by 25 bps after the September 2026 meeting?,0x876506d8,sell_yes,Sold YES (ask lifted),121.87,0.48,58.4978,0.49,-1,4.97396,112.575,-107.601,9595.75,0,0
352,2026-07-23T16:53:00+00:00,2026-07-23,Will the Fed increase interest rates by 25 bps after the September 2026 meeting?,0x876506d8,buy_yes,Bought YES (bid hit),103.28,0.51,52.6728,0.505,-0.5,108.254,112.575,-4.32123,9543.08,0,0
353,2026-07-23T18:37:00+00:00,2026-07-23,Fed Rate Hike by October 2026 Meeting?,0x059db22d,sell_yes,Sold YES (ask lifted),103.28,0.68,70.2304,0.685,-0.5,70.8501,103.28,-32.4299,9613.31,0,0
354,2026-07-23T20:53:00+00:00,2026-07-23,Iran leadership change by December 31?,0x377e7fe6,buy_yes,Bought YES (bid hit),103.28,0.28,28.9184,0.275,-0.5,103.28,15.492,87.788,9584.39,0,0
355,2026-07-23T22:28:00+00:00,2026-07-23,Clarity Act (H.R.3633) signed into law in 2026?,0x9cb23d04,sell_yes,Sold YES (ask lifted),51.64,0.32,16.5248,0.335,-1.5,40.7956,59.386,-18.5904,9600.91,0,0
356,2026-07-23T22:47:00+00:00,2026-07-23,Clarity Act (H.R.3633) signed into law in 2026?,0x9cb23d04,buy_yes,Bought YES (bid hit),51.64,0.33,17.0412,0.325,-0.5,92.4356,59.386,33.0496,9583.87,0,0
357,2026-07-23T22:49:00+00:00,2026-07-23,Clarity Act (H.R.3633) signed into law in 2026?,0x9cb23d04,sell_yes,Sold YES (ask lifted),51.64,0.33,17.0412,0.335,-0.5,40.7956,59.386,-18.5904,9600.91,0,0
358,2026-07-23T23:29:00+00:00,2026-07-23,Clarity Act (H.R.3633) signed into law in 2026?,0x9cb23d04,buy_yes,Bought YES (bid hit),51.64,0.31,16.0084,0.305,-0.5,92.4356,59.386,33.0496,9584.9,0,0
359,2026-07-24T00:36:00+00:00,2026-07-24,Clarity Act (H.R.3633) signed into law in 2026?,0x9cb23d04,sell_yes,Sold YES (ask lifted),56.2876,0.33,18.5749,0.34,-1,36.148,59.386,-23.238,9680.6,0,0
360,2026-07-24T02:13:00+00:00,2026-07-24,Bab el-Mandeb Strait effectively closed by September 30?,0x95fc6a4e,sell_yes,Sold YES (ask lifted),103.28,0.23,23.7544,0.235,-0.5,56.804,115.674,-58.8696,9704.36,0,0
361,2026-07-24T02:32:00+00:00,2026-07-24,Bab el-Mandeb Strait effectively closed by September 30?,0x95fc6a4e,buy_yes,Bought YES (bid hit),103.28,0.23,23.7544,0.225,-0.5,160.084,115.674,44.4104,9680.6,0,0
362,2026-07-24T05:01:00+00:00,2026-07-24,Bab el-Mandeb Strait effectively closed by September 30?,0x95fc6a4e,sell_yes,Sold YES (ask lifted),106.378,0.21,22.3395,0.21,-0,53.7056,115.674,-61.968,9702.94,0,0
363,2026-07-24T06:16:00+00:00,2026-07-24,Clarity Act (H.R.3633) signed into law in 2026?,0x9cb23d04,buy_yes,Bought YES (bid hit),51.64,0.37,19.1068,0.365,-0.5,87.788,59.386,28.402,9683.84,0,0
364,2026-07-24T13:09:00+00:00,2026-07-24,Bab el-Mandeb Strait effectively closed by September 30?,0x95fc6a4e,buy_yes,Bought YES (bid hit),103.28,0.22,22.7216,0.215,-0.5,156.986,115.674,41.312,9661.11,0,0
365,2026-07-24T13:50:00+00:00,2026-07-24,Bab el-Mandeb Strait effectively closed by September 30?,0x95fc6a4e,sell_yes,Sold YES (ask lifted),103.28,0.21,21.6888,0.21,-0,53.7056,115.674,-61.968,9682.8,0,0
366,2026-07-24T15:20:00+00:00,2026-07-24,Clarity Act (H.R.3633) signed into law in 2026?,0x9cb23d04,sell_yes,Sold YES (ask lifted),51.64,0.32,16.5248,0.325,-0.5,36.148,59.386,-23.238,9699.33,0,0
367,2026-07-24T15:35:00+00:00,2026-07-24,Clarity Act (H.R.3633) signed into law in 2026?,0x9cb23d04,buy_yes,Bought YES (bid hit),53.1892,0.31,16.4887,0.3,-1,89.3372,59.386,29.9512,9682.84,0,0
368,2026-07-24T15:42:00+00:00,2026-07-24,Clarity Act (H.R.3633) signed into law in 2026?,0x9cb23d04,sell_yes,Sold YES (ask lifted),64.0336,0.29,18.5697,0.29,-0,25.3036,59.386,-34.0824,9701.41,0,0
369,2026-07-24T17:16:00+00:00,2026-07-24,Bab el-Mandeb Strait effectively closed by September 30?,0x95fc6a4e,buy_yes,Bought YES (bid hit),103.28,0.22,22.7216,0.215,-0.5,156.986,115.674,41.312,9678.69,0,0
370,2026-07-24T18:36:00+00:00,2026-07-24,Bab el-Mandeb Strait effectively closed by September 30?,0x95fc6a4e,sell_yes,Sold YES (ask lifted),103.28,0.22,22.7216,0.225,-0.5,53.7056,115.674,-61.968,9701.41,0,0
371,2026-07-24T19:10:00+00:00,2026-07-24,Clarity Act (H.R.3633) signed into law in 2026?,0x9cb23d04,buy_yes,Bought YES (bid hit),51.64,0.36,18.5904,0.345,-1.5,76.9436,59.386,17.5576,9682.82,0,0
372,2026-07-24T21:18:00+00:00,2026-07-24,Bab el-Mandeb Strait effectively closed by September 30?,0x95fc6a4e,buy_yes,Bought YES (bid hit),103.28,0.23,23.7544,0.23,-0,156.986,115.674,41.312,9659.06,0,0
373,2026-07-25T00:00:00+00:00,2026-07-25,Fed Rate Hike by October 2026 Meeting?,0x059db22d,buy_yes,Bought YES (bid hit),103.28,0.68,70.2304,0.68,-0,174.13,103.28,70.8501,9668.25,0,0
374,2026-07-25T03:24:00+00:00,2026-07-25,Clarity Act (H.R.3633) signed into law in 2026?,0x9cb23d04,sell_yes,Sold YES (ask lifted),51.64,0.32,16.5248,0.325,-0.5,25.3036,59.386,-34.0824,9684.78,0,0
375,2026-07-25T14:11:00+00:00,2026-07-25,Clarity Act (H.R.3633) signed into law in 2026?,0x9cb23d04,buy_yes,Bought YES (bid hit),51.64,0.35,18.074,0.345,-0.5,76.9436,59.386,17.5576,9666.7,0,0
376,2026-07-25T15:10:00+00:00,2026-07-25,Clarity Act (H.R.3633) signed into law in 2026?,0x9cb23d04,sell_yes,Sold YES (ask lifted),51.64,0.35,18.074,0.355,-0.5,25.3036,59.386,-34.0824,9684.78,0,0
377,2026-07-25T15:18:00+00:00,2026-07-25,Iran leadership change by December 31?,0x377e7fe6,sell_yes,Sold YES (ask lifted),103.28,0.24,24.7872,0.245,-0.5,0,15.492,-15.492,9709.56,0,0
378,2026-07-25T15:24:00+00:00,2026-07-25,Will Gadi Eizenkot be the next Prime Minister of Israel?,0xdbe93b5a,sell_yes,Sold YES (ask lifted),58.6114,0.53,31.064,0.545,-1.5,0,58.6114,-58.6114,9713.08,0,0
379,2026-07-25T16:20:00+00:00,2026-07-25,Iran leadership change by December 31?,0x377e7fe6,buy_yes,Bought YES (bid hit),103.28,0.24,24.7872,0.235,-0.5,103.28,15.492,87.788,9688.29,0,0
380,2026-07-25T16:20:00+00:00,2026-07-25,Clarity Act (H.R.3633) signed into law in 2026?,0x9cb23d04,buy_yes,Bought YES (bid hit),51.64,0.35,18.074,0.335,-1.5,76.9436,59.386,17.5576,9670.22,0,0
381,2026-07-25T17:34:00+00:00,2026-07-25,Clarity Act (H.R.3633) signed into law in 2026?,0x9cb23d04,sell_yes,Sold YES (ask lifted),51.64,0.34,17.5576,0.345,-0.5,25.3036,59.386,-34.0824,9687.78,0,0
382,2026-07-25T17:51:00+00:00,2026-07-25,Clarity Act (H.R.3633) signed into law in 2026?,0x9cb23d04,buy_yes,Bought YES (bid hit),51.64,0.34,17.5576,0.34,-0,76.9436,59.386,17.5576,9670.22,0,0
383,2026-07-25T22:39:00+00:00,2026-07-25,Bab el-Mandeb Strait effectively closed by September 30?,0x95fc6a4e,sell_yes,Sold YES (ask lifted),103.28,0.21,21.6888,0.21,-0,53.7056,115.674,-61.968,9691.91,0,0
384,2026-07-25T23:14:00+00:00,2026-07-25,Bab el-Mandeb Strait effectively closed by September 30?,0x95fc6a4e,buy_yes,Bought YES (bid hit),109.477,0.2,21.8954,0.19,-1,163.182,115.674,47.5088,9670.01,0,0
385,2026-07-25T23:57:00+00:00,2026-07-25,Clarity Act (H.R.3633) signed into law in 2026?,0x9cb23d04,sell_yes,Sold YES (ask lifted),53.1892,0.35,18.6162,0.355,-0.5,23.7544,59.386,-35.6316,9688.63,0,0
386,2026-07-26T00:01:00+00:00,2026-07-26,Iran leadership change by December 31?,0x377e7fe6,sell_yes,Sold YES (ask lifted),103.28,0.23,23.7544,0.235,-0.5,0,15.492,-15.492,9759.34,0,0
387,2026-07-26T05:50:00+00:00,2026-07-26,Iran leadership change by December 31?,0x377e7fe6,buy_yes,Bought YES (bid hit),103.28,0.23,23.7544,0.225,-0.5,103.28,15.492,87.788,9735.58,0,0
388,2026-07-26T06:10:00+00:00,2026-07-26,Will Gadi Eizenkot be the next Prime Minister of Israel?,0xdbe93b5a,buy_yes,Bought YES (bid hit),53.9638,0.53,28.6008,0.522,-0.8,53.9638,58.6114,-4.6476,9706.98,0,0
389,2026-07-26T09:01:00+00:00,2026-07-26,Clarity Act (H.R.3633) signed into law in 2026?,0x9cb23d04,buy_yes,Bought YES (bid hit),51.64,0.38,19.6232,0.375,-0.5,75.3944,59.386,16.0084,9687.36,0,0
390,2026-07-26T12:50:00+00:00,2026-07-26,Bab el-Mandeb Strait effectively closed by September 30?,0x95fc6a4e,sell_yes,Sold YES (ask lifted),106.378,0.14,14.893,0.145,-0.5,56.804,115.674,-58.8696,9702.25,0,0
391,2026-07-26T14:43:00+00:00,2026-07-26,Will there be no change in Fed interest rates after the September 2026 meeting?,0xa3b36b2d,sell_yes,Sold YES (ask lifted),103.28,0.41,42.3448,0.415,-0.5,103.28,124.969,-21.6888,9744.6,0,0
392,2026-07-26T17:09:00+00:00,2026-07-26,Bab el-Mandeb Strait effectively closed by September 30?,0x95fc6a4e,buy_yes,Bought YES (bid hit),103.28,0.15,15.492,0.145,-0.5,160.084,115.674,44.4104,9729.11,0,0
393,2026-07-27T01:24:00+00:00,2026-07-27,Will there be no change in Fed interest rates after the September 2026 meeting?,0xa3b36b2d,buy_yes,Bought YES (bid hit),103.28,0.45,46.476,0.445,-0.5,206.56,124.969,81.5912,9738.05,0,0
394,2026-07-27T01:25:00+00:00,2026-07-27,Iran leadership change by December 31?,0x377e7fe6,sell_yes,Sold YES (ask lifted),103.28,0.21,21.6888,0.21,-0,0,15.492,-15.492,9759.74,0,0
395,2026-07-27T04:28:00+00:00,2026-07-27,Bab el-Mandeb Strait effectively closed by September 30?,0x95fc6a4e,sell_yes,Sold YES (ask lifted),103.28,0.14,14.4592,0.145,-0.5,56.804,115.674,-58.8696,9774.19,0,0
396,2026-07-27T14:37:00+00:00,2026-07-27,Fed Rate Hike by October 2026 Meeting?,0x059db22d,sell_yes,Sold YES (ask lifted),103.28,0.63,65.0664,0.635,-0.5,70.8501,103.28,-32.4299,9839.26,0,0
397,2026-07-27T15:13:00+00:00,2026-07-27,Will no Fed rate cuts happen in 2026?,0xd4e77ba6,buy_yes,Bought YES (bid hit),25.82,0.81,20.9142,0.782,-2.8,25.82,0,25.82,9818.35,0,0
398,2026-07-27T15:31:00+00:00,2026-07-27,Will no Fed rate cuts happen in 2026?,0xd4e77ba6,sell_yes,Sold YES (ask lifted),25.82,0.83,21.4306,0.8505,-2.05,0,0,0,9839.78,0,0
399,2026-07-27T15:54:00+00:00,2026-07-27,Bab el-Mandeb Strait effectively closed by September 30?,0x95fc6a4e,buy_yes,Bought YES (bid hit),103.28,0.15,15.492,0.145,-0.5,160.084,115.674,44.4104,9824.28,0,0
400,2026-07-27T15:55:00+00:00,2026-07-27,Bab el-Mandeb Strait effectively closed by September 30?,0x95fc6a4e,sell_yes,Sold YES (ask lifted),106.378,0.15,15.9568,0.15,-0,53.7056,115.674,-61.968,9840.24,0,0
401,2026-07-27T22:06:00+00:00,2026-07-27,Will the Fed increase interest rates by 25 bps after the September 2026 meeting?,0x876506d8,sell_yes,Sold YES (ask lifted),103.28,0.53,54.7384,0.545,-1.5,4.97396,112.575,-107.601,9894.98,0,0
402,2026-07-27T23:02:00+00:00,2026-07-27,Fed Rate Hike by October 2026 Meeting?,0x059db22d,buy_yes,Bought YES (bid hit),103.28,0.68,70.2304,0.68,-0,174.13,103.28,70.8501,9824.75,0,0
403,2026-07-28T00:01:00+00:00,2026-07-28,Bab el-Mandeb Strait effectively closed by September 30?,0x95fc6a4e,buy_yes,Bought YES (bid hit),103.28,0.16,16.5248,0.155,-0.5,156.986,115.674,41.312,9883.24,0,0
404,2026-07-28T03:39:00+00:00,2026-07-28,Fed Rate Hike by October 2026 Meeting?,0x059db22d,sell_yes,Sold YES (ask lifted),103.28,0.7,72.296,0.725,-2.5,70.8501,103.28,-32.4299,9955.53,0,0
405,2026-07-28T05:06:00+00:00,2026-07-28,Will the Fed increase interest rates by 25 bps after the September 2026 meeting?,0x876506d8,buy_yes,Bought YES (bid hit),103.28,0.57,58.8696,0.565,-0.5,108.254,112.575,-4.32123,9896.66,0,0
406,2026-07-28T10:09:00+00:00,2026-07-28,Will there be no change in Fed interest rates after the September 2026 meeting?,0xa3b36b2d,sell_yes,Sold YES (ask lifted),103.28,0.35,36.148,0.355,-0.5,103.28,124.969,-21.6888,9932.81,0,0
407,2026-07-28T10:10:00+00:00,2026-07-28,Will there be no change in Fed interest rates after the September 2026 meeting?,0xa3b36b2d,buy_yes,Bought YES (bid hit),103.28,0.35,36.148,0.345,-0.5,206.56,124.969,81.5912,9896.66,0,0
408,2026-07-28T11:15:00+00:00,2026-07-28,Will there be no change in Fed interest rates after the September 2026 meeting?,0xa3b36b2d,sell_yes,Sold YES (ask lifted),103.28,0.35,36.148,0.355,-0.5,103.28,124.969,-21.6888,9932.81,0,0
409,2026-07-28T13:33:00+00:00,2026-07-28,Fed Rate Hike by October 2026 Meeting?,0x059db22d,buy_yes,Bought YES (bid hit),103.28,0.73,75.3944,0.725,-0.5,174.13,103.28,70.8501,9857.42,0,0
410,2026-07-28T16:57:00+00:00,2026-07-28,Fed Rate Hike by October 2026 Meeting?,0x059db22d,sell_yes,Sold YES (ask lifted),103.28,0.73,75.3944,0.735,-0.5,70.8501,103.28,-32.4299,9932.81,0,0
411,2026-07-28T18:37:00+00:00,2026-07-28,Bab el-Mandeb Strait effectively closed by September 30?,0x95fc6a4e,sell_yes,Sold YES (ask lifted),103.28,0.15,15.492,0.175,-2.5,53.7056,115.674,-61.968,9948.3,0,0
412,2026-07-28T21:17:00+00:00,2026-07-28,Clarity Act (H.R.3633) signed into law in 2026?,0x9cb23d04,sell_yes,Sold YES (ask lifted),51.64,0.3,15.492,0.305,-0.5,23.7544,59.386,-35.6316,9963.8,0,0
413,2026-07-28T21:20:00+00:00,2026-07-28,Bab el-Mandeb Strait effectively closed by September 30?,0x95fc6a4e,buy_yes,Bought YES (bid hit),103.28,0.17,17.5576,0.17,-0,156.986,115.674,41.312,9946.24,0,0
414,2026-07-28T23:37:00+00:00,2026-07-28,Bab el-Mandeb Strait effectively closed by September 30?,0x95fc6a4e,sell_yes,Sold YES (ask lifted),103.28,0.19,19.6232,0.205,-1.5,53.7056,115.674,-61.968,9965.86,0,0
415,2026-07-29T00:00:00+00:00,2026-07-29,Bab el-Mandeb Strait effectively closed by September 30?,0x95fc6a4e,buy_yes,Bought YES (bid hit),103.28,0.2,20.656,0.15,-5,156.986,115.674,41.312,10015.2,0,0
416,2026-07-29T00:00:00+00:00,2026-07-29,Will the Sweden Democrats (SD) win the second most seats in the 2026 Swedish parliamentary election?,0x9e2966ab,sell_yes,Sold YES (ask lifted),61.968,0.81,50.1941,0.82,-1,0,0,0,10065.4,0,0
417,2026-07-29T00:00:00+00:00,2026-07-29,Bab el-Mandeb Strait effectively closed by December 31?,0xd8659b58,sell_yes,Sold YES (ask lifted),103.28,0.27,27.8856,0.315,-4.5,3.0984,103.28,-100.182,10093.3,0,0
418,2026-07-29T00:02:00+00:00,2026-07-29,Bab el-Mandeb Strait effectively closed by September 30?,0x95fc6a4e,sell_yes,Sold YES (ask lifted),103.28,0.19,19.6232,0.2,-1,53.7056,115.674,-61.968,10112.9,0,0
419,2026-07-29T00:03:00+00:00,2026-07-29,Bab el-Mandeb Strait effectively closed by December 31?,0xd8659b58,buy_yes,Bought YES (bid hit),103.28,0.25,25.82,0.245,-0.5,106.378,103.28,3.0984,10087.1,0,0
420,2026-07-29T01:41:00+00:00,2026-07-29,Will Katherine LaNasa – “The Pitt” win Emmys 2026: Outstanding supporting actress in a drama series?,0xc46b0990,buy_yes,Bought YES (bid hit),62.4844,0.7,43.7391,0.675,-2.5,62.4844,0,62.4844,10043.4,0,0
421,2026-07-29T02:00:00+00:00,2026-07-29,Will Katherine LaNasa – “The Pitt” win Emmys 2026: Outstanding supporting actress in a drama series?,0xc46b0990,sell_yes,Sold YES (ask lifted),56.2876,0.69,38.8384,0.72,-3,6.1968,0,6.1968,10082.2,0,0
422,2026-07-29T03:45:00+00:00,2026-07-29,Clarity Act (H.R.3633) signed into law in 2026?,0x9cb23d04,buy_yes,Bought YES (bid hit),51.64,0.31,16.0084,0.305,-0.5,75.3944,59.386,16.0084,10066.2,0,0
423,2026-07-29T05:18:00+00:00,2026-07-29,Clarity Act (H.R.3633) signed into law in 2026?,0x9cb23d04,sell_yes,Sold YES (ask lifted),51.64,0.25,12.91,0.265,-1.5,23.7544,59.386,-35.6316,10079.1,0,0
424,2026-07-29T05:26:00+00:00,2026-07-29,Clarity Act (H.R.3633) signed into law in 2026?,0x9cb23d04,buy_yes,Bought YES (bid hit),51.64,0.27,13.9428,0.255,-1.5,75.3944,59.386,16.0084,10065.2,0,0
425,2026-07-29T05:28:00+00:00,2026-07-29,Clarity Act (H.R.3633) signed into law in 2026?,0x9cb23d04,sell_yes,Sold YES (ask lifted),51.64,0.26,13.4264,0.265,-0.5,23.7544,59.386,-35.6316,10078.6,0,0
426,2026-07-29T06:33:00+00:00,2026-07-29,Iran leadership change by December 31?,0x377e7fe6,buy_yes,Bought YES (bid hit),103.28,0.21,21.6888,0.205,-0.5,103.28,15.492,87.788,10056.9,0,0
427,2026-07-29T11:14:00+00:00,2026-07-29,Will there be no change in Fed interest rates after the September 2026 meeting?,0xa3b36b2d,buy_yes,Bought YES (bid hit),103.28,0.4,41.312,0.395,-0.5,206.56,124.969,81.5912,10015.6,0,0
428,2026-07-29T13:10:00+00:00,2026-07-29,Clarity Act (H.R.3633) signed into law in 2026?,0x9cb23d04,buy_yes,Bought YES (bid hit),51.64,0.29,14.9756,0.265,-2.5,75.3944,59.386,16.0084,10000.6,0,0
429,2026-07-29T13:53:00+00:00,2026-07-29,Will there be no change in Fed interest rates after the September 2026 meeting?,0xa3b36b2d,sell_yes,Sold YES (ask lifted),103.28,0.4,41.312,0.405,-0.5,103.28,124.969,-21.6888,10041.9,0,0
430,2026-07-29T13:54:00+00:00,2026-07-29,Will there be no change in Fed interest rates after the September 2026 meeting?,0xa3b36b2d,buy_yes,Bought YES (bid hit),109.477,0.4,43.7907,0.395,-0.5,212.757,124.969,87.788,9998.16,0,0
431,2026-07-29T14:25:00+00:00,2026-07-29,Iran leadership change by December 31?,0x377e7fe6,sell_yes,Sold YES (ask lifted),103.28,0.21,21.6888,0.21,-0,0,15.492,-15.492,10019.8,0,0
432,2026-07-29T15:58:00+00:00,2026-07-29,Clarity Act (H.R.3633) signed into law in 2026?,0x9cb23d04,sell_yes,Sold YES (ask lifted),51.64,0.27,13.9428,0.275,-0.5,23.7544,59.386,-35.6316,10033.8,0,0
433,2026-07-29T17:58:00+00:00,2026-07-29,Fed Rate Hike by October 2026 Meeting?,0x059db22d,buy_yes,Bought YES (bid hit),131.166,0.73,95.7509,0.695,-3.5,202.016,103.28,98.7357,9938.04,0,0
434,2026-07-29T18:00:00+00:00,2026-07-29,Will the Fed increase interest rates by 25 bps after the September 2026 meeting?,0x876506d8,sell_yes,Sold YES (ask lifted),106.378,0.58,61.6995,0.6,-2,1.87556,112.575,-110.7,9999.74,0,0
435,2026-07-29T18:03:00+00:00,2026-07-29,Will there be no change in Fed interest rates after the September 2026 meeting?,0xa3b36b2d,sell_yes,Sold YES (ask lifted),115.674,0.33,38.1723,0.335,-0.5,97.0832,124.969,-27.8856,10037.9,0,0
436,2026-07-29T18:08:00+00:00,2026-07-29,Will there be no change in Fed interest rates after the September 2026 meeting?,0xa3b36b2d,buy_yes,Bought YES (bid hit),103.28,0.36,37.1808,0.355,-0.5,200.363,124.969,75.3944,10000.7,0,0
437,2026-07-29T18:10:00+00:00,2026-07-29,Will there be no change in Fed interest rates after the September 2026 meeting?,0xa3b36b2d,sell_yes,Sold YES (ask lifted),103.28,0.36,37.1808,0.365,-0.5,97.0832,124.969,-27.8856,10037.9,0,0
438,2026-07-29T18:15:00+00:00,2026-07-29,Will there be no change in Fed interest rates after the September 2026 meeting?,0xa3b36b2d,buy_yes,Bought YES (bid hit),103.28,0.36,37.1808,0.345,-1.5,200.363,124.969,75.3944,10000.7,0,0
439,2026-07-29T18:16:00+00:00,2026-07-29,Will there be no change in Fed interest rates after the September 2026 meeting?,0xa3b36b2d,sell_yes,Sold YES (ask lifted),109.477,0.35,38.3169,0.355,-0.5,90.8864,124.969,-34.0824,10039,0,0
440,2026-07-29T18:18:00+00:00,2026-07-29,Fed Rate Hike by October 2026 Meeting?,0x059db22d,sell_yes,Sold YES (ask lifted),103.28,0.64,66.0992,0.655,-1.5,98.7357,103.28,-4.54432,10105.1,0,0
441,2026-07-29T18:28:00+00:00,2026-07-29,Will there be no change in Fed interest rates after the September 2026 meeting?,0xa3b36b2d,buy_yes,Bought YES (bid hit),131.166,0.39,51.1546,0.38,-1,222.052,124.969,97.0832,10054,0,0
442,2026-07-29T18:35:00+00:00,2026-07-29,Will there be no change in Fed interest rates after the September 2026 meeting?,0xa3b36b2d,sell_yes,Sold YES (ask lifted),109.477,0.32,35.0326,0.325,-0.5,112.575,124.969,-12.3936,10089,0,0
443,2026-07-29T18:42:00+00:00,2026-07-29,Will the Fed increase interest rates by 25 bps after the September 2026 meeting?,0x876506d8,buy_yes,Bought YES (bid hit),103.28,0.61,63.0008,0.59,-2,105.156,112.575,-7.41964,10026,0,0
444,2026-07-29T18:54:00+00:00,2026-07-29,Will there be no change in Fed interest rates after the September 2026 meeting?,0xa3b36b2d,buy_yes,Bought YES (bid hit),103.28,0.4,41.312,0.395,-0.5,215.855,124.969,90.8864,9984.71,0,0
445,2026-07-29T18:58:00+00:00,2026-07-29,Will there be no change in Fed interest rates after the September 2026 meeting?,0xa3b36b2d,sell_yes,Sold YES (ask lifted),109.477,0.4,43.7907,0.415,-1.5,106.378,124.969,-18.5904,10028.5,0,0
446,2026-07-29T19:03:00+00:00,2026-07-29,Will the Fed increase interest rates by 25 bps after the October 2026 meeting?,0x12aa13b3,buy_yes,Bought YES (bid hit),51.64,0.24,12.3936,0.215,-2.5,109.477,51.64,57.8368,10016.1,0,0
447,2026-07-29T19:29:00+00:00,2026-07-29,Will there be no change in Fed interest rates after the September 2026 meeting?,0xa3b36b2d,buy_yes,Bought YES (bid hit),103.28,0.46,47.5088,0.455,-0.5,209.658,124.969,84.6896,9968.6,0,0
448,2026-07-29T20:31:00+00:00,2026-07-29,Clarity Act (H.R.3633) signed into law in 2026?,0x9cb23d04,buy_yes,Bought YES (bid hit),51.64,0.29,14.9756,0.275,-1.5,75.3944,59.386,16.0084,9953.62,0,0
449,2026-07-30T01:22:00+00:00,2026-07-30,Iran leadership change by December 31?,0x377e7fe6,buy_yes,Bought YES (bid hit),103.28,0.22,22.7216,0.215,-0.5,103.28,15.492,87.788,10004.6,0,0
450,2026-07-30T01:34:00+00:00,2026-07-30,Will the U.S. invade Iran before 2027?,0x5db999fa,sell_yes,Sold YES (ask lifted),103.28,0.29,29.9512,0.305,-1.5,0,103.28,-103.28,9961.19,0,0
451,2026-07-30T02:10:00+00:00,2026-07-30,Bab el-Mandeb Strait effectively closed by September 30?,0x95fc6a4e,buy_yes,Bought YES (bid hit),106.378,0.21,22.3395,0.205,-0.5,160.084,115.674,44.4104,9938.85,0,0
452,2026-07-30T02:16:00+00:00,2026-07-30,Clarity Act (H.R.3633) signed into law in 2026?,0x9cb23d04,sell_yes,Sold YES (ask lifted),51.64,0.27,13.9428,0.275,-0.5,23.7544,59.386,-35.6316,9952.79,0,0
453,2026-07-30T02:17:00+00:00,2026-07-30,Bab el-Mandeb Strait effectively closed by September 30?,0x95fc6a4e,sell_yes,Sold YES (ask lifted),103.28,0.21,21.6888,0.21,-0,56.804,115.674,-58.8696,9974.48,0,0
454,2026-07-30T08:21:00+00:00,2026-07-30,Clarity Act (H.R.3633) signed into law in 2026?,0x9cb23d04,buy_yes,Bought YES (bid hit),57.8368,0.31,17.9294,0.295,-1.5,81.5912,59.386,22.2052,9956.55,0,0
455,2026-07-30T11:40:00+00:00,2026-07-30,Clarity Act (H.R.3633) signed into law in 2026?,0x9cb23d04,sell_yes,Sold YES (ask lifted),51.64,0.28,14.4592,0.285,-0.5,29.9512,59.386,-29.4348,9971.01,0,0
456,2026-07-30T12:02:00+00:00,2026-07-30,Will there be no change in Fed interest rates after the October 2026 meeting?,0xdf9bf27e,sell_yes,Sold YES (ask lifted),54.7384,0.67,36.6747,0.675,-0.5,0,51.64,-51.64,9990.64,0,0
457,2026-07-30T12:29:00+00:00,2026-07-30,Will there be no change in Fed interest rates after the September 2026 meeting?,0xa3b36b2d,sell_yes,Sold YES (ask lifted),103.28,0.39,40.2792,0.395,-0.5,106.378,124.969,-18.5904,10030.9,0,0
458,2026-07-30T13:58:00+00:00,2026-07-30,Bab el-Mandeb Strait effectively closed by September 30?,0x95fc6a4e,buy_yes,Bought YES (bid hit),103.28,0.17,17.5576,0.17,-0,160.084,115.674,44.4104,10013.4,0,0
459,2026-07-30T15:12:00+00:00,2026-07-30,Will there be no change in Fed interest rates after the September 2026 meeting?,0xa3b36b2d,buy_yes,Bought YES (bid hit),103.28,0.45,46.476,0.445,-0.5,209.658,124.969,84.6896,9966.89,0,0
460,2026-07-30T16:38:00+00:00,2026-07-30,Iran leadership change by December 31?,0x377e7fe6,sell_yes,Sold YES (ask lifted),103.28,0.21,21.6888,0.21,-0,0,15.492,-15.492,9988.58,0,0
461,2026-07-30T16:54:00+00:00,2026-07-30,Clarity Act (H.R.3633) signed into law in 2026?,0x9cb23d04,buy_yes,Bought YES (bid hit),51.64,0.29,14.9756,0.24,-5,81.5912,59.386,22.2052,9973.6,0,0
462,2026-07-30T17:25:00+00:00,2026-07-30,Clarity Act (H.R.3633) signed into law in 2026?,0x9cb23d04,sell_yes,Sold YES (ask lifted),51.64,0.25,12.91,0.255,-0.5,29.9512,59.386,-29.4348,9986.51,0,0
463,2026-07-30T18:02:00+00:00,2026-07-30,Clarity Act (H.R.3633) signed into law in 2026?,0x9cb23d04,buy_yes,Bought YES (bid hit),51.64,0.26,13.4264,0.255,-0.5,81.5912,59.386,22.2052,9973.09,0,0
464,2026-07-30T19:00:00+00:00,2026-07-30,Clarity Act (H.R.3633) signed into law in 2026?,0x9cb23d04,sell_yes,Sold YES (ask lifted),51.64,0.26,13.4264,0.265,-0.5,29.9512,59.386,-29.4348,9986.51,0,0
465,2026-07-30T19:28:00+00:00,2026-07-30,Clarity Act (H.R.3633) signed into law in 2026?,0x9cb23d04,buy_yes,Bought YES (bid hit),51.64,0.26,13.4264,0.255,-0.5,81.5912,59.386,22.2052,9973.09,0,0
466,2026-07-30T19:40:00+00:00,2026-07-30,Clarity Act (H.R.3633) signed into law in 2026?,0x9cb23d04,sell_yes,Sold YES (ask lifted),51.64,0.26,13.4264,0.265,-0.5,29.9512,59.386,-29.4348,9986.51,0,0
467,2026-07-30T22:48:00+00:00,2026-07-30,Iran leadership change by December 31?,0x377e7fe6,buy_yes,Bought YES (bid hit),103.28,0.21,21.6888,0.205,-0.5,103.28,15.492,87.788,9964.82,0,0
468,2026-07-30T23:05:00+00:00,2026-07-30,Clarity Act (H.R.3633) signed into law in 2026?,0x9cb23d04,buy_yes,Bought YES (bid hit),51.64,0.29,14.9756,0.285,-0.5,81.5912,59.386,22.2052,9949.85,0,0
469,2026-07-31T00:00:00+00:00,2026-07-31,Bab el-Mandeb Strait effectively closed by September 30?,0x95fc6a4e,sell_yes,Sold YES (ask lifted),103.28,0.15,15.492,0.24,-9,56.804,115.674,-58.8696,10001.4,0,0
470,2026-07-31T00:01:00+00:00,2026-07-31,Bab el-Mandeb Strait effectively closed by December 31?,0xd8659b58,sell_yes,Sold YES (ask lifted),103.28,0.24,24.7872,0.285,-4.5,3.0984,103.28,-100.182,10026.2,0,0
471,2026-07-31T00:25:00+00:00,2026-07-31,Will there be no change in Fed interest rates after the October 2026 meeting?,0xdf9bf27e,buy_yes,Bought YES (bid hit),51.64,0.69,35.6316,0.685,-0.5,51.64,51.64,0,9990.58,0,0
472,2026-07-31T01:15:00+00:00,2026-07-31,Will Japan's core-core CPI increase by between 2.0 and 2.4% in 2026?,0x9013401c,buy_yes,Bought YES (bid hit),11.2575,0.61,6.8671,0.56,-5,11.2575,3.0984,8.15912,9983.71,0,0
473,2026-07-31T02:45:00+00:00,2026-07-31,Clarity Act (H.R.3633) signed into law in 2026?,0x9cb23d04,sell_yes,Sold YES (ask lifted),51.64,0.29,14.9756,0.29,-0,29.9512,59.386,-29.4348,9998.69,0,0
474,2026-07-31T02:46:00+00:00,2026-07-31,Bab el-Mandeb Strait effectively closed by December 31?,0xd8659b58,buy_yes,Bought YES (bid hit),106.378,0.2,21.2757,0.195,-0.5,109.477,103.28,6.1968,9977.41,0,0
475,2026-07-31T03:17:00+00:00,2026-07-31,Clarity Act (H.R.3633) signed into law in 2026?,0x9cb23d04,buy_yes,Bought YES (bid hit),51.64,0.28,14.4592,0.275,-0.5,81.5912,59.386,22.2052,9962.95,0,0
476,2026-07-31T04:36:00+00:00,2026-07-31,Clarity Act (H.R.3633) signed into law in 2026?,0x9cb23d04,sell_yes,Sold YES (ask lifted),51.64,0.29,14.9756,0.29,-0,29.9512,59.386,-29.4348,9977.93,0,0
477,2026-07-31T05:02:00+00:00,2026-07-31,Bab el-Mandeb Strait effectively closed by September 30?,0x95fc6a4e,buy_yes,Bought YES (bid hit),103.28,0.14,14.4592,0.135,-0.5,160.084,115.674,44.4104,9963.47,0,0
478,2026-07-31T07:58:00+00:00,2026-07-31,Clarity Act (H.R.3633) signed into law in 2026?,0x9cb23d04,buy_yes,Bought YES (bid hit),51.64,0.32,16.5248,0.305,-1.5,81.5912,59.386,22.2052,9946.94,0,0
479,2026-07-31T08:09:00+00:00,2026-07-31,Clarity Act (H.R.3633) signed into law in 2026?,0x9cb23d04,sell_yes,Sold YES (ask lifted),51.64,0.3,15.492,0.305,-0.5,29.9512,59.386,-29.4348,9962.43,0,0
480,2026-07-31T08:16:00+00:00,2026-07-31,Clarity Act (H.R.3633) signed into law in 2026?,0x9cb23d04,buy_yes,Bought YES (bid hit),54.7384,0.31,16.9689,0.305,-0.5,84.6896,59.386,25.3036,9945.46,0,0
481,2026-07-31T15:48:00+00:00,2026-07-31,Clarity Act (H.R.3633) signed into law in 2026?,0x9cb23d04,sell_yes,Sold YES (ask lifted),53.1892,0.22,11.7016,0.23,-1,31.5004,59.386,-27.8856,9957.17,0,0
482,2026-07-31T15:57:00+00:00,2026-07-31,Clarity Act (H.R.3633) signed into law in 2026?,0x9cb23d04,buy_yes,Bought YES (bid hit),51.64,0.23,11.8772,0.225,-0.5,83.1404,59.386,23.7544,9945.29,0,0
483,2026-07-31T16:02:00+00:00,2026-07-31,Will the U.S. invade Iran before 2027?,0x5db999fa,buy_yes,Bought YES (bid hit),103.28,0.24,24.7872,0.235,-0.5,103.28,103.28,0,9920.5,0,0
484,2026-07-31T16:26:00+00:00,2026-07-31,Clarity Act (H.R.3633) signed into law in 2026?,0x9cb23d04,sell_yes,Sold YES (ask lifted),51.64,0.23,11.8772,0.235,-0.5,31.5004,59.386,-27.8856,9932.38,0,0
485,2026-07-31T16:44:00+00:00,2026-07-31,Iran leadership change by December 31?,0x377e7fe6,sell_yes,Sold YES (ask lifted),103.28,0.21,21.6888,0.215,-0.5,0,15.492,-15.492,9954.07,0,0
486,2026-07-31T17:28:00+00:00,2026-07-31,Bab el-Mandeb Strait effectively closed by September 30?,0x95fc6a4e,sell_yes,Sold YES (ask lifted),103.28,0.14,14.4592,0.145,-0.5,56.804,115.674,-58.8696,9968.53,0,0
487,2026-07-31T20:59:00+00:00,2026-07-31,Will the Fed increase interest rates by 25 bps after the September 2026 meeting?,0x876506d8,sell_yes,Sold YES (ask lifted),103.28,0.6,61.968,0.625,-2.5,1.87556,112.575,-110.7,10030.5,0,0
488,2026-07-31T21:09:00+00:00,2026-07-31,Fed Rate Hike by October 2026 Meeting?,0x059db22d,sell_yes,Sold YES (ask lifted),103.28,0.65,67.132,0.665,-1.5,0,107.824,-107.824,10096,0,0
489,2026-08-01T00:00:00+00:00,2026-08-01,Bab el-Mandeb Strait effectively closed by December 31?,0xd8659b58,sell_yes,Sold YES (ask lifted),103.28,0.23,23.7544,0.255,-2.5,6.1968,103.28,-97.0832,10164.4,0,0
490,2026-08-01T00:10:00+00:00,2026-08-01,Bab el-Mandeb Strait effectively closed by December 31?,0xd8659b58,buy_yes,Bought YES (bid hit),103.28,0.25,25.82,0.215,-3.5,109.477,103.28,6.1968,10138.5,0,0
491,2026-08-01T06:58:00+00:00,2026-08-01,Bab el-Mandeb Strait effectively closed by September 30?,0x95fc6a4e,buy_yes,Bought YES (bid hit),106.378,0.15,15.9568,0.145,-0.5,163.182,115.674,47.5088,10122.6,0,0
492,2026-08-01T11:11:00+00:00,2026-08-01,Clarity Act (H.R.3633) signed into law in 2026?,0x9cb23d04,buy_yes,Bought YES (bid hit),54.7384,0.32,17.5163,0.315,-0.5,86.2388,59.386,26.8528,10105.1,0,0
493,2026-08-01T15:30:00+00:00,2026-08-01,Clarity Act (H.R.3633) signed into law in 2026?,0x9cb23d04,sell_yes,Sold YES (ask lifted),51.64,0.32,16.5248,0.325,-0.5,34.5988,59.386,-24.7872,10121.6,0,0
494,2026-08-01T15:55:00+00:00,2026-08-01,Clarity Act (H.R.3633) signed into law in 2026?,0x9cb23d04,buy_yes,Bought YES (bid hit),54.7384,0.32,17.5163,0.295,-2.5,89.3372,59.386,29.9512,10104.1,0,0
495,2026-08-01T18:00:00+00:00,2026-08-01,Clarity Act (H.R.3633) signed into law in 2026?,0x9cb23d04,sell_yes,Sold YES (ask lifted),51.64,0.29,14.9756,0.29,-0,37.6972,59.386,-21.6888,10119.1,0,0
496,2026-08-01T19:05:00+00:00,2026-08-01,Clarity Act (H.R.3633) signed into law in 2026?,0x9cb23d04,buy_yes,Bought YES (bid hit),51.64,0.29,14.9756,0.285,-0.5,89.3372,59.386,29.9512,10104.1,0,0
497,2026-08-01T19:19:00+00:00,2026-08-01,Clarity Act (H.R.3633) signed into law in 2026?,0x9cb23d04,sell_yes,Sold YES (ask lifted),51.64,0.29,14.9756,0.295,-0.5,37.6972,59.386,-21.6888,10119.1,0,0
498,2026-08-01T20:45:00+00:00,2026-08-01,Clarity Act (H.R.3633) signed into law in 2026?,0x9cb23d04,buy_yes,Bought YES (bid hit),51.64,0.29,14.9756,0.285,-0.5,89.3372,59.386,29.9512,10104.1,0,0
499,2026-08-01T22:47:00+00:00,2026-08-01,Clarity Act (H.R.3633) signed into law in 2026?,0x9cb23d04,sell_yes,Sold YES (ask lifted),51.64,0.29,14.9756,0.29,-0,37.6972,59.386,-21.6888,10119.1,0,0
500,2026-08-01T23:33:00+00:00,2026-08-01,Clarity Act (H.R.3633) signed into law in 2026?,0x9cb23d04,buy_yes,Bought YES (bid hit),57.8368,0.37,21.3996,0.36,-1,95.534,59.386,36.148,10097.7,0,0
501,2026-08-01T23:46:00+00:00,2026-08-01,Iran leadership change by December 31?,0x377e7fe6,buy_yes,Bought YES (bid hit),103.28,0.23,23.7544,0.225,-0.5,103.28,15.492,87.788,10073.9,0,0
502,2026-08-02T00:20:00+00:00,2026-08-02,Clarity Act (H.R.3633) signed into law in 2026?,0x9cb23d04,sell_yes,Sold YES (ask lifted),53.1892,0.32,17.0205,0.325,-0.5,42.3448,59.386,-17.0412,10134.3,0,0
503,2026-08-02T01:06:00+00:00,2026-08-02,Clarity Act (H.R.3633) signed into law in 2026?,0x9cb23d04,buy_yes,Bought YES (bid hit),51.64,0.33,17.0412,0.325,-0.5,93.9848,59.386,34.5988,10117.2,0,0
504,2026-08-02T01:10:00+00:00,2026-08-02,Clarity Act (H.R.3633) signed into law in 2026?,0x9cb23d04,sell_yes,Sold YES (ask lifted),51.64,0.33,17.0412,0.35,-2,42.3448,59.386,-17.0412,10134.3,0,0
505,2026-08-02T01:11:00+00:00,2026-08-02,Clarity Act (H.R.3633) signed into law in 2026?,0x9cb23d04,buy_yes,Bought YES (bid hit),51.64,0.34,17.5576,0.335,-0.5,93.9848,59.386,34.5988,10116.7,0,0
506,2026-08-02T01:31:00+00:00,2026-08-02,Clarity Act (H.R.3633) signed into law in 2026?,0x9cb23d04,sell_yes,Sold YES (ask lifted),53.1892,0.34,18.0843,0.35,-1,40.7956,59.386,-18.5904,10134.8,0,0
507,2026-08-02T01:50:00+00:00,2026-08-02,Clarity Act (H.R.3633) signed into law in 2026?,0x9cb23d04,buy_yes,Bought YES (bid hit),51.64,0.35,18.074,0.345,-0.5,92.4356,59.386,33.0496,10116.7,0,0
508,2026-08-02T02:51:00+00:00,2026-08-02,Clarity Act (H.R.3633) signed into law in 2026?,0x9cb23d04,sell_yes,Sold YES (ask lifted),53.1892,0.32,17.0205,0.335,-1.5,39.2464,59.386,-20.1396,10133.7,0,0
509,2026-08-02T03:07:00+00:00,2026-08-02,Will there be no change in Fed interest rates after the September 2026 meeting?,0xa3b36b2d,sell_yes,Sold YES (ask lifted),103.28,0.39,40.2792,0.395,-0.5,106.378,124.969,-18.5904,10174,0,0
510,2026-08-02T03:30:00+00:00,2026-08-02,Clarity Act (H.R.3633) signed into law in 2026?,0x9cb23d04,buy_yes,Bought YES (bid hit),51.64,0.33,17.0412,0.325,-0.5,90.8864,59.386,31.5004,10157,0,0
511,2026-08-02T03:38:00+00:00,2026-08-02,Clarity Act (H.R.3633) signed into law in 2026?,0x9cb23d04,sell_yes,Sold YES (ask lifted),51.64,0.33,17.0412,0.335,-0.5,39.2464,59.386,-20.1396,10174,0,0
512,2026-08-02T04:15:00+00:00,2026-08-02,Clarity Act (H.R.3633) signed into law in 2026?,0x9cb23d04,buy_yes,Bought YES (bid hit),51.64,0.34,17.5576,0.335,-0.5,90.8864,59.386,31.5004,10156.4,0,0
513,2026-08-02T04:16:00+00:00,2026-08-02,Clarity Act (H.R.3633) signed into law in 2026?,0x9cb23d04,sell_yes,Sold YES (ask lifted),51.64,0.34,17.5576,0.345,-0.5,39.2464,59.386,-20.1396,10174,0,0
514,2026-08-02T04:52:00+00:00,2026-08-02,Will the Fed increase interest rates by 25 bps after the September 2026 meeting?,0x876506d8,buy_yes,Bought YES (bid hit),103.28,0.59,60.9352,0.585,-0.5,105.156,112.575,-7.41964,10113.1,0,0
515,2026-08-02T04:56:00+00:00,2026-08-02,Clarity Act (H.R.3633) signed into law in 2026?,0x9cb23d04,buy_yes,Bought YES (bid hit),51.64,0.34,17.5576,0.335,-0.5,90.8864,59.386,31.5004,10095.5,0,0
516,2026-08-02T08:03:00+00:00,2026-08-02,Clarity Act (H.R.3633) signed into law in 2026?,0x9cb23d04,sell_yes,Sold YES (ask lifted),51.64,0.29,14.9756,0.295,-0.5,39.2464,59.386,-20.1396,10110.5,0,0
517,2026-08-02T09:03:00+00:00,2026-08-02,Clarity Act (H.R.3633) signed into law in 2026?,0x9cb23d04,buy_yes,Bought YES (bid hit),51.64,0.31,16.0084,0.305,-0.5,90.8864,59.386,31.5004,10094.5,0,0
518,2026-08-02T10:15:00+00:00,2026-08-02,Clarity Act (H.R.3633) signed into law in 2026?,0x9cb23d04,sell_yes,Sold YES (ask lifted),51.64,0.26,13.4264,0.265,-0.5,39.2464,59.386,-20.1396,10107.9,0,0
519,2026-08-02T13:12:00+00:00,2026-08-02,Clarity Act (H.R.3633) signed into law in 2026?,0x9cb23d04,buy_yes,Bought YES (bid hit),51.64,0.28,14.4592,0.275,-0.5,90.8864,59.386,31.5004,10093.4,0,0
520,2026-08-02T13:35:00+00:00,2026-08-02,Clarity Act (H.R.3633) signed into law in 2026?,0x9cb23d04,sell_yes,Sold YES (ask lifted),51.64,0.28,14.4592,0.285,-0.5,39.2464,59.386,-20.1396,10107.9,0,0
521,2026-08-02T20:55:00+00:00,2026-08-02,Iran leadership change by December 31?,0x377e7fe6,sell_yes,Sold YES (ask lifted),103.28,0.2,20.656,0.205,-0.5,0,15.492,-15.492,10128.6,0,0
522,2026-08-02T21:49:00+00:00,2026-08-02,Will “The Late Show With Stephen Colbert” win Emmys 2026: Outstanding variety series?,0x607f376c,sell_yes,Sold YES (ask lifted),51.64,0.5,25.82,0.545,-4.5,0,51.64,-51.64,10154.4,0,0
523,2026-08-02T22:46:00+00:00,2026-08-02,Will there be no change in Fed interest rates after the September 2026 meeting?,0xa3b36b2d,buy_yes,Bought YES (bid hit),103.28,0.41,42.3448,0.405,-0.5,209.658,124.969,84.6896,10112,0,0
524,2026-08-02T23:42:00+00:00,2026-08-02,Iran leadership change by December 31?,0x377e7fe6,buy_yes,Bought YES (bid hit),103.28,0.2,20.656,0.195,-0.5,103.28,15.492,87.788,10091.4,0,0
525,2026-08-03T00:00:00+00:00,2026-08-03,Bab el-Mandeb Strait effectively closed by September 30?,0x95fc6a4e,sell_yes,Sold YES (ask lifted),103.28,0.12,12.3936,0.14,-2,59.9024,115.674,-55.7712,10171.2,0,0
526,2026-08-03T00:01:00+00:00,2026-08-03,Bab el-Mandeb Strait effectively closed by September 30?,0x95fc6a4e,buy_yes,Bought YES (bid hit),103.28,0.13,13.4264,0.11,-2,163.182,115.674,47.5088,10157.8,0,0
527,2026-08-03T00:48:00+00:00,2026-08-03,Will “The Late Show With Stephen Colbert” win Emmys 2026: Outstanding variety series?,0x607f376c,buy_yes,Bought YES (bid hit),51.64,0.54,27.8856,0.53,-1,51.64,51.64,0,10129.9,0,0
528,2026-08-03T01:32:00+00:00,2026-08-03,Will there be no change in Fed interest rates after the September 2026 meeting?,0xa3b36b2d,sell_yes,Sold YES (ask lifted),103.28,0.41,42.3448,0.415,-0.5,106.378,124.969,-18.5904,10172.2,0,0
529,2026-08-03T02:07:00+00:00,2026-08-03,Clarity Act (H.R.3633) signed into law in 2026?,0x9cb23d04,buy_yes,Bought YES (bid hit),54.7384,0.3,16.4215,0.295,-0.5,93.9848,59.386,34.5988,10155.8,0,0
530,2026-08-03T02:16:00+00:00,2026-08-03,Clarity Act (H.R.3633) signed into law in 2026?,0x9cb23d04,sell_yes,Sold YES (ask lifted),51.64,0.29,14.9756,0.3,-1,42.3448,59.386,-17.0412,10170.8,0,0
531,2026-08-03T04:16:00+00:00,2026-08-03,Clarity Act (H.R.3633) signed into law in 2026?,0x9cb23d04,buy_yes,Bought YES (bid hit),51.64,0.3,15.492,0.295,-0.5,93.9848,59.386,34.5988,10155.3,0,0
532,2026-08-03T05:05:00+00:00,2026-08-03,Iran leadership change by December 31?,0x377e7fe6,sell_yes,Sold YES (ask lifted),103.28,0.17,17.5576,0.175,-0.5,0,15.492,-15.492,10172.8,0,0
533,2026-08-03T05:06:00+00:00,2026-08-03,Iran leadership change by December 31?,0x377e7fe6,buy_yes,Bought YES (bid hit),112.575,0.17,19.1378,0.17,-0,112.575,15.492,97.0832,10153.7,0,0
534,2026-08-03T05:11:00+00:00,2026-08-03,Clarity Act (H.R.3633) signed into law in 2026?,0x9cb23d04,sell_yes,Sold YES (ask lifted),51.64,0.29,14.9756,0.29,-0,42.3448,59.386,-17.0412,10168.7,0,0
535,2026-08-03T05:17:00+00:00,2026-08-03,Iran leadership change by December 31?,0x377e7fe6,sell_yes,Sold YES (ask lifted),103.28,0.16,16.5248,0.165,-0.5,9.2952,15.492,-6.1968,10185.2,0,0
536,2026-08-03T09:01:00+00:00,2026-08-03,Will Stephen Root – “Widow’s Bay” win Emmys 2026: Outstanding supporting actor in a comedy series?,0xbca22b54,buy_yes,Bought YES (bid hit),51.64,0.39,20.1396,0.37,-2,51.64,0,51.64,10165.1,0,0
537,2026-08-03T09:23:00+00:00,2026-08-03,Clarity Act (H.R.3633) signed into law in 2026?,0x9cb23d04,buy_yes,Bought YES (bid hit),51.64,0.29,14.9756,0.285,-0.5,93.9848,59.386,34.5988,10150.1,0,0
538,2026-08-03T09:26:00+00:00,2026-08-03,Clarity Act (H.R.3633) signed into law in 2026?,0x9cb23d04,sell_yes,Sold YES (ask lifted),51.64,0.29,14.9756,0.295,-0.5,42.3448,59.386,-17.0412,10165.1,0,0
539,2026-08-03T11:29:00+00:00,2026-08-03,Clarity Act (H.R.3633) signed into law in 2026?,0x9cb23d04,buy_yes,Bought YES (bid hit),51.64,0.3,15.492,0.295,-0.5,93.9848,59.386,34.5988,10149.6,0,0
540,2026-08-03T11:53:00+00:00,2026-08-03,Clarity Act (H.R.3633) signed into law in 2026?,0x9cb23d04,sell_yes,Sold YES (ask lifted),51.64,0.29,14.9756,0.29,-0,42.3448,59.386,-17.0412,10164.6,0,0
541,2026-08-03T12:59:00+00:00,2026-08-03,Clarity Act (H.R.3633) signed into law in 2026?,0x9cb23d04,buy_yes,Bought YES (bid hit),57.8368,0.29,16.7727,0.275,-1.5,100.182,59.386,40.7956,10147.8,0,0
542,2026-08-03T15:25:00+00:00,2026-08-03,Clarity Act (H.R.3633) signed into law in 2026?,0x9cb23d04,sell_yes,Sold YES (ask lifted),51.64,0.27,13.9428,0.275,-0.5,48.5416,59.386,-10.8444,10161.7,0,0
543,2026-08-03T17:13:00+00:00,2026-08-03,Clarity Act (H.R.3633) signed into law in 2026?,0x9cb23d04,buy_yes,Bought YES (bid hit),51.64,0.27,13.9428,0.265,-0.5,100.182,59.386,40.7956,10147.8,0,0
544,2026-08-03T18:13:00+00:00,2026-08-03,Clarity Act (H.R.3633) signed into law in 2026?,0x9cb23d04,sell_yes,Sold YES (ask lifted),51.64,0.27,13.9428,0.275,-0.5,48.5416,59.386,-10.8444,10161.7,0,0
545,2026-08-03T18:27:00+00:00,2026-08-03,Clarity Act (H.R.3633) signed into law in 2026?,0x9cb23d04,buy_yes,Bought YES (bid hit),51.64,0.27,13.9428,0.265,-0.5,100.182,59.386,40.7956,10147.8,0,0
546,2026-08-03T21:32:00+00:00,2026-08-03,Bab el-Mandeb Strait effectively closed by September 30?,0x95fc6a4e,sell_yes,Sold YES (ask lifted),103.28,0.09,9.2952,0.095,-0.5,59.9024,115.674,-55.7712,10157.1,0,0
547,2026-08-04T00:01:00+00:00,2026-08-04,Bab el-Mandeb Strait effectively closed by September 30?,0x95fc6a4e,buy_yes,Bought YES (bid hit),103.28,0.11,11.3608,0.085,-2.5,163.182,115.674,47.5088,10215.6,0,0
548,2026-08-04T00:01:00+00:00,2026-08-04,Bab el-Mandeb Strait effectively closed by December 31?,0xd8659b58,sell_yes,Sold YES (ask lifted),103.28,0.21,21.6888,0.32,-11,6.1968,103.28,-97.0832,10237.3,0,0
549,2026-08-04T00:02:00+00:00,2026-08-04,Will the Sweden Democrats (SD) win the second most seats in the 2026 Swedish parliamentary election?,0x9e2966ab,buy_yes,Bought YES (bid hit),61.968,0.81,50.1941,0.6,-21,61.968,0,61.968,10187.1,0,0
550,2026-08-04T00:06:00+00:00,2026-08-04,Will Stephen Root – “Widow’s Bay” win Emmys 2026: Outstanding supporting actor in a comedy series?,0xbca22b54,sell_yes,Sold YES (ask lifted),51.64,0.4,20.656,0.405,-0.5,0,0,0,10207.8,0,0
551,2026-08-04T07:20:00+00:00,2026-08-04,Clarity Act (H.R.3633) signed into law in 2026?,0x9cb23d04,sell_yes,Sold YES (ask lifted),51.64,0.25,12.91,0.26,-1,48.5416,59.386,-10.8444,10220.7,0,0
552,2026-08-04T12:23:00+00:00,2026-08-04,Fed Rate Hike by October 2026 Meeting?,0x059db22d,buy_yes,Bought YES (bid hit),103.28,0.62,64.0336,0.615,-0.5,103.28,107.824,-4.54432,10156.7,0,0
553,2026-08-04T14:06:00+00:00,2026-08-04,Clarity Act (H.R.3633) signed into law in 2026?,0x9cb23d04,buy_yes,Bought YES (bid hit),51.64,0.25,12.91,0.235,-1.5,100.182,59.386,40.7956,10143.8,0,0
554,2026-08-04T14:07:00+00:00,2026-08-04,Clarity Act (H.R.3633) signed into law in 2026?,0x9cb23d04,sell_yes,Sold YES (ask lifted),51.64,0.24,12.3936,0.245,-0.5,48.5416,59.386,-10.8444,10156.2,0,0
555,2026-08-04T14:44:00+00:00,2026-08-04,Will there be no change in Fed interest rates after the September 2026 meeting?,0xa3b36b2d,buy_yes,Bought YES (bid hit),103.28,0.49,50.6072,0.485,-0.5,209.658,124.969,84.6896,10105.6,0,0
556,2026-08-04T15:58:00+00:00,2026-08-04,Bab el-Mandeb Strait effectively closed by December 31?,0xd8659b58,buy_yes,Bought YES (bid hit),103.28,0.18,18.5904,0.17,-1,109.477,103.28,6.1968,10087,0,0
557,2026-08-04T17:09:00+00:00,2026-08-04,Will there be no change in Fed interest rates after the September 2026 meeting?,0xa3b36b2d,sell_yes,Sold YES (ask lifted),103.28,0.49,50.6072,0.495,-0.5,106.378,124.969,-18.5904,10137.6,0,0
558,2026-08-04T20:36:00+00:00,2026-08-04,Will there be no change in Fed interest rates after the September 2026 meeting?,0xa3b36b2d,buy_yes,Bought YES (bid hit),103.28,0.51,52.6728,0.505,-0.5,209.658,124.969,84.6896,10084.9,0,0
559,2026-08-04T20:49:00+00:00,2026-08-04,Clarity Act (H.R.3633) signed into law in 2026?,0x9cb23d04,buy_yes,Bought YES (bid hit),51.64,0.24,12.3936,0.235,-0.5,100.182,59.386,40.7956,10072.5,0,0
560,2026-08-05T00:00:00+00:00,2026-08-05,Bab el-Mandeb Strait effectively closed by September 30?,0x95fc6a4e,sell_yes,Sold YES (ask lifted),103.28,0.09,9.2952,0.11,-2,59.9024,115.674,-55.7712,10132.1,0,0
561,2026-08-05T00:00:00+00:00,2026-08-05,Will Stephen Root – “Widow’s Bay” win Emmys 2026: Outstanding supporting actor in a comedy series?,0xbca22b54,sell_yes,Sold YES (ask lifted),51.64,0.42,21.6888,0.45,-3,0,51.64,-51.64,10123.9,0,0
562,2026-08-05T00:01:00+00:00,2026-08-05,Bab el-Mandeb Strait effectively closed by September 30?,0x95fc6a4e,buy_yes,Bought YES (bid hit),103.28,0.1,10.328,0.085,-1.5,163.182,115.674,47.5088,10113.6,0,0
563,2026-08-05T02:11:00+00:00,2026-08-05,Will there be no change in Fed interest rates after the September 2026 meeting?,0xa3b36b2d,sell_yes,Sold YES (ask lifted),103.28,0.49,50.6072,0.495,-0.5,106.378,124.969,-18.5904,10164.2,0,0
564,2026-08-05T07:55:00+00:00,2026-08-05,Clarity Act (H.R.3633) signed into law in 2026?,0x9cb23d04,sell_yes,Sold YES (ask lifted),51.64,0.14,7.2296,0.145,-0.5,48.5416,59.386,-10.8444,10171.4,0,0
565,2026-08-05T08:43:00+00:00,2026-08-05,Clarity Act (H.R.3633) signed into law in 2026?,0x9cb23d04,buy_yes,Bought YES (bid hit),51.64,0.15,7.746,0.145,-0.5,100.182,59.386,40.7956,10163.6,0,0
566,2026-08-05T10:10:00+00:00,2026-08-05,Will there be no change in Fed interest rates after the September 2026 meeting?,0xa3b36b2d,buy_yes,Bought YES (bid hit),103.28,0.51,52.6728,0.505,-0.5,209.658,124.969,84.6896,10111,0,0
567,2026-08-05T10:13:00+00:00,2026-08-05,Will there be no change in Fed interest rates after the September 2026 meeting?,0xa3b36b2d,sell_yes,Sold YES (ask lifted),103.28,0.51,52.6728,0.515,-0.5,106.378,124.969,-18.5904,10163.6,0,0
568,2026-08-05T11:33:00+00:00,2026-08-05,Clarity Act (H.R.3633) signed into law in 2026?,0x9cb23d04,sell_yes,Sold YES (ask lifted),51.64,0.13,6.7132,0.135,-0.5,48.5416,59.386,-10.8444,10170.4,0,0
569,2026-08-05T13:01:00+00:00,2026-08-05,Clarity Act (H.R.3633) signed into law in 2026?,0x9cb23d04,buy_yes,Bought YES (bid hit),51.64,0.15,7.746,0.145,-0.5,100.182,59.386,40.7956,10162.6,0,0
570,2026-08-05T14:05:00+00:00,2026-08-05,Clarity Act (H.R.3633) signed into law in 2026?,0x9cb23d04,sell_yes,Sold YES (ask lifted),51.64,0.15,7.746,0.15,-0,48.5416,59.386,-10.8444,10170.4,0,0
571,2026-08-05T15:27:00+00:00,2026-08-05,Clarity Act (H.R.3633) signed into law in 2026?,0x9cb23d04,buy_yes,Bought YES (bid hit),51.64,0.16,8.2624,0.155,-0.5,100.182,59.386,40.7956,10162.1,0,0
572,2026-08-05T18:29:00+00:00,2026-08-05,Clarity Act (H.R.3633) signed into law in 2026?,0x9cb23d04,sell_yes,Sold YES (ask lifted),51.64,0.15,7.746,0.155,-0.5,48.5416,59.386,-10.8444,10169.8,0,0
573,2026-08-05T21:06:00+00:00,2026-08-05,Will another city host the final of the 2030 FIFA World Cup?,0x07414b5c,buy_yes,Bought YES (bid hit),25.82,0.47,12.1354,0.255,-21.5,25.82,0,25.82,10157.7,0,0
574,2026-08-05T21:06:00+00:00,2026-08-05,Will Madrid host the final of the 2030 FIFA World Cup?,0xccd5e095,buy_yes,Bought YES (bid hit),25.82,0.47,12.1354,0.255,-21.5,25.82,0,25.82,10145.6,0,0
575,2026-08-05T21:12:00+00:00,2026-08-05,Clarity Act (H.R.3633) signed into law in 2026?,0x9cb23d04,buy_yes,Bought YES (bid hit),51.64,0.17,8.7788,0.17,-0,100.182,59.386,40.7956,10136.8,0,0
576,2026-08-05T21:29:00+00:00,2026-08-05,Will Madrid host the final of the 2030 FIFA World Cup?,0xccd5e095,sell_yes,Sold YES (ask lifted),63.7754,0.33,21.0459,0.375,-4.5,0,37.9554,-37.9554,10132.4,0,0
577,2026-08-05T21:31:00+00:00,2026-08-05,Clarity Act (H.R.3633) signed into law in 2026?,0x9cb23d04,sell_yes,Sold YES (ask lifted),53.1892,0.16,8.5103,0.17,-1,46.9924,59.386,-12.3936,10140.9,0,0
578,2026-08-05T22:01:00+00:00,2026-08-05,Will Madrid host the final of the 2030 FIFA World Cup?,0xccd5e095,buy_yes,Bought YES (bid hit),25.82,0.59,15.2338,0.29,-30,25.82,37.9554,-12.1354,10125.7,0,0
579,2026-08-05T22:09:00+00:00,2026-08-05,Will another city host the final of the 2030 FIFA World Cup?,0x07414b5c,buy_yes,Bought YES (bid hit),25.82,0.51,13.1682,0.295,-21.5,51.64,0,51.64,10112.5,0,0
580,2026-08-05T22:46:00+00:00,2026-08-05,Will another city host the final of the 2030 FIFA World Cup?,0x07414b5c,sell_yes,Sold YES (ask lifted),25.82,0.33,8.5206,0.54,-21,25.82,0,25.82,10121,0,0
581,2026-08-05T23:29:00+00:00,2026-08-05,Clarity Act (H.R.3633) signed into law in 2026?,0x9cb23d04,buy_yes,Bought YES (bid hit),51.64,0.17,8.7788,0.165,-0.5,98.6324,59.386,39.2464,10112.3,0,0
582,2026-08-06T00:00:00+00:00,2026-08-06,Will Benjamin Netanyahu be the next Prime Minister of Israel?,0x7586a965,buy_yes,Bought YES (bid hit),51.64,0.3,15.492,0.185,-11.5,51.64,0,51.64,10168,0,0
583,2026-08-06T00:00:00+00:00,2026-08-06,Bab el-Mandeb Strait effectively closed by December 31?,0xd8659b58,sell_yes,Sold YES (ask lifted),103.28,0.16,16.5248,0.35,-19,6.1968,103.28,-97.0832,10184.5,0,0
584,2026-08-06T00:02:00+00:00,2026-08-06,Bab el-Mandeb Strait effectively closed by September 30?,0x95fc6a4e,sell_yes,Sold YES (ask lifted),80,0.08,6.4,0.085,-0.5,83.1824,115.674,-32.4912,10190.9,0,0
585,2026-08-06T00:02:00+00:00,2026-08-06,Bab el-Mandeb Strait effectively closed by December 31?,0xd8659b58,buy_yes,Bought YES (bid hit),208.626,0.33,68.8464,0.3,-3,214.822,103.28,111.542,10122.1,0,0
586,2026-08-06T00:03:00+00:00,2026-08-06,Will Japan's core-core CPI increase by between 2.0 and 2.4% in 2026?,0x9013401c,sell_yes,Sold YES (ask lifted),10.328,0.54,5.5771,0.545,-0.5,0.92952,3.0984,-2.16888,10127.6,0,0
587,2026-08-06T00:03:00+00:00,2026-08-06,Will the Sweden Democrats (SD) win the second most seats in the 2026 Swedish parliamentary election?,0x9e2966ab,sell_yes,Sold YES (ask lifted),61.968,0.61,37.8005,0.845,-23.5,0,0,0,10165.4,0,0
588,2026-08-06T03:24:00+00:00,2026-08-06,Will another city host the final of the 2030 FIFA World Cup?,0x07414b5c,sell_yes,Sold YES (ask lifted),25.82,0.27,6.9714,0.325,-5.5,0,0,0,10172.4,0,0
589,2026-08-06T08:40:00+00:00,2026-08-06,Will there be no change in Fed interest rates after the September 2026 meeting?,0xa3b36b2d,buy_yes,Bought YES (bid hit),103.28,0.54,55.7712,0.535,-0.5,209.658,124.969,84.6896,10116.6,0,0
590,2026-08-06T09:01:00+00:00,2026-08-06,Bab el-Mandeb Strait effectively closed by December 31?,0xd8659b58,sell_yes,Sold YES (ask lifted),109.477,0.17,18.6111,0.185,-1.5,105.346,103.28,2.0656,10135.2,0,0
591,2026-08-06T09:06:00+00:00,2026-08-06,Bab el-Mandeb Strait effectively closed by September 30?,0x95fc6a4e,buy_yes,Bought YES (bid hit),109.477,0.17,18.6111,0.165,-0.5,192.659,115.674,76.9856,10116.6,0,0
592,2026-08-06T09:08:00+00:00,2026-08-06,Bab el-Mandeb Strait effectively closed by September 30?,0x95fc6a4e,sell_yes,Sold YES (ask lifted),103.28,0.15,15.492,0.16,-1,89.3792,115.674,-26.2944,10132.1,0,0
593,2026-08-06T09:28:00+00:00,2026-08-06,Bab el-Mandeb Strait effectively closed by September 30?,0x95fc6a4e,buy_yes,Bought YES (bid hit),103.28,0.14,14.4592,0.135,-0.5,192.659,115.674,76.9856,10117.7,0,0
594,2026-08-06T10:09:00+00:00,2026-08-06,Bab el-Mandeb Strait effectively closed by September 30?,0x95fc6a4e,sell_yes,Sold YES (ask lifted),103.28,0.13,13.4264,0.135,-0.5,89.3792,115.674,-26.2944,10131.1,0,0
595,2026-08-06T10:33:00+00:00,2026-08-06,Bab el-Mandeb Strait effectively closed by September 30?,0x95fc6a4e,buy_yes,Bought YES (bid hit),106.378,0.14,14.893,0.12,-2,195.758,115.674,80.084,10116.2,0,0
596,2026-08-06T10:42:00+00:00,2026-08-06,Bab el-Mandeb Strait effectively closed by September 30?,0x95fc6a4e,sell_yes,Sold YES (ask lifted),103.28,0.12,12.3936,0.13,-1,92.4776,115.674,-23.196,10128.6,0,0
597,2026-08-06T13:06:00+00:00,2026-08-06,Bab el-Mandeb Strait effectively closed by September 30?,0x95fc6a4e,buy_yes,Bought YES (bid hit),103.28,0.12,12.3936,0.115,-0.5,195.758,115.674,80.084,10116.2,0,0
598,2026-08-06T13:17:00+00:00,2026-08-06,Clarity Act (H.R.3633) signed into law in 2026?,0x9cb23d04,sell_yes,Sold YES (ask lifted),51.64,0.16,8.2624,0.165,-0.5,46.9924,59.386,-12.3936,10124.5,0,0
599,2026-08-06T14:40:00+00:00,2026-08-06,Will another city host the final of the 2030 FIFA World Cup?,0x07414b5c,sell_yes,Sold YES (ask lifted),28.9184,0.32,9.2539,0.4,-8,0,28.9184,-28.9184,10114.1,0,0
600,2026-08-06T14:48:00+00:00,2026-08-06,Bab el-Mandeb Strait effectively closed by September 30?,0x95fc6a4e,sell_yes,Sold YES (ask lifted),103.28,0.12,12.3936,0.125,-0.5,92.4776,115.674,-23.196,10126.4,0,0
601,2026-08-06T15:35:00+00:00,2026-08-06,Will another city host the final of the 2030 FIFA World Cup?,0x07414b5c,buy_yes,Bought YES (bid hit),25.82,0.38,9.8116,0.36,-2,25.82,28.9184,-3.0984,10116.6,0,0
602,2026-08-06T15:45:00+00:00,2026-08-06,Clarity Act (H.R.3633) signed into law in 2026?,0x9cb23d04,buy_yes,Bought YES (bid hit),51.64,0.15,7.746,0.145,-0.5,98.6324,59.386,39.2464,10108.9,0,0
603,2026-08-06T15:59:00+00:00,2026-08-06,Clarity Act (H.R.3633) signed into law in 2026?,0x9cb23d04,sell_yes,Sold YES (ask lifted),51.64,0.15,7.746,0.15,-0,46.9924,59.386,-12.3936,10116.6,0,0
604,2026-08-06T16:07:00+00:00,2026-08-06,Will another city host the final of the 2030 FIFA World Cup?,0x07414b5c,sell_yes,Sold YES (ask lifted),25.82,0.4,10.328,0.405,-0.5,0,28.9184,-28.9184,10127,0,0
605,2026-08-06T16:08:00+00:00,2026-08-06,Will Caliste Win the LEC 2026 Summer Split MVP?,0xdf0ab07e,buy_yes,Bought YES (bid hit),10.328,0.47,4.8542,0.25,-22,10.328,0,10.328,10122.1,0,0
606,2026-08-06T18:03:00+00:00,2026-08-06,Bab el-Mandeb Strait effectively closed by September 30?,0x95fc6a4e,buy_yes,Bought YES (bid hit),103.28,0.12,12.3936,0.115,-0.5,195.758,115.674,80.084,10109.7,0,0
607,2026-08-06T22:03:00+00:00,2026-08-06,Will Caliste Win the LEC 2026 Summer Split MVP?,0xdf0ab07e,sell_yes,Sold YES (ask lifted),10.328,0.17,1.7558,0.32,-15,0,0,0,10111.5,0,0
608,2026-08-07T00:00:00+00:00,2026-08-07,Bab el-Mandeb Strait effectively closed by September 30?,0x95fc6a4e,sell_yes,Sold YES (ask lifted),103.28,0.12,12.3936,0.26,-14,92.4776,115.674,-23.196,10172,0,0
609,2026-08-07T00:02:00+00:00,2026-08-07,Bab el-Mandeb Strait effectively closed by September 30?,0x95fc6a4e,buy_yes,Bought YES (bid hit),128.067,0.25,32.0168,0.14,-11,220.545,115.674,104.871,10140,0,0
610,2026-08-07T02:19:00+00:00,2026-08-07,Clarity Act (H.R.3633) signed into law in 2026?,0x9cb23d04,buy_yes,Bought YES (bid hit),51.64,0.15,7.746,0.145,-0.5,98.6324,59.386,39.2464,10132.3,0,0
611,2026-08-07T03:12:00+00:00,2026-08-07,Will Stephen Root – “Widow’s Bay” win Emmys 2026: Outstanding supporting actor in a comedy series?,0xbca22b54,buy_yes,Bought YES (bid hit),51.64,0.38,19.6232,0.37,-1,51.64,51.64,0,10112.6,0,0
612,2026-08-07T10:31:00+00:00,2026-08-07,Iran leadership change by December 31?,0x377e7fe6,buy_yes,Bought YES (bid hit),106.378,0.23,24.467,0.22,-1,115.674,15.492,100.182,10088.2,0,0
613,2026-08-07T12:10:00+00:00,2026-08-07,Will there be no change in Fed interest rates after the September 2026 meeting?,0xa3b36b2d,sell_yes,Sold YES (ask lifted),103.28,0.49,50.6072,0.495,-0.5,106.378,124.969,-18.5904,10138.8,0,0
614,2026-08-07T12:22:00+00:00,2026-08-07,Clarity Act (H.R.3633) signed into law in 2026?,0x9cb23d04,sell_yes,Sold YES (ask lifted),51.64,0.13,6.7132,0.135,-0.5,46.9924,59.386,-12.3936,10145.5,0,0
615,2026-08-07T12:30:00+00:00,2026-08-07,Will the Fed increase interest rates by 25 bps after the September 2026 meeting?,0x876506d8,buy_yes,Bought YES (bid hit),121.87,0.46,56.0604,0.385,-7.5,227.026,112.575,114.451,10089.4,0,0
616,2026-08-07T12:33:00+00:00,2026-08-07,Will there be no change in Fed interest rates after the September 2026 meeting?,0xa3b36b2d,buy_yes,Bought YES (bid hit),103.28,0.64,66.0992,0.62,-2,209.658,124.969,84.6896,10023.3,0,0
617,2026-08-07T12:37:00+00:00,2026-08-07,Will there be no change in Fed interest rates after the September 2026 meeting?,0xa3b36b2d,sell_yes,Sold YES (ask lifted),103.28,0.61,63.0008,0.625,-1.5,106.378,124.969,-18.5904,10086.3,0,0
618,2026-08-07T12:40:00+00:00,2026-08-07,Will there be no change in Fed interest rates after the September 2026 meeting?,0xa3b36b2d,buy_yes,Bought YES (bid hit),103.28,0.62,64.0336,0.615,-0.5,209.658,124.969,84.6896,10022.3,0,0
619,2026-08-07T12:42:00+00:00,2026-08-07,Will the Fed increase interest rates by 25 bps after the October 2026 meeting?,0x12aa13b3,sell_yes,Sold YES (ask lifted),53.1892,0.23,12.2335,0.235,-0.5,56.2876,51.64,4.6476,10034.5,0,0
620,2026-08-07T12:43:00+00:00,2026-08-07,Will there be no change in Fed interest rates after the September 2026 meeting?,0xa3b36b2d,sell_yes,Sold YES (ask lifted),121.87,0.62,75.5596,0.625,-0.5,87.788,124.969,-37.1808,10110.1,0,0
621,2026-08-07T12:56:00+00:00,2026-08-07,Will there be no change in Fed interest rates after the September 2026 meeting?,0xa3b36b2d,buy_yes,Bought YES (bid hit),103.28,0.65,67.132,0.645,-0.5,191.068,124.969,66.0992,10043,0,0
622,2026-08-07T14:27:00+00:00,2026-08-07,Bab el-Mandeb Strait effectively closed by September 30?,0x95fc6a4e,sell_yes,Sold YES (ask lifted),103.28,0.11,11.3608,0.115,-0.5,117.265,115.674,1.5912,10054.3,0,0
623,2026-08-07T14:37:00+00:00,2026-08-07,Will there be no change in Fed interest rates after the September 2026 meeting?,0xa3b36b2d,sell_yes,Sold YES (ask lifted),103.28,0.63,65.0664,0.635,-0.5,87.788,124.969,-37.1808,10119.4,0,0
624,2026-08-07T15:35:00+00:00,2026-08-07,Will another city host the final of the 2030 FIFA World Cup?,0x07414b5c,buy_yes,Bought YES (bid hit),31.2422,0.4,12.4969,0.375,-2.5,31.2422,28.9184,2.3238,10106.9,0,0
625,2026-08-07T15:57:00+00:00,2026-08-07,Will there be no change in Fed interest rates after the September 2026 meeting?,0xa3b36b2d,buy_yes,Bought YES (bid hit),103.28,0.63,65.0664,0.625,-0.5,191.068,124.969,66.0992,10041.8,0,0
626,2026-08-07T19:18:00+00:00,2026-08-07,Will another city host the final of the 2030 FIFA World Cup?,0x07414b5c,sell_yes,Sold YES (ask lifted),25.82,0.35,9.037,0.425,-7.5,5.4222,28.9184,-23.4962,10050.9,0,0
627,2026-08-08T00:02:00+00:00,2026-08-08,Will Benjamin Netanyahu be the next Prime Minister of Israel?,0x7586a965,sell_yes,Sold YES (ask lifted),53.1892,0.19,10.1059,0.325,-13.5,0,1.5492,-1.5492,10100,0,0
628,2026-08-08T00:03:00+00:00,2026-08-08,Will the Sweden Democrats (SD) win the second most seats in the 2026 Swedish parliamentary election?,0x9e2966ab,sell_yes,Sold YES (ask lifted),63.827,0.79,50.4234,0.835,-4.5,0,63.827,-63.827,10137,0,0
629,2026-08-08T06:32:00+00:00,2026-08-08,Iran leadership change by December 31?,0x377e7fe6,sell_yes,Sold YES (ask lifted),121.87,0.21,25.5928,0.235,-2.5,0,21.6888,-21.6888,10157.7,0,0
630,2026-08-08T06:38:00+00:00,2026-08-08,Iran leadership change by December 31?,0x377e7fe6,buy_yes,Bought YES (bid hit),106.378,0.26,27.6584,0.25,-1,106.378,21.6888,84.6896,10130.1,0,0
631,2026-08-08T15:32:00+00:00,2026-08-08,Clarity Act (H.R.3633) signed into law in 2026?,0x9cb23d04,buy_yes,Bought YES (bid hit),51.64,0.18,9.2952,0.175,-0.5,98.6324,59.386,39.2464,10120.8,0,0
632,2026-08-08T16:02:00+00:00,2026-08-08,Will another city host the final of the 2030 FIFA World Cup?,0x07414b5c,buy_yes,Bought YES (bid hit),32.0168,0.42,13.4471,0.405,-1.5,37.439,28.9184,8.5206,10107.3,0,0
633,2026-08-08T16:25:00+00:00,2026-08-08,Clarity Act (H.R.3633) signed into law in 2026?,0x9cb23d04,sell_yes,Sold YES (ask lifted),54.7384,0.2,10.9477,0.205,-0.5,43.894,59.386,-15.492,10118.3,0,0
634,2026-08-08T16:41:00+00:00,2026-08-08,Clarity Act (H.R.3633) signed into law in 2026?,0x9cb23d04,buy_yes,Bought YES (bid hit),51.64,0.23,11.8772,0.225,-0.5,95.534,59.386,36.148,10106.4,0,0
635,2026-08-09T00:00:00+00:00,2026-08-09,Will Benjamin Netanyahu be the next Prime Minister of Israel?,0x7586a965,buy_yes,Bought YES (bid hit),51.64,0.29,14.9756,0.23,-6,51.64,1.5492,50.0908,10131.4,0,0
636,2026-08-09T08:51:00+00:00,2026-08-09,Will Benjamin Netanyahu be the next Prime Minister of Israel?,0x7586a965,sell_yes,Sold YES (ask lifted),51.64,0.33,17.0412,0.335,-0.5,0,1.5492,-1.5492,10148.4,0,0
637,2026-08-09T11:51:00+00:00,2026-08-09,Will the Fed increase interest rates by 25 bps after the September 2026 meeting?,0x876506d8,sell_yes,Sold YES (ask lifted),103.28,0.35,36.148,0.355,-0.5,123.746,112.575,11.1708,10184.6,0,0
638,2026-08-10T00:00:00+00:00,2026-08-10,Will Oscar Isaac – “Beef” win Emmys 2026: Outstanding lead actor in a limited or anthology series or movie?,0xa273dc84,buy_yes,Bought YES (bid hit),51.64,0.55,28.402,0.32,-23,51.64,0,51.64,10218.9,0,0
639,2026-08-10T00:00:00+00:00,2026-08-10,Will the Moderate Party (M) win the third most seats in the 2026 Swedish parliamentary election?,0xbbb881b0,buy_yes,Bought YES (bid hit),46.476,0.8,37.1808,0.605,-19.5,46.476,0,46.476,10181.8,0,0
640,2026-08-10T00:00:00+00:00,2026-08-10,Will Katherine LaNasa – “The Pitt” win Emmys 2026: Outstanding supporting actress in a drama series?,0xc46b0990,sell_yes,Sold YES (ask lifted),51.64,0.76,39.2464,0.815,-5.5,0,45.4432,-45.4432,10210.1,0,0
641,2026-08-10T00:00:00+00:00,2026-08-10,Bab el-Mandeb Strait effectively closed by December 31?,0xd8659b58,sell_yes,Sold YES (ask lifted),103.28,0.2,20.656,0.335,-13.5,2.0656,103.28,-101.214,10230.8,0,0
642,2026-08-10T00:01:00+00:00,2026-08-10,Will Ulf Kristersson be the next Prime Minister of Sweden?,0x8a42bb4c,buy_yes,Bought YES (bid hit),51.64,0.09,4.6476,0.075,-1.5,51.64,1.5492,50.0908,10226.1,0,0
643,2026-08-10T00:02:00+00:00,2026-08-10,Will Oscar Isaac – “Beef” win Emmys 2026: Outstanding lead actor in a limited or anthology series or movie?,0xa273dc84,sell_yes,Sold YES (ask lifted),51.64,0.33,17.0412,0.595,-26.5,0,0,0,10243.2,0,0
644,2026-08-10T00:07:00+00:00,2026-08-10,Will the Moderate Party (M) win the third most seats in the 2026 Swedish parliamentary election?,0xbbb881b0,sell_yes,Sold YES (ask lifted),46.476,0.66,30.6742,0.835,-17.5,0,0,0,10273.8,0,0
