fill_id,datetime_utc,date,market_question,market_id_short,side,action_plain,size_shares,price,notional_usd,mid,edge_vs_mid_cents,inv_yes_after,inv_no_after,net_inv_after,cash_after,fee,rebate
1,2026-05-14T00:04:00+00:00,2026-05-14,Fed Rate Hike by October 2026 Meeting?,0x059db22d,buy_yes,Bought YES (bid hit),168.346,0.46,77.4393,0.38,-8,168.346,0,168.346,9922.56,0,0
2,2026-05-14T00:05:00+00:00,2026-05-14,Will Harry Kane win the 2026 Ballon d'Or?,0x12dc2b61,buy_yes,Bought YES (bid hit),26.6721,0.2,5.3344,0.176,-2.4,26.6721,0,26.6721,9917.23,0,0
3,2026-05-14T00:08:00+00:00,2026-05-14,Will the Fed increase interest rates by 25 bps after the September 2026 meeting?,0x876506d8,buy_yes,Bought YES (bid hit),103.28,0.37,38.2136,0.235,-13.5,103.28,0,103.28,9879.01,0,0
4,2026-05-14T00:15:00+00:00,2026-05-14,Fed Rate Hike by October 2026 Meeting?,0x059db22d,sell_yes,Sold YES (ask lifted),103.28,0.31,32.0168,0.335,-2.5,65.0664,0,65.0664,9911.03,0,0
5,2026-05-14T00:36:00+00:00,2026-05-14,Fed Rate Hike by October 2026 Meeting?,0x059db22d,sell_yes,Sold YES (ask lifted),103.28,0.31,32.0168,0.335,-2.5,0,38.2136,-38.2136,9916.68,0,0
6,2026-05-14T00:38:00+00:00,2026-05-14,Fed Rate Hike by October 2026 Meeting?,0x059db22d,buy_yes,Bought YES (bid hit),103.28,0.3,30.984,0.28,-2,103.28,38.2136,65.0664,9885.69,0,0
7,2026-05-14T00:51:00+00:00,2026-05-14,Fed Rate Hike by October 2026 Meeting?,0x059db22d,sell_yes,Sold YES (ask lifted),103.28,0.31,32.0168,0.335,-2.5,0,38.2136,-38.2136,9917.71,0,0
8,2026-05-14T00:57:00+00:00,2026-05-14,Fed Rate Hike by October 2026 Meeting?,0x059db22d,buy_yes,Bought YES (bid hit),103.28,0.3,30.984,0.275,-2.5,103.28,38.2136,65.0664,9886.73,0,0
9,2026-05-14T01:00:00+00:00,2026-05-14,Fed Rate Hike by October 2026 Meeting?,0x059db22d,sell_yes,Sold YES (ask lifted),103.28,0.31,32.0168,0.33,-2,0,38.2136,-38.2136,9918.74,0,0
10,2026-05-14T01:10:00+00:00,2026-05-14,Fed Rate Hike by October 2026 Meeting?,0x059db22d,buy_yes,Bought YES (bid hit),103.28,0.3,30.984,0.28,-2,103.28,38.2136,65.0664,9887.76,0,0
11,2026-05-14T01:12:00+00:00,2026-05-14,Fed Rate Hike by October 2026 Meeting?,0x059db22d,sell_yes,Sold YES (ask lifted),103.28,0.31,32.0168,0.33,-2,0,38.2136,-38.2136,9919.78,0,0
12,2026-05-14T01:14:00+00:00,2026-05-14,Will there be no change in Fed interest rates after the September 2026 meeting?,0xa3b36b2d,buy_yes,Bought YES (bid hit),103.28,0.58,59.9024,0.535,-4.5,103.28,0,103.28,9859.87,0,0
13,2026-05-14T01:24:00+00:00,2026-05-14,Fed Rate Hike by October 2026 Meeting?,0x059db22d,buy_yes,Bought YES (bid hit),103.28,0.3,30.984,0.275,-2.5,103.28,38.2136,65.0664,9828.89,0,0
14,2026-05-14T01:27:00+00:00,2026-05-14,Fed Rate Hike by October 2026 Meeting?,0x059db22d,sell_yes,Sold YES (ask lifted),103.28,0.31,32.0168,0.335,-2.5,0,38.2136,-38.2136,9860.91,0,0
15,2026-05-14T01:28:00+00:00,2026-05-14,Bab el-Mandeb Strait effectively closed by September 30?,0x95fc6a4e,buy_yes,Bought YES (bid hit),103.28,0.24,24.7872,0.2,-4,103.28,0,103.28,9836.12,0,0
16,2026-05-14T01:39:00+00:00,2026-05-14,Fed Rate Hike by October 2026 Meeting?,0x059db22d,buy_yes,Bought YES (bid hit),103.28,0.3,30.984,0.28,-2,103.28,38.2136,65.0664,9805.14,0,0
17,2026-05-14T01:41:00+00:00,2026-05-14,Fed Rate Hike by October 2026 Meeting?,0x059db22d,sell_yes,Sold YES (ask lifted),103.28,0.31,32.0168,0.335,-2.5,0,38.2136,-38.2136,9837.15,0,0
18,2026-05-14T01:44:00+00:00,2026-05-14,Fed Rate Hike by October 2026 Meeting?,0x059db22d,buy_yes,Bought YES (bid hit),103.28,0.3,30.984,0.28,-2,103.28,38.2136,65.0664,9806.17,0,0
19,2026-05-14T01:46:00+00:00,2026-05-14,Will there be no change in Fed interest rates after the September 2026 meeting?,0xa3b36b2d,sell_yes,Sold YES (ask lifted),103.28,0.57,58.8696,0.58,-1,0,0,0,9865.04,0,0
20,2026-05-14T01:48:00+00:00,2026-05-14,Fed Rate Hike by October 2026 Meeting?,0x059db22d,sell_yes,Sold YES (ask lifted),103.28,0.31,32.0168,0.335,-2.5,0,38.2136,-38.2136,9897.06,0,0
21,2026-05-14T01:57:00+00:00,2026-05-14,Fed Rate Hike by October 2026 Meeting?,0x059db22d,buy_yes,Bought YES (bid hit),103.28,0.3,30.984,0.28,-2,103.28,38.2136,65.0664,9866.07,0,0
22,2026-05-14T02:00:00+00:00,2026-05-14,Fed Rate Hike by October 2026 Meeting?,0x059db22d,sell_yes,Sold YES (ask lifted),103.28,0.31,32.0168,0.335,-2.5,0,38.2136,-38.2136,9898.09,0,0
23,2026-05-14T02:02:00+00:00,2026-05-14,Fed Rate Hike by October 2026 Meeting?,0x059db22d,buy_yes,Bought YES (bid hit),103.28,0.3,30.984,0.28,-2,103.28,38.2136,65.0664,9867.1,0,0
24,2026-05-14T02:14:00+00:00,2026-05-14,Fed Rate Hike by October 2026 Meeting?,0x059db22d,sell_yes,Sold YES (ask lifted),103.28,0.31,32.0168,0.34,-3,0,38.2136,-38.2136,9899.12,0,0
25,2026-05-14T02:16:00+00:00,2026-05-14,Fed Rate Hike by October 2026 Meeting?,0x059db22d,buy_yes,Bought YES (bid hit),103.28,0.31,32.0168,0.28,-3,103.28,38.2136,65.0664,9867.1,0,0
26,2026-05-14T02:32:00+00:00,2026-05-14,Fed Rate Hike by October 2026 Meeting?,0x059db22d,sell_yes,Sold YES (ask lifted),106.378,0.31,32.9773,0.33,-2,0,41.312,-41.312,9897.94,0,0
27,2026-05-14T02:48:00+00:00,2026-05-14,Fed Rate Hike by October 2026 Meeting?,0x059db22d,buy_yes,Bought YES (bid hit),103.28,0.31,32.0168,0.29,-2,103.28,41.312,61.968,9865.93,0,0
28,2026-05-14T02:50:00+00:00,2026-05-14,Fed Rate Hike by October 2026 Meeting?,0x059db22d,sell_yes,Sold YES (ask lifted),103.28,0.31,32.0168,0.34,-3,0,41.312,-41.312,9897.94,0,0
29,2026-05-14T02:55:00+00:00,2026-05-14,Fed Rate Hike by October 2026 Meeting?,0x059db22d,buy_yes,Bought YES (bid hit),103.28,0.3,30.984,0.28,-2,103.28,41.312,61.968,9866.96,0,0
30,2026-05-14T02:57:00+00:00,2026-05-14,Fed Rate Hike by October 2026 Meeting?,0x059db22d,sell_yes,Sold YES (ask lifted),106.378,0.32,34.0411,0.335,-1.5,0,44.4104,-44.4104,9898.89,0,0
31,2026-05-14T03:03:00+00:00,2026-05-14,Fed Rate Hike by October 2026 Meeting?,0x059db22d,buy_yes,Bought YES (bid hit),103.28,0.31,32.0168,0.285,-2.5,103.28,44.4104,58.8696,9866.88,0,0
32,2026-05-14T03:07:00+00:00,2026-05-14,Fed Rate Hike by October 2026 Meeting?,0x059db22d,sell_yes,Sold YES (ask lifted),106.378,0.31,32.9773,0.335,-2.5,0,47.5088,-47.5088,9897.72,0,0
33,2026-05-14T03:16:00+00:00,2026-05-14,Fed Rate Hike by October 2026 Meeting?,0x059db22d,buy_yes,Bought YES (bid hit),103.28,0.31,32.0168,0.28,-3,103.28,47.5088,55.7712,9865.7,0,0
34,2026-05-14T03:18:00+00:00,2026-05-14,Fed Rate Hike by October 2026 Meeting?,0x059db22d,sell_yes,Sold YES (ask lifted),103.28,0.32,33.0496,0.335,-1.5,0,47.5088,-47.5088,9898.75,0,0
35,2026-05-14T03:52:00+00:00,2026-05-14,Fed Rate Hike by October 2026 Meeting?,0x059db22d,buy_yes,Bought YES (bid hit),103.28,0.3,30.984,0.28,-2,103.28,47.5088,55.7712,9867.77,0,0
36,2026-05-14T03:56:00+00:00,2026-05-14,Fed Rate Hike by October 2026 Meeting?,0x059db22d,sell_yes,Sold YES (ask lifted),103.28,0.31,32.0168,0.335,-2.5,0,47.5088,-47.5088,9899.78,0,0
37,2026-05-14T03:59:00+00:00,2026-05-14,Fed Rate Hike by October 2026 Meeting?,0x059db22d,buy_yes,Bought YES (bid hit),103.28,0.3,30.984,0.28,-2,103.28,47.5088,55.7712,9868.8,0,0
38,2026-05-14T04:01:00+00:00,2026-05-14,Fed Rate Hike by October 2026 Meeting?,0x059db22d,sell_yes,Sold YES (ask lifted),103.28,0.31,32.0168,0.335,-2.5,0,47.5088,-47.5088,9900.82,0,0
39,2026-05-14T04:08:00+00:00,2026-05-14,Fed Rate Hike by October 2026 Meeting?,0x059db22d,buy_yes,Bought YES (bid hit),103.28,0.3,30.984,0.28,-2,103.28,47.5088,55.7712,9869.83,0,0
40,2026-05-14T04:12:00+00:00,2026-05-14,Fed Rate Hike by October 2026 Meeting?,0x059db22d,sell_yes,Sold YES (ask lifted),103.28,0.31,32.0168,0.335,-2.5,0,47.5088,-47.5088,9901.85,0,0
41,2026-05-14T04:14:00+00:00,2026-05-14,Fed Rate Hike by October 2026 Meeting?,0x059db22d,buy_yes,Bought YES (bid hit),103.28,0.3,30.984,0.285,-1.5,103.28,47.5088,55.7712,9870.86,0,0
42,2026-05-14T04:17:00+00:00,2026-05-14,Fed Rate Hike by October 2026 Meeting?,0x059db22d,sell_yes,Sold YES (ask lifted),103.28,0.31,32.0168,0.335,-2.5,0,47.5088,-47.5088,9902.88,0,0
43,2026-05-14T04:20:00+00:00,2026-05-14,Fed Rate Hike by October 2026 Meeting?,0x059db22d,buy_yes,Bought YES (bid hit),103.28,0.3,30.984,0.28,-2,103.28,47.5088,55.7712,9871.9,0,0
44,2026-05-14T04:32:00+00:00,2026-05-14,Fed Rate Hike by October 2026 Meeting?,0x059db22d,sell_yes,Sold YES (ask lifted),103.28,0.31,32.0168,0.335,-2.5,0,47.5088,-47.5088,9903.91,0,0
45,2026-05-14T04:35:00+00:00,2026-05-14,Fed Rate Hike by October 2026 Meeting?,0x059db22d,buy_yes,Bought YES (bid hit),103.28,0.3,30.984,0.28,-2,103.28,47.5088,55.7712,9872.93,0,0
46,2026-05-14T04:42:00+00:00,2026-05-14,Fed Rate Hike by October 2026 Meeting?,0x059db22d,sell_yes,Sold YES (ask lifted),103.28,0.31,32.0168,0.335,-2.5,0,47.5088,-47.5088,9904.95,0,0
47,2026-05-14T04:44:00+00:00,2026-05-14,Fed Rate Hike by October 2026 Meeting?,0x059db22d,buy_yes,Bought YES (bid hit),103.28,0.3,30.984,0.28,-2,103.28,47.5088,55.7712,9873.96,0,0
48,2026-05-14T04:54:00+00:00,2026-05-14,Fed Rate Hike by October 2026 Meeting?,0x059db22d,sell_yes,Sold YES (ask lifted),103.28,0.31,32.0168,0.335,-2.5,0,47.5088,-47.5088,9905.98,0,0
49,2026-05-14T05:03:00+00:00,2026-05-14,Fed Rate Hike by October 2026 Meeting?,0x059db22d,buy_yes,Bought YES (bid hit),103.28,0.3,30.984,0.28,-2,103.28,47.5088,55.7712,9875,0,0
50,2026-05-14T05:10:00+00:00,2026-05-14,Fed Rate Hike by October 2026 Meeting?,0x059db22d,sell_yes,Sold YES (ask lifted),103.28,0.31,32.0168,0.335,-2.5,0,47.5088,-47.5088,9907.01,0,0
51,2026-05-14T05:12:00+00:00,2026-05-14,Fed Rate Hike by October 2026 Meeting?,0x059db22d,buy_yes,Bought YES (bid hit),103.28,0.3,30.984,0.28,-2,103.28,47.5088,55.7712,9876.03,0,0
52,2026-05-14T05:22:00+00:00,2026-05-14,Fed Rate Hike by October 2026 Meeting?,0x059db22d,sell_yes,Sold YES (ask lifted),103.28,0.31,32.0168,0.335,-2.5,0,47.5088,-47.5088,9908.04,0,0
53,2026-05-14T05:31:00+00:00,2026-05-14,Fed Rate Hike by October 2026 Meeting?,0x059db22d,buy_yes,Bought YES (bid hit),103.28,0.3,30.984,0.28,-2,103.28,47.5088,55.7712,9877.06,0,0
54,2026-05-14T05:38:00+00:00,2026-05-14,Fed Rate Hike by October 2026 Meeting?,0x059db22d,sell_yes,Sold YES (ask lifted),103.28,0.31,32.0168,0.335,-2.5,0,47.5088,-47.5088,9909.08,0,0
55,2026-05-14T05:47:00+00:00,2026-05-14,Fed Rate Hike by October 2026 Meeting?,0x059db22d,buy_yes,Bought YES (bid hit),103.28,0.3,30.984,0.28,-2,103.28,47.5088,55.7712,9878.09,0,0
56,2026-05-14T05:56:00+00:00,2026-05-14,Fed Rate Hike by October 2026 Meeting?,0x059db22d,sell_yes,Sold YES (ask lifted),103.28,0.31,32.0168,0.335,-2.5,0,47.5088,-47.5088,9910.11,0,0
57,2026-05-14T06:05:00+00:00,2026-05-14,Fed Rate Hike by October 2026 Meeting?,0x059db22d,buy_yes,Bought YES (bid hit),106.378,0.31,32.9773,0.285,-2.5,106.378,47.5088,58.8696,9877.13,0,0
58,2026-05-14T06:18:00+00:00,2026-05-14,Fed Rate Hike by October 2026 Meeting?,0x059db22d,sell_yes,Sold YES (ask lifted),103.28,0.31,32.0168,0.335,-2.5,3.0984,47.5088,-44.4104,9909.15,0,0
59,2026-05-14T06:20:00+00:00,2026-05-14,Fed Rate Hike by October 2026 Meeting?,0x059db22d,buy_yes,Bought YES (bid hit),103.28,0.3,30.984,0.28,-2,106.378,47.5088,58.8696,9878.17,0,0
60,2026-05-14T06:32:00+00:00,2026-05-14,Fed Rate Hike by October 2026 Meeting?,0x059db22d,sell_yes,Sold YES (ask lifted),103.28,0.32,33.0496,0.34,-2,3.0984,47.5088,-44.4104,9911.22,0,0
61,2026-05-14T06:49:00+00:00,2026-05-14,Fed Rate Hike by October 2026 Meeting?,0x059db22d,buy_yes,Bought YES (bid hit),103.28,0.3,30.984,0.28,-2,106.378,47.5088,58.8696,9880.23,0,0
62,2026-05-14T06:57:00+00:00,2026-05-14,Fed Rate Hike by October 2026 Meeting?,0x059db22d,sell_yes,Sold YES (ask lifted),103.28,0.31,32.0168,0.335,-2.5,3.0984,47.5088,-44.4104,9912.25,0,0
63,2026-05-14T07:04:00+00:00,2026-05-14,Fed Rate Hike by October 2026 Meeting?,0x059db22d,buy_yes,Bought YES (bid hit),103.28,0.3,30.984,0.28,-2,106.378,47.5088,58.8696,9881.26,0,0
64,2026-05-14T07:07:00+00:00,2026-05-14,Fed Rate Hike by October 2026 Meeting?,0x059db22d,sell_yes,Sold YES (ask lifted),103.28,0.31,32.0168,0.34,-3,3.0984,47.5088,-44.4104,9913.28,0,0
65,2026-05-14T07:09:00+00:00,2026-05-14,Fed Rate Hike by October 2026 Meeting?,0x059db22d,buy_yes,Bought YES (bid hit),103.28,0.3,30.984,0.28,-2,106.378,47.5088,58.8696,9882.3,0,0
66,2026-05-14T07:15:00+00:00,2026-05-14,Fed Rate Hike by October 2026 Meeting?,0x059db22d,sell_yes,Sold YES (ask lifted),103.28,0.32,33.0496,0.335,-1.5,3.0984,47.5088,-44.4104,9915.35,0,0
67,2026-05-14T07:24:00+00:00,2026-05-14,Fed Rate Hike by October 2026 Meeting?,0x059db22d,buy_yes,Bought YES (bid hit),103.28,0.31,32.0168,0.28,-3,106.378,47.5088,58.8696,9883.33,0,0
68,2026-05-14T07:30:00+00:00,2026-05-14,Fed Rate Hike by October 2026 Meeting?,0x059db22d,sell_yes,Sold YES (ask lifted),109.477,0.32,35.0326,0.385,-6.5,0,50.6072,-50.6072,9916.26,0,0
69,2026-05-14T07:33:00+00:00,2026-05-14,Will there be no change in Fed interest rates after the September 2026 meeting?,0xa3b36b2d,buy_yes,Bought YES (bid hit),103.28,0.67,69.1976,0.665,-0.5,103.28,0,103.28,9847.06,0,0
70,2026-05-14T08:14:00+00:00,2026-05-14,Fed Rate Hike by October 2026 Meeting?,0x059db22d,buy_yes,Bought YES (bid hit),103.28,0.36,37.1808,0.285,-7.5,103.28,50.6072,52.6728,9809.88,0,0
71,2026-05-14T08:47:00+00:00,2026-05-14,Will Ulf Kristersson be the next Prime Minister of Sweden?,0x8a42bb4c,buy_yes,Bought YES (bid hit),51.64,0.27,13.9428,0.235,-3.5,51.64,0,51.64,9795.93,0,0
72,2026-05-14T11:53:00+00:00,2026-05-14,Will the Fed increase interest rates by 25 bps after the September 2026 meeting?,0x876506d8,sell_yes,Sold YES (ask lifted),106.378,0.17,18.0843,0.175,-0.5,0,3.0984,-3.0984,9811.45,0,0
73,2026-05-14T12:04:00+00:00,2026-05-14,Will there be no change in Fed interest rates after the September 2026 meeting?,0xa3b36b2d,sell_yes,Sold YES (ask lifted),112.575,0.71,79.9284,0.715,-0.5,0,9.2952,-9.2952,9888.68,0,0
74,2026-05-14T12:10:00+00:00,2026-05-14,Will there be no change in Fed interest rates after the September 2026 meeting?,0xa3b36b2d,buy_yes,Bought YES (bid hit),103.28,0.7,72.296,0.68,-2,103.28,9.2952,93.9848,9816.38,0,0
75,2026-05-14T12:24:00+00:00,2026-05-14,Will there be no change in Fed interest rates after the September 2026 meeting?,0xa3b36b2d,sell_yes,Sold YES (ask lifted),103.28,0.72,74.3616,0.725,-0.5,0,9.2952,-9.2952,9890.75,0,0
76,2026-05-14T12:25:00+00:00,2026-05-14,Will there be no change in Fed interest rates after the September 2026 meeting?,0xa3b36b2d,buy_yes,Bought YES (bid hit),47.9219,0.68,32.5869,0.68,-0,47.9219,9.2952,38.6267,9858.16,0,0
77,2026-05-14T14:20:00+00:00,2026-05-14,Will the Fed increase interest rates by 25 bps after the September 2026 meeting?,0x876506d8,buy_yes,Bought YES (bid hit),103.28,0.15,15.492,0.135,-1.5,103.28,3.0984,100.182,9842.67,0,0
78,2026-05-14T14:48:00+00:00,2026-05-14,Clarity Act (H.R.3633) signed into law in 2026?,0x9cb23d04,buy_yes,Bought YES (bid hit),51.64,0.64,33.0496,0.635,-0.5,51.64,0,51.64,9809.62,0,0
79,2026-05-15T00:04:00+00:00,2026-05-15,Will Ulf Kristersson be the next Prime Minister of Sweden?,0x8a42bb4c,sell_yes,Sold YES (ask lifted),53.1892,0.17,9.0422,0.245,-7.5,0,1.5492,-1.5492,9833.65,0,0
80,2026-05-15T00:13:00+00:00,2026-05-15,Will Harry Kane win the 2026 Ballon d'Or?,0x12dc2b61,sell_yes,Sold YES (ask lifted),25.82,0.13,3.3566,0.172,-4.2,0.85206,0,0.85206,9837,0,0
81,2026-05-15T00:40:00+00:00,2026-05-15,Will the Fed increase interest rates by 25 bps after the September 2026 meeting?,0x876506d8,sell_yes,Sold YES (ask lifted),103.28,0.12,12.3936,0.125,-0.5,0,3.0984,-3.0984,9849.4,0,0
82,2026-05-15T00:50:00+00:00,2026-05-15,Will Édouard Philippe win the 2027 French presidential election?,0x46f2f457,sell_yes,Sold YES (ask lifted),51.64,0.15,7.746,0.2,-5,0,51.64,-51.64,9813.25,0,0
83,2026-05-15T01:57:00+00:00,2026-05-15,Fed Rate Hike by October 2026 Meeting?,0x059db22d,sell_yes,Sold YES (ask lifted),103.28,0.22,22.7216,0.24,-2,0,50.6072,-50.6072,9835.97,0,0
84,2026-05-15T04:22:00+00:00,2026-05-15,Fed Rate Hike by October 2026 Meeting?,0x059db22d,buy_yes,Bought YES (bid hit),103.28,0.26,26.8528,0.255,-0.5,103.28,50.6072,52.6728,9809.12,0,0
85,2026-05-15T07:57:00+00:00,2026-05-15,Will the Fed increase interest rates by 25 bps after the September 2026 meeting?,0x876506d8,buy_yes,Bought YES (bid hit),103.28,0.08,8.2624,0.065,-1.5,103.28,3.0984,100.182,9800.85,0,0
86,2026-05-15T08:37:00+00:00,2026-05-15,Fed Rate Hike by October 2026 Meeting?,0x059db22d,sell_yes,Sold YES (ask lifted),103.28,0.26,26.8528,0.265,-0.5,0,50.6072,-50.6072,9827.71,0,0
87,2026-05-15T10:52:00+00:00,2026-05-15,Will no Fed rate cuts happen in 2026?,0xd4e77ba6,buy_yes,Bought YES (bid hit),25.82,0.69,17.8158,0.6775,-1.25,25.82,0,25.82,9809.89,0,0
88,2026-05-15T20:16:00+00:00,2026-05-15,Will there be no change in Fed interest rates after the September 2026 meeting?,0xa3b36b2d,sell_yes,Sold YES (ask lifted),103.28,0.77,79.5256,0.775,-0.5,0,64.6533,-64.6533,9876.68,0,0
89,2026-05-15T20:23:00+00:00,2026-05-15,Will there be no change in Fed interest rates after the September 2026 meeting?,0xa3b36b2d,buy_yes,Bought YES (bid hit),103.28,0.77,79.5256,0.765,-0.5,103.28,64.6533,38.6267,9797.16,0,0
90,2026-05-15T20:24:00+00:00,2026-05-15,Will there be no change in Fed interest rates after the September 2026 meeting?,0xa3b36b2d,sell_yes,Sold YES (ask lifted),103.28,0.77,79.5256,0.775,-0.5,0,64.6533,-64.6533,9876.68,0,0
91,2026-05-15T20:49:00+00:00,2026-05-15,Will there be no change in Fed interest rates after the September 2026 meeting?,0xa3b36b2d,buy_yes,Bought YES (bid hit),103.28,0.77,79.5256,0.765,-0.5,103.28,64.6533,38.6267,9797.16,0,0
92,2026-05-15T21:12:00+00:00,2026-05-15,Will there be no change in Fed interest rates after the September 2026 meeting?,0xa3b36b2d,sell_yes,Sold YES (ask lifted),103.28,0.76,78.4928,0.765,-0.5,0,64.6533,-64.6533,9875.65,0,0
93,2026-05-15T21:32:00+00:00,2026-05-15,Will there be no change in Fed interest rates after the September 2026 meeting?,0xa3b36b2d,buy_yes,Bought YES (bid hit),103.28,0.76,78.4928,0.755,-0.5,103.28,64.6533,38.6267,9797.16,0,0
94,2026-05-15T21:34:00+00:00,2026-05-15,Will there be no change in Fed interest rates after the September 2026 meeting?,0xa3b36b2d,sell_yes,Sold YES (ask lifted),103.28,0.76,78.4928,0.765,-0.5,0,64.6533,-64.6533,9875.65,0,0
95,2026-05-15T21:37:00+00:00,2026-05-15,Will there be no change in Fed interest rates after the September 2026 meeting?,0xa3b36b2d,buy_yes,Bought YES (bid hit),103.28,0.76,78.4928,0.755,-0.5,103.28,64.6533,38.6267,9797.16,0,0
96,2026-05-15T22:45:00+00:00,2026-05-15,Will there be no change in Fed interest rates after the September 2026 meeting?,0xa3b36b2d,sell_yes,Sold YES (ask lifted),103.28,0.76,78.4928,0.765,-0.5,0,64.6533,-64.6533,9875.65,0,0
97,2026-05-15T22:46:00+00:00,2026-05-15,Will there be no change in Fed interest rates after the September 2026 meeting?,0xa3b36b2d,buy_yes,Bought YES (bid hit),103.28,0.76,78.4928,0.755,-0.5,103.28,64.6533,38.6267,9797.16,0,0
98,2026-05-15T23:37:00+00:00,2026-05-15,Will there be no change in Fed interest rates after the September 2026 meeting?,0xa3b36b2d,sell_yes,Sold YES (ask lifted),103.28,0.76,78.4928,0.765,-0.5,0,64.6533,-64.6533,9875.65,0,0
99,2026-05-16T00:00:00+00:00,2026-05-16,Will Édouard Philippe win the 2027 French presidential election?,0x46f2f457,buy_yes,Bought YES (bid hit),51.64,0.15,7.746,0.11,-4,51.64,51.64,0,9892.93,0,0
100,2026-05-16T00:00:00+00:00,2026-05-16,Bab el-Mandeb Strait effectively closed by September 30?,0x95fc6a4e,sell_yes,Sold YES (ask lifted),103.28,0.2,20.656,0.265,-6.5,0,0,0,9913.59,0,0
101,2026-05-16T00:01:00+00:00,2026-05-16,Will the Fed increase interest rates by 25 bps after the September 2026 meeting?,0x876506d8,sell_yes,Sold YES (ask lifted),103.28,0.13,13.4264,0.495,-36.5,0,3.0984,-3.0984,9927.01,0,0
102,2026-05-16T00:01:00+00:00,2026-05-16,Will Ulf Kristersson be the next Prime Minister of Sweden?,0x8a42bb4c,buy_yes,Bought YES (bid hit),51.64,0.25,12.91,0.235,-1.5,51.64,1.5492,50.0908,9914.1,0,0
103,2026-05-16T00:02:00+00:00,2026-05-16,Will there be no change in Fed interest rates after the September 2026 meeting?,0xa3b36b2d,buy_yes,Bought YES (bid hit),106.378,0.75,79.7838,0.565,-18.5,106.378,64.6533,41.7251,9834.32,0,0
104,2026-05-16T00:06:00+00:00,2026-05-16,Bab el-Mandeb Strait effectively closed by September 30?,0x95fc6a4e,sell_yes,Sold YES (ask lifted),103.28,0.2,20.656,0.22,-2,0,103.28,-103.28,9772.35,0,0
105,2026-05-16T00:13:00+00:00,2026-05-16,Will there be no change in Fed interest rates after the September 2026 meeting?,0xa3b36b2d,sell_yes,Sold YES (ask lifted),103.28,0.56,57.8368,0.755,-19.5,3.0984,64.6533,-61.5549,9830.19,0,0
106,2026-05-16T00:16:00+00:00,2026-05-16,Will Édouard Philippe win the 2027 French presidential election?,0x46f2f457,sell_yes,Sold YES (ask lifted),51.64,0.15,7.746,0.195,-4.5,0,51.64,-51.64,9837.93,0,0
107,2026-05-16T00:26:00+00:00,2026-05-16,Bab el-Mandeb Strait effectively closed by September 30?,0x95fc6a4e,buy_yes,Bought YES (bid hit),134.264,0.23,30.8807,0.22,-1,134.264,103.28,30.984,9807.05,0,0
108,2026-05-16T00:29:00+00:00,2026-05-16,Bab el-Mandeb Strait effectively closed by September 30?,0x95fc6a4e,buy_yes,Bought YES (bid hit),103.28,0.19,19.6232,0.17,-2,237.544,103.28,134.264,9787.43,0,0
109,2026-05-16T00:49:00+00:00,2026-05-16,Will Ulf Kristersson be the next Prime Minister of Sweden?,0x8a42bb4c,sell_yes,Sold YES (ask lifted),51.64,0.29,14.9756,0.295,-0.5,0,1.5492,-1.5492,9802.4,0,0
110,2026-05-16T04:06:00+00:00,2026-05-16,Will there be no change in Fed interest rates after the September 2026 meeting?,0xa3b36b2d,buy_yes,Bought YES (bid hit),103.28,0.78,80.5584,0.77,-1,106.378,64.6533,41.7251,9721.85,0,0
111,2026-05-16T04:19:00+00:00,2026-05-16,Will there be no change in Fed interest rates after the September 2026 meeting?,0xa3b36b2d,sell_yes,Sold YES (ask lifted),103.28,0.79,81.5912,0.795,-0.5,3.0984,64.6533,-61.5549,9803.44,0,0
112,2026-05-16T08:42:00+00:00,2026-05-16,Will there be no change in Fed interest rates after the September 2026 meeting?,0xa3b36b2d,buy_yes,Bought YES (bid hit),103.28,0.81,83.6568,0.805,-0.5,106.378,64.6533,41.7251,9719.78,0,0
113,2026-05-16T16:28:00+00:00,2026-05-16,Fed Rate Hike by October 2026 Meeting?,0x059db22d,buy_yes,Bought YES (bid hit),103.28,0.25,25.82,0.245,-0.5,103.28,50.6072,52.6728,9693.96,0,0
114,2026-05-16T16:32:00+00:00,2026-05-16,Fed Rate Hike by October 2026 Meeting?,0x059db22d,sell_yes,Sold YES (ask lifted),103.28,0.25,25.82,0.255,-0.5,0,50.6072,-50.6072,9719.78,0,0
115,2026-05-16T18:05:00+00:00,2026-05-16,Fed Rate Hike by October 2026 Meeting?,0x059db22d,buy_yes,Bought YES (bid hit),103.28,0.25,25.82,0.24,-1,103.28,50.6072,52.6728,9693.96,0,0
116,2026-05-16T18:12:00+00:00,2026-05-16,Fed Rate Hike by October 2026 Meeting?,0x059db22d,sell_yes,Sold YES (ask lifted),103.28,0.25,25.82,0.255,-0.5,0,50.6072,-50.6072,9719.78,0,0
117,2026-05-16T20:21:00+00:00,2026-05-16,Fed Rate Hike by October 2026 Meeting?,0x059db22d,buy_yes,Bought YES (bid hit),103.28,0.26,26.8528,0.255,-0.5,103.28,50.6072,52.6728,9692.93,0,0
118,2026-05-16T20:23:00+00:00,2026-05-16,Fed Rate Hike by October 2026 Meeting?,0x059db22d,sell_yes,Sold YES (ask lifted),103.28,0.26,26.8528,0.265,-0.5,0,50.6072,-50.6072,9719.78,0,0
119,2026-05-16T23:26:00+00:00,2026-05-16,Fed Rate Hike by October 2026 Meeting?,0x059db22d,buy_yes,Bought YES (bid hit),103.28,0.25,25.82,0.245,-0.5,103.28,50.6072,52.6728,9693.96,0,0
120,2026-05-16T23:27:00+00:00,2026-05-16,Fed Rate Hike by October 2026 Meeting?,0x059db22d,sell_yes,Sold YES (ask lifted),103.28,0.25,25.82,0.26,-1,0,50.6072,-50.6072,9719.78,0,0
121,2026-05-17T00:00:00+00:00,2026-05-17,Will Édouard Philippe win the 2027 French presidential election?,0x46f2f457,buy_yes,Bought YES (bid hit),51.64,0.15,7.746,0.115,-3.5,51.64,51.64,0,9753.54,0,0
122,2026-05-17T00:00:00+00:00,2026-05-17,Will United Russia (ER) gain the most seats in the next Russian parliamentary election?,0x502a94e5,sell_yes,Sold YES (ask lifted),51.64,0.66,34.0824,0.675,-1.5,0,51.64,-51.64,9770.06,0,0
123,2026-05-17T00:00:00+00:00,2026-05-17,Will Ulf Kristersson be the next Prime Minister of Sweden?,0x8a42bb4c,buy_yes,Bought YES (bid hit),51.64,0.22,11.3608,0.195,-2.5,51.64,1.5492,50.0908,9758.7,0,0
124,2026-05-17T00:00:00+00:00,2026-05-17,Bab el-Mandeb Strait effectively closed by September 30?,0x95fc6a4e,sell_yes,Sold YES (ask lifted),103.28,0.26,26.8528,0.285,-2.5,134.264,103.28,30.984,9785.55,0,0
125,2026-05-17T00:08:00+00:00,2026-05-17,Will Ulf Kristersson be the next Prime Minister of Sweden?,0x8a42bb4c,sell_yes,Sold YES (ask lifted),51.64,0.2,10.328,0.285,-8.5,0,1.5492,-1.5492,9795.88,0,0
126,2026-05-17T00:25:00+00:00,2026-05-17,Fed Rate Hike by October 2026 Meeting?,0x059db22d,buy_yes,Bought YES (bid hit),103.28,0.24,24.7872,0.195,-4.5,103.28,50.6072,52.6728,9771.09,0,0
127,2026-05-17T00:31:00+00:00,2026-05-17,Fed Rate Hike by October 2026 Meeting?,0x059db22d,sell_yes,Sold YES (ask lifted),103.28,0.25,25.82,0.26,-1,0,50.6072,-50.6072,9796.91,0,0
128,2026-05-17T00:38:00+00:00,2026-05-17,Will there be no change in Fed interest rates after the September 2026 meeting?,0xa3b36b2d,sell_yes,Sold YES (ask lifted),103.28,0.57,58.8696,0.795,-22.5,3.0984,64.6533,-61.5549,9855.78,0,0
129,2026-05-17T01:25:00+00:00,2026-05-17,Fed Rate Hike by October 2026 Meeting?,0x059db22d,buy_yes,Bought YES (bid hit),103.28,0.25,25.82,0.205,-4.5,103.28,50.6072,52.6728,9829.96,0,0
130,2026-05-17T01:25:00+00:00,2026-05-17,Bab el-Mandeb Strait effectively closed by September 30?,0x95fc6a4e,sell_yes,Sold YES (ask lifted),103.28,0.25,25.82,0.27,-2,30.984,103.28,-72.296,9855.78,0,0
131,2026-05-17T01:28:00+00:00,2026-05-17,Fed Rate Hike by October 2026 Meeting?,0x059db22d,sell_yes,Sold YES (ask lifted),103.28,0.21,21.6888,0.255,-4.5,0,50.6072,-50.6072,9877.47,0,0
132,2026-05-17T02:19:00+00:00,2026-05-17,Fed Rate Hike by October 2026 Meeting?,0x059db22d,buy_yes,Bought YES (bid hit),103.28,0.24,24.7872,0.19,-5,103.28,50.6072,52.6728,9852.69,0,0
133,2026-05-17T02:23:00+00:00,2026-05-17,Fed Rate Hike by October 2026 Meeting?,0x059db22d,sell_yes,Sold YES (ask lifted),106.378,0.21,22.3395,0.25,-4,0,53.7056,-53.7056,9872.58,0,0
134,2026-05-17T02:53:00+00:00,2026-05-17,Fed Rate Hike by October 2026 Meeting?,0x059db22d,buy_yes,Bought YES (bid hit),103.28,0.24,24.7872,0.195,-4.5,103.28,53.7056,49.5744,9847.79,0,0
135,2026-05-17T02:56:00+00:00,2026-05-17,Fed Rate Hike by October 2026 Meeting?,0x059db22d,sell_yes,Sold YES (ask lifted),103.28,0.21,21.6888,0.255,-4.5,0,53.7056,-53.7056,9869.48,0,0
136,2026-05-17T03:05:00+00:00,2026-05-17,Fed Rate Hike by October 2026 Meeting?,0x059db22d,buy_yes,Bought YES (bid hit),103.28,0.24,24.7872,0.205,-3.5,103.28,53.7056,49.5744,9844.69,0,0
137,2026-05-17T04:18:00+00:00,2026-05-17,Fed Rate Hike by October 2026 Meeting?,0x059db22d,sell_yes,Sold YES (ask lifted),103.28,0.21,21.6888,0.26,-5,0,53.7056,-53.7056,9866.38,0,0
138,2026-05-17T04:49:00+00:00,2026-05-17,Fed Rate Hike by October 2026 Meeting?,0x059db22d,buy_yes,Bought YES (bid hit),109.477,0.26,28.464,0.255,-0.5,109.477,53.7056,55.7712,9837.92,0,0
139,2026-05-17T04:59:00+00:00,2026-05-17,Fed Rate Hike by October 2026 Meeting?,0x059db22d,sell_yes,Sold YES (ask lifted),103.28,0.25,25.82,0.26,-1,6.1968,53.7056,-47.5088,9863.74,0,0
140,2026-05-17T05:54:00+00:00,2026-05-17,Fed Rate Hike by October 2026 Meeting?,0x059db22d,buy_yes,Bought YES (bid hit),103.28,0.26,26.8528,0.255,-0.5,109.477,53.7056,55.7712,9836.88,0,0
141,2026-05-17T05:56:00+00:00,2026-05-17,Fed Rate Hike by October 2026 Meeting?,0x059db22d,sell_yes,Sold YES (ask lifted),103.28,0.26,26.8528,0.265,-0.5,6.1968,53.7056,-47.5088,9863.74,0,0
142,2026-05-17T06:02:00+00:00,2026-05-17,Fed Rate Hike by October 2026 Meeting?,0x059db22d,buy_yes,Bought YES (bid hit),103.28,0.25,25.82,0.245,-0.5,109.477,53.7056,55.7712,9837.92,0,0
143,2026-05-17T06:05:00+00:00,2026-05-17,Fed Rate Hike by October 2026 Meeting?,0x059db22d,sell_yes,Sold YES (ask lifted),103.28,0.26,26.8528,0.27,-1,6.1968,53.7056,-47.5088,9864.77,0,0
144,2026-05-17T08:08:00+00:00,2026-05-17,Fed Rate Hike by October 2026 Meeting?,0x059db22d,buy_yes,Bought YES (bid hit),103.28,0.28,28.9184,0.265,-1.5,109.477,53.7056,55.7712,9835.85,0,0
145,2026-05-17T10:22:00+00:00,2026-05-17,Fed Rate Hike by October 2026 Meeting?,0x059db22d,sell_yes,Sold YES (ask lifted),103.28,0.27,27.8856,0.275,-0.5,6.1968,53.7056,-47.5088,9863.74,0,0
146,2026-05-17T10:37:00+00:00,2026-05-17,Fed Rate Hike by October 2026 Meeting?,0x059db22d,buy_yes,Bought YES (bid hit),103.28,0.27,27.8856,0.265,-0.5,109.477,53.7056,55.7712,9835.85,0,0
147,2026-05-17T10:55:00+00:00,2026-05-17,Fed Rate Hike by October 2026 Meeting?,0x059db22d,sell_yes,Sold YES (ask lifted),103.28,0.27,27.8856,0.275,-0.5,6.1968,53.7056,-47.5088,9863.74,0,0
148,2026-05-17T11:07:00+00:00,2026-05-17,Fed Rate Hike by October 2026 Meeting?,0x059db22d,buy_yes,Bought YES (bid hit),103.28,0.27,27.8856,0.265,-0.5,109.477,53.7056,55.7712,9835.85,0,0
149,2026-05-17T11:10:00+00:00,2026-05-17,Fed Rate Hike by October 2026 Meeting?,0x059db22d,sell_yes,Sold YES (ask lifted),103.28,0.27,27.8856,0.275,-0.5,6.1968,53.7056,-47.5088,9863.74,0,0
150,2026-05-17T11:21:00+00:00,2026-05-17,Fed Rate Hike by October 2026 Meeting?,0x059db22d,buy_yes,Bought YES (bid hit),103.28,0.27,27.8856,0.265,-0.5,109.477,53.7056,55.7712,9835.85,0,0
151,2026-05-17T11:25:00+00:00,2026-05-17,Fed Rate Hike by October 2026 Meeting?,0x059db22d,sell_yes,Sold YES (ask lifted),103.28,0.27,27.8856,0.275,-0.5,6.1968,53.7056,-47.5088,9863.74,0,0
152,2026-05-17T11:36:00+00:00,2026-05-17,Fed Rate Hike by October 2026 Meeting?,0x059db22d,buy_yes,Bought YES (bid hit),103.28,0.27,27.8856,0.265,-0.5,109.477,53.7056,55.7712,9835.85,0,0
153,2026-05-17T11:39:00+00:00,2026-05-17,Fed Rate Hike by October 2026 Meeting?,0x059db22d,sell_yes,Sold YES (ask lifted),103.28,0.27,27.8856,0.275,-0.5,6.1968,53.7056,-47.5088,9863.74,0,0
154,2026-05-17T11:50:00+00:00,2026-05-17,Fed Rate Hike by October 2026 Meeting?,0x059db22d,buy_yes,Bought YES (bid hit),103.28,0.27,27.8856,0.265,-0.5,109.477,53.7056,55.7712,9835.85,0,0
155,2026-05-17T11:53:00+00:00,2026-05-17,Fed Rate Hike by October 2026 Meeting?,0x059db22d,sell_yes,Sold YES (ask lifted),103.28,0.27,27.8856,0.275,-0.5,6.1968,53.7056,-47.5088,9863.74,0,0
156,2026-05-17T12:08:00+00:00,2026-05-17,Fed Rate Hike by October 2026 Meeting?,0x059db22d,buy_yes,Bought YES (bid hit),103.28,0.27,27.8856,0.265,-0.5,109.477,53.7056,55.7712,9835.85,0,0
157,2026-05-17T12:10:00+00:00,2026-05-17,Fed Rate Hike by October 2026 Meeting?,0x059db22d,sell_yes,Sold YES (ask lifted),103.28,0.27,27.8856,0.275,-0.5,6.1968,53.7056,-47.5088,9863.74,0,0
158,2026-05-17T12:24:00+00:00,2026-05-17,Fed Rate Hike by October 2026 Meeting?,0x059db22d,buy_yes,Bought YES (bid hit),103.28,0.27,27.8856,0.265,-0.5,109.477,53.7056,55.7712,9835.85,0,0
159,2026-05-17T12:42:00+00:00,2026-05-17,Fed Rate Hike by October 2026 Meeting?,0x059db22d,sell_yes,Sold YES (ask lifted),103.28,0.27,27.8856,0.275,-0.5,6.1968,53.7056,-47.5088,9863.74,0,0
160,2026-05-17T12:52:00+00:00,2026-05-17,Fed Rate Hike by October 2026 Meeting?,0x059db22d,buy_yes,Bought YES (bid hit),103.28,0.27,27.8856,0.265,-0.5,109.477,53.7056,55.7712,9835.85,0,0
161,2026-05-17T12:56:00+00:00,2026-05-17,Fed Rate Hike by October 2026 Meeting?,0x059db22d,sell_yes,Sold YES (ask lifted),109.477,0.27,29.5587,0.275,-0.5,0,53.7056,-53.7056,9865.41,0,0
162,2026-05-17T13:13:00+00:00,2026-05-17,Fed Rate Hike by October 2026 Meeting?,0x059db22d,buy_yes,Bought YES (bid hit),103.28,0.28,28.9184,0.27,-1,103.28,53.7056,49.5744,9836.49,0,0
163,2026-05-17T13:26:00+00:00,2026-05-17,Fed Rate Hike by October 2026 Meeting?,0x059db22d,sell_yes,Sold YES (ask lifted),109.477,0.27,29.5587,0.275,-0.5,0,59.9024,-59.9024,9861.53,0,0
164,2026-05-17T13:35:00+00:00,2026-05-17,Fed Rate Hike by October 2026 Meeting?,0x059db22d,buy_yes,Bought YES (bid hit),103.28,0.28,28.9184,0.275,-0.5,103.28,59.9024,43.3776,9832.61,0,0
165,2026-05-17T13:40:00+00:00,2026-05-17,Fed Rate Hike by October 2026 Meeting?,0x059db22d,sell_yes,Sold YES (ask lifted),103.28,0.27,27.8856,0.275,-0.5,0,59.9024,-59.9024,9860.49,0,0
166,2026-05-17T16:35:00+00:00,2026-05-17,Fed Rate Hike by October 2026 Meeting?,0x059db22d,buy_yes,Bought YES (bid hit),103.28,0.27,27.8856,0.265,-0.5,103.28,59.9024,43.3776,9832.61,0,0
167,2026-05-17T18:10:00+00:00,2026-05-17,Fed Rate Hike by October 2026 Meeting?,0x059db22d,sell_yes,Sold YES (ask lifted),103.28,0.27,27.8856,0.275,-0.5,0,59.9024,-59.9024,9860.49,0,0
168,2026-05-17T18:16:00+00:00,2026-05-17,Bab el-Mandeb Strait effectively closed by September 30?,0x95fc6a4e,buy_yes,Bought YES (bid hit),103.28,0.25,25.82,0.235,-1.5,134.264,103.28,30.984,9834.67,0,0
169,2026-05-17T18:51:00+00:00,2026-05-17,Fed Rate Hike by October 2026 Meeting?,0x059db22d,buy_yes,Bought YES (bid hit),103.28,0.27,27.8856,0.265,-0.5,103.28,59.9024,43.3776,9806.79,0,0
170,2026-05-17T18:55:00+00:00,2026-05-17,Fed Rate Hike by October 2026 Meeting?,0x059db22d,sell_yes,Sold YES (ask lifted),103.28,0.27,27.8856,0.275,-0.5,0,59.9024,-59.9024,9834.67,0,0
171,2026-05-17T19:23:00+00:00,2026-05-17,Bab el-Mandeb Strait effectively closed by September 30?,0x95fc6a4e,sell_yes,Sold YES (ask lifted),103.28,0.24,24.7872,0.25,-1,30.984,103.28,-72.296,9859.46,0,0
172,2026-05-17T19:28:00+00:00,2026-05-17,Will United Russia (ER) gain the most seats in the next Russian parliamentary election?,0x502a94e5,buy_yes,Bought YES (bid hit),51.64,0.61,31.5004,0.605,-0.5,51.64,51.64,0,9827.96,0,0
173,2026-05-17T20:06:00+00:00,2026-05-17,Fed Rate Hike by October 2026 Meeting?,0x059db22d,buy_yes,Bought YES (bid hit),103.28,0.27,27.8856,0.265,-0.5,103.28,59.9024,43.3776,9800.08,0,0
174,2026-05-17T20:09:00+00:00,2026-05-17,Fed Rate Hike by October 2026 Meeting?,0x059db22d,sell_yes,Sold YES (ask lifted),103.28,0.27,27.8856,0.275,-0.5,0,59.9024,-59.9024,9827.96,0,0
175,2026-05-17T20:20:00+00:00,2026-05-17,Fed Rate Hike by October 2026 Meeting?,0x059db22d,buy_yes,Bought YES (bid hit),103.28,0.27,27.8856,0.265,-0.5,103.28,59.9024,43.3776,9800.08,0,0
176,2026-05-17T20:24:00+00:00,2026-05-17,Fed Rate Hike by October 2026 Meeting?,0x059db22d,sell_yes,Sold YES (ask lifted),103.28,0.27,27.8856,0.275,-0.5,0,59.9024,-59.9024,9827.96,0,0
177,2026-05-17T20:38:00+00:00,2026-05-17,Fed Rate Hike by October 2026 Meeting?,0x059db22d,buy_yes,Bought YES (bid hit),103.28,0.27,27.8856,0.265,-0.5,103.28,59.9024,43.3776,9800.08,0,0
178,2026-05-17T20:55:00+00:00,2026-05-17,Fed Rate Hike by October 2026 Meeting?,0x059db22d,sell_yes,Sold YES (ask lifted),103.28,0.27,27.8856,0.275,-0.5,0,59.9024,-59.9024,9827.96,0,0
179,2026-05-17T21:51:00+00:00,2026-05-17,Fed Rate Hike by October 2026 Meeting?,0x059db22d,buy_yes,Bought YES (bid hit),103.28,0.27,27.8856,0.265,-0.5,103.28,59.9024,43.3776,9800.08,0,0
180,2026-05-17T21:54:00+00:00,2026-05-17,Fed Rate Hike by October 2026 Meeting?,0x059db22d,sell_yes,Sold YES (ask lifted),103.28,0.27,27.8856,0.275,-0.5,0,59.9024,-59.9024,9827.96,0,0
181,2026-05-17T22:08:00+00:00,2026-05-17,Fed Rate Hike by October 2026 Meeting?,0x059db22d,buy_yes,Bought YES (bid hit),103.28,0.27,27.8856,0.265,-0.5,103.28,59.9024,43.3776,9800.08,0,0
182,2026-05-17T22:10:00+00:00,2026-05-17,Fed Rate Hike by October 2026 Meeting?,0x059db22d,sell_yes,Sold YES (ask lifted),103.28,0.27,27.8856,0.275,-0.5,0,59.9024,-59.9024,9827.96,0,0
183,2026-05-17T22:37:00+00:00,2026-05-17,Fed Rate Hike by October 2026 Meeting?,0x059db22d,buy_yes,Bought YES (bid hit),103.28,0.27,27.8856,0.265,-0.5,103.28,59.9024,43.3776,9800.08,0,0
184,2026-05-17T22:41:00+00:00,2026-05-17,Fed Rate Hike by October 2026 Meeting?,0x059db22d,sell_yes,Sold YES (ask lifted),103.28,0.27,27.8856,0.275,-0.5,0,59.9024,-59.9024,9827.96,0,0
185,2026-05-17T22:52:00+00:00,2026-05-17,Fed Rate Hike by October 2026 Meeting?,0x059db22d,buy_yes,Bought YES (bid hit),103.28,0.27,27.8856,0.265,-0.5,103.28,59.9024,43.3776,9800.08,0,0
186,2026-05-17T23:09:00+00:00,2026-05-17,Fed Rate Hike by October 2026 Meeting?,0x059db22d,sell_yes,Sold YES (ask lifted),103.28,0.27,27.8856,0.275,-0.5,0,59.9024,-59.9024,9827.96,0,0
187,2026-05-17T23:20:00+00:00,2026-05-17,Fed Rate Hike by October 2026 Meeting?,0x059db22d,buy_yes,Bought YES (bid hit),103.28,0.27,27.8856,0.265,-0.5,103.28,59.9024,43.3776,9800.08,0,0
188,2026-05-17T23:24:00+00:00,2026-05-17,Fed Rate Hike by October 2026 Meeting?,0x059db22d,sell_yes,Sold YES (ask lifted),103.28,0.27,27.8856,0.275,-0.5,0,59.9024,-59.9024,9827.96,0,0
189,2026-05-18T00:00:00+00:00,2026-05-18,Will Édouard Philippe win the 2027 French presidential election?,0x46f2f457,buy_yes,Bought YES (bid hit),51.64,0.16,8.2624,0.115,-4.5,103.28,51.64,51.64,9862.67,0,0
190,2026-05-18T00:00:00+00:00,2026-05-18,Will United Russia (ER) gain the most seats in the next Russian parliamentary election?,0x502a94e5,buy_yes,Bought YES (bid hit),51.64,0.57,29.4348,0.46,-11,103.28,51.64,51.64,9833.24,0,0
191,2026-05-18T00:00:00+00:00,2026-05-18,Will Ulf Kristersson be the next Prime Minister of Sweden?,0x8a42bb4c,buy_yes,Bought YES (bid hit),51.64,0.25,12.91,0.195,-5.5,51.64,1.5492,50.0908,9820.33,0,0
192,2026-05-18T00:00:00+00:00,2026-05-18,Will Spider-Man: Brand New Day be the top grossing movie of 2026?,0xc4b07998,sell_yes,Sold YES (ask lifted),25.82,0.61,15.7502,0.695,-8.5,0,25.82,-25.82,9826.01,0,0
193,2026-05-18T00:02:00+00:00,2026-05-18,Will Ulf Kristersson be the next Prime Minister of Sweden?,0x8a42bb4c,sell_yes,Sold YES (ask lifted),53.1892,0.2,10.6378,0.29,-9,0,3.0984,-3.0984,9835.4,0,0
194,2026-05-18T00:03:00+00:00,2026-05-18,Will there be no change in Fed interest rates after the September 2026 meeting?,0xa3b36b2d,buy_yes,Bought YES (bid hit),103.28,0.8,82.624,0.475,-32.5,106.378,64.6533,41.7251,9752.78,0,0
195,2026-05-18T00:04:00+00:00,2026-05-18,Bab el-Mandeb Strait effectively closed by September 30?,0x95fc6a4e,buy_yes,Bought YES (bid hit),103.28,0.36,37.1808,0.26,-10,134.264,103.28,30.984,9715.6,0,0
196,2026-05-18T00:05:00+00:00,2026-05-18,Will United Russia (ER) gain the most seats in the next Russian parliamentary election?,0x502a94e5,sell_yes,Sold YES (ask lifted),51.64,0.57,29.4348,0.6,-3,51.64,51.64,0,9745.03,0,0
197,2026-05-18T00:06:00+00:00,2026-05-18,Will there be no change in Fed interest rates after the September 2026 meeting?,0xa3b36b2d,sell_yes,Sold YES (ask lifted),103.28,0.48,49.5744,0.805,-32.5,3.0984,64.6533,-61.5549,9794.61,0,0
198,2026-05-18T00:07:00+00:00,2026-05-18,Fed Rate Hike by October 2026 Meeting?,0x059db22d,buy_yes,Bought YES (bid hit),103.28,0.5,51.64,0.42,-8,103.28,59.9024,43.3776,9742.97,0,0
199,2026-05-18T00:07:00+00:00,2026-05-18,Will Édouard Philippe win the 2027 French presidential election?,0x46f2f457,sell_yes,Sold YES (ask lifted),53.1892,0.12,6.3827,0.19,-7,50.0908,51.64,-1.5492,9749.35,0,0
200,2026-05-18T00:11:00+00:00,2026-05-18,Fed Rate Hike by October 2026 Meeting?,0x059db22d,sell_yes,Sold YES (ask lifted),103.28,0.44,45.4432,0.52,-8,0,59.9024,-59.9024,9794.79,0,0
201,2026-05-18T00:13:00+00:00,2026-05-18,Bab el-Mandeb Strait effectively closed by September 30?,0x95fc6a4e,sell_yes,Sold YES (ask lifted),103.28,0.27,27.8856,0.36,-9,30.984,103.28,-72.296,9822.68,0,0
202,2026-05-18T00:15:00+00:00,2026-05-18,Fed Rate Hike by October 2026 Meeting?,0x059db22d,buy_yes,Bought YES (bid hit),103.28,0.52,53.7056,0.435,-8.5,103.28,59.9024,43.3776,9768.97,0,0
203,2026-05-18T00:20:00+00:00,2026-05-18,Fed Rate Hike by October 2026 Meeting?,0x059db22d,sell_yes,Sold YES (ask lifted),103.28,0.44,45.4432,0.52,-8,0,59.9024,-59.9024,9814.42,0,0
204,2026-05-18T00:38:00+00:00,2026-05-18,Fed Rate Hike by October 2026 Meeting?,0x059db22d,buy_yes,Bought YES (bid hit),103.28,0.51,52.6728,0.455,-5.5,103.28,59.9024,43.3776,9761.75,0,0
205,2026-05-18T00:40:00+00:00,2026-05-18,Fed Rate Hike by October 2026 Meeting?,0x059db22d,sell_yes,Sold YES (ask lifted),103.28,0.43,44.4104,0.51,-8,0,59.9024,-59.9024,9806.16,0,0
206,2026-05-18T00:49:00+00:00,2026-05-18,Fed Rate Hike by October 2026 Meeting?,0x059db22d,buy_yes,Bought YES (bid hit),106.378,0.51,54.253,0.43,-8,106.378,59.9024,46.476,9751.9,0,0
207,2026-05-18T00:57:00+00:00,2026-05-18,Fed Rate Hike by October 2026 Meeting?,0x059db22d,sell_yes,Sold YES (ask lifted),103.28,0.43,44.4104,0.52,-9,3.0984,59.9024,-56.804,9796.31,0,0
208,2026-05-18T00:59:00+00:00,2026-05-18,Fed Rate Hike by October 2026 Meeting?,0x059db22d,buy_yes,Bought YES (bid hit),103.28,0.51,52.6728,0.42,-9,106.378,59.9024,46.476,9743.64,0,0
209,2026-05-18T01:03:00+00:00,2026-05-18,Fed Rate Hike by October 2026 Meeting?,0x059db22d,sell_yes,Sold YES (ask lifted),159.051,0.43,68.392,0.43,-0,0,112.575,-112.575,9782.01,0,0
210,2026-05-18T01:10:00+00:00,2026-05-18,Fed Rate Hike by October 2026 Meeting?,0x059db22d,buy_yes,Bought YES (bid hit),149.756,0.51,76.3756,0.495,-1.5,149.756,112.575,37.1808,9705.63,0,0
211,2026-05-18T01:11:00+00:00,2026-05-18,Fed Rate Hike by October 2026 Meeting?,0x059db22d,sell_yes,Sold YES (ask lifted),103.28,0.5,51.64,0.52,-2,46.476,112.575,-66.0992,9757.27,0,0
212,2026-05-18T01:14:00+00:00,2026-05-18,Fed Rate Hike by October 2026 Meeting?,0x059db22d,buy_yes,Bought YES (bid hit),103.28,0.51,52.6728,0.42,-9,149.756,112.575,37.1808,9704.6,0,0
213,2026-05-18T01:18:00+00:00,2026-05-18,Fed Rate Hike by October 2026 Meeting?,0x059db22d,sell_yes,Sold YES (ask lifted),159.051,0.43,68.392,0.43,-0,0,121.87,-121.87,9767.69,0,0
214,2026-05-18T01:27:00+00:00,2026-05-18,Fed Rate Hike by October 2026 Meeting?,0x059db22d,buy_yes,Bought YES (bid hit),103.28,0.51,52.6728,0.43,-8,103.28,121.87,-18.5904,9715.02,0,0
215,2026-05-18T01:33:00+00:00,2026-05-18,Fed Rate Hike by October 2026 Meeting?,0x059db22d,buy_yes,Bought YES (bid hit),103.28,0.51,52.6728,0.43,-8,206.56,121.87,84.6896,9662.35,0,0
216,2026-05-18T01:41:00+00:00,2026-05-18,Fed Rate Hike by October 2026 Meeting?,0x059db22d,sell_yes,Sold YES (ask lifted),103.28,0.45,46.476,0.52,-7,103.28,121.87,-18.5904,9708.82,0,0
217,2026-05-18T01:44:00+00:00,2026-05-18,Fed Rate Hike by October 2026 Meeting?,0x059db22d,buy_yes,Bought YES (bid hit),103.28,0.5,51.64,0.42,-8,206.56,121.87,84.6896,9657.18,0,0
218,2026-05-18T01:46:00+00:00,2026-05-18,Fed Rate Hike by October 2026 Meeting?,0x059db22d,sell_yes,Sold YES (ask lifted),103.28,0.44,45.4432,0.52,-8,103.28,121.87,-18.5904,9702.63,0,0
219,2026-05-18T01:51:00+00:00,2026-05-18,Fed Rate Hike by October 2026 Meeting?,0x059db22d,buy_yes,Bought YES (bid hit),103.28,0.51,52.6728,0.43,-8,206.56,121.87,84.6896,9649.95,0,0
220,2026-05-18T01:54:00+00:00,2026-05-18,Fed Rate Hike by October 2026 Meeting?,0x059db22d,sell_yes,Sold YES (ask lifted),103.28,0.45,46.476,0.52,-7,103.28,121.87,-18.5904,9696.43,0,0
221,2026-05-18T01:58:00+00:00,2026-05-18,Fed Rate Hike by October 2026 Meeting?,0x059db22d,buy_yes,Bought YES (bid hit),103.28,0.51,52.6728,0.42,-9,206.56,121.87,84.6896,9643.76,0,0
222,2026-05-18T02:00:00+00:00,2026-05-18,Fed Rate Hike by October 2026 Meeting?,0x059db22d,sell_yes,Sold YES (ask lifted),103.28,0.44,45.4432,0.51,-7,103.28,121.87,-18.5904,9689.2,0,0
223,2026-05-18T02:03:00+00:00,2026-05-18,Fed Rate Hike by October 2026 Meeting?,0x059db22d,buy_yes,Bought YES (bid hit),103.28,0.51,52.6728,0.43,-8,206.56,121.87,84.6896,9636.53,0,0
224,2026-05-18T02:13:00+00:00,2026-05-18,Fed Rate Hike by October 2026 Meeting?,0x059db22d,sell_yes,Sold YES (ask lifted),103.28,0.46,47.5088,0.53,-7,103.28,121.87,-18.5904,9684.04,0,0
225,2026-05-18T02:31:00+00:00,2026-05-18,Fed Rate Hike by October 2026 Meeting?,0x059db22d,buy_yes,Bought YES (bid hit),103.28,0.5,51.64,0.42,-8,206.56,121.87,84.6896,9632.4,0,0
226,2026-05-18T02:50:00+00:00,2026-05-18,Fed Rate Hike by October 2026 Meeting?,0x059db22d,sell_yes,Sold YES (ask lifted),103.28,0.45,46.476,0.52,-7,103.28,121.87,-18.5904,9678.87,0,0
227,2026-05-18T02:55:00+00:00,2026-05-18,Fed Rate Hike by October 2026 Meeting?,0x059db22d,buy_yes,Bought YES (bid hit),103.28,0.51,52.6728,0.435,-7.5,206.56,121.87,84.6896,9626.2,0,0
228,2026-05-18T03:00:00+00:00,2026-05-18,Fed Rate Hike by October 2026 Meeting?,0x059db22d,sell_yes,Sold YES (ask lifted),103.28,0.44,45.4432,0.5,-6,103.28,121.87,-18.5904,9671.64,0,0
229,2026-05-18T03:06:00+00:00,2026-05-18,Fed Rate Hike by October 2026 Meeting?,0x059db22d,buy_yes,Bought YES (bid hit),103.28,0.49,50.6072,0.435,-5.5,206.56,121.87,84.6896,9621.04,0,0
230,2026-05-18T03:08:00+00:00,2026-05-18,Fed Rate Hike by October 2026 Meeting?,0x059db22d,sell_yes,Sold YES (ask lifted),103.28,0.46,47.5088,0.505,-4.5,103.28,121.87,-18.5904,9668.55,0,0
231,2026-05-18T03:23:00+00:00,2026-05-18,Fed Rate Hike by October 2026 Meeting?,0x059db22d,buy_yes,Bought YES (bid hit),103.28,0.5,51.64,0.44,-6,206.56,121.87,84.6896,9616.91,0,0
232,2026-05-18T03:36:00+00:00,2026-05-18,Fed Rate Hike by October 2026 Meeting?,0x059db22d,sell_yes,Sold YES (ask lifted),103.28,0.46,47.5088,0.505,-4.5,103.28,121.87,-18.5904,9664.41,0,0
233,2026-05-18T03:38:00+00:00,2026-05-18,Fed Rate Hike by October 2026 Meeting?,0x059db22d,buy_yes,Bought YES (bid hit),103.28,0.5,51.64,0.44,-6,206.56,121.87,84.6896,9612.77,0,0
234,2026-05-18T03:43:00+00:00,2026-05-18,Fed Rate Hike by October 2026 Meeting?,0x059db22d,sell_yes,Sold YES (ask lifted),103.28,0.45,46.476,0.495,-4.5,103.28,121.87,-18.5904,9659.25,0,0
235,2026-05-18T03:58:00+00:00,2026-05-18,Fed Rate Hike by October 2026 Meeting?,0x059db22d,buy_yes,Bought YES (bid hit),103.28,0.49,50.6072,0.43,-6,206.56,121.87,84.6896,9608.64,0,0
236,2026-05-18T04:09:00+00:00,2026-05-18,Fed Rate Hike by October 2026 Meeting?,0x059db22d,sell_yes,Sold YES (ask lifted),103.28,0.43,44.4104,0.495,-6.5,103.28,121.87,-18.5904,9653.05,0,0
237,2026-05-18T04:11:00+00:00,2026-05-18,Fed Rate Hike by October 2026 Meeting?,0x059db22d,buy_yes,Bought YES (bid hit),103.28,0.48,49.5744,0.42,-6,206.56,121.87,84.6896,9603.48,0,0
238,2026-05-18T04:14:00+00:00,2026-05-18,Fed Rate Hike by October 2026 Meeting?,0x059db22d,sell_yes,Sold YES (ask lifted),103.28,0.45,46.476,0.495,-4.5,103.28,121.87,-18.5904,9649.95,0,0
239,2026-05-18T04:24:00+00:00,2026-05-18,Fed Rate Hike by October 2026 Meeting?,0x059db22d,buy_yes,Bought YES (bid hit),103.28,0.49,50.6072,0.43,-6,206.56,121.87,84.6896,9599.35,0,0
240,2026-05-18T04:27:00+00:00,2026-05-18,Fed Rate Hike by October 2026 Meeting?,0x059db22d,sell_yes,Sold YES (ask lifted),118.772,0.45,53.4474,0.5,-5,87.788,121.87,-34.0824,9652.8,0,0
241,2026-05-18T04:41:00+00:00,2026-05-18,Will there be no change in Fed interest rates after the September 2026 meeting?,0xa3b36b2d,buy_yes,Bought YES (bid hit),106.378,0.81,86.1665,0.805,-0.5,109.477,64.6533,44.8235,9566.63,0,0
242,2026-05-18T04:44:00+00:00,2026-05-18,Fed Rate Hike by October 2026 Meeting?,0x059db22d,buy_yes,Bought YES (bid hit),103.28,0.52,53.7056,0.51,-1,191.068,121.87,69.1976,9512.92,0,0
243,2026-05-18T05:00:00+00:00,2026-05-18,Fed Rate Hike by October 2026 Meeting?,0x059db22d,sell_yes,Sold YES (ask lifted),149.756,0.43,64.3951,0.43,-0,41.312,121.87,-80.5584,9577.32,0,0
244,2026-05-18T05:06:00+00:00,2026-05-18,Fed Rate Hike by October 2026 Meeting?,0x059db22d,buy_yes,Bought YES (bid hit),103.28,0.5,51.64,0.495,-0.5,144.592,121.87,22.7216,9525.68,0,0
245,2026-05-18T05:17:00+00:00,2026-05-18,Fed Rate Hike by October 2026 Meeting?,0x059db22d,sell_yes,Sold YES (ask lifted),103.28,0.43,44.4104,0.49,-6,41.312,121.87,-80.5584,9570.09,0,0
246,2026-05-18T05:30:00+00:00,2026-05-18,Fed Rate Hike by October 2026 Meeting?,0x059db22d,buy_yes,Bought YES (bid hit),103.28,0.48,49.5744,0.42,-6,144.592,121.87,22.7216,9520.51,0,0
247,2026-05-18T05:33:00+00:00,2026-05-18,Fed Rate Hike by October 2026 Meeting?,0x059db22d,sell_yes,Sold YES (ask lifted),103.28,0.43,44.4104,0.49,-6,41.312,121.87,-80.5584,9564.92,0,0
248,2026-05-18T07:18:00+00:00,2026-05-18,Fed Rate Hike by October 2026 Meeting?,0x059db22d,buy_yes,Bought YES (bid hit),103.28,0.47,48.5416,0.27,-20,144.592,121.87,22.7216,9516.38,0,0
249,2026-05-18T11:34:00+00:00,2026-05-18,Clarity Act (H.R.3633) signed into law in 2026?,0x9cb23d04,sell_yes,Sold YES (ask lifted),51.64,0.62,32.0168,0.625,-0.5,0,0,0,9548.4,0,0
250,2026-05-18T14:59:00+00:00,2026-05-18,Will there be no change in Fed interest rates after the September 2026 meeting?,0xa3b36b2d,sell_yes,Sold YES (ask lifted),103.28,0.81,83.6568,0.815,-0.5,6.1968,64.6533,-58.4565,9632.06,0,0
251,2026-05-18T17:07:00+00:00,2026-05-18,Fed Rate Hike by October 2026 Meeting?,0x059db22d,sell_yes,Sold YES (ask lifted),103.28,0.27,27.8856,0.275,-0.5,41.312,121.87,-80.5584,9659.94,0,0
252,2026-05-18T17:34:00+00:00,2026-05-18,Fed Rate Hike by October 2026 Meeting?,0x059db22d,buy_yes,Bought YES (bid hit),103.28,0.26,26.8528,0.255,-0.5,144.592,121.87,22.7216,9633.09,0,0
253,2026-05-18T20:39:00+00:00,2026-05-18,Fed Rate Hike by October 2026 Meeting?,0x059db22d,sell_yes,Sold YES (ask lifted),103.28,0.26,26.8528,0.265,-0.5,41.312,121.87,-80.5584,9659.94,0,0
254,2026-05-18T20:43:00+00:00,2026-05-18,Fed Rate Hike by October 2026 Meeting?,0x059db22d,buy_yes,Bought YES (bid hit),103.28,0.26,26.8528,0.255,-0.5,144.592,121.87,22.7216,9633.09,0,0
255,2026-05-18T20:51:00+00:00,2026-05-18,Fed Rate Hike by October 2026 Meeting?,0x059db22d,sell_yes,Sold YES (ask lifted),109.477,0.26,28.464,0.265,-0.5,35.1152,121.87,-86.7552,9661.55,0,0
256,2026-05-18T20:57:00+00:00,2026-05-18,Fed Rate Hike by October 2026 Meeting?,0x059db22d,buy_yes,Bought YES (bid hit),106.378,0.27,28.7222,0.265,-0.5,141.494,121.87,19.6232,9632.83,0,0
257,2026-05-18T21:23:00+00:00,2026-05-18,Fed Rate Hike by October 2026 Meeting?,0x059db22d,sell_yes,Sold YES (ask lifted),103.28,0.26,26.8528,0.265,-0.5,38.2136,121.87,-83.6568,9659.68,0,0
258,2026-05-18T22:08:00+00:00,2026-05-18,Fed Rate Hike by October 2026 Meeting?,0x059db22d,buy_yes,Bought YES (bid hit),103.28,0.27,27.8856,0.25,-2,141.494,121.87,19.6232,9631.8,0,0
259,2026-05-18T22:18:00+00:00,2026-05-18,Fed Rate Hike by October 2026 Meeting?,0x059db22d,sell_yes,Sold YES (ask lifted),103.28,0.26,26.8528,0.275,-1.5,38.2136,121.87,-83.6568,9658.65,0,0
260,2026-05-18T22:31:00+00:00,2026-05-18,Fed Rate Hike by October 2026 Meeting?,0x059db22d,buy_yes,Bought YES (bid hit),106.378,0.26,27.6584,0.255,-0.5,144.592,121.87,22.7216,9630.99,0,0
261,2026-05-19T00:00:00+00:00,2026-05-19,Will United Russia (ER) gain the most seats in the next Russian parliamentary election?,0x502a94e5,buy_yes,Bought YES (bid hit),51.64,0.57,29.4348,0.415,-15.5,103.28,51.64,51.64,9643.74,0,0
262,2026-05-19T00:01:00+00:00,2026-05-19,Will Ulf Kristersson be the next Prime Minister of Sweden?,0x8a42bb4c,buy_yes,Bought YES (bid hit),51.64,0.25,12.91,0.195,-5.5,51.64,3.0984,48.5416,9630.83,0,0
263,2026-05-19T00:05:00+00:00,2026-05-19,Will Édouard Philippe win the 2027 French presidential election?,0x46f2f457,sell_yes,Sold YES (ask lifted),51.64,0.24,12.3936,0.245,-0.5,0,53.1892,-53.1892,9642.04,0,0
264,2026-05-19T00:06:00+00:00,2026-05-19,Bab el-Mandeb Strait effectively closed by September 30?,0x95fc6a4e,buy_yes,Bought YES (bid hit),103.28,0.23,23.7544,0.165,-6.5,134.264,103.28,30.984,9618.29,0,0
265,2026-05-19T00:17:00+00:00,2026-05-19,Fed Rate Hike by October 2026 Meeting?,0x059db22d,sell_yes,Sold YES (ask lifted),103.28,0.26,26.8528,0.43,-17,41.312,121.87,-80.5584,9645.14,0,0
266,2026-05-19T00:20:00+00:00,2026-05-19,Will there be no change in Fed interest rates after the September 2026 meeting?,0xa3b36b2d,buy_yes,Bought YES (bid hit),103.28,0.81,83.6568,0.805,-0.5,109.477,64.6533,44.8235,9561.48,0,0
267,2026-05-19T00:41:00+00:00,2026-05-19,Will Ulf Kristersson be the next Prime Minister of Sweden?,0x8a42bb4c,sell_yes,Sold YES (ask lifted),51.64,0.29,14.9756,0.29,-0,0,3.0984,-3.0984,9576.46,0,0
268,2026-05-19T00:49:00+00:00,2026-05-19,Bab el-Mandeb Strait effectively closed by September 30?,0x95fc6a4e,sell_yes,Sold YES (ask lifted),103.28,0.17,17.5576,0.25,-8,30.984,103.28,-72.296,9594.02,0,0
269,2026-05-19T02:47:00+00:00,2026-05-19,Fed Rate Hike by October 2026 Meeting?,0x059db22d,buy_yes,Bought YES (bid hit),103.28,0.25,25.82,0.24,-1,144.592,121.87,22.7216,9568.2,0,0
270,2026-05-19T07:00:00+00:00,2026-05-19,Bab el-Mandeb Strait effectively closed by September 30?,0x95fc6a4e,buy_yes,Bought YES (bid hit),103.28,0.23,23.7544,0.23,-0,134.264,103.28,30.984,9544.44,0,0
271,2026-05-19T09:27:00+00:00,2026-05-19,Will United Russia (ER) gain the most seats in the next Russian parliamentary election?,0x502a94e5,sell_yes,Sold YES (ask lifted),51.64,0.6,30.984,0.605,-0.5,51.64,51.64,0,9575.43,0,0
272,2026-05-19T10:55:00+00:00,2026-05-19,Fed Rate Hike by October 2026 Meeting?,0x059db22d,sell_yes,Sold YES (ask lifted),103.28,0.24,24.7872,0.245,-0.5,41.312,121.87,-80.5584,9600.21,0,0
273,2026-05-19T21:04:00+00:00,2026-05-19,Will the Sweden Democrats (SD) win the second most seats in the 2026 Swedish parliamentary election?,0x9e2966ab,buy_yes,Bought YES (bid hit),65.6861,0.46,30.2156,0.4,-6,65.6861,0,65.6861,9570,0,0
274,2026-05-19T21:05:00+00:00,2026-05-19,Will the Moderate Party (M) win the second most seats in the 2026 Swedish parliamentary election?,0xa3d50cf0,buy_yes,Bought YES (bid hit),61.968,0.46,28.5053,0.395,-6.5,61.968,0,61.968,9541.49,0,0
275,2026-05-19T21:15:00+00:00,2026-05-19,Will the Sweden Democrats (SD) win the second most seats in the 2026 Swedish parliamentary election?,0x9e2966ab,sell_yes,Sold YES (ask lifted),63.827,0.47,29.9987,0.495,-2.5,1.85904,0,1.85904,9571.49,0,0
276,2026-05-19T21:24:00+00:00,2026-05-19,Will the Sweden Democrats (SD) win the third most seats in the 2026 Swedish parliamentary election?,0x939abe4a,buy_yes,Bought YES (bid hit),47.8703,0.44,21.0629,0.43,-1,47.8703,0,47.8703,9550.43,0,0
277,2026-05-19T21:29:00+00:00,2026-05-19,Will the Moderate Party (M) win the second most seats in the 2026 Swedish parliamentary election?,0xa3d50cf0,sell_yes,Sold YES (ask lifted),61.968,0.46,28.5053,0.475,-1.5,0,0,0,9578.93,0,0
278,2026-05-19T21:31:00+00:00,2026-05-19,Will the Sweden Democrats (SD) win the third most seats in the 2026 Swedish parliamentary election?,0x939abe4a,sell_yes,Sold YES (ask lifted),46.476,0.46,21.379,0.495,-3.5,1.39428,0,1.39428,9600.31,0,0
279,2026-05-19T21:31:00+00:00,2026-05-19,Will the Moderate Party (M) win the third most seats in the 2026 Swedish parliamentary election?,0xbbb881b0,sell_yes,Sold YES (ask lifted),46.476,0.54,25.097,0.56,-2,0,46.476,-46.476,9604.03,0,0
280,2026-05-19T22:55:00+00:00,2026-05-19,Will the Sweden Democrats (SD) win the second most seats in the 2026 Swedish parliamentary election?,0x9e2966ab,sell_yes,Sold YES (ask lifted),61.968,0.54,33.4627,0.67,-13,0,60.109,-60.109,9609.84,0,0
281,2026-05-19T22:57:00+00:00,2026-05-19,Will the Sweden Democrats (SD) win the third most seats in the 2026 Swedish parliamentary election?,0x939abe4a,buy_yes,Bought YES (bid hit),61.8131,0.43,26.5796,0.405,-2.5,63.2074,0,63.2074,9583.26,0,0
282,2026-05-19T23:09:00+00:00,2026-05-19,Will the Moderate Party (M) win the third most seats in the 2026 Swedish parliamentary election?,0xbbb881b0,buy_yes,Bought YES (bid hit),46.476,0.44,20.4494,0.4,-4,46.476,46.476,0,9562.81,0,0
283,2026-05-19T23:23:00+00:00,2026-05-19,Will Spider-Man: Brand New Day be the top grossing movie of 2026?,0xc4b07998,buy_yes,Bought YES (bid hit),26.5946,0.61,16.2227,0.6,-1,26.5946,25.82,0.7746,9546.59,0,0
284,2026-05-20T00:00:00+00:00,2026-05-20,Will Harry Kane win the 2026 Ballon d'Or?,0x12dc2b61,sell_yes,Sold YES (ask lifted),25.82,0.23,5.9386,0.283,-5.3,0,24.9679,-24.9679,9577.47,0,0
285,2026-05-20T00:00:00+00:00,2026-05-20,Strait of Hormuz traffic returns to normal by December 31?,0x5c79dfde,buy_yes,Bought YES (bid hit),103.28,0.72,74.3616,0.635,-8.5,103.28,0,103.28,9503.1,0,0
286,2026-05-20T00:00:00+00:00,2026-05-20,Will the Moderate Party (M) win the second most seats in the 2026 Swedish parliamentary election?,0xa3d50cf0,buy_yes,Bought YES (bid hit),61.968,0.2,12.3936,0.17,-3,61.968,0,61.968,9490.71,0,0
287,2026-05-20T00:03:00+00:00,2026-05-20,Will there be no change in Fed interest rates after the September 2026 meeting?,0xa3b36b2d,sell_yes,Sold YES (ask lifted),103.28,0.76,78.4928,0.765,-0.5,6.1968,64.6533,-58.4565,9569.2,0,0
288,2026-05-20T00:04:00+00:00,2026-05-20,Will the Moderate Party (M) win the third most seats in the 2026 Swedish parliamentary election?,0xbbb881b0,sell_yes,Sold YES (ask lifted),63.2074,0.43,27.1792,0.47,-4,0,63.2074,-63.2074,9586.85,0,0
289,2026-05-20T00:05:00+00:00,2026-05-20,Will there be no change in Fed interest rates after the September 2026 meeting?,0xa3b36b2d,buy_yes,Bought YES (bid hit),103.28,0.76,78.4928,0.75,-1,109.477,64.6533,44.8235,9508.35,0,0
290,2026-05-20T00:06:00+00:00,2026-05-20,Will the Sweden Democrats (SD) win the second most seats in the 2026 Swedish parliamentary election?,0x9e2966ab,buy_yes,Bought YES (bid hit),61.968,0.67,41.5186,0.67,-0,61.968,60.109,1.85904,9466.84,0,0
291,2026-05-20T00:06:00+00:00,2026-05-20,Will the Moderate Party (M) win the third most seats in the 2026 Swedish parliamentary election?,0xbbb881b0,buy_yes,Bought YES (bid hit),46.476,0.46,21.379,0.44,-2,46.476,63.2074,-16.7314,9445.46,0,0
292,2026-05-20T00:07:00+00:00,2026-05-20,Will Édouard Philippe win the 2027 French presidential election?,0x46f2f457,buy_yes,Bought YES (bid hit),51.64,0.2,10.328,0.17,-3,51.64,53.1892,-1.5492,9435.13,0,0
293,2026-05-20T00:07:00+00:00,2026-05-20,Will the Moderate Party (M) win the second most seats in the 2026 Swedish parliamentary election?,0xa3d50cf0,sell_yes,Sold YES (ask lifted),61.968,0.23,14.2526,0.29,-6,0,0,0,9449.38,0,0
294,2026-05-20T00:08:00+00:00,2026-05-20,Will there be no change in Fed interest rates after the September 2026 meeting?,0xa3b36b2d,sell_yes,Sold YES (ask lifted),103.28,0.76,78.4928,0.765,-0.5,6.1968,64.6533,-58.4565,9527.87,0,0
295,2026-05-20T00:10:00+00:00,2026-05-20,Strait of Hormuz traffic returns to normal by December 31?,0x5c79dfde,sell_yes,Sold YES (ask lifted),103.28,0.64,66.0992,0.735,-9.5,0,0,0,9593.97,0,0
296,2026-05-20T00:11:00+00:00,2026-05-20,Will there be no change in Fed interest rates after the September 2026 meeting?,0xa3b36b2d,buy_yes,Bought YES (bid hit),236.511,0.76,179.749,0.75,-1,242.708,64.6533,178.055,9414.22,0,0
297,2026-05-20T00:17:00+00:00,2026-05-20,Bab el-Mandeb Strait effectively closed by September 30?,0x95fc6a4e,sell_yes,Sold YES (ask lifted),103.28,0.17,17.5576,0.26,-9,30.984,103.28,-72.296,9431.78,0,0
298,2026-05-20T00:19:00+00:00,2026-05-20,Will there be no change in Fed interest rates after the September 2026 meeting?,0xa3b36b2d,sell_yes,Sold YES (ask lifted),103.28,0.74,76.4272,0.76,-2,139.428,64.6533,74.7747,9508.21,0,0
299,2026-05-20T00:21:00+00:00,2026-05-20,Will there be no change in Fed interest rates after the September 2026 meeting?,0xa3b36b2d,sell_yes,Sold YES (ask lifted),103.28,0.74,76.4272,0.755,-1.5,36.148,64.6533,-28.5053,9584.64,0,0
300,2026-05-20T00:24:00+00:00,2026-05-20,Will there be no change in Fed interest rates after the September 2026 meeting?,0xa3b36b2d,buy_yes,Bought YES (bid hit),103.28,0.75,77.46,0.73,-2,139.428,64.6533,74.7747,9507.18,0,0
301,2026-05-20T00:25:00+00:00,2026-05-20,Will there be no change in Fed interest rates after the September 2026 meeting?,0xa3b36b2d,sell_yes,Sold YES (ask lifted),103.28,0.74,76.4272,0.755,-1.5,36.148,64.6533,-28.5053,9583.6,0,0
302,2026-05-20T00:28:00+00:00,2026-05-20,Will Harry Kane win the 2026 Ballon d'Or?,0x12dc2b61,buy_yes,Bought YES (bid hit),25.82,0.21,5.4222,0.209,-0.1,25.82,24.9679,0.85206,9578.18,0,0
303,2026-05-20T00:30:00+00:00,2026-05-20,Will there be no change in Fed interest rates after the September 2026 meeting?,0xa3b36b2d,buy_yes,Bought YES (bid hit),103.28,0.75,77.46,0.73,-2,139.428,64.6533,74.7747,9500.72,0,0
304,2026-05-20T00:30:00+00:00,2026-05-20,Will the Moderate Party (M) win the second most seats in the 2026 Swedish parliamentary election?,0xa3d50cf0,buy_yes,Bought YES (bid hit),63.827,0.18,11.4889,0.175,-0.5,63.827,0,63.827,9489.23,0,0
305,2026-05-20T00:31:00+00:00,2026-05-20,Will there be no change in Fed interest rates after the September 2026 meeting?,0xa3b36b2d,sell_yes,Sold YES (ask lifted),103.28,0.74,76.4272,0.755,-1.5,36.148,64.6533,-28.5053,9565.66,0,0
306,2026-05-20T00:35:00+00:00,2026-05-20,Will there be no change in Fed interest rates after the September 2026 meeting?,0xa3b36b2d,buy_yes,Bought YES (bid hit),103.28,0.75,77.46,0.73,-2,139.428,64.6533,74.7747,9488.2,0,0
307,2026-05-20T00:36:00+00:00,2026-05-20,Will there be no change in Fed interest rates after the September 2026 meeting?,0xa3b36b2d,sell_yes,Sold YES (ask lifted),103.28,0.74,76.4272,0.755,-1.5,36.148,64.6533,-28.5053,9564.63,0,0
308,2026-05-20T00:37:00+00:00,2026-05-20,Will there be no change in Fed interest rates after the September 2026 meeting?,0xa3b36b2d,buy_yes,Bought YES (bid hit),103.28,0.75,77.46,0.73,-2,139.428,64.6533,74.7747,9487.17,0,0
309,2026-05-20T00:38:00+00:00,2026-05-20,Will there be no change in Fed interest rates after the September 2026 meeting?,0xa3b36b2d,sell_yes,Sold YES (ask lifted),103.28,0.74,76.4272,0.75,-1,36.148,64.6533,-28.5053,9563.59,0,0
310,2026-05-20T00:41:00+00:00,2026-05-20,Will there be no change in Fed interest rates after the September 2026 meeting?,0xa3b36b2d,buy_yes,Bought YES (bid hit),103.28,0.74,76.4272,0.73,-1,139.428,64.6533,74.7747,9487.17,0,0
311,2026-05-20T00:42:00+00:00,2026-05-20,Will there be no change in Fed interest rates after the September 2026 meeting?,0xa3b36b2d,sell_yes,Sold YES (ask lifted),106.378,0.74,78.72,0.75,-1,33.0496,64.6533,-31.6037,9565.89,0,0
312,2026-05-20T00:44:00+00:00,2026-05-20,Will there be no change in Fed interest rates after the September 2026 meeting?,0xa3b36b2d,buy_yes,Bought YES (bid hit),103.28,0.74,76.4272,0.73,-1,136.33,64.6533,71.6763,9489.46,0,0
313,2026-05-20T00:45:00+00:00,2026-05-20,Will there be no change in Fed interest rates after the September 2026 meeting?,0xa3b36b2d,sell_yes,Sold YES (ask lifted),106.378,0.74,78.72,0.755,-1.5,29.9512,64.6533,-34.7021,9568.18,0,0
314,2026-05-20T00:48:00+00:00,2026-05-20,Will there be no change in Fed interest rates after the September 2026 meeting?,0xa3b36b2d,buy_yes,Bought YES (bid hit),103.28,0.75,77.46,0.725,-2.5,133.231,64.6533,68.5779,9490.72,0,0
315,2026-05-20T00:49:00+00:00,2026-05-20,Will there be no change in Fed interest rates after the September 2026 meeting?,0xa3b36b2d,sell_yes,Sold YES (ask lifted),103.28,0.73,75.3944,0.755,-2.5,29.9512,64.6533,-34.7021,9566.11,0,0
316,2026-05-20T00:53:00+00:00,2026-05-20,Will there be no change in Fed interest rates after the September 2026 meeting?,0xa3b36b2d,buy_yes,Bought YES (bid hit),103.28,0.75,77.46,0.725,-2.5,133.231,64.6533,68.5779,9488.65,0,0
317,2026-05-20T00:54:00+00:00,2026-05-20,Will there be no change in Fed interest rates after the September 2026 meeting?,0xa3b36b2d,sell_yes,Sold YES (ask lifted),103.28,0.73,75.3944,0.755,-2.5,29.9512,64.6533,-34.7021,9564.05,0,0
318,2026-05-20T01:00:00+00:00,2026-05-20,Will there be no change in Fed interest rates after the September 2026 meeting?,0xa3b36b2d,buy_yes,Bought YES (bid hit),103.28,0.74,76.4272,0.725,-1.5,133.231,64.6533,68.5779,9487.62,0,0
319,2026-05-20T01:02:00+00:00,2026-05-20,Will there be no change in Fed interest rates after the September 2026 meeting?,0xa3b36b2d,sell_yes,Sold YES (ask lifted),103.28,0.74,76.4272,0.75,-1,29.9512,64.6533,-34.7021,9564.05,0,0
320,2026-05-20T01:07:00+00:00,2026-05-20,Will there be no change in Fed interest rates after the September 2026 meeting?,0xa3b36b2d,buy_yes,Bought YES (bid hit),103.28,0.74,76.4272,0.73,-1,133.231,64.6533,68.5779,9487.62,0,0
321,2026-05-20T01:08:00+00:00,2026-05-20,Will there be no change in Fed interest rates after the September 2026 meeting?,0xa3b36b2d,sell_yes,Sold YES (ask lifted),103.28,0.74,76.4272,0.75,-1,29.9512,64.6533,-34.7021,9564.05,0,0
322,2026-05-20T01:09:00+00:00,2026-05-20,Will there be no change in Fed interest rates after the September 2026 meeting?,0xa3b36b2d,buy_yes,Bought YES (bid hit),103.28,0.74,76.4272,0.73,-1,133.231,64.6533,68.5779,9487.62,0,0
323,2026-05-20T01:10:00+00:00,2026-05-20,Will there be no change in Fed interest rates after the September 2026 meeting?,0xa3b36b2d,sell_yes,Sold YES (ask lifted),103.28,0.74,76.4272,0.755,-1.5,29.9512,64.6533,-34.7021,9564.05,0,0
324,2026-05-20T01:11:00+00:00,2026-05-20,Will there be no change in Fed interest rates after the September 2026 meeting?,0xa3b36b2d,buy_yes,Bought YES (bid hit),103.28,0.75,77.46,0.73,-2,133.231,64.6533,68.5779,9486.59,0,0
325,2026-05-20T01:12:00+00:00,2026-05-20,Will there be no change in Fed interest rates after the September 2026 meeting?,0xa3b36b2d,sell_yes,Sold YES (ask lifted),109.477,0.74,81.0128,0.745,-0.5,23.7544,64.6533,-40.8989,9567.6,0,0
326,2026-05-20T01:16:00+00:00,2026-05-20,Will there be no change in Fed interest rates after the September 2026 meeting?,0xa3b36b2d,buy_yes,Bought YES (bid hit),103.28,0.74,76.4272,0.73,-1,127.034,64.6533,62.3811,9491.17,0,0
327,2026-05-20T01:17:00+00:00,2026-05-20,Will there be no change in Fed interest rates after the September 2026 meeting?,0xa3b36b2d,sell_yes,Sold YES (ask lifted),103.28,0.74,76.4272,0.755,-1.5,23.7544,64.6533,-40.8989,9567.6,0,0
328,2026-05-20T01:18:00+00:00,2026-05-20,Will the Sweden Democrats (SD) win the third most seats in the 2026 Swedish parliamentary election?,0x939abe4a,sell_yes,Sold YES (ask lifted),46.476,0.32,14.8723,0.335,-1.5,16.7314,0,16.7314,9582.47,0,0
329,2026-05-20T01:18:00+00:00,2026-05-20,Will there be no change in Fed interest rates after the September 2026 meeting?,0xa3b36b2d,buy_yes,Bought YES (bid hit),103.28,0.75,77.46,0.73,-2,127.034,64.6533,62.3811,9505.01,0,0
330,2026-05-20T01:18:00+00:00,2026-05-20,Will the Moderate Party (M) win the third most seats in the 2026 Swedish parliamentary election?,0xbbb881b0,buy_yes,Bought YES (bid hit),46.476,0.52,24.1675,0.48,-4,92.952,63.2074,29.7446,9480.85,0,0
331,2026-05-20T01:19:00+00:00,2026-05-20,Will there be no change in Fed interest rates after the September 2026 meeting?,0xa3b36b2d,sell_yes,Sold YES (ask lifted),103.28,0.74,76.4272,0.755,-1.5,23.7544,64.6533,-40.8989,9557.27,0,0
332,2026-05-20T01:21:00+00:00,2026-05-20,Bab el-Mandeb Strait effectively closed by September 30?,0x95fc6a4e,buy_yes,Bought YES (bid hit),103.28,0.3,30.984,0.255,-4.5,134.264,103.28,30.984,9526.29,0,0
333,2026-05-20T01:25:00+00:00,2026-05-20,Will there be no change in Fed interest rates after the September 2026 meeting?,0xa3b36b2d,buy_yes,Bought YES (bid hit),103.28,0.75,77.46,0.745,-0.5,127.034,64.6533,62.3811,9448.83,0,0
334,2026-05-20T01:36:00+00:00,2026-05-20,Will there be no change in Fed interest rates after the September 2026 meeting?,0xa3b36b2d,sell_yes,Sold YES (ask lifted),103.28,0.75,77.46,0.755,-0.5,23.7544,64.6533,-40.8989,9526.29,0,0
335,2026-05-20T01:37:00+00:00,2026-05-20,Will there be no change in Fed interest rates after the September 2026 meeting?,0xa3b36b2d,buy_yes,Bought YES (bid hit),103.28,0.75,77.46,0.745,-0.5,127.034,64.6533,62.3811,9448.83,0,0
336,2026-05-20T01:43:00+00:00,2026-05-20,Will there be no change in Fed interest rates after the September 2026 meeting?,0xa3b36b2d,sell_yes,Sold YES (ask lifted),103.28,0.75,77.46,0.76,-1,23.7544,64.6533,-40.8989,9526.29,0,0
337,2026-05-20T01:44:00+00:00,2026-05-20,Will there be no change in Fed interest rates after the September 2026 meeting?,0xa3b36b2d,buy_yes,Bought YES (bid hit),106.378,0.75,79.7838,0.745,-0.5,130.133,64.6533,65.4795,9446.51,0,0
338,2026-05-20T01:45:00+00:00,2026-05-20,Will there be no change in Fed interest rates after the September 2026 meeting?,0xa3b36b2d,sell_yes,Sold YES (ask lifted),103.28,0.75,77.46,0.755,-0.5,26.8528,64.6533,-37.8005,9523.97,0,0
339,2026-05-20T01:51:00+00:00,2026-05-20,Will there be no change in Fed interest rates after the September 2026 meeting?,0xa3b36b2d,buy_yes,Bought YES (bid hit),103.28,0.75,77.46,0.745,-0.5,130.133,64.6533,65.4795,9446.51,0,0
340,2026-05-20T01:52:00+00:00,2026-05-20,Will the Sweden Democrats (SD) win the third most seats in the 2026 Swedish parliamentary election?,0x939abe4a,sell_yes,Sold YES (ask lifted),46.476,0.32,14.8723,0.325,-0.5,0,29.7446,-29.7446,9441.15,0,0
341,2026-05-20T01:52:00+00:00,2026-05-20,Will there be no change in Fed interest rates after the September 2026 meeting?,0xa3b36b2d,sell_yes,Sold YES (ask lifted),103.28,0.75,77.46,0.755,-0.5,26.8528,64.6533,-37.8005,9518.61,0,0
342,2026-05-20T01:53:00+00:00,2026-05-20,Will the Sweden Democrats (SD) win the third most seats in the 2026 Swedish parliamentary election?,0x939abe4a,buy_yes,Bought YES (bid hit),46.476,0.32,14.8723,0.245,-7.5,46.476,29.7446,16.7314,9503.74,0,0
343,2026-05-20T01:58:00+00:00,2026-05-20,Will there be no change in Fed interest rates after the September 2026 meeting?,0xa3b36b2d,buy_yes,Bought YES (bid hit),103.28,0.75,77.46,0.745,-0.5,130.133,64.6533,65.4795,9426.28,0,0
344,2026-05-20T01:59:00+00:00,2026-05-20,Will the Sweden Democrats (SD) win the third most seats in the 2026 Swedish parliamentary election?,0x939abe4a,sell_yes,Sold YES (ask lifted),46.476,0.32,14.8723,0.355,-3.5,0,29.7446,-29.7446,9441.15,0,0
345,2026-05-20T01:59:00+00:00,2026-05-20,Will there be no change in Fed interest rates after the September 2026 meeting?,0xa3b36b2d,sell_yes,Sold YES (ask lifted),103.28,0.75,77.46,0.755,-0.5,26.8528,64.6533,-37.8005,9518.61,0,0
346,2026-05-20T02:00:00+00:00,2026-05-20,Will the Sweden Democrats (SD) win the third most seats in the 2026 Swedish parliamentary election?,0x939abe4a,buy_yes,Bought YES (bid hit),47.8703,0.35,16.7546,0.32,-3,47.8703,29.7446,18.1256,9501.86,0,0
347,2026-05-20T02:01:00+00:00,2026-05-20,Will the Moderate Party (M) win the third most seats in the 2026 Swedish parliamentary election?,0xbbb881b0,sell_yes,Sold YES (ask lifted),46.476,0.47,21.8437,0.475,-0.5,46.476,63.2074,-16.7314,9523.7,0,0
348,2026-05-20T02:03:00+00:00,2026-05-20,Will the Sweden Democrats (SD) win the third most seats in the 2026 Swedish parliamentary election?,0x939abe4a,sell_yes,Sold YES (ask lifted),46.476,0.32,14.8723,0.335,-1.5,1.39428,29.7446,-28.3504,9538.57,0,0
349,2026-05-20T02:04:00+00:00,2026-05-20,Will the Moderate Party (M) win the third most seats in the 2026 Swedish parliamentary election?,0xbbb881b0,buy_yes,Bought YES (bid hit),46.476,0.48,22.3085,0.47,-1,92.952,63.2074,29.7446,9516.26,0,0
350,2026-05-20T02:05:00+00:00,2026-05-20,Will the Sweden Democrats (SD) win the third most seats in the 2026 Swedish parliamentary election?,0x939abe4a,buy_yes,Bought YES (bid hit),46.476,0.33,15.3371,0.315,-1.5,47.8703,29.7446,18.1256,9500.93,0,0
351,2026-05-20T02:05:00+00:00,2026-05-20,Will there be no change in Fed interest rates after the September 2026 meeting?,0xa3b36b2d,buy_yes,Bought YES (bid hit),103.28,0.75,77.46,0.745,-0.5,130.133,64.6533,65.4795,9423.47,0,0
352,2026-05-20T02:06:00+00:00,2026-05-20,Will there be no change in Fed interest rates after the September 2026 meeting?,0xa3b36b2d,sell_yes,Sold YES (ask lifted),103.28,0.75,77.46,0.755,-0.5,26.8528,64.6533,-37.8005,9500.93,0,0
353,2026-05-20T02:14:00+00:00,2026-05-20,Will there be no change in Fed interest rates after the September 2026 meeting?,0xa3b36b2d,buy_yes,Bought YES (bid hit),103.28,0.75,77.46,0.745,-0.5,130.133,64.6533,65.4795,9423.47,0,0
354,2026-05-20T02:17:00+00:00,2026-05-20,Will the Moderate Party (M) win the third most seats in the 2026 Swedish parliamentary election?,0xbbb881b0,sell_yes,Sold YES (ask lifted),46.476,0.48,22.3085,0.485,-0.5,46.476,63.2074,-16.7314,9445.78,0,0
355,2026-05-20T02:18:00+00:00,2026-05-20,Will the Sweden Democrats (SD) win the third most seats in the 2026 Swedish parliamentary election?,0x939abe4a,sell_yes,Sold YES (ask lifted),47.8703,0.28,13.4037,0.325,-4.5,0,29.7446,-29.7446,9459.18,0,0
356,2026-05-20T02:23:00+00:00,2026-05-20,Will the Sweden Democrats (SD) win the third most seats in the 2026 Swedish parliamentary election?,0x939abe4a,buy_yes,Bought YES (bid hit),52.0531,0.34,17.6981,0.33,-1,52.0531,29.7446,22.3085,9441.48,0,0
357,2026-05-20T02:25:00+00:00,2026-05-20,Will the Sweden Democrats (SD) win the third most seats in the 2026 Swedish parliamentary election?,0x939abe4a,sell_yes,Sold YES (ask lifted),46.476,0.31,14.4076,0.315,-0.5,5.57712,29.7446,-24.1675,9455.89,0,0
358,2026-05-20T02:26:00+00:00,2026-05-20,Will the Sweden Democrats (SD) win the third most seats in the 2026 Swedish parliamentary election?,0x939abe4a,buy_yes,Bought YES (bid hit),57.6302,0.31,17.8654,0.305,-0.5,63.2074,29.7446,33.4627,9438.02,0,0
359,2026-05-20T02:26:00+00:00,2026-05-20,Will the Moderate Party (M) win the third most seats in the 2026 Swedish parliamentary election?,0xbbb881b0,buy_yes,Bought YES (bid hit),46.476,0.64,29.7446,0.635,-0.5,92.952,63.2074,29.7446,9408.28,0,0
360,2026-05-20T02:27:00+00:00,2026-05-20,Will the Moderate Party (M) win the third most seats in the 2026 Swedish parliamentary election?,0xbbb881b0,sell_yes,Sold YES (ask lifted),49.2646,0.64,31.5293,0.66,-2,43.6874,63.2074,-19.5199,9439.81,0,0
361,2026-05-20T02:28:00+00:00,2026-05-20,Will the Moderate Party (M) win the third most seats in the 2026 Swedish parliamentary election?,0xbbb881b0,buy_yes,Bought YES (bid hit),46.476,0.65,30.2094,0.645,-0.5,90.1634,63.2074,26.9561,9409.6,0,0
362,2026-05-20T02:30:00+00:00,2026-05-20,Will the Moderate Party (M) win the third most seats in the 2026 Swedish parliamentary election?,0xbbb881b0,sell_yes,Sold YES (ask lifted),61.8131,0.65,40.1785,0.675,-2.5,28.3504,63.2074,-34.857,9449.78,0,0
363,2026-05-20T02:32:00+00:00,2026-05-20,Will the Moderate Party (M) win the third most seats in the 2026 Swedish parliamentary election?,0xbbb881b0,buy_yes,Bought YES (bid hit),46.476,0.67,31.1389,0.67,-0,74.8264,63.2074,11.619,9418.64,0,0
364,2026-05-20T02:34:00+00:00,2026-05-20,Will the Moderate Party (M) win the third most seats in the 2026 Swedish parliamentary election?,0xbbb881b0,sell_yes,Sold YES (ask lifted),47.8703,0.68,32.5518,0.725,-4.5,26.9561,63.2074,-36.2513,9451.19,0,0
365,2026-05-20T02:35:00+00:00,2026-05-20,Will the Sweden Democrats (SD) win the third most seats in the 2026 Swedish parliamentary election?,0x939abe4a,sell_yes,Sold YES (ask lifted),59.0245,0.27,15.9366,0.295,-2.5,4.18284,29.7446,-25.5618,9467.13,0,0
366,2026-05-20T02:36:00+00:00,2026-05-20,Will the Sweden Democrats (SD) win the third most seats in the 2026 Swedish parliamentary election?,0x939abe4a,buy_yes,Bought YES (bid hit),46.476,0.29,13.478,0.285,-0.5,50.6588,29.7446,20.9142,9453.65,0,0
367,2026-05-20T02:37:00+00:00,2026-05-20,Will the Sweden Democrats (SD) win the third most seats in the 2026 Swedish parliamentary election?,0x939abe4a,sell_yes,Sold YES (ask lifted),52.0531,0.29,15.0954,0.295,-0.5,0,31.1389,-31.1389,9467.75,0,0
368,2026-05-20T02:41:00+00:00,2026-05-20,Will the Sweden Democrats (SD) win the third most seats in the 2026 Swedish parliamentary election?,0x939abe4a,buy_yes,Bought YES (bid hit),46.476,0.33,15.3371,0.31,-2,46.476,31.1389,15.3371,9452.42,0,0
369,2026-05-20T02:53:00+00:00,2026-05-20,Will the Moderate Party (M) win the third most seats in the 2026 Swedish parliamentary election?,0xbbb881b0,buy_yes,Bought YES (bid hit),54.8417,0.77,42.2281,0.755,-1.5,81.7978,63.2074,18.5904,9410.19,0,0
370,2026-05-20T03:02:00+00:00,2026-05-20,Will the Sweden Democrats (SD) win the third most seats in the 2026 Swedish parliamentary election?,0x939abe4a,sell_yes,Sold YES (ask lifted),46.476,0.27,12.5485,0.315,-4.5,0,31.1389,-31.1389,9422.74,0,0
371,2026-05-20T03:06:00+00:00,2026-05-20,Will the Sweden Democrats (SD) win the third most seats in the 2026 Swedish parliamentary election?,0x939abe4a,buy_yes,Bought YES (bid hit),57.6302,0.28,16.1365,0.275,-0.5,57.6302,31.1389,26.4913,9406.6,0,0
372,2026-05-20T03:12:00+00:00,2026-05-20,Will the Sweden Democrats (SD) win the third most seats in the 2026 Swedish parliamentary election?,0x939abe4a,sell_yes,Sold YES (ask lifted),46.476,0.24,11.1542,0.32,-8,11.1542,31.1389,-19.9847,9417.76,0,0
373,2026-05-20T03:18:00+00:00,2026-05-20,Will the Sweden Democrats (SD) win the third most seats in the 2026 Swedish parliamentary election?,0x939abe4a,buy_yes,Bought YES (bid hit),54.8417,0.31,17.0009,0.27,-4,65.9959,31.1389,34.857,9400.75,0,0
374,2026-05-20T08:09:00+00:00,2026-05-20,Clarity Act (H.R.3633) signed into law in 2026?,0x9cb23d04,buy_yes,Bought YES (bid hit),51.64,0.57,29.4348,0.555,-1.5,51.64,0,51.64,9371.32,0,0
375,2026-05-20T08:22:00+00:00,2026-05-20,Fed Rate Hike by October 2026 Meeting?,0x059db22d,buy_yes,Bought YES (bid hit),103.28,0.27,27.8856,0.265,-0.5,144.592,121.87,22.7216,9343.43,0,0
376,2026-05-20T09:22:00+00:00,2026-05-20,Will no Fed rate cuts happen in 2026?,0xd4e77ba6,sell_yes,Sold YES (ask lifted),25.82,0.67,17.2994,0.672,-0.2,0,0,0,9360.73,0,0
377,2026-05-20T12:34:00+00:00,2026-05-20,Bab el-Mandeb Strait effectively closed by September 30?,0x95fc6a4e,sell_yes,Sold YES (ask lifted),103.28,0.23,23.7544,0.235,-0.5,30.984,103.28,-72.296,9384.49,0,0
378,2026-05-20T12:35:00+00:00,2026-05-20,Bab el-Mandeb Strait effectively closed by September 30?,0x95fc6a4e,buy_yes,Bought YES (bid hit),103.28,0.23,23.7544,0.23,-0,134.264,103.28,30.984,9360.73,0,0
379,2026-05-20T14:47:00+00:00,2026-05-20,Bab el-Mandeb Strait effectively closed by September 30?,0x95fc6a4e,sell_yes,Sold YES (ask lifted),103.28,0.22,22.7216,0.225,-0.5,30.984,103.28,-72.296,9383.46,0,0
380,2026-05-20T15:22:00+00:00,2026-05-20,Will Ulf Kristersson be the next Prime Minister of Sweden?,0x8a42bb4c,buy_yes,Bought YES (bid hit),51.64,0.24,12.3936,0.175,-6.5,51.64,3.0984,48.5416,9371.06,0,0
381,2026-05-20T15:36:00+00:00,2026-05-20,Bab el-Mandeb Strait effectively closed by September 30?,0x95fc6a4e,buy_yes,Bought YES (bid hit),103.28,0.22,22.7216,0.215,-0.5,134.264,103.28,30.984,9348.34,0,0
382,2026-05-20T15:49:00+00:00,2026-05-20,Will there be no change in Fed interest rates after the September 2026 meeting?,0xa3b36b2d,sell_yes,Sold YES (ask lifted),103.28,0.73,75.3944,0.735,-0.5,26.8528,64.6533,-37.8005,9423.73,0,0
383,2026-05-20T16:00:00+00:00,2026-05-20,Bab el-Mandeb Strait effectively closed by September 30?,0x95fc6a4e,sell_yes,Sold YES (ask lifted),103.28,0.22,22.7216,0.225,-0.5,30.984,103.28,-72.296,9446.46,0,0
384,2026-05-20T16:01:00+00:00,2026-05-20,Bab el-Mandeb Strait effectively closed by September 30?,0x95fc6a4e,buy_yes,Bought YES (bid hit),103.28,0.22,22.7216,0.215,-0.5,134.264,103.28,30.984,9423.73,0,0
385,2026-05-20T16:12:00+00:00,2026-05-20,Bab el-Mandeb Strait effectively closed by September 30?,0x95fc6a4e,sell_yes,Sold YES (ask lifted),103.28,0.22,22.7216,0.23,-1,30.984,103.28,-72.296,9446.46,0,0
386,2026-05-20T22:38:00+00:00,2026-05-20,Will the Sweden Democrats (SD) win the third most seats in the 2026 Swedish parliamentary election?,0x939abe4a,sell_yes,Sold YES (ask lifted),47.8703,0.19,9.0954,0.195,-0.5,18.1256,31.1389,-13.0133,9455.55,0,0
387,2026-05-20T23:05:00+00:00,2026-05-20,Will Ulf Kristersson be the next Prime Minister of Sweden?,0x8a42bb4c,sell_yes,Sold YES (ask lifted),51.64,0.19,9.8116,0.22,-3,0,3.0984,-3.0984,9465.36,0,0
388,2026-05-21T00:00:00+00:00,2026-05-21,Will Spider-Man: Brand New Day be the top grossing movie of 2026?,0xc4b07998,buy_yes,Bought YES (bid hit),25.82,0.57,14.7174,0.465,-10.5,52.4146,25.82,26.5946,9492.93,0,0
389,2026-05-21T00:01:00+00:00,2026-05-21,Will the Fed increase interest rates by 25 bps after the September 2026 meeting?,0x876506d8,sell_yes,Sold YES (ask lifted),103.28,0.18,18.5904,0.51,-33,0,106.378,-106.378,9426.84,0,0
390,2026-05-21T00:04:00+00:00,2026-05-21,Will Spider-Man: Brand New Day be the top grossing movie of 2026?,0xc4b07998,sell_yes,Sold YES (ask lifted),25.82,0.59,15.2338,0.595,-0.5,26.5946,25.82,0.7746,9442.07,0,0
391,2026-05-21T00:05:00+00:00,2026-05-21,Will the Sweden Democrats (SD) win the third most seats in the 2026 Swedish parliamentary election?,0x939abe4a,buy_yes,Bought YES (bid hit),46.476,0.38,17.6609,0.19,-19,64.6016,31.1389,33.4627,9424.41,0,0
392,2026-05-21T00:20:00+00:00,2026-05-21,Will the Sweden Democrats (SD) win the third most seats in the 2026 Swedish parliamentary election?,0x939abe4a,sell_yes,Sold YES (ask lifted),46.476,0.21,9.76,0.21,-0,18.1256,31.1389,-13.0133,9434.17,0,0
393,2026-05-21T00:49:00+00:00,2026-05-21,Will there be no change in Fed interest rates after the September 2026 meeting?,0xa3b36b2d,buy_yes,Bought YES (bid hit),103.28,0.73,75.3944,0.7,-3,130.133,64.6533,65.4795,9358.77,0,0
394,2026-05-21T01:33:00+00:00,2026-05-21,Bab el-Mandeb Strait effectively closed by September 30?,0x95fc6a4e,buy_yes,Bought YES (bid hit),103.28,0.21,21.6888,0.19,-2,134.264,103.28,30.984,9337.08,0,0
395,2026-05-21T01:40:00+00:00,2026-05-21,Bab el-Mandeb Strait effectively closed by September 30?,0x95fc6a4e,sell_yes,Sold YES (ask lifted),103.28,0.2,20.656,0.21,-1,30.984,103.28,-72.296,9357.74,0,0
396,2026-05-21T02:51:00+00:00,2026-05-21,Will there be no change in Fed interest rates after the September 2026 meeting?,0xa3b36b2d,sell_yes,Sold YES (ask lifted),103.28,0.71,73.3288,0.72,-1,26.8528,64.6533,-37.8005,9431.07,0,0
397,2026-05-21T03:19:00+00:00,2026-05-21,Will the Moderate Party (M) win the second most seats in the 2026 Swedish parliamentary election?,0xa3d50cf0,sell_yes,Sold YES (ask lifted),61.968,0.18,11.1542,0.185,-0.5,1.85904,0,1.85904,9442.22,0,0
398,2026-05-21T03:28:00+00:00,2026-05-21,Will there be no change in Fed interest rates after the September 2026 meeting?,0xa3b36b2d,buy_yes,Bought YES (bid hit),103.28,0.73,75.3944,0.72,-1,130.133,64.6533,65.4795,9366.83,0,0
399,2026-05-21T04:23:00+00:00,2026-05-21,Bab el-Mandeb Strait effectively closed by September 30?,0x95fc6a4e,buy_yes,Bought YES (bid hit),103.28,0.21,21.6888,0.2,-1,134.264,103.28,30.984,9345.14,0,0
400,2026-05-21T05:09:00+00:00,2026-05-21,Will there be no change in Fed interest rates after the September 2026 meeting?,0xa3b36b2d,sell_yes,Sold YES (ask lifted),103.28,0.73,75.3944,0.74,-1,26.8528,64.6533,-37.8005,9420.54,0,0
401,2026-05-21T05:15:00+00:00,2026-05-21,Will there be no change in Fed interest rates after the September 2026 meeting?,0xa3b36b2d,buy_yes,Bought YES (bid hit),103.28,0.73,75.3944,0.725,-0.5,130.133,64.6533,65.4795,9345.14,0,0
402,2026-05-21T05:17:00+00:00,2026-05-21,Will there be no change in Fed interest rates after the September 2026 meeting?,0xa3b36b2d,sell_yes,Sold YES (ask lifted),103.28,0.73,75.3944,0.74,-1,26.8528,64.6533,-37.8005,9420.54,0,0
403,2026-05-21T05:21:00+00:00,2026-05-21,Will there be no change in Fed interest rates after the September 2026 meeting?,0xa3b36b2d,buy_yes,Bought YES (bid hit),103.28,0.73,75.3944,0.725,-0.5,130.133,64.6533,65.4795,9345.14,0,0
404,2026-05-21T05:23:00+00:00,2026-05-21,Will there be no change in Fed interest rates after the September 2026 meeting?,0xa3b36b2d,sell_yes,Sold YES (ask lifted),103.28,0.73,75.3944,0.735,-0.5,26.8528,64.6533,-37.8005,9420.54,0,0
405,2026-05-21T05:29:00+00:00,2026-05-21,Will there be no change in Fed interest rates after the September 2026 meeting?,0xa3b36b2d,buy_yes,Bought YES (bid hit),103.28,0.73,75.3944,0.725,-0.5,130.133,64.6533,65.4795,9345.14,0,0
406,2026-05-21T05:31:00+00:00,2026-05-21,Will there be no change in Fed interest rates after the September 2026 meeting?,0xa3b36b2d,sell_yes,Sold YES (ask lifted),106.378,0.73,77.6562,0.735,-0.5,23.7544,64.6533,-40.8989,9422.8,0,0
407,2026-05-21T05:33:00+00:00,2026-05-21,Will there be no change in Fed interest rates after the September 2026 meeting?,0xa3b36b2d,buy_yes,Bought YES (bid hit),103.28,0.73,75.3944,0.72,-1,127.034,64.6533,62.3811,9347.4,0,0
408,2026-05-21T05:34:00+00:00,2026-05-21,Will there be no change in Fed interest rates after the September 2026 meeting?,0xa3b36b2d,sell_yes,Sold YES (ask lifted),103.28,0.73,75.3944,0.735,-0.5,23.7544,64.6533,-40.8989,9422.8,0,0
409,2026-05-21T05:47:00+00:00,2026-05-21,Will there be no change in Fed interest rates after the September 2026 meeting?,0xa3b36b2d,buy_yes,Bought YES (bid hit),103.28,0.73,75.3944,0.725,-0.5,127.034,64.6533,62.3811,9347.4,0,0
410,2026-05-21T05:49:00+00:00,2026-05-21,Will there be no change in Fed interest rates after the September 2026 meeting?,0xa3b36b2d,sell_yes,Sold YES (ask lifted),103.28,0.73,75.3944,0.735,-0.5,23.7544,64.6533,-40.8989,9422.8,0,0
411,2026-05-21T05:54:00+00:00,2026-05-21,Will there be no change in Fed interest rates after the September 2026 meeting?,0xa3b36b2d,buy_yes,Bought YES (bid hit),103.28,0.73,75.3944,0.72,-1,127.034,64.6533,62.3811,9347.4,0,0
412,2026-05-21T05:56:00+00:00,2026-05-21,Will there be no change in Fed interest rates after the September 2026 meeting?,0xa3b36b2d,sell_yes,Sold YES (ask lifted),103.28,0.73,75.3944,0.74,-1,23.7544,64.6533,-40.8989,9422.8,0,0
413,2026-05-21T09:18:00+00:00,2026-05-21,Clarity Act (H.R.3633) signed into law in 2026?,0x9cb23d04,sell_yes,Sold YES (ask lifted),53.1892,0.57,30.3178,0.57,-0,0,1.5492,-1.5492,9452.45,0,0
414,2026-05-21T10:44:00+00:00,2026-05-21,Bab el-Mandeb Strait effectively closed by September 30?,0x95fc6a4e,sell_yes,Sold YES (ask lifted),106.378,0.2,21.2757,0.21,-1,27.8856,103.28,-75.3944,9473.72,0,0
415,2026-05-21T10:45:00+00:00,2026-05-21,Bab el-Mandeb Strait effectively closed by September 30?,0x95fc6a4e,buy_yes,Bought YES (bid hit),103.28,0.21,21.6888,0.2,-1,131.166,103.28,27.8856,9452.04,0,0
416,2026-05-21T10:46:00+00:00,2026-05-21,Bab el-Mandeb Strait effectively closed by September 30?,0x95fc6a4e,sell_yes,Sold YES (ask lifted),109.477,0.21,22.9901,0.21,-0,21.6888,103.28,-81.5912,9475.03,0,0
417,2026-05-21T12:14:00+00:00,2026-05-21,Will the Moderate Party (M) win the second most seats in the 2026 Swedish parliamentary election?,0xa3d50cf0,sell_yes,Sold YES (ask lifted),61.968,0.22,13.633,0.335,-11.5,0,60.109,-60.109,9441.77,0,0
418,2026-05-21T12:18:00+00:00,2026-05-21,Will the Sweden Democrats (SD) win the third most seats in the 2026 Swedish parliamentary election?,0x939abe4a,buy_yes,Bought YES (bid hit),47.8703,0.19,9.0954,0.185,-0.5,65.9959,31.1389,34.857,9432.68,0,0
419,2026-05-21T12:19:00+00:00,2026-05-21,Will the Sweden Democrats (SD) win the third most seats in the 2026 Swedish parliamentary election?,0x939abe4a,sell_yes,Sold YES (ask lifted),46.476,0.19,8.8304,0.2,-1,19.5199,31.1389,-11.619,9441.51,0,0
420,2026-05-21T12:28:00+00:00,2026-05-21,Will the Sweden Democrats (SD) win the third most seats in the 2026 Swedish parliamentary election?,0x939abe4a,buy_yes,Bought YES (bid hit),46.476,0.19,8.8304,0.185,-0.5,65.9959,31.1389,34.857,9432.68,0,0
421,2026-05-21T12:48:00+00:00,2026-05-21,Will the Sweden Democrats (SD) win the third most seats in the 2026 Swedish parliamentary election?,0x939abe4a,sell_yes,Sold YES (ask lifted),46.476,0.18,8.3657,0.19,-1,19.5199,31.1389,-11.619,9441.04,0,0
422,2026-05-21T13:29:00+00:00,2026-05-21,Will the Sweden Democrats (SD) win the third most seats in the 2026 Swedish parliamentary election?,0x939abe4a,buy_yes,Bought YES (bid hit),46.476,0.19,8.8304,0.18,-1,65.9959,31.1389,34.857,9432.21,0,0
423,2026-05-21T13:33:00+00:00,2026-05-21,Will the Sweden Democrats (SD) win the third most seats in the 2026 Swedish parliamentary election?,0x939abe4a,sell_yes,Sold YES (ask lifted),46.476,0.19,8.8304,0.2,-1,19.5199,31.1389,-11.619,9441.04,0,0
424,2026-05-21T13:35:00+00:00,2026-05-21,Will the Sweden Democrats (SD) win the third most seats in the 2026 Swedish parliamentary election?,0x939abe4a,buy_yes,Bought YES (bid hit),46.476,0.19,8.8304,0.185,-0.5,65.9959,31.1389,34.857,9432.21,0,0
425,2026-05-21T14:09:00+00:00,2026-05-21,Will the Sweden Democrats (SD) win the third most seats in the 2026 Swedish parliamentary election?,0x939abe4a,sell_yes,Sold YES (ask lifted),46.476,0.19,8.8304,0.2,-1,19.5199,31.1389,-11.619,9441.04,0,0
426,2026-05-21T14:24:00+00:00,2026-05-21,Will the Sweden Democrats (SD) win the third most seats in the 2026 Swedish parliamentary election?,0x939abe4a,buy_yes,Bought YES (bid hit),46.476,0.19,8.8304,0.185,-0.5,65.9959,31.1389,34.857,9432.21,0,0
427,2026-05-21T14:31:00+00:00,2026-05-21,Will the Moderate Party (M) win the second most seats in the 2026 Swedish parliamentary election?,0xa3d50cf0,buy_yes,Bought YES (bid hit),65.6861,0.32,21.0195,0.315,-0.5,65.6861,60.109,5.57712,9411.19,0,0
428,2026-05-21T14:45:00+00:00,2026-05-21,Will the Moderate Party (M) win the second most seats in the 2026 Swedish parliamentary election?,0xa3d50cf0,sell_yes,Sold YES (ask lifted),61.968,0.29,17.9707,0.295,-0.5,3.71808,60.109,-56.3909,9429.16,0,0
429,2026-05-21T14:51:00+00:00,2026-05-21,Will the Moderate Party (M) win the third most seats in the 2026 Swedish parliamentary election?,0xbbb881b0,sell_yes,Sold YES (ask lifted),52.0531,0.47,24.465,0.52,-5,29.7446,63.2074,-33.4627,9453.63,0,0
430,2026-05-21T15:25:00+00:00,2026-05-21,Will the Moderate Party (M) win the second most seats in the 2026 Swedish parliamentary election?,0xa3d50cf0,buy_yes,Bought YES (bid hit),61.968,0.26,16.1117,0.255,-0.5,65.6861,60.109,5.57712,9437.52,0,0
431,2026-05-21T16:10:00+00:00,2026-05-21,Will the Moderate Party (M) win the second most seats in the 2026 Swedish parliamentary election?,0xa3d50cf0,sell_yes,Sold YES (ask lifted),61.968,0.25,15.492,0.275,-2.5,3.71808,60.109,-56.3909,9453.01,0,0
432,2026-05-21T17:52:00+00:00,2026-05-21,Will the Moderate Party (M) win the second most seats in the 2026 Swedish parliamentary election?,0xa3d50cf0,buy_yes,Bought YES (bid hit),61.968,0.28,17.351,0.275,-0.5,65.6861,60.109,5.57712,9435.66,0,0
433,2026-05-21T17:54:00+00:00,2026-05-21,Will the Moderate Party (M) win the second most seats in the 2026 Swedish parliamentary election?,0xa3d50cf0,sell_yes,Sold YES (ask lifted),61.968,0.3,18.5904,0.405,-10.5,3.71808,60.109,-56.3909,9454.25,0,0
434,2026-05-21T18:06:00+00:00,2026-05-21,Bab el-Mandeb Strait effectively closed by September 30?,0x95fc6a4e,buy_yes,Bought YES (bid hit),106.378,0.23,24.467,0.23,-0,128.067,103.28,24.7872,9429.78,0,0
435,2026-05-21T18:11:00+00:00,2026-05-21,Bab el-Mandeb Strait effectively closed by September 30?,0x95fc6a4e,sell_yes,Sold YES (ask lifted),103.28,0.22,22.7216,0.225,-0.5,24.7872,103.28,-78.4928,9452.5,0,0
436,2026-05-21T18:12:00+00:00,2026-05-21,Bab el-Mandeb Strait effectively closed by September 30?,0x95fc6a4e,buy_yes,Bought YES (bid hit),103.28,0.22,22.7216,0.21,-1,128.067,103.28,24.7872,9429.78,0,0
437,2026-05-21T18:17:00+00:00,2026-05-21,Will the Moderate Party (M) win the second most seats in the 2026 Swedish parliamentary election?,0xa3d50cf0,buy_yes,Bought YES (bid hit),67.5451,0.27,18.2372,0.265,-0.5,71.2632,60.109,11.1542,9411.55,0,0
438,2026-05-21T18:29:00+00:00,2026-05-21,Will the Moderate Party (M) win the second most seats in the 2026 Swedish parliamentary election?,0xa3d50cf0,sell_yes,Sold YES (ask lifted),93.5717,0.28,26.2001,0.31,-3,0,82.4174,-82.4174,9421.68,0,0
439,2026-05-21T18:53:00+00:00,2026-05-21,Will the Moderate Party (M) win the second most seats in the 2026 Swedish parliamentary election?,0xa3d50cf0,buy_yes,Bought YES (bid hit),63.827,0.29,18.5098,0.27,-2,63.827,82.4174,-18.5904,9403.17,0,0
440,2026-05-21T18:57:00+00:00,2026-05-21,Bab el-Mandeb Strait effectively closed by September 30?,0x95fc6a4e,sell_yes,Sold YES (ask lifted),103.28,0.2,20.656,0.205,-0.5,24.7872,103.28,-78.4928,9423.83,0,0
441,2026-05-21T19:01:00+00:00,2026-05-21,Will the Moderate Party (M) win the second most seats in the 2026 Swedish parliamentary election?,0xa3d50cf0,sell_yes,Sold YES (ask lifted),61.968,0.3,18.5904,0.415,-11.5,1.85904,82.4174,-80.5584,9442.42,0,0
442,2026-05-21T19:28:00+00:00,2026-05-21,Bab el-Mandeb Strait effectively closed by September 30?,0x95fc6a4e,buy_yes,Bought YES (bid hit),103.28,0.2,20.656,0.195,-0.5,128.067,103.28,24.7872,9421.76,0,0
443,2026-05-21T19:31:00+00:00,2026-05-21,Will the Fed increase interest rates by 25 bps after the September 2026 meeting?,0x876506d8,buy_yes,Bought YES (bid hit),106.378,0.15,15.9568,0.145,-0.5,106.378,106.378,0,9405.81,0,0
444,2026-05-21T19:37:00+00:00,2026-05-21,Bab el-Mandeb Strait effectively closed by September 30?,0x95fc6a4e,sell_yes,Sold YES (ask lifted),103.28,0.21,21.6888,0.21,-0,24.7872,103.28,-78.4928,9427.5,0,0
445,2026-05-21T19:45:00+00:00,2026-05-21,Will the Moderate Party (M) win the third most seats in the 2026 Swedish parliamentary election?,0xbbb881b0,buy_yes,Bought YES (bid hit),46.476,0.54,25.097,0.495,-4.5,76.2206,63.2074,13.0133,9402.4,0,0
446,2026-05-21T19:47:00+00:00,2026-05-21,Will the Moderate Party (M) win the third most seats in the 2026 Swedish parliamentary election?,0xbbb881b0,sell_yes,Sold YES (ask lifted),46.476,0.49,22.7732,0.545,-5.5,29.7446,63.2074,-33.4627,9425.17,0,0
447,2026-05-21T20:34:00+00:00,2026-05-21,Will the Sweden Democrats (SD) win the third most seats in the 2026 Swedish parliamentary election?,0x939abe4a,sell_yes,Sold YES (ask lifted),46.476,0.19,8.8304,0.195,-0.5,19.5199,31.1389,-11.619,9434,0,0
448,2026-05-21T21:36:00+00:00,2026-05-21,Bab el-Mandeb Strait effectively closed by September 30?,0x95fc6a4e,buy_yes,Bought YES (bid hit),103.28,0.22,22.7216,0.215,-0.5,128.067,103.28,24.7872,9411.28,0,0
449,2026-05-21T22:03:00+00:00,2026-05-21,Will the Sweden Democrats (SD) win the third most seats in the 2026 Swedish parliamentary election?,0x939abe4a,buy_yes,Bought YES (bid hit),46.476,0.19,8.8304,0.18,-1,65.9959,31.1389,34.857,9402.45,0,0
450,2026-05-21T22:04:00+00:00,2026-05-21,Will the Sweden Democrats (SD) win the third most seats in the 2026 Swedish parliamentary election?,0x939abe4a,sell_yes,Sold YES (ask lifted),46.476,0.19,8.8304,0.195,-0.5,19.5199,31.1389,-11.619,9411.28,0,0
451,2026-05-21T22:42:00+00:00,2026-05-21,Bab el-Mandeb Strait effectively closed by September 30?,0x95fc6a4e,sell_yes,Sold YES (ask lifted),103.28,0.22,22.7216,0.225,-0.5,24.7872,103.28,-78.4928,9434,0,0
452,2026-05-21T22:43:00+00:00,2026-05-21,Bab el-Mandeb Strait effectively closed by September 30?,0x95fc6a4e,buy_yes,Bought YES (bid hit),106.378,0.22,23.4032,0.215,-0.5,131.166,103.28,27.8856,9410.6,0,0
453,2026-05-21T22:53:00+00:00,2026-05-21,Will the Moderate Party (M) win the second most seats in the 2026 Swedish parliamentary election?,0xa3d50cf0,buy_yes,Bought YES (bid hit),61.968,0.26,16.1117,0.25,-1,63.827,82.4174,-18.5904,9394.49,0,0
454,2026-05-21T23:22:00+00:00,2026-05-21,Will the Moderate Party (M) win the second most seats in the 2026 Swedish parliamentary election?,0xa3d50cf0,buy_yes,Bought YES (bid hit),61.968,0.26,16.1117,0.255,-0.5,125.795,82.4174,43.3776,9378.38,0,0
455,2026-05-21T23:48:00+00:00,2026-05-21,Will the Moderate Party (M) win the second most seats in the 2026 Swedish parliamentary election?,0xa3d50cf0,sell_yes,Sold YES (ask lifted),28.7532,0.27,7.7634,0.37,-10,97.0419,82.4174,14.6244,9386.14,0,0
456,2026-05-21T23:52:00+00:00,2026-05-21,Will the Moderate Party (M) win the second most seats in the 2026 Swedish parliamentary election?,0xa3d50cf0,buy_yes,Bought YES (bid hit),61.968,0.32,19.8298,0.295,-2.5,159.01,82.4174,76.5924,9366.31,0,0
457,2026-05-22T00:00:00+00:00,2026-05-22,Will Édouard Philippe win the 2027 French presidential election?,0x46f2f457,buy_yes,Bought YES (bid hit),51.64,0.16,8.2624,0.12,-4,103.28,53.1892,50.0908,9407.93,0,0
458,2026-05-22T00:00:00+00:00,2026-05-22,Will Ulf Kristersson be the next Prime Minister of Sweden?,0x8a42bb4c,buy_yes,Bought YES (bid hit),51.64,0.17,8.7788,0.14,-3,51.64,3.0984,48.5416,9399.15,0,0
459,2026-05-22T00:01:00+00:00,2026-05-22,Will the Fed increase interest rates by 25 bps after the September 2026 meeting?,0x876506d8,buy_yes,Bought YES (bid hit),103.28,0.12,12.3936,0.085,-3.5,209.658,106.378,103.28,9386.76,0,0
460,2026-05-22T00:06:00+00:00,2026-05-22,Will Édouard Philippe win the 2027 French presidential election?,0x46f2f457,sell_yes,Sold YES (ask lifted),51.64,0.13,6.7132,0.21,-8,51.64,53.1892,-1.5492,9393.47,0,0
461,2026-05-22T00:21:00+00:00,2026-05-22,Will the Moderate Party (M) win the third most seats in the 2026 Swedish parliamentary election?,0xbbb881b0,buy_yes,Bought YES (bid hit),50.6588,0.5,25.3294,0.495,-0.5,80.4035,63.2074,17.1961,9368.14,0,0
462,2026-05-22T00:22:00+00:00,2026-05-22,Will the Moderate Party (M) win the third most seats in the 2026 Swedish parliamentary election?,0xbbb881b0,sell_yes,Sold YES (ask lifted),57.6302,0.5,28.8151,0.505,-0.5,22.7732,63.2074,-40.4341,9396.96,0,0
463,2026-05-22T00:23:00+00:00,2026-05-22,Will the Moderate Party (M) win the third most seats in the 2026 Swedish parliamentary election?,0xbbb881b0,buy_yes,Bought YES (bid hit),46.476,0.5,23.238,0.495,-0.5,69.2492,63.2074,6.04188,9373.72,0,0
464,2026-05-22T00:27:00+00:00,2026-05-22,Will the Moderate Party (M) win the third most seats in the 2026 Swedish parliamentary election?,0xbbb881b0,sell_yes,Sold YES (ask lifted),21.5649,0.51,10.9981,0.545,-3.5,47.6844,63.2074,-15.523,9384.72,0,0
465,2026-05-22T00:38:00+00:00,2026-05-22,Will the Fed increase interest rates by 25 bps after the September 2026 meeting?,0x876506d8,sell_yes,Sold YES (ask lifted),103.28,0.12,12.3936,0.145,-2.5,106.378,106.378,0,9397.11,0,0
466,2026-05-22T00:44:00+00:00,2026-05-22,Will the Fed increase interest rates by 25 bps after the September 2026 meeting?,0x876506d8,buy_yes,Bought YES (bid hit),103.28,0.12,12.3936,0.085,-3.5,209.658,106.378,103.28,9384.72,0,0
467,2026-05-22T00:45:00+00:00,2026-05-22,Will the Moderate Party (M) win the third most seats in the 2026 Swedish parliamentary election?,0xbbb881b0,sell_yes,Sold YES (ask lifted),21.5649,0.52,11.2137,0.545,-2.5,26.1195,63.2074,-37.0878,9395.93,0,0
468,2026-05-22T00:52:00+00:00,2026-05-22,Will the Fed increase interest rates by 25 bps after the September 2026 meeting?,0x876506d8,sell_yes,Sold YES (ask lifted),103.28,0.12,12.3936,0.145,-2.5,106.378,106.378,0,9408.33,0,0
469,2026-05-22T00:55:00+00:00,2026-05-22,Will the Fed increase interest rates by 25 bps after the September 2026 meeting?,0x876506d8,sell_yes,Sold YES (ask lifted),103.28,0.11,11.3608,0.15,-4,3.0984,106.378,-103.28,9419.69,0,0
470,2026-05-22T01:03:00+00:00,2026-05-22,Bab el-Mandeb Strait effectively closed by September 30?,0x95fc6a4e,sell_yes,Sold YES (ask lifted),103.28,0.2,20.656,0.205,-0.5,27.8856,103.28,-75.3944,9440.34,0,0
471,2026-05-22T01:04:00+00:00,2026-05-22,Bab el-Mandeb Strait effectively closed by September 30?,0x95fc6a4e,buy_yes,Bought YES (bid hit),103.28,0.2,20.656,0.19,-1,131.166,103.28,27.8856,9419.69,0,0
472,2026-05-22T01:06:00+00:00,2026-05-22,Will the Fed increase interest rates by 25 bps after the September 2026 meeting?,0x876506d8,buy_yes,Bought YES (bid hit),103.28,0.11,11.3608,0.085,-2.5,106.378,106.378,0,9408.33,0,0
473,2026-05-22T01:12:00+00:00,2026-05-22,Bab el-Mandeb Strait effectively closed by September 30?,0x95fc6a4e,sell_yes,Sold YES (ask lifted),103.28,0.2,20.656,0.205,-0.5,27.8856,103.28,-75.3944,9428.98,0,0
474,2026-05-22T01:13:00+00:00,2026-05-22,Bab el-Mandeb Strait effectively closed by September 30?,0x95fc6a4e,buy_yes,Bought YES (bid hit),103.28,0.2,20.656,0.19,-1,131.166,103.28,27.8856,9408.33,0,0
475,2026-05-22T02:02:00+00:00,2026-05-22,Will the Moderate Party (M) win the second most seats in the 2026 Swedish parliamentary election?,0xa3d50cf0,sell_yes,Sold YES (ask lifted),61.968,0.24,14.8723,0.37,-13,97.0419,82.4174,14.6244,9423.2,0,0
476,2026-05-22T02:08:00+00:00,2026-05-22,Will the Moderate Party (M) win the second most seats in the 2026 Swedish parliamentary election?,0xa3d50cf0,sell_yes,Sold YES (ask lifted),61.968,0.3,18.5904,0.37,-7,35.0739,82.4174,-47.3436,9441.79,0,0
477,2026-05-22T02:11:00+00:00,2026-05-22,Will the Moderate Party (M) win the second most seats in the 2026 Swedish parliamentary election?,0xa3d50cf0,buy_yes,Bought YES (bid hit),63.827,0.36,22.9777,0.35,-1,98.9009,82.4174,16.4835,9418.81,0,0
478,2026-05-22T02:16:00+00:00,2026-05-22,Will the Moderate Party (M) win the second most seats in the 2026 Swedish parliamentary election?,0xa3d50cf0,sell_yes,Sold YES (ask lifted),61.968,0.33,20.4494,0.345,-1.5,36.9329,82.4174,-45.4845,9439.26,0,0
479,2026-05-22T02:18:00+00:00,2026-05-22,Will the Moderate Party (M) win the second most seats in the 2026 Swedish parliamentary election?,0xa3d50cf0,buy_yes,Bought YES (bid hit),71.2632,0.34,24.2295,0.33,-1,108.196,82.4174,25.7787,9415.03,0,0
480,2026-05-22T02:33:00+00:00,2026-05-22,Bab el-Mandeb Strait effectively closed by September 30?,0x95fc6a4e,sell_yes,Sold YES (ask lifted),103.28,0.21,21.6888,0.21,-0,27.8856,103.28,-75.3944,9436.72,0,0
481,2026-05-22T02:34:00+00:00,2026-05-22,Bab el-Mandeb Strait effectively closed by September 30?,0x95fc6a4e,buy_yes,Bought YES (bid hit),103.28,0.21,21.6888,0.195,-1.5,131.166,103.28,27.8856,9415.03,0,0
482,2026-05-22T02:52:00+00:00,2026-05-22,Will the Moderate Party (M) win the second most seats in the 2026 Swedish parliamentary election?,0xa3d50cf0,sell_yes,Sold YES (ask lifted),61.968,0.24,14.8723,0.31,-7,46.2281,82.4174,-36.1893,9429.9,0,0
483,2026-05-22T02:57:00+00:00,2026-05-22,Will the Moderate Party (M) win the second most seats in the 2026 Swedish parliamentary election?,0xa3d50cf0,buy_yes,Bought YES (bid hit),61.968,0.3,18.5904,0.285,-1.5,108.196,82.4174,25.7787,9411.31,0,0
484,2026-05-22T02:58:00+00:00,2026-05-22,Will the Moderate Party (M) win the second most seats in the 2026 Swedish parliamentary election?,0xa3d50cf0,sell_yes,Sold YES (ask lifted),65.6861,0.29,19.049,0.31,-2,42.51,82.4174,-39.9074,9430.36,0,0
485,2026-05-22T03:04:00+00:00,2026-05-22,Will the Moderate Party (M) win the third most seats in the 2026 Swedish parliamentary election?,0xbbb881b0,buy_yes,Bought YES (bid hit),46.476,0.5,23.238,0.49,-1,72.5955,63.2074,9.38815,9407.12,0,0
486,2026-05-22T03:27:00+00:00,2026-05-22,Will the Moderate Party (M) win the second most seats in the 2026 Swedish parliamentary election?,0xa3d50cf0,buy_yes,Bought YES (bid hit),61.968,0.27,16.7314,0.25,-2,104.478,82.4174,22.0606,9390.39,0,0
487,2026-05-22T03:59:00+00:00,2026-05-22,Will the Moderate Party (M) win the second most seats in the 2026 Swedish parliamentary election?,0xa3d50cf0,sell_yes,Sold YES (ask lifted),61.968,0.25,15.492,0.255,-0.5,42.51,82.4174,-39.9074,9405.88,0,0
488,2026-05-22T04:08:00+00:00,2026-05-22,Bab el-Mandeb Strait effectively closed by September 30?,0x95fc6a4e,sell_yes,Sold YES (ask lifted),103.28,0.2,20.656,0.205,-0.5,27.8856,103.28,-75.3944,9426.54,0,0
489,2026-05-22T04:28:00+00:00,2026-05-22,Will the Moderate Party (M) win the second most seats in the 2026 Swedish parliamentary election?,0xa3d50cf0,buy_yes,Bought YES (bid hit),61.968,0.33,20.4494,0.32,-1,104.478,82.4174,22.0606,9406.09,0,0
490,2026-05-22T04:29:00+00:00,2026-05-22,Will the Moderate Party (M) win the second most seats in the 2026 Swedish parliamentary election?,0xa3d50cf0,sell_yes,Sold YES (ask lifted),61.968,0.33,20.4494,0.37,-4,42.51,82.4174,-39.9074,9426.54,0,0
491,2026-05-22T04:32:00+00:00,2026-05-22,Will the Moderate Party (M) win the second most seats in the 2026 Swedish parliamentary election?,0xa3d50cf0,buy_yes,Bought YES (bid hit),73.1222,0.35,25.5928,0.345,-0.5,115.632,82.4174,33.2148,9400.95,0,0
492,2026-05-22T04:33:00+00:00,2026-05-22,Will the Moderate Party (M) win the second most seats in the 2026 Swedish parliamentary election?,0xa3d50cf0,sell_yes,Sold YES (ask lifted),61.968,0.35,21.6888,0.365,-1.5,53.6643,82.4174,-28.7532,9422.64,0,0
493,2026-05-22T04:34:00+00:00,2026-05-22,Will the Moderate Party (M) win the second most seats in the 2026 Swedish parliamentary election?,0xa3d50cf0,buy_yes,Bought YES (bid hit),73.1222,0.36,26.324,0.345,-1.5,126.787,82.4174,44.3691,9396.31,0,0
494,2026-05-22T04:51:00+00:00,2026-05-22,Will the Moderate Party (M) win the second most seats in the 2026 Swedish parliamentary election?,0xa3d50cf0,sell_yes,Sold YES (ask lifted),63.827,0.32,20.4247,0.325,-0.5,62.9595,82.4174,-19.458,9416.74,0,0
495,2026-05-22T04:53:00+00:00,2026-05-22,Will the Moderate Party (M) win the second most seats in the 2026 Swedish parliamentary election?,0xa3d50cf0,buy_yes,Bought YES (bid hit),63.827,0.33,21.0629,0.325,-0.5,126.787,82.4174,44.3691,9395.67,0,0
496,2026-05-22T05:05:00+00:00,2026-05-22,Will the Sweden Democrats (SD) win the third most seats in the 2026 Swedish parliamentary election?,0x939abe4a,buy_yes,Bought YES (bid hit),46.476,0.19,8.8304,0.185,-0.5,65.9959,31.1389,34.857,9386.84,0,0
497,2026-05-22T05:06:00+00:00,2026-05-22,Will the Sweden Democrats (SD) win the third most seats in the 2026 Swedish parliamentary election?,0x939abe4a,sell_yes,Sold YES (ask lifted),46.476,0.19,8.8304,0.195,-0.5,19.5199,31.1389,-11.619,9395.67,0,0
498,2026-05-22T05:25:00+00:00,2026-05-22,Will the Moderate Party (M) win the second most seats in the 2026 Swedish parliamentary election?,0xa3d50cf0,sell_yes,Sold YES (ask lifted),61.968,0.28,17.351,0.31,-3,64.8185,82.4174,-17.5989,9413.02,0,0
499,2026-05-22T05:29:00+00:00,2026-05-22,Will the Moderate Party (M) win the second most seats in the 2026 Swedish parliamentary election?,0xa3d50cf0,buy_yes,Bought YES (bid hit),61.968,0.33,20.4494,0.315,-1.5,126.787,82.4174,44.3691,9392.58,0,0
500,2026-05-22T05:31:00+00:00,2026-05-22,Will the Moderate Party (M) win the second most seats in the 2026 Swedish parliamentary election?,0xa3d50cf0,sell_yes,Sold YES (ask lifted),61.968,0.31,19.2101,0.34,-3,64.8185,82.4174,-17.5989,9411.79,0,0
501,2026-05-22T05:36:00+00:00,2026-05-22,Will the Moderate Party (M) win the second most seats in the 2026 Swedish parliamentary election?,0xa3d50cf0,buy_yes,Bought YES (bid hit),63.827,0.33,21.0629,0.33,-0,128.646,82.4174,46.2281,9390.72,0,0
502,2026-05-22T05:37:00+00:00,2026-05-22,Will the Moderate Party (M) win the second most seats in the 2026 Swedish parliamentary election?,0xa3d50cf0,sell_yes,Sold YES (ask lifted),61.968,0.34,21.0691,0.38,-4,66.6776,82.4174,-15.7399,9411.79,0,0
503,2026-05-22T05:38:00+00:00,2026-05-22,Will Ulf Kristersson be the next Prime Minister of Sweden?,0x8a42bb4c,sell_yes,Sold YES (ask lifted),51.64,0.2,10.328,0.205,-0.5,0,3.0984,-3.0984,9422.12,0,0
504,2026-05-22T05:39:00+00:00,2026-05-22,Will the Moderate Party (M) win the second most seats in the 2026 Swedish parliamentary election?,0xa3d50cf0,buy_yes,Bought YES (bid hit),67.5451,0.36,24.3162,0.35,-1,134.223,82.4174,51.8052,9397.8,0,0
505,2026-05-22T05:43:00+00:00,2026-05-22,Will the Moderate Party (M) win the second most seats in the 2026 Swedish parliamentary election?,0xa3d50cf0,sell_yes,Sold YES (ask lifted),61.968,0.33,20.4494,0.335,-0.5,72.2547,82.4174,-10.1628,9418.25,0,0
506,2026-05-22T05:45:00+00:00,2026-05-22,Will the Moderate Party (M) win the second most seats in the 2026 Swedish parliamentary election?,0xa3d50cf0,buy_yes,Bought YES (bid hit),61.968,0.33,20.4494,0.33,-0,134.223,82.4174,51.8052,9397.8,0,0
507,2026-05-22T05:48:00+00:00,2026-05-22,Will the Moderate Party (M) win the second most seats in the 2026 Swedish parliamentary election?,0xa3d50cf0,sell_yes,Sold YES (ask lifted),61.968,0.32,19.8298,0.33,-1,72.2547,82.4174,-10.1628,9417.63,0,0
508,2026-05-22T05:51:00+00:00,2026-05-22,Will the Moderate Party (M) win the second most seats in the 2026 Swedish parliamentary election?,0xa3d50cf0,buy_yes,Bought YES (bid hit),61.968,0.32,19.8298,0.315,-0.5,134.223,82.4174,51.8052,9397.8,0,0
509,2026-05-22T06:02:00+00:00,2026-05-22,Will the Moderate Party (M) win the second most seats in the 2026 Swedish parliamentary election?,0xa3d50cf0,sell_yes,Sold YES (ask lifted),61.968,0.31,19.2101,0.315,-0.5,72.2547,82.4174,-10.1628,9417.01,0,0
510,2026-05-22T06:04:00+00:00,2026-05-22,Will the Moderate Party (M) win the second most seats in the 2026 Swedish parliamentary election?,0xa3d50cf0,buy_yes,Bought YES (bid hit),63.827,0.31,19.7864,0.305,-0.5,136.082,82.4174,53.6643,9397.23,0,0
511,2026-05-22T06:28:00+00:00,2026-05-22,Will the Moderate Party (M) win the second most seats in the 2026 Swedish parliamentary election?,0xa3d50cf0,sell_yes,Sold YES (ask lifted),61.968,0.28,17.351,0.345,-6.5,74.1137,82.4174,-8.30371,9414.58,0,0
512,2026-05-22T06:32:00+00:00,2026-05-22,Will the Moderate Party (M) win the second most seats in the 2026 Swedish parliamentary election?,0xa3d50cf0,buy_yes,Bought YES (bid hit),61.968,0.3,18.5904,0.28,-2,136.082,82.4174,53.6643,9395.99,0,0
513,2026-05-22T06:36:00+00:00,2026-05-22,Will the Moderate Party (M) win the second most seats in the 2026 Swedish parliamentary election?,0xa3d50cf0,sell_yes,Sold YES (ask lifted),61.968,0.28,17.351,0.365,-8.5,74.1137,82.4174,-8.30371,9413.34,0,0
514,2026-05-22T06:39:00+00:00,2026-05-22,Will the Moderate Party (M) win the second most seats in the 2026 Swedish parliamentary election?,0xa3d50cf0,buy_yes,Bought YES (bid hit),74.9813,0.36,26.9933,0.295,-6.5,149.095,82.4174,66.6776,9386.35,0,0
515,2026-05-22T06:43:00+00:00,2026-05-22,Will the Sweden Democrats (SD) win the third most seats in the 2026 Swedish parliamentary election?,0x939abe4a,buy_yes,Bought YES (bid hit),46.476,0.19,8.8304,0.185,-0.5,65.9959,31.1389,34.857,9377.51,0,0
516,2026-05-22T06:44:00+00:00,2026-05-22,Will the Sweden Democrats (SD) win the third most seats in the 2026 Swedish parliamentary election?,0x939abe4a,sell_yes,Sold YES (ask lifted),46.476,0.19,8.8304,0.195,-0.5,19.5199,31.1389,-11.619,9386.35,0,0
517,2026-05-22T06:44:00+00:00,2026-05-22,Will the Moderate Party (M) win the third most seats in the 2026 Swedish parliamentary election?,0xbbb881b0,buy_yes,Bought YES (bid hit),46.476,0.51,23.7028,0.495,-1.5,119.072,63.2074,55.8642,9362.64,0,0
518,2026-05-22T06:46:00+00:00,2026-05-22,Will the Moderate Party (M) win the second most seats in the 2026 Swedish parliamentary election?,0xa3d50cf0,sell_yes,Sold YES (ask lifted),61.968,0.26,16.1117,0.275,-1.5,87.127,82.4174,4.70957,9378.75,0,0
519,2026-05-22T08:02:00+00:00,2026-05-22,Will the Moderate Party (M) win the second most seats in the 2026 Swedish parliamentary election?,0xa3d50cf0,sell_yes,Sold YES (ask lifted),76.8403,0.3,23.0521,0.31,-1,10.2867,82.4174,-72.1308,9401.81,0,0
520,2026-05-22T10:35:00+00:00,2026-05-22,Will the Moderate Party (M) win the second most seats in the 2026 Swedish parliamentary election?,0xa3d50cf0,buy_yes,Bought YES (bid hit),61.968,0.27,16.7314,0.265,-0.5,72.2547,82.4174,-10.1628,9385.07,0,0
521,2026-05-22T10:37:00+00:00,2026-05-22,Will the Moderate Party (M) win the second most seats in the 2026 Swedish parliamentary election?,0xa3d50cf0,sell_yes,Sold YES (ask lifted),61.968,0.3,18.5904,0.315,-1.5,10.2867,82.4174,-72.1308,9403.67,0,0
522,2026-05-22T10:38:00+00:00,2026-05-22,Will the Moderate Party (M) win the third most seats in the 2026 Swedish parliamentary election?,0xbbb881b0,sell_yes,Sold YES (ask lifted),47.8703,0.53,25.3712,0.54,-1,71.2012,63.2074,7.99387,9429.04,0,0
523,2026-05-22T10:58:00+00:00,2026-05-22,Will the Sweden Democrats (SD) win the third most seats in the 2026 Swedish parliamentary election?,0x939abe4a,buy_yes,Bought YES (bid hit),46.476,0.19,8.8304,0.185,-0.5,65.9959,31.1389,34.857,9420.21,0,0
524,2026-05-22T10:59:00+00:00,2026-05-22,Will the Sweden Democrats (SD) win the third most seats in the 2026 Swedish parliamentary election?,0x939abe4a,sell_yes,Sold YES (ask lifted),46.476,0.19,8.8304,0.195,-0.5,19.5199,31.1389,-11.619,9429.04,0,0
525,2026-05-22T11:09:00+00:00,2026-05-22,Bab el-Mandeb Strait effectively closed by September 30?,0x95fc6a4e,buy_yes,Bought YES (bid hit),103.28,0.2,20.656,0.195,-0.5,131.166,103.28,27.8856,9408.38,0,0
526,2026-05-22T11:10:00+00:00,2026-05-22,Bab el-Mandeb Strait effectively closed by September 30?,0x95fc6a4e,sell_yes,Sold YES (ask lifted),103.28,0.2,20.656,0.215,-1.5,27.8856,103.28,-75.3944,9429.04,0,0
527,2026-05-22T12:51:00+00:00,2026-05-22,Will there be no change in Fed interest rates after the September 2026 meeting?,0xa3b36b2d,buy_yes,Bought YES (bid hit),103.28,0.73,75.3944,0.725,-0.5,127.034,64.6533,62.3811,9353.64,0,0
528,2026-05-22T13:20:00+00:00,2026-05-22,Will the Moderate Party (M) win the third most seats in the 2026 Swedish parliamentary election?,0xbbb881b0,buy_yes,Bought YES (bid hit),46.476,0.51,23.7028,0.47,-4,117.677,63.2074,54.4699,9329.94,0,0
529,2026-05-22T13:24:00+00:00,2026-05-22,Will the Moderate Party (M) win the third most seats in the 2026 Swedish parliamentary election?,0xbbb881b0,sell_yes,Sold YES (ask lifted),46.476,0.54,25.097,0.545,-0.5,71.2012,63.2074,7.99387,9355.04,0,0
530,2026-05-22T14:05:00+00:00,2026-05-22,Fed Rate Hike by October 2026 Meeting?,0x059db22d,sell_yes,Sold YES (ask lifted),103.28,0.28,28.9184,0.29,-1,41.312,121.87,-80.5584,9383.95,0,0
531,2026-05-22T14:47:00+00:00,2026-05-22,Will the Sweden Democrats (SD) win the third most seats in the 2026 Swedish parliamentary election?,0x939abe4a,buy_yes,Bought YES (bid hit),46.476,0.19,8.8304,0.185,-0.5,65.9959,31.1389,34.857,9375.12,0,0
532,2026-05-22T14:48:00+00:00,2026-05-22,Will the Sweden Democrats (SD) win the third most seats in the 2026 Swedish parliamentary election?,0x939abe4a,sell_yes,Sold YES (ask lifted),46.476,0.19,8.8304,0.195,-0.5,19.5199,31.1389,-11.619,9383.95,0,0
533,2026-05-22T14:49:00+00:00,2026-05-22,Will the Moderate Party (M) win the third most seats in the 2026 Swedish parliamentary election?,0xbbb881b0,buy_yes,Bought YES (bid hit),46.476,0.51,23.7028,0.49,-2,117.677,63.2074,54.4699,9360.25,0,0
534,2026-05-22T19:12:00+00:00,2026-05-22,Clarity Act (H.R.3633) signed into law in 2026?,0x9cb23d04,sell_yes,Sold YES (ask lifted),51.64,0.52,26.8528,0.545,-2.5,0,53.1892,-53.1892,9362.32,0,0
535,2026-05-22T19:19:00+00:00,2026-05-22,Will there be no change in Fed interest rates after the September 2026 meeting?,0xa3b36b2d,sell_yes,Sold YES (ask lifted),103.28,0.72,74.3616,0.735,-1.5,23.7544,64.6533,-40.8989,9436.68,0,0
536,2026-05-22T19:48:00+00:00,2026-05-22,Will the Moderate Party (M) win the second most seats in the 2026 Swedish parliamentary election?,0xa3d50cf0,buy_yes,Bought YES (bid hit),80.5584,0.36,29.001,0.34,-2,90.8451,82.4174,8.42765,9407.68,0,0
537,2026-05-22T20:23:00+00:00,2026-05-22,Will the Sweden Democrats (SD) win the third most seats in the 2026 Swedish parliamentary election?,0x939abe4a,buy_yes,Bought YES (bid hit),46.476,0.2,9.2952,0.195,-0.5,65.9959,31.1389,34.857,9398.38,0,0
538,2026-05-22T20:30:00+00:00,2026-05-22,Will the Moderate Party (M) win the second most seats in the 2026 Swedish parliamentary election?,0xa3d50cf0,sell_yes,Sold YES (ask lifted),61.968,0.28,17.351,0.295,-1.5,28.8771,82.4174,-53.5404,9415.73,0,0
539,2026-05-22T20:37:00+00:00,2026-05-22,Will there be no change in Fed interest rates after the September 2026 meeting?,0xa3b36b2d,buy_yes,Bought YES (bid hit),103.28,0.73,75.3944,0.715,-1.5,127.034,64.6533,62.3811,9340.34,0,0
540,2026-05-22T22:11:00+00:00,2026-05-22,Fed Rate Hike by October 2026 Meeting?,0x059db22d,buy_yes,Bought YES (bid hit),103.28,0.31,32.0168,0.3,-1,144.592,121.87,22.7216,9308.32,0,0
541,2026-05-22T22:18:00+00:00,2026-05-22,Iran leadership change by December 31?,0x377e7fe6,sell_yes,Sold YES (ask lifted),103.28,0.34,35.1152,0.345,-0.5,0,103.28,-103.28,9275.27,0,0
542,2026-05-22T22:28:00+00:00,2026-05-22,Will the Moderate Party (M) win the second most seats in the 2026 Swedish parliamentary election?,0xa3d50cf0,buy_yes,Bought YES (bid hit),61.968,0.27,16.7314,0.255,-1.5,90.8451,82.4174,8.42765,9258.54,0,0
543,2026-05-22T22:29:00+00:00,2026-05-22,Fed Rate Hike by October 2026 Meeting?,0x059db22d,sell_yes,Sold YES (ask lifted),103.28,0.3,30.984,0.31,-1,41.312,121.87,-80.5584,9289.53,0,0
544,2026-05-22T22:44:00+00:00,2026-05-22,Bab el-Mandeb Strait effectively closed by September 30?,0x95fc6a4e,buy_yes,Bought YES (bid hit),103.28,0.22,22.7216,0.215,-0.5,131.166,103.28,27.8856,9266.8,0,0
545,2026-05-22T22:49:00+00:00,2026-05-22,Bab el-Mandeb Strait effectively closed by September 30?,0x95fc6a4e,sell_yes,Sold YES (ask lifted),103.28,0.22,22.7216,0.235,-1.5,27.8856,103.28,-75.3944,9289.53,0,0
546,2026-05-22T22:50:00+00:00,2026-05-22,Bab el-Mandeb Strait effectively closed by September 30?,0x95fc6a4e,buy_yes,Bought YES (bid hit),103.28,0.23,23.7544,0.23,-0,131.166,103.28,27.8856,9265.77,0,0
547,2026-05-22T23:25:00+00:00,2026-05-22,Will the Moderate Party (M) win the second most seats in the 2026 Swedish parliamentary election?,0xa3d50cf0,sell_yes,Sold YES (ask lifted),61.968,0.29,17.9707,0.375,-8.5,28.8771,82.4174,-53.5404,9283.74,0,0
548,2026-05-22T23:50:00+00:00,2026-05-22,Bab el-Mandeb Strait effectively closed by September 30?,0x95fc6a4e,sell_yes,Sold YES (ask lifted),103.28,0.24,24.7872,0.245,-0.5,27.8856,103.28,-75.3944,9308.53,0,0
549,2026-05-22T23:51:00+00:00,2026-05-22,Fed Rate Hike by October 2026 Meeting?,0x059db22d,buy_yes,Bought YES (bid hit),103.28,0.3,30.984,0.295,-0.5,144.592,121.87,22.7216,9277.55,0,0
550,2026-05-22T23:55:00+00:00,2026-05-22,Fed Rate Hike by October 2026 Meeting?,0x059db22d,sell_yes,Sold YES (ask lifted),103.28,0.3,30.984,0.305,-0.5,41.312,121.87,-80.5584,9308.53,0,0
551,2026-05-23T00:01:00+00:00,2026-05-23,Fed Rate Hike by October 2026 Meeting?,0x059db22d,buy_yes,Bought YES (bid hit),103.28,0.3,30.984,0.295,-0.5,144.592,121.87,22.7216,9315.9,0,0
552,2026-05-23T00:06:00+00:00,2026-05-23,Fed Rate Hike by October 2026 Meeting?,0x059db22d,sell_yes,Sold YES (ask lifted),103.28,0.3,30.984,0.31,-1,41.312,121.87,-80.5584,9346.89,0,0
553,2026-05-23T00:15:00+00:00,2026-05-23,Will the Moderate Party (M) win the second most seats in the 2026 Swedish parliamentary election?,0xa3d50cf0,buy_yes,Bought YES (bid hit),61.968,0.29,17.9707,0.235,-5.5,90.8451,82.4174,8.42765,9328.92,0,0
554,2026-05-23T00:20:00+00:00,2026-05-23,Will the Moderate Party (M) win the second most seats in the 2026 Swedish parliamentary election?,0xa3d50cf0,sell_yes,Sold YES (ask lifted),61.968,0.24,14.8723,0.315,-7.5,28.8771,82.4174,-53.5404,9343.79,0,0
555,2026-05-23T00:24:00+00:00,2026-05-23,Will the Moderate Party (M) win the second most seats in the 2026 Swedish parliamentary election?,0xa3d50cf0,buy_yes,Bought YES (bid hit),76.8403,0.31,23.8205,0.275,-3.5,105.717,82.4174,23.3,9319.97,0,0
556,2026-05-23T00:25:00+00:00,2026-05-23,Clarity Act (H.R.3633) signed into law in 2026?,0x9cb23d04,buy_yes,Bought YES (bid hit),51.64,0.54,27.8856,0.535,-0.5,51.64,53.1892,-1.5492,9292.08,0,0
557,2026-05-23T00:29:00+00:00,2026-05-23,Fed Rate Hike by October 2026 Meeting?,0x059db22d,buy_yes,Bought YES (bid hit),103.28,0.3,30.984,0.295,-0.5,144.592,121.87,22.7216,9261.1,0,0
558,2026-05-23T00:30:00+00:00,2026-05-23,Fed Rate Hike by October 2026 Meeting?,0x059db22d,sell_yes,Sold YES (ask lifted),103.28,0.3,30.984,0.31,-1,41.312,121.87,-80.5584,9292.08,0,0
559,2026-05-23T00:30:00+00:00,2026-05-23,Will the Moderate Party (M) win the second most seats in the 2026 Swedish parliamentary election?,0xa3d50cf0,sell_yes,Sold YES (ask lifted),61.968,0.24,14.8723,0.37,-13,43.7494,82.4174,-38.668,9306.95,0,0
560,2026-05-23T00:34:00+00:00,2026-05-23,Will the Moderate Party (M) win the second most seats in the 2026 Swedish parliamentary election?,0xa3d50cf0,buy_yes,Bought YES (bid hit),80.5584,0.36,29.001,0.35,-1,124.308,82.4174,41.8904,9277.95,0,0
561,2026-05-23T00:43:00+00:00,2026-05-23,Will the Moderate Party (M) win the second most seats in the 2026 Swedish parliamentary election?,0xa3d50cf0,sell_yes,Sold YES (ask lifted),61.968,0.31,19.2101,0.325,-1.5,62.3398,82.4174,-20.0776,9297.16,0,0
562,2026-05-23T00:53:00+00:00,2026-05-23,Fed Rate Hike by October 2026 Meeting?,0x059db22d,buy_yes,Bought YES (bid hit),103.28,0.3,30.984,0.295,-0.5,144.592,121.87,22.7216,9266.18,0,0
563,2026-05-23T00:54:00+00:00,2026-05-23,Fed Rate Hike by October 2026 Meeting?,0x059db22d,sell_yes,Sold YES (ask lifted),103.28,0.3,30.984,0.305,-0.5,41.312,121.87,-80.5584,9297.16,0,0
564,2026-05-23T00:59:00+00:00,2026-05-23,Will the Moderate Party (M) win the second most seats in the 2026 Swedish parliamentary election?,0xa3d50cf0,buy_yes,Bought YES (bid hit),69.4042,0.34,23.5974,0.31,-3,131.744,82.4174,49.3265,9273.57,0,0
565,2026-05-23T01:00:00+00:00,2026-05-23,Fed Rate Hike by October 2026 Meeting?,0x059db22d,buy_yes,Bought YES (bid hit),103.28,0.3,30.984,0.295,-0.5,144.592,121.87,22.7216,9242.58,0,0
566,2026-05-23T01:05:00+00:00,2026-05-23,Fed Rate Hike by October 2026 Meeting?,0x059db22d,sell_yes,Sold YES (ask lifted),106.378,0.3,31.9135,0.305,-0.5,38.2136,121.87,-83.6568,9274.49,0,0
567,2026-05-23T01:11:00+00:00,2026-05-23,Will the Moderate Party (M) win the second most seats in the 2026 Swedish parliamentary election?,0xa3d50cf0,sell_yes,Sold YES (ask lifted),61.968,0.29,17.9707,0.3,-1,69.776,82.4174,-12.6415,9292.47,0,0
568,2026-05-23T01:17:00+00:00,2026-05-23,Fed Rate Hike by October 2026 Meeting?,0x059db22d,buy_yes,Bought YES (bid hit),103.28,0.3,30.984,0.295,-0.5,141.494,121.87,19.6232,9261.48,0,0
569,2026-05-23T01:18:00+00:00,2026-05-23,Fed Rate Hike by October 2026 Meeting?,0x059db22d,sell_yes,Sold YES (ask lifted),103.28,0.3,30.984,0.31,-1,38.2136,121.87,-83.6568,9292.47,0,0
570,2026-05-23T01:22:00+00:00,2026-05-23,Will the Moderate Party (M) win the second most seats in the 2026 Swedish parliamentary election?,0xa3d50cf0,buy_yes,Bought YES (bid hit),71.2632,0.29,20.6663,0.27,-2,141.039,82.4174,58.6217,9271.8,0,0
571,2026-05-23T01:23:00+00:00,2026-05-23,Will the Moderate Party (M) win the second most seats in the 2026 Swedish parliamentary election?,0xa3d50cf0,sell_yes,Sold YES (ask lifted),61.968,0.28,17.351,0.285,-0.5,79.0712,82.4174,-3.34627,9289.15,0,0
572,2026-05-23T01:29:00+00:00,2026-05-23,Will the Moderate Party (M) win the second most seats in the 2026 Swedish parliamentary election?,0xa3d50cf0,buy_yes,Bought YES (bid hit),28.7532,0.25,7.1883,0.245,-0.5,107.824,82.4174,25.4069,9281.96,0,0
573,2026-05-23T01:36:00+00:00,2026-05-23,Fed Rate Hike by October 2026 Meeting?,0x059db22d,buy_yes,Bought YES (bid hit),103.28,0.3,30.984,0.295,-0.5,141.494,121.87,19.6232,9250.98,0,0
574,2026-05-23T01:37:00+00:00,2026-05-23,Fed Rate Hike by October 2026 Meeting?,0x059db22d,sell_yes,Sold YES (ask lifted),103.28,0.3,30.984,0.305,-0.5,38.2136,121.87,-83.6568,9281.96,0,0
575,2026-05-23T01:48:00+00:00,2026-05-23,Fed Rate Hike by October 2026 Meeting?,0x059db22d,buy_yes,Bought YES (bid hit),103.28,0.3,30.984,0.295,-0.5,141.494,121.87,19.6232,9250.98,0,0
576,2026-05-23T01:53:00+00:00,2026-05-23,Fed Rate Hike by October 2026 Meeting?,0x059db22d,sell_yes,Sold YES (ask lifted),103.28,0.3,30.984,0.31,-1,38.2136,121.87,-83.6568,9281.96,0,0
577,2026-05-23T02:00:00+00:00,2026-05-23,Fed Rate Hike by October 2026 Meeting?,0x059db22d,buy_yes,Bought YES (bid hit),103.28,0.3,30.984,0.295,-0.5,141.494,121.87,19.6232,9250.98,0,0
578,2026-05-23T02:06:00+00:00,2026-05-23,Fed Rate Hike by October 2026 Meeting?,0x059db22d,sell_yes,Sold YES (ask lifted),103.28,0.3,30.984,0.31,-1,38.2136,121.87,-83.6568,9281.96,0,0
579,2026-05-23T02:08:00+00:00,2026-05-23,Fed Rate Hike by October 2026 Meeting?,0x059db22d,buy_yes,Bought YES (bid hit),103.28,0.3,30.984,0.295,-0.5,141.494,121.87,19.6232,9250.98,0,0
580,2026-05-23T02:12:00+00:00,2026-05-23,Fed Rate Hike by October 2026 Meeting?,0x059db22d,sell_yes,Sold YES (ask lifted),103.28,0.3,30.984,0.31,-1,38.2136,121.87,-83.6568,9281.96,0,0
581,2026-05-23T02:19:00+00:00,2026-05-23,Fed Rate Hike by October 2026 Meeting?,0x059db22d,buy_yes,Bought YES (bid hit),103.28,0.3,30.984,0.295,-0.5,141.494,121.87,19.6232,9250.98,0,0
582,2026-05-23T02:20:00+00:00,2026-05-23,Fed Rate Hike by October 2026 Meeting?,0x059db22d,sell_yes,Sold YES (ask lifted),103.28,0.3,30.984,0.305,-0.5,38.2136,121.87,-83.6568,9281.96,0,0
583,2026-05-23T02:25:00+00:00,2026-05-23,Fed Rate Hike by October 2026 Meeting?,0x059db22d,buy_yes,Bought YES (bid hit),103.28,0.31,32.0168,0.295,-1.5,141.494,121.87,19.6232,9249.94,0,0
584,2026-05-23T02:26:00+00:00,2026-05-23,Fed Rate Hike by October 2026 Meeting?,0x059db22d,sell_yes,Sold YES (ask lifted),103.28,0.3,30.984,0.31,-1,38.2136,121.87,-83.6568,9280.93,0,0
585,2026-05-23T02:43:00+00:00,2026-05-23,Fed Rate Hike by October 2026 Meeting?,0x059db22d,buy_yes,Bought YES (bid hit),103.28,0.3,30.984,0.295,-0.5,141.494,121.87,19.6232,9249.94,0,0
586,2026-05-23T02:44:00+00:00,2026-05-23,Fed Rate Hike by October 2026 Meeting?,0x059db22d,sell_yes,Sold YES (ask lifted),103.28,0.3,30.984,0.31,-1,38.2136,121.87,-83.6568,9280.93,0,0
587,2026-05-23T02:51:00+00:00,2026-05-23,Fed Rate Hike by October 2026 Meeting?,0x059db22d,buy_yes,Bought YES (bid hit),103.28,0.3,30.984,0.295,-0.5,141.494,121.87,19.6232,9249.94,0,0
588,2026-05-23T02:52:00+00:00,2026-05-23,Fed Rate Hike by October 2026 Meeting?,0x059db22d,sell_yes,Sold YES (ask lifted),103.28,0.3,30.984,0.305,-0.5,38.2136,121.87,-83.6568,9280.93,0,0
589,2026-05-23T02:58:00+00:00,2026-05-23,Will the Moderate Party (M) win the second most seats in the 2026 Swedish parliamentary election?,0xa3d50cf0,sell_yes,Sold YES (ask lifted),61.968,0.27,16.7314,0.295,-2.5,45.8563,82.4174,-36.5611,9297.66,0,0
590,2026-05-23T03:04:00+00:00,2026-05-23,Fed Rate Hike by October 2026 Meeting?,0x059db22d,buy_yes,Bought YES (bid hit),103.28,0.3,30.984,0.295,-0.5,141.494,121.87,19.6232,9266.68,0,0
591,2026-05-23T03:08:00+00:00,2026-05-23,Will the Moderate Party (M) win the third most seats in the 2026 Swedish parliamentary election?,0xbbb881b0,sell_yes,Sold YES (ask lifted),46.476,0.54,25.097,0.545,-0.5,71.2012,63.2074,7.99387,9291.77,0,0
592,2026-05-23T03:09:00+00:00,2026-05-23,Fed Rate Hike by October 2026 Meeting?,0x059db22d,sell_yes,Sold YES (ask lifted),103.28,0.3,30.984,0.31,-1,38.2136,121.87,-83.6568,9322.76,0,0
593,2026-05-23T03:25:00+00:00,2026-05-23,Fed Rate Hike by October 2026 Meeting?,0x059db22d,buy_yes,Bought YES (bid hit),103.28,0.3,30.984,0.295,-0.5,141.494,121.87,19.6232,9291.77,0,0
594,2026-05-23T03:26:00+00:00,2026-05-23,Fed Rate Hike by October 2026 Meeting?,0x059db22d,sell_yes,Sold YES (ask lifted),103.28,0.3,30.984,0.305,-0.5,38.2136,121.87,-83.6568,9322.76,0,0
595,2026-05-23T03:32:00+00:00,2026-05-23,Fed Rate Hike by October 2026 Meeting?,0x059db22d,buy_yes,Bought YES (bid hit),103.28,0.3,30.984,0.295,-0.5,141.494,121.87,19.6232,9291.77,0,0
596,2026-05-23T03:33:00+00:00,2026-05-23,Fed Rate Hike by October 2026 Meeting?,0x059db22d,sell_yes,Sold YES (ask lifted),103.28,0.3,30.984,0.305,-0.5,38.2136,121.87,-83.6568,9322.76,0,0
597,2026-05-23T03:34:00+00:00,2026-05-23,Will the Sweden Democrats (SD) win the third most seats in the 2026 Swedish parliamentary election?,0x939abe4a,sell_yes,Sold YES (ask lifted),46.476,0.2,9.2952,0.205,-0.5,19.5199,31.1389,-11.619,9332.05,0,0
598,2026-05-23T03:36:00+00:00,2026-05-23,Fed Rate Hike by October 2026 Meeting?,0x059db22d,buy_yes,Bought YES (bid hit),103.28,0.3,30.984,0.295,-0.5,141.494,121.87,19.6232,9301.07,0,0
599,2026-05-23T03:37:00+00:00,2026-05-23,Fed Rate Hike by October 2026 Meeting?,0x059db22d,sell_yes,Sold YES (ask lifted),103.28,0.3,30.984,0.305,-0.5,38.2136,121.87,-83.6568,9332.05,0,0
600,2026-05-23T03:43:00+00:00,2026-05-23,Fed Rate Hike by October 2026 Meeting?,0x059db22d,buy_yes,Bought YES (bid hit),103.28,0.3,30.984,0.295,-0.5,141.494,121.87,19.6232,9301.07,0,0
601,2026-05-23T03:46:00+00:00,2026-05-23,Fed Rate Hike by October 2026 Meeting?,0x059db22d,sell_yes,Sold YES (ask lifted),103.28,0.3,30.984,0.31,-1,38.2136,121.87,-83.6568,9332.05,0,0
602,2026-05-23T03:53:00+00:00,2026-05-23,Fed Rate Hike by October 2026 Meeting?,0x059db22d,buy_yes,Bought YES (bid hit),103.28,0.3,30.984,0.295,-0.5,141.494,121.87,19.6232,9301.07,0,0
603,2026-05-23T03:54:00+00:00,2026-05-23,Fed Rate Hike by October 2026 Meeting?,0x059db22d,sell_yes,Sold YES (ask lifted),103.28,0.3,30.984,0.305,-0.5,38.2136,121.87,-83.6568,9332.05,0,0
604,2026-05-23T03:55:00+00:00,2026-05-23,Fed Rate Hike by October 2026 Meeting?,0x059db22d,buy_yes,Bought YES (bid hit),103.28,0.3,30.984,0.295,-0.5,141.494,121.87,19.6232,9301.07,0,0
605,2026-05-23T03:56:00+00:00,2026-05-23,Fed Rate Hike by October 2026 Meeting?,0x059db22d,sell_yes,Sold YES (ask lifted),106.378,0.3,31.9135,0.305,-0.5,35.1152,121.87,-86.7552,9332.98,0,0
606,2026-05-23T03:57:00+00:00,2026-05-23,Fed Rate Hike by October 2026 Meeting?,0x059db22d,buy_yes,Bought YES (bid hit),103.28,0.3,30.984,0.295,-0.5,138.395,121.87,16.5248,9302,0,0
607,2026-05-23T03:58:00+00:00,2026-05-23,Fed Rate Hike by October 2026 Meeting?,0x059db22d,sell_yes,Sold YES (ask lifted),103.28,0.3,30.984,0.31,-1,35.1152,121.87,-86.7552,9332.98,0,0
608,2026-05-23T04:23:00+00:00,2026-05-23,Fed Rate Hike by October 2026 Meeting?,0x059db22d,buy_yes,Bought YES (bid hit),103.28,0.3,30.984,0.295,-0.5,138.395,121.87,16.5248,9302,0,0
609,2026-05-23T04:25:00+00:00,2026-05-23,Fed Rate Hike by October 2026 Meeting?,0x059db22d,sell_yes,Sold YES (ask lifted),103.28,0.3,30.984,0.31,-1,35.1152,121.87,-86.7552,9332.98,0,0
610,2026-05-23T04:27:00+00:00,2026-05-23,Fed Rate Hike by October 2026 Meeting?,0x059db22d,buy_yes,Bought YES (bid hit),103.28,0.31,32.0168,0.305,-0.5,138.395,121.87,16.5248,9300.97,0,0
611,2026-05-23T04:34:00+00:00,2026-05-23,Fed Rate Hike by October 2026 Meeting?,0x059db22d,sell_yes,Sold YES (ask lifted),103.28,0.3,30.984,0.31,-1,35.1152,121.87,-86.7552,9331.95,0,0
612,2026-05-23T04:53:00+00:00,2026-05-23,Fed Rate Hike by October 2026 Meeting?,0x059db22d,buy_yes,Bought YES (bid hit),103.28,0.3,30.984,0.295,-0.5,138.395,121.87,16.5248,9300.97,0,0
613,2026-05-23T04:54:00+00:00,2026-05-23,Fed Rate Hike by October 2026 Meeting?,0x059db22d,sell_yes,Sold YES (ask lifted),103.28,0.3,30.984,0.305,-0.5,35.1152,121.87,-86.7552,9331.95,0,0
614,2026-05-23T05:00:00+00:00,2026-05-23,Bab el-Mandeb Strait effectively closed by September 30?,0x95fc6a4e,buy_yes,Bought YES (bid hit),103.28,0.25,25.82,0.245,-0.5,131.166,103.28,27.8856,9306.13,0,0
615,2026-05-23T05:02:00+00:00,2026-05-23,Fed Rate Hike by October 2026 Meeting?,0x059db22d,buy_yes,Bought YES (bid hit),103.28,0.3,30.984,0.295,-0.5,138.395,121.87,16.5248,9275.15,0,0
616,2026-05-23T05:03:00+00:00,2026-05-23,Fed Rate Hike by October 2026 Meeting?,0x059db22d,sell_yes,Sold YES (ask lifted),103.28,0.3,30.984,0.305,-0.5,35.1152,121.87,-86.7552,9306.13,0,0
617,2026-05-23T05:09:00+00:00,2026-05-23,Fed Rate Hike by October 2026 Meeting?,0x059db22d,buy_yes,Bought YES (bid hit),103.28,0.3,30.984,0.295,-0.5,138.395,121.87,16.5248,9275.15,0,0
618,2026-05-23T05:10:00+00:00,2026-05-23,Fed Rate Hike by October 2026 Meeting?,0x059db22d,sell_yes,Sold YES (ask lifted),106.378,0.3,31.9135,0.305,-0.5,32.0168,121.87,-89.8536,9307.06,0,0
619,2026-05-23T05:18:00+00:00,2026-05-23,Fed Rate Hike by October 2026 Meeting?,0x059db22d,buy_yes,Bought YES (bid hit),106.378,0.31,32.9773,0.3,-1,138.395,121.87,16.5248,9274.08,0,0
620,2026-05-23T05:20:00+00:00,2026-05-23,Fed Rate Hike by October 2026 Meeting?,0x059db22d,sell_yes,Sold YES (ask lifted),103.28,0.3,30.984,0.305,-0.5,35.1152,121.87,-86.7552,9305.07,0,0
621,2026-05-23T05:25:00+00:00,2026-05-23,Fed Rate Hike by October 2026 Meeting?,0x059db22d,buy_yes,Bought YES (bid hit),103.28,0.3,30.984,0.295,-0.5,138.395,121.87,16.5248,9274.08,0,0
622,2026-05-23T05:26:00+00:00,2026-05-23,Fed Rate Hike by October 2026 Meeting?,0x059db22d,sell_yes,Sold YES (ask lifted),103.28,0.3,30.984,0.31,-1,35.1152,121.87,-86.7552,9305.07,0,0
623,2026-05-23T05:56:00+00:00,2026-05-23,Fed Rate Hike by October 2026 Meeting?,0x059db22d,buy_yes,Bought YES (bid hit),103.28,0.3,30.984,0.295,-0.5,138.395,121.87,16.5248,9274.08,0,0
624,2026-05-23T05:57:00+00:00,2026-05-23,Fed Rate Hike by October 2026 Meeting?,0x059db22d,sell_yes,Sold YES (ask lifted),103.28,0.3,30.984,0.31,-1,35.1152,121.87,-86.7552,9305.07,0,0
625,2026-05-23T06:03:00+00:00,2026-05-23,Fed Rate Hike by October 2026 Meeting?,0x059db22d,buy_yes,Bought YES (bid hit),103.28,0.3,30.984,0.295,-0.5,138.395,121.87,16.5248,9274.08,0,0
626,2026-05-23T06:04:00+00:00,2026-05-23,Fed Rate Hike by October 2026 Meeting?,0x059db22d,sell_yes,Sold YES (ask lifted),103.28,0.3,30.984,0.31,-1,35.1152,121.87,-86.7552,9305.07,0,0
627,2026-05-23T06:13:00+00:00,2026-05-23,Will the Moderate Party (M) win the third most seats in the 2026 Swedish parliamentary election?,0xbbb881b0,buy_yes,Bought YES (bid hit),46.476,0.51,23.7028,0.485,-2.5,117.677,63.2074,54.4699,9281.36,0,0
628,2026-05-23T06:15:00+00:00,2026-05-23,Fed Rate Hike by October 2026 Meeting?,0x059db22d,buy_yes,Bought YES (bid hit),103.28,0.3,30.984,0.295,-0.5,138.395,121.87,16.5248,9250.38,0,0
629,2026-05-23T06:16:00+00:00,2026-05-23,Fed Rate Hike by October 2026 Meeting?,0x059db22d,sell_yes,Sold YES (ask lifted),106.378,0.3,31.9135,0.305,-0.5,32.0168,121.87,-89.8536,9282.29,0,0
630,2026-05-23T06:26:00+00:00,2026-05-23,Fed Rate Hike by October 2026 Meeting?,0x059db22d,buy_yes,Bought YES (bid hit),103.28,0.3,30.984,0.295,-0.5,135.297,121.87,13.4264,9251.31,0,0
631,2026-05-23T06:27:00+00:00,2026-05-23,Fed Rate Hike by October 2026 Meeting?,0x059db22d,sell_yes,Sold YES (ask lifted),103.28,0.3,30.984,0.305,-0.5,32.0168,121.87,-89.8536,9282.29,0,0
632,2026-05-23T06:28:00+00:00,2026-05-23,Fed Rate Hike by October 2026 Meeting?,0x059db22d,buy_yes,Bought YES (bid hit),103.28,0.3,30.984,0.295,-0.5,135.297,121.87,13.4264,9251.31,0,0
633,2026-05-23T06:29:00+00:00,2026-05-23,Fed Rate Hike by October 2026 Meeting?,0x059db22d,sell_yes,Sold YES (ask lifted),103.28,0.3,30.984,0.31,-1,32.0168,121.87,-89.8536,9282.29,0,0
634,2026-05-23T07:07:00+00:00,2026-05-23,Fed Rate Hike by October 2026 Meeting?,0x059db22d,buy_yes,Bought YES (bid hit),106.378,0.31,32.9773,0.3,-1,138.395,121.87,16.5248,9249.32,0,0
635,2026-05-23T07:10:00+00:00,2026-05-23,Fed Rate Hike by October 2026 Meeting?,0x059db22d,sell_yes,Sold YES (ask lifted),103.28,0.3,30.984,0.305,-0.5,35.1152,121.87,-86.7552,9280.3,0,0
636,2026-05-23T07:14:00+00:00,2026-05-23,Fed Rate Hike by October 2026 Meeting?,0x059db22d,buy_yes,Bought YES (bid hit),103.28,0.3,30.984,0.295,-0.5,138.395,121.87,16.5248,9249.32,0,0
637,2026-05-23T07:15:00+00:00,2026-05-23,Fed Rate Hike by October 2026 Meeting?,0x059db22d,sell_yes,Sold YES (ask lifted),106.378,0.3,31.9135,0.305,-0.5,32.0168,121.87,-89.8536,9281.23,0,0
638,2026-05-23T07:17:00+00:00,2026-05-23,Fed Rate Hike by October 2026 Meeting?,0x059db22d,buy_yes,Bought YES (bid hit),103.28,0.3,30.984,0.295,-0.5,135.297,121.87,13.4264,9250.24,0,0
639,2026-05-23T07:18:00+00:00,2026-05-23,Fed Rate Hike by October 2026 Meeting?,0x059db22d,sell_yes,Sold YES (ask lifted),103.28,0.3,30.984,0.305,-0.5,32.0168,121.87,-89.8536,9281.23,0,0
640,2026-05-23T07:32:00+00:00,2026-05-23,Fed Rate Hike by October 2026 Meeting?,0x059db22d,buy_yes,Bought YES (bid hit),103.28,0.34,35.1152,0.34,-0,135.297,121.87,13.4264,9246.11,0,0
641,2026-05-23T07:33:00+00:00,2026-05-23,Fed Rate Hike by October 2026 Meeting?,0x059db22d,sell_yes,Sold YES (ask lifted),103.28,0.35,36.148,0.36,-1,32.0168,121.87,-89.8536,9282.26,0,0
642,2026-05-23T07:39:00+00:00,2026-05-23,Fed Rate Hike by October 2026 Meeting?,0x059db22d,buy_yes,Bought YES (bid hit),103.28,0.34,35.1152,0.34,-0,135.297,121.87,13.4264,9247.15,0,0
643,2026-05-23T07:41:00+00:00,2026-05-23,Will the Sweden Democrats (SD) win the third most seats in the 2026 Swedish parliamentary election?,0x939abe4a,buy_yes,Bought YES (bid hit),46.476,0.19,8.8304,0.185,-0.5,65.9959,31.1389,34.857,9238.32,0,0
644,2026-05-23T07:41:00+00:00,2026-05-23,Bab el-Mandeb Strait effectively closed by September 30?,0x95fc6a4e,sell_yes,Sold YES (ask lifted),103.28,0.26,26.8528,0.265,-0.5,27.8856,103.28,-75.3944,9265.17,0,0
645,2026-05-23T07:47:00+00:00,2026-05-23,Fed Rate Hike by October 2026 Meeting?,0x059db22d,sell_yes,Sold YES (ask lifted),103.28,0.35,36.148,0.355,-0.5,32.0168,121.87,-89.8536,9301.32,0,0
646,2026-05-23T07:51:00+00:00,2026-05-23,Will the Moderate Party (M) win the third most seats in the 2026 Swedish parliamentary election?,0xbbb881b0,sell_yes,Sold YES (ask lifted),46.476,0.54,25.097,0.545,-0.5,71.2012,63.2074,7.99387,9326.41,0,0
647,2026-05-23T07:52:00+00:00,2026-05-23,Fed Rate Hike by October 2026 Meeting?,0x059db22d,buy_yes,Bought YES (bid hit),103.28,0.34,35.1152,0.34,-0,135.297,121.87,13.4264,9291.3,0,0
648,2026-05-23T07:53:00+00:00,2026-05-23,Fed Rate Hike by October 2026 Meeting?,0x059db22d,sell_yes,Sold YES (ask lifted),103.28,0.35,36.148,0.36,-1,32.0168,121.87,-89.8536,9327.45,0,0
649,2026-05-23T07:54:00+00:00,2026-05-23,Fed Rate Hike by October 2026 Meeting?,0x059db22d,buy_yes,Bought YES (bid hit),103.28,0.34,35.1152,0.34,-0,135.297,121.87,13.4264,9292.33,0,0
650,2026-05-23T07:55:00+00:00,2026-05-23,Fed Rate Hike by October 2026 Meeting?,0x059db22d,sell_yes,Sold YES (ask lifted),103.28,0.35,36.148,0.36,-1,32.0168,121.87,-89.8536,9328.48,0,0
651,2026-05-23T08:03:00+00:00,2026-05-23,Fed Rate Hike by October 2026 Meeting?,0x059db22d,buy_yes,Bought YES (bid hit),103.28,0.34,35.1152,0.34,-0,135.297,121.87,13.4264,9293.36,0,0
652,2026-05-23T08:04:00+00:00,2026-05-23,Fed Rate Hike by October 2026 Meeting?,0x059db22d,sell_yes,Sold YES (ask lifted),103.28,0.35,36.148,0.36,-1,32.0168,121.87,-89.8536,9329.51,0,0
653,2026-05-23T08:05:00+00:00,2026-05-23,Fed Rate Hike by October 2026 Meeting?,0x059db22d,buy_yes,Bought YES (bid hit),103.28,0.34,35.1152,0.34,-0,135.297,121.87,13.4264,9294.4,0,0
654,2026-05-23T08:05:00+00:00,2026-05-23,Will the Moderate Party (M) win the second most seats in the 2026 Swedish parliamentary election?,0xa3d50cf0,buy_yes,Bought YES (bid hit),61.968,0.22,13.633,0.205,-1.5,107.824,82.4174,25.4069,9280.76,0,0
655,2026-05-23T08:06:00+00:00,2026-05-23,Fed Rate Hike by October 2026 Meeting?,0x059db22d,sell_yes,Sold YES (ask lifted),103.28,0.35,36.148,0.36,-1,32.0168,121.87,-89.8536,9316.91,0,0
656,2026-05-23T08:07:00+00:00,2026-05-23,Fed Rate Hike by October 2026 Meeting?,0x059db22d,buy_yes,Bought YES (bid hit),103.28,0.34,35.1152,0.34,-0,135.297,121.87,13.4264,9281.8,0,0
657,2026-05-23T08:08:00+00:00,2026-05-23,Fed Rate Hike by October 2026 Meeting?,0x059db22d,sell_yes,Sold YES (ask lifted),103.28,0.35,36.148,0.36,-1,32.0168,121.87,-89.8536,9317.94,0,0
658,2026-05-23T08:09:00+00:00,2026-05-23,Fed Rate Hike by October 2026 Meeting?,0x059db22d,buy_yes,Bought YES (bid hit),103.28,0.34,35.1152,0.34,-0,135.297,121.87,13.4264,9282.83,0,0
659,2026-05-23T08:17:00+00:00,2026-05-23,Fed Rate Hike by October 2026 Meeting?,0x059db22d,sell_yes,Sold YES (ask lifted),103.28,0.35,36.148,0.36,-1,32.0168,121.87,-89.8536,9318.98,0,0
660,2026-05-23T08:22:00+00:00,2026-05-23,Fed Rate Hike by October 2026 Meeting?,0x059db22d,buy_yes,Bought YES (bid hit),103.28,0.34,35.1152,0.34,-0,135.297,121.87,13.4264,9283.86,0,0
661,2026-05-23T08:25:00+00:00,2026-05-23,Fed Rate Hike by October 2026 Meeting?,0x059db22d,sell_yes,Sold YES (ask lifted),103.28,0.36,37.1808,0.365,-0.5,32.0168,121.87,-89.8536,9321.04,0,0
662,2026-05-23T08:25:00+00:00,2026-05-23,Will the Moderate Party (M) win the second most seats in the 2026 Swedish parliamentary election?,0xa3d50cf0,buy_yes,Bought YES (bid hit),61.968,0.22,13.633,0.215,-0.5,169.792,82.4174,87.3749,9307.41,0,0
663,2026-05-23T08:26:00+00:00,2026-05-23,Fed Rate Hike by October 2026 Meeting?,0x059db22d,buy_yes,Bought YES (bid hit),103.28,0.36,37.1808,0.355,-0.5,135.297,121.87,13.4264,9270.23,0,0
664,2026-05-23T08:31:00+00:00,2026-05-23,Fed Rate Hike by October 2026 Meeting?,0x059db22d,sell_yes,Sold YES (ask lifted),103.28,0.36,37.1808,0.365,-0.5,32.0168,121.87,-89.8536,9307.41,0,0
665,2026-05-23T08:32:00+00:00,2026-05-23,Fed Rate Hike by October 2026 Meeting?,0x059db22d,buy_yes,Bought YES (bid hit),103.28,0.36,37.1808,0.34,-2,135.297,121.87,13.4264,9270.23,0,0
666,2026-05-23T08:33:00+00:00,2026-05-23,Fed Rate Hike by October 2026 Meeting?,0x059db22d,sell_yes,Sold YES (ask lifted),106.378,0.35,37.2324,0.36,-1,28.9184,121.87,-92.952,9307.46,0,0
667,2026-05-23T08:34:00+00:00,2026-05-23,Fed Rate Hike by October 2026 Meeting?,0x059db22d,buy_yes,Bought YES (bid hit),103.28,0.34,35.1152,0.34,-0,132.198,121.87,10.328,9272.35,0,0
668,2026-05-23T08:36:00+00:00,2026-05-23,Fed Rate Hike by October 2026 Meeting?,0x059db22d,sell_yes,Sold YES (ask lifted),103.28,0.36,37.1808,0.365,-0.5,28.9184,121.87,-92.952,9309.53,0,0
669,2026-05-23T08:37:00+00:00,2026-05-23,Fed Rate Hike by October 2026 Meeting?,0x059db22d,buy_yes,Bought YES (bid hit),103.28,0.36,37.1808,0.34,-2,132.198,121.87,10.328,9272.35,0,0
670,2026-05-23T08:41:00+00:00,2026-05-23,Fed Rate Hike by October 2026 Meeting?,0x059db22d,sell_yes,Sold YES (ask lifted),103.28,0.35,36.148,0.365,-1.5,28.9184,121.87,-92.952,9308.49,0,0
671,2026-05-23T08:42:00+00:00,2026-05-23,Will the Moderate Party (M) win the second most seats in the 2026 Swedish parliamentary election?,0xa3d50cf0,sell_yes,Sold YES (ask lifted),61.968,0.28,17.351,0.29,-1,107.824,82.4174,25.4069,9325.85,0,0
672,2026-05-23T08:43:00+00:00,2026-05-23,Fed Rate Hike by October 2026 Meeting?,0x059db22d,buy_yes,Bought YES (bid hit),103.28,0.36,37.1808,0.35,-1,132.198,121.87,10.328,9288.66,0,0
673,2026-05-23T08:46:00+00:00,2026-05-23,Fed Rate Hike by October 2026 Meeting?,0x059db22d,sell_yes,Sold YES (ask lifted),106.378,0.35,37.2324,0.36,-1,25.82,121.87,-96.0504,9325.9,0,0
674,2026-05-23T08:52:00+00:00,2026-05-23,Fed Rate Hike by October 2026 Meeting?,0x059db22d,buy_yes,Bought YES (bid hit),103.28,0.36,37.1808,0.35,-1,129.1,121.87,7.2296,9288.72,0,0
675,2026-05-23T08:55:00+00:00,2026-05-23,Will the Moderate Party (M) win the second most seats in the 2026 Swedish parliamentary election?,0xa3d50cf0,buy_yes,Bought YES (bid hit),61.968,0.23,14.2526,0.22,-1,169.792,82.4174,87.3749,9274.46,0,0
676,2026-05-23T09:18:00+00:00,2026-05-23,Will the Sweden Democrats (SD) win the third most seats in the 2026 Swedish parliamentary election?,0x939abe4a,sell_yes,Sold YES (ask lifted),46.476,0.2,9.2952,0.205,-0.5,19.5199,31.1389,-11.619,9283.76,0,0
677,2026-05-23T09:22:00+00:00,2026-05-23,Will the Sweden Democrats (SD) win the third most seats in the 2026 Swedish parliamentary election?,0x939abe4a,buy_yes,Bought YES (bid hit),46.476,0.2,9.2952,0.195,-0.5,65.9959,31.1389,34.857,9274.46,0,0
678,2026-05-23T09:28:00+00:00,2026-05-23,Fed Rate Hike by October 2026 Meeting?,0x059db22d,buy_yes,Bought YES (bid hit),103.28,0.34,35.1152,0.34,-0,232.38,121.87,110.51,9239.35,0,0
679,2026-05-23T09:49:00+00:00,2026-05-23,Will the Moderate Party (M) win the second most seats in the 2026 Swedish parliamentary election?,0xa3d50cf0,sell_yes,Sold YES (ask lifted),61.968,0.28,17.351,0.285,-0.5,107.824,82.4174,25.4069,9256.7,0,0
680,2026-05-23T10:19:00+00:00,2026-05-23,Will the Moderate Party (M) win the second most seats in the 2026 Swedish parliamentary election?,0xa3d50cf0,sell_yes,Sold YES (ask lifted),61.968,0.28,17.351,0.315,-3.5,45.8563,82.4174,-36.5611,9274.05,0,0
681,2026-05-23T10:31:00+00:00,2026-05-23,Will the Sweden Democrats (SD) win the third most seats in the 2026 Swedish parliamentary election?,0x939abe4a,sell_yes,Sold YES (ask lifted),46.476,0.2,9.2952,0.205,-0.5,19.5199,31.1389,-11.619,9283.35,0,0
682,2026-05-23T10:32:00+00:00,2026-05-23,Will the Moderate Party (M) win the second most seats in the 2026 Swedish parliamentary election?,0xa3d50cf0,buy_yes,Bought YES (bid hit),63.827,0.27,17.2333,0.22,-5,109.683,82.4174,27.2659,9266.11,0,0
683,2026-05-23T10:53:00+00:00,2026-05-23,Will the Moderate Party (M) win the second most seats in the 2026 Swedish parliamentary election?,0xa3d50cf0,sell_yes,Sold YES (ask lifted),61.968,0.25,15.492,0.31,-6,47.7154,82.4174,-34.7021,9281.6,0,0
684,2026-05-23T10:55:00+00:00,2026-05-23,Will the Moderate Party (M) win the second most seats in the 2026 Swedish parliamentary election?,0xa3d50cf0,buy_yes,Bought YES (bid hit),61.968,0.28,17.351,0.205,-7.5,109.683,82.4174,27.2659,9264.25,0,0
685,2026-05-23T11:11:00+00:00,2026-05-23,Iran leadership change by December 31?,0x377e7fe6,buy_yes,Bought YES (bid hit),103.28,0.38,39.2464,0.375,-0.5,103.28,103.28,0,9225.01,0,0
686,2026-05-23T11:35:00+00:00,2026-05-23,Will the Moderate Party (M) win the second most seats in the 2026 Swedish parliamentary election?,0xa3d50cf0,sell_yes,Sold YES (ask lifted),61.968,0.28,17.351,0.3,-2,47.7154,82.4174,-34.7021,9242.36,0,0
687,2026-05-23T11:48:00+00:00,2026-05-23,Will the Moderate Party (M) win the second most seats in the 2026 Swedish parliamentary election?,0xa3d50cf0,buy_yes,Bought YES (bid hit),61.968,0.27,16.7314,0.23,-4,109.683,82.4174,27.2659,9225.63,0,0
688,2026-05-23T11:54:00+00:00,2026-05-23,Will the Moderate Party (M) win the third most seats in the 2026 Swedish parliamentary election?,0xbbb881b0,buy_yes,Bought YES (bid hit),46.476,0.51,23.7028,0.485,-2.5,117.677,63.2074,54.4699,9201.92,0,0
689,2026-05-23T11:59:00+00:00,2026-05-23,Will the Moderate Party (M) win the third most seats in the 2026 Swedish parliamentary election?,0xbbb881b0,sell_yes,Sold YES (ask lifted),46.476,0.52,24.1675,0.545,-2.5,71.2012,63.2074,7.99387,9226.09,0,0
690,2026-05-23T12:10:00+00:00,2026-05-23,Will the Moderate Party (M) win the second most seats in the 2026 Swedish parliamentary election?,0xa3d50cf0,buy_yes,Bought YES (bid hit),61.968,0.22,13.633,0.205,-1.5,171.651,82.4174,89.2339,9212.46,0,0
691,2026-05-23T12:29:00+00:00,2026-05-23,Will the Moderate Party (M) win the second most seats in the 2026 Swedish parliamentary election?,0xa3d50cf0,sell_yes,Sold YES (ask lifted),61.968,0.27,16.7314,0.395,-12.5,109.683,82.4174,27.2659,9229.19,0,0
692,2026-05-23T12:32:00+00:00,2026-05-23,Will the Moderate Party (M) win the second most seats in the 2026 Swedish parliamentary election?,0xa3d50cf0,sell_yes,Sold YES (ask lifted),61.968,0.23,14.2526,0.34,-11,47.7154,82.4174,-34.7021,9243.44,0,0
693,2026-05-23T12:48:00+00:00,2026-05-23,Will the Moderate Party (M) win the second most seats in the 2026 Swedish parliamentary election?,0xa3d50cf0,buy_yes,Bought YES (bid hit),63.827,0.27,17.2333,0.245,-2.5,111.542,82.4174,29.125,9226.21,0,0
694,2026-05-23T13:07:00+00:00,2026-05-23,Will the Moderate Party (M) win the second most seats in the 2026 Swedish parliamentary election?,0xa3d50cf0,sell_yes,Sold YES (ask lifted),61.968,0.27,16.7314,0.41,-14,49.5744,82.4174,-32.843,9242.94,0,0
695,2026-05-23T13:14:00+00:00,2026-05-23,Will the Moderate Party (M) win the second most seats in the 2026 Swedish parliamentary election?,0xa3d50cf0,sell_yes,Sold YES (ask lifted),61.968,0.33,20.4494,0.39,-6,0,94.811,-94.811,9255.09,0,0
696,2026-05-23T13:17:00+00:00,2026-05-23,Will the Moderate Party (M) win the second most seats in the 2026 Swedish parliamentary election?,0xa3d50cf0,buy_yes,Bought YES (bid hit),61.968,0.33,20.4494,0.2,-13,61.968,94.811,-32.843,9234.64,0,0
697,2026-05-23T13:28:00+00:00,2026-05-23,Will the Moderate Party (M) win the second most seats in the 2026 Swedish parliamentary election?,0xa3d50cf0,sell_yes,Sold YES (ask lifted),61.968,0.28,17.351,0.34,-6,0,94.811,-94.811,9251.99,0,0
698,2026-05-23T13:39:00+00:00,2026-05-23,Will the Moderate Party (M) win the second most seats in the 2026 Swedish parliamentary election?,0xa3d50cf0,buy_yes,Bought YES (bid hit),76.8403,0.38,29.1993,0.375,-0.5,76.8403,94.811,-17.9707,9222.79,0,0
699,2026-05-23T13:47:00+00:00,2026-05-23,Will the Moderate Party (M) win the second most seats in the 2026 Swedish parliamentary election?,0xa3d50cf0,buy_yes,Bought YES (bid hit),61.968,0.3,18.5904,0.275,-2.5,138.808,94.811,43.9973,9204.2,0,0
700,2026-05-23T14:17:00+00:00,2026-05-23,Will the Moderate Party (M) win the second most seats in the 2026 Swedish parliamentary election?,0xa3d50cf0,sell_yes,Sold YES (ask lifted),61.968,0.27,16.7314,0.275,-0.5,76.8403,94.811,-17.9707,9220.93,0,0
701,2026-05-23T14:46:00+00:00,2026-05-23,Will the Moderate Party (M) win the second most seats in the 2026 Swedish parliamentary election?,0xa3d50cf0,sell_yes,Sold YES (ask lifted),61.968,0.27,16.7314,0.285,-1.5,14.8723,94.811,-79.9387,9237.66,0,0
702,2026-05-23T14:47:00+00:00,2026-05-23,Will the Moderate Party (M) win the third most seats in the 2026 Swedish parliamentary election?,0xbbb881b0,buy_yes,Bought YES (bid hit),46.476,0.51,23.7028,0.495,-1.5,117.677,63.2074,54.4699,9213.96,0,0
703,2026-05-23T15:25:00+00:00,2026-05-23,Will the Moderate Party (M) win the second most seats in the 2026 Swedish parliamentary election?,0xa3d50cf0,buy_yes,Bought YES (bid hit),61.968,0.25,15.492,0.205,-4.5,76.8403,94.811,-17.9707,9198.47,0,0
704,2026-05-23T15:41:00+00:00,2026-05-23,Will the Moderate Party (M) win the third most seats in the 2026 Swedish parliamentary election?,0xbbb881b0,sell_yes,Sold YES (ask lifted),46.476,0.59,27.4208,0.62,-3,71.2012,63.2074,7.99387,9225.89,0,0
705,2026-05-23T15:46:00+00:00,2026-05-23,Will the Moderate Party (M) win the second most seats in the 2026 Swedish parliamentary election?,0xa3d50cf0,buy_yes,Bought YES (bid hit),61.968,0.21,13.0133,0.205,-0.5,138.808,94.811,43.9973,9212.87,0,0
706,2026-05-23T15:58:00+00:00,2026-05-23,Will the Moderate Party (M) win the second most seats in the 2026 Swedish parliamentary election?,0xa3d50cf0,sell_yes,Sold YES (ask lifted),28.7532,0.29,8.3384,0.29,-0,110.055,94.811,15.2441,9221.21,0,0
707,2026-05-23T16:17:00+00:00,2026-05-23,Will the Moderate Party (M) win the second most seats in the 2026 Swedish parliamentary election?,0xa3d50cf0,sell_yes,Sold YES (ask lifted),28.7532,0.24,6.9008,0.255,-1.5,81.302,94.811,-13.509,9228.11,0,0
708,2026-05-23T16:20:00+00:00,2026-05-23,Will the Moderate Party (M) win the second most seats in the 2026 Swedish parliamentary election?,0xa3d50cf0,sell_yes,Sold YES (ask lifted),28.7532,0.24,6.9008,0.255,-1.5,52.5489,94.811,-42.2622,9235.01,0,0
709,2026-05-23T16:33:00+00:00,2026-05-23,Will the Fed increase interest rates by 25 bps after the September 2026 meeting?,0x876506d8,buy_yes,Bought YES (bid hit),103.28,0.17,17.5576,0.17,-0,209.658,106.378,103.28,9217.46,0,0
710,2026-05-23T16:33:00+00:00,2026-05-23,Will there be no change in Fed interest rates after the September 2026 meeting?,0xa3b36b2d,sell_yes,Sold YES (ask lifted),103.28,0.71,73.3288,0.72,-1,23.7544,64.6533,-40.8989,9290.78,0,0
711,2026-05-23T16:40:00+00:00,2026-05-23,Will the Moderate Party (M) win the second most seats in the 2026 Swedish parliamentary election?,0xa3d50cf0,buy_yes,Bought YES (bid hit),61.968,0.26,16.1117,0.2,-6,114.517,94.811,19.7058,9274.67,0,0
712,2026-05-23T16:46:00+00:00,2026-05-23,Bab el-Mandeb Strait effectively closed by September 30?,0x95fc6a4e,buy_yes,Bought YES (bid hit),106.378,0.25,26.5946,0.245,-0.5,134.264,103.28,30.984,9248.08,0,0
713,2026-05-23T16:46:00+00:00,2026-05-23,Will the Moderate Party (M) win the second most seats in the 2026 Swedish parliamentary election?,0xa3d50cf0,buy_yes,Bought YES (bid hit),61.968,0.32,19.8298,0.215,-10.5,176.485,94.811,81.6738,9228.25,0,0
714,2026-05-23T16:49:00+00:00,2026-05-23,Bab el-Mandeb Strait effectively closed by September 30?,0x95fc6a4e,sell_yes,Sold YES (ask lifted),103.28,0.24,24.7872,0.25,-1,30.984,103.28,-72.296,9253.04,0,0
715,2026-05-23T17:17:00+00:00,2026-05-23,Will the Moderate Party (M) win the second most seats in the 2026 Swedish parliamentary election?,0xa3d50cf0,sell_yes,Sold YES (ask lifted),61.968,0.28,17.351,0.29,-1,114.517,94.811,19.7058,9270.39,0,0
716,2026-05-23T17:19:00+00:00,2026-05-23,Will the Moderate Party (M) win the second most seats in the 2026 Swedish parliamentary election?,0xa3d50cf0,buy_yes,Bought YES (bid hit),61.968,0.25,15.492,0.215,-3.5,176.485,94.811,81.6738,9254.9,0,0
717,2026-05-23T17:24:00+00:00,2026-05-23,Will the Moderate Party (M) win the second most seats in the 2026 Swedish parliamentary election?,0xa3d50cf0,sell_yes,Sold YES (ask lifted),61.968,0.28,17.351,0.285,-0.5,114.517,94.811,19.7058,9272.25,0,0
718,2026-05-23T17:43:00+00:00,2026-05-23,Will the Moderate Party (M) win the second most seats in the 2026 Swedish parliamentary election?,0xa3d50cf0,buy_yes,Bought YES (bid hit),61.968,0.24,14.8723,0.225,-1.5,176.485,94.811,81.6738,9257.37,0,0
719,2026-05-23T17:45:00+00:00,2026-05-23,Will the Moderate Party (M) win the second most seats in the 2026 Swedish parliamentary election?,0xa3d50cf0,sell_yes,Sold YES (ask lifted),61.968,0.28,17.351,0.3,-2,114.517,94.811,19.7058,9274.72,0,0
720,2026-05-23T17:52:00+00:00,2026-05-23,Will the Moderate Party (M) win the second most seats in the 2026 Swedish parliamentary election?,0xa3d50cf0,buy_yes,Bought YES (bid hit),61.968,0.26,16.1117,0.225,-3.5,176.485,94.811,81.6738,9258.61,0,0
721,2026-05-23T17:54:00+00:00,2026-05-23,Will the Moderate Party (M) win the second most seats in the 2026 Swedish parliamentary election?,0xa3d50cf0,sell_yes,Sold YES (ask lifted),61.968,0.25,15.492,0.3,-5,114.517,94.811,19.7058,9274.11,0,0
722,2026-05-23T17:56:00+00:00,2026-05-23,Will the Moderate Party (M) win the second most seats in the 2026 Swedish parliamentary election?,0xa3d50cf0,buy_yes,Bought YES (bid hit),61.968,0.25,15.492,0.215,-3.5,176.485,94.811,81.6738,9258.61,0,0
723,2026-05-23T18:00:00+00:00,2026-05-23,Will the Moderate Party (M) win the second most seats in the 2026 Swedish parliamentary election?,0xa3d50cf0,sell_yes,Sold YES (ask lifted),61.968,0.25,15.492,0.275,-2.5,114.517,94.811,19.7058,9274.11,0,0
724,2026-05-23T18:26:00+00:00,2026-05-23,Will the Moderate Party (M) win the second most seats in the 2026 Swedish parliamentary election?,0xa3d50cf0,sell_yes,Sold YES (ask lifted),69.4042,0.29,20.1272,0.305,-1.5,45.1127,94.811,-49.6983,9294.23,0,0
725,2026-05-23T18:29:00+00:00,2026-05-23,Will the Moderate Party (M) win the second most seats in the 2026 Swedish parliamentary election?,0xa3d50cf0,buy_yes,Bought YES (bid hit),61.968,0.38,23.5478,0.325,-5.5,107.081,94.811,12.2697,9270.68,0,0
726,2026-05-23T18:57:00+00:00,2026-05-23,Will the Moderate Party (M) win the second most seats in the 2026 Swedish parliamentary election?,0xa3d50cf0,buy_yes,Bought YES (bid hit),61.968,0.26,16.1117,0.255,-0.5,169.049,94.811,74.2377,9254.57,0,0
727,2026-05-23T19:02:00+00:00,2026-05-23,Will the Moderate Party (M) win the second most seats in the 2026 Swedish parliamentary election?,0xa3d50cf0,sell_yes,Sold YES (ask lifted),28.7532,0.29,8.3384,0.33,-4,140.296,94.811,45.4845,9262.91,0,0
728,2026-05-23T19:17:00+00:00,2026-05-23,Will the Moderate Party (M) win the second most seats in the 2026 Swedish parliamentary election?,0xa3d50cf0,sell_yes,Sold YES (ask lifted),28.7532,0.28,8.0509,0.33,-5,111.542,94.811,16.7314,9270.96,0,0
729,2026-05-23T19:40:00+00:00,2026-05-23,Bab el-Mandeb Strait effectively closed by September 30?,0x95fc6a4e,buy_yes,Bought YES (bid hit),106.378,0.21,22.3395,0.2,-1,137.362,103.28,34.0824,9248.62,0,0
730,2026-05-23T19:43:00+00:00,2026-05-23,Bab el-Mandeb Strait effectively closed by September 30?,0x95fc6a4e,sell_yes,Sold YES (ask lifted),103.28,0.21,21.6888,0.215,-0.5,34.0824,103.28,-69.1976,9270.31,0,0
731,2026-05-23T19:45:00+00:00,2026-05-23,Bab el-Mandeb Strait effectively closed by September 30?,0x95fc6a4e,buy_yes,Bought YES (bid hit),103.28,0.21,21.6888,0.195,-1.5,137.362,103.28,34.0824,9248.62,0,0
732,2026-05-23T19:46:00+00:00,2026-05-23,Bab el-Mandeb Strait effectively closed by September 30?,0x95fc6a4e,sell_yes,Sold YES (ask lifted),103.28,0.2,20.656,0.21,-1,34.0824,103.28,-69.1976,9269.28,0,0
733,2026-05-23T19:46:00+00:00,2026-05-23,Will the Moderate Party (M) win the third most seats in the 2026 Swedish parliamentary election?,0xbbb881b0,sell_yes,Sold YES (ask lifted),46.476,0.66,30.6742,0.675,-1.5,24.7252,63.2074,-38.4821,9299.95,0,0
734,2026-05-23T19:54:00+00:00,2026-05-23,Bab el-Mandeb Strait effectively closed by September 30?,0x95fc6a4e,buy_yes,Bought YES (bid hit),103.28,0.2,20.656,0.19,-1,137.362,103.28,34.0824,9279.3,0,0
735,2026-05-23T19:57:00+00:00,2026-05-23,Bab el-Mandeb Strait effectively closed by September 30?,0x95fc6a4e,sell_yes,Sold YES (ask lifted),103.28,0.2,20.656,0.21,-1,34.0824,103.28,-69.1976,9299.95,0,0
736,2026-05-23T20:02:00+00:00,2026-05-23,Will the Moderate Party (M) win the second most seats in the 2026 Swedish parliamentary election?,0xa3d50cf0,sell_yes,Sold YES (ask lifted),71.2632,0.3,21.379,0.305,-0.5,40.2792,94.811,-54.5318,9321.33,0,0
737,2026-05-23T20:03:00+00:00,2026-05-23,Bab el-Mandeb Strait effectively closed by September 30?,0x95fc6a4e,buy_yes,Bought YES (bid hit),103.28,0.2,20.656,0.19,-1,137.362,103.28,34.0824,9300.68,0,0
738,2026-05-23T20:40:00+00:00,2026-05-23,Will the Moderate Party (M) win the second most seats in the 2026 Swedish parliamentary election?,0xa3d50cf0,buy_yes,Bought YES (bid hit),65.6861,0.25,16.4215,0.225,-2.5,105.965,94.811,11.1542,9284.25,0,0
739,2026-05-23T20:42:00+00:00,2026-05-23,Bab el-Mandeb Strait effectively closed by September 30?,0x95fc6a4e,sell_yes,Sold YES (ask lifted),103.28,0.2,20.656,0.21,-1,34.0824,103.28,-69.1976,9304.91,0,0
740,2026-05-23T20:44:00+00:00,2026-05-23,Will the Moderate Party (M) win the second most seats in the 2026 Swedish parliamentary election?,0xa3d50cf0,sell_yes,Sold YES (ask lifted),61.968,0.26,16.1117,0.33,-7,43.9973,94.811,-50.8138,9321.02,0,0
741,2026-05-23T20:51:00+00:00,2026-05-23,Will the Moderate Party (M) win the second most seats in the 2026 Swedish parliamentary election?,0xa3d50cf0,buy_yes,Bought YES (bid hit),61.968,0.28,17.351,0.235,-4.5,105.965,94.811,11.1542,9303.67,0,0
742,2026-05-23T20:52:00+00:00,2026-05-23,Bab el-Mandeb Strait effectively closed by September 30?,0x95fc6a4e,buy_yes,Bought YES (bid hit),103.28,0.19,19.6232,0.185,-0.5,137.362,103.28,34.0824,9284.05,0,0
743,2026-05-23T20:53:00+00:00,2026-05-23,Bab el-Mandeb Strait effectively closed by September 30?,0x95fc6a4e,sell_yes,Sold YES (ask lifted),103.28,0.19,19.6232,0.2,-1,34.0824,103.28,-69.1976,9303.67,0,0
744,2026-05-23T20:58:00+00:00,2026-05-23,Will the Moderate Party (M) win the second most seats in the 2026 Swedish parliamentary election?,0xa3d50cf0,buy_yes,Bought YES (bid hit),61.968,0.28,17.351,0.205,-7.5,167.933,94.811,73.1222,9286.32,0,0
745,2026-05-23T21:00:00+00:00,2026-05-23,Bab el-Mandeb Strait effectively closed by September 30?,0x95fc6a4e,buy_yes,Bought YES (bid hit),106.378,0.2,21.2757,0.195,-0.5,140.461,103.28,37.1808,9265.04,0,0
746,2026-05-23T21:00:00+00:00,2026-05-23,Will the Moderate Party (M) win the second most seats in the 2026 Swedish parliamentary election?,0xa3d50cf0,sell_yes,Sold YES (ask lifted),67.5451,0.29,19.5881,0.315,-2.5,100.388,94.811,5.57712,9284.63,0,0
747,2026-05-23T21:05:00+00:00,2026-05-23,Will the Sweden Democrats (SD) win the third most seats in the 2026 Swedish parliamentary election?,0x939abe4a,buy_yes,Bought YES (bid hit),46.476,0.18,8.3657,0.175,-0.5,65.9959,31.1389,34.857,9276.27,0,0
748,2026-05-23T21:06:00+00:00,2026-05-23,Will the Sweden Democrats (SD) win the third most seats in the 2026 Swedish parliamentary election?,0x939abe4a,sell_yes,Sold YES (ask lifted),46.476,0.18,8.3657,0.19,-1,19.5199,31.1389,-11.619,9284.63,0,0
749,2026-05-23T21:06:00+00:00,2026-05-23,Will the Moderate Party (M) win the second most seats in the 2026 Swedish parliamentary election?,0xa3d50cf0,buy_yes,Bought YES (bid hit),86.1355,0.29,24.9793,0.285,-0.5,186.524,94.811,91.7126,9259.65,0,0
750,2026-05-23T21:09:00+00:00,2026-05-23,Bab el-Mandeb Strait effectively closed by September 30?,0x95fc6a4e,sell_yes,Sold YES (ask lifted),103.28,0.19,19.6232,0.2,-1,37.1808,103.28,-66.0992,9279.28,0,0
751,2026-05-23T21:16:00+00:00,2026-05-23,Will the Moderate Party (M) win the second most seats in the 2026 Swedish parliamentary election?,0xa3d50cf0,sell_yes,Sold YES (ask lifted),61.968,0.25,15.492,0.33,-8,124.556,94.811,29.7446,9294.77,0,0
752,2026-05-23T21:18:00+00:00,2026-05-23,Bab el-Mandeb Strait effectively closed by September 30?,0x95fc6a4e,buy_yes,Bought YES (bid hit),103.28,0.19,19.6232,0.175,-1.5,140.461,103.28,37.1808,9275.14,0,0
753,2026-05-23T21:20:00+00:00,2026-05-23,Will the Moderate Party (M) win the second most seats in the 2026 Swedish parliamentary election?,0xa3d50cf0,buy_yes,Bought YES (bid hit),61.968,0.29,17.9707,0.25,-4,186.524,94.811,91.7126,9257.17,0,0
754,2026-05-23T21:24:00+00:00,2026-05-23,Bab el-Mandeb Strait effectively closed by September 30?,0x95fc6a4e,sell_yes,Sold YES (ask lifted),103.28,0.19,19.6232,0.195,-0.5,37.1808,103.28,-66.0992,9276.8,0,0
755,2026-05-23T21:24:00+00:00,2026-05-23,Will there be no change in Fed interest rates after the September 2026 meeting?,0xa3b36b2d,buy_yes,Bought YES (bid hit),103.28,0.71,73.3288,0.705,-0.5,127.034,64.6533,62.3811,9203.47,0,0
756,2026-05-23T21:27:00+00:00,2026-05-23,Bab el-Mandeb Strait effectively closed by September 30?,0x95fc6a4e,buy_yes,Bought YES (bid hit),103.28,0.19,19.6232,0.185,-0.5,140.461,103.28,37.1808,9183.85,0,0
757,2026-05-23T21:32:00+00:00,2026-05-23,Bab el-Mandeb Strait effectively closed by September 30?,0x95fc6a4e,sell_yes,Sold YES (ask lifted),103.28,0.19,19.6232,0.195,-0.5,37.1808,103.28,-66.0992,9203.47,0,0
758,2026-05-23T21:33:00+00:00,2026-05-23,Bab el-Mandeb Strait effectively closed by September 30?,0x95fc6a4e,buy_yes,Bought YES (bid hit),103.28,0.19,19.6232,0.18,-1,140.461,103.28,37.1808,9183.85,0,0
759,2026-05-23T21:34:00+00:00,2026-05-23,Bab el-Mandeb Strait effectively closed by September 30?,0x95fc6a4e,sell_yes,Sold YES (ask lifted),103.28,0.19,19.6232,0.195,-0.5,37.1808,103.28,-66.0992,9203.47,0,0
760,2026-05-23T21:35:00+00:00,2026-05-23,Bab el-Mandeb Strait effectively closed by September 30?,0x95fc6a4e,buy_yes,Bought YES (bid hit),103.28,0.19,19.6232,0.185,-0.5,140.461,103.28,37.1808,9183.85,0,0
761,2026-05-23T21:38:00+00:00,2026-05-23,Bab el-Mandeb Strait effectively closed by September 30?,0x95fc6a4e,sell_yes,Sold YES (ask lifted),103.28,0.19,19.6232,0.195,-0.5,37.1808,103.28,-66.0992,9203.47,0,0
762,2026-05-23T21:42:00+00:00,2026-05-23,Bab el-Mandeb Strait effectively closed by September 30?,0x95fc6a4e,buy_yes,Bought YES (bid hit),103.28,0.2,20.656,0.19,-1,140.461,103.28,37.1808,9182.81,0,0
763,2026-05-23T21:45:00+00:00,2026-05-23,Bab el-Mandeb Strait effectively closed by September 30?,0x95fc6a4e,sell_yes,Sold YES (ask lifted),103.28,0.2,20.656,0.21,-1,37.1808,103.28,-66.0992,9203.47,0,0
764,2026-05-23T21:46:00+00:00,2026-05-23,Bab el-Mandeb Strait effectively closed by September 30?,0x95fc6a4e,buy_yes,Bought YES (bid hit),109.477,0.2,21.8954,0.195,-0.5,146.658,103.28,43.3776,9181.57,0,0
765,2026-05-23T21:47:00+00:00,2026-05-23,Bab el-Mandeb Strait effectively closed by September 30?,0x95fc6a4e,sell_yes,Sold YES (ask lifted),103.28,0.2,20.656,0.21,-1,43.3776,103.28,-59.9024,9202.23,0,0
766,2026-05-23T21:48:00+00:00,2026-05-23,Bab el-Mandeb Strait effectively closed by September 30?,0x95fc6a4e,buy_yes,Bought YES (bid hit),103.28,0.2,20.656,0.185,-1.5,146.658,103.28,43.3776,9181.57,0,0
767,2026-05-23T22:05:00+00:00,2026-05-23,Will the Moderate Party (M) win the second most seats in the 2026 Swedish parliamentary election?,0xa3d50cf0,sell_yes,Sold YES (ask lifted),67.5451,0.24,16.2108,0.31,-7,118.979,94.811,24.1675,9197.78,0,0
768,2026-05-23T22:07:00+00:00,2026-05-23,Bab el-Mandeb Strait effectively closed by September 30?,0x95fc6a4e,sell_yes,Sold YES (ask lifted),103.28,0.2,20.656,0.21,-1,43.3776,103.28,-59.9024,9218.44,0,0
769,2026-05-23T22:09:00+00:00,2026-05-23,Bab el-Mandeb Strait effectively closed by September 30?,0x95fc6a4e,buy_yes,Bought YES (bid hit),103.28,0.2,20.656,0.195,-0.5,146.658,103.28,43.3776,9197.78,0,0
770,2026-05-23T22:10:00+00:00,2026-05-23,Bab el-Mandeb Strait effectively closed by September 30?,0x95fc6a4e,sell_yes,Sold YES (ask lifted),103.28,0.2,20.656,0.205,-0.5,43.3776,103.28,-59.9024,9218.44,0,0
771,2026-05-23T22:22:00+00:00,2026-05-23,Bab el-Mandeb Strait effectively closed by September 30?,0x95fc6a4e,buy_yes,Bought YES (bid hit),103.28,0.2,20.656,0.195,-0.5,146.658,103.28,43.3776,9197.78,0,0
772,2026-05-23T22:23:00+00:00,2026-05-23,Bab el-Mandeb Strait effectively closed by September 30?,0x95fc6a4e,sell_yes,Sold YES (ask lifted),106.378,0.2,21.2757,0.21,-1,40.2792,103.28,-63.0008,9219.06,0,0
773,2026-05-23T22:29:00+00:00,2026-05-23,Bab el-Mandeb Strait effectively closed by September 30?,0x95fc6a4e,buy_yes,Bought YES (bid hit),103.28,0.21,21.6888,0.19,-2,143.559,103.28,40.2792,9197.37,0,0
774,2026-05-23T22:34:00+00:00,2026-05-23,Bab el-Mandeb Strait effectively closed by September 30?,0x95fc6a4e,sell_yes,Sold YES (ask lifted),103.28,0.2,20.656,0.21,-1,40.2792,103.28,-63.0008,9218.03,0,0
775,2026-05-23T22:35:00+00:00,2026-05-23,Bab el-Mandeb Strait effectively closed by September 30?,0x95fc6a4e,buy_yes,Bought YES (bid hit),103.28,0.2,20.656,0.19,-1,143.559,103.28,40.2792,9197.37,0,0
776,2026-05-23T22:41:00+00:00,2026-05-23,Bab el-Mandeb Strait effectively closed by September 30?,0x95fc6a4e,sell_yes,Sold YES (ask lifted),106.378,0.2,21.2757,0.205,-0.5,37.1808,103.28,-66.0992,9218.65,0,0
777,2026-05-23T22:43:00+00:00,2026-05-23,Bab el-Mandeb Strait effectively closed by September 30?,0x95fc6a4e,buy_yes,Bought YES (bid hit),103.28,0.19,19.6232,0.185,-0.5,140.461,103.28,37.1808,9199.02,0,0
778,2026-05-23T22:44:00+00:00,2026-05-23,Bab el-Mandeb Strait effectively closed by September 30?,0x95fc6a4e,sell_yes,Sold YES (ask lifted),103.28,0.19,19.6232,0.195,-0.5,37.1808,103.28,-66.0992,9218.65,0,0
779,2026-05-23T22:48:00+00:00,2026-05-23,Bab el-Mandeb Strait effectively closed by September 30?,0x95fc6a4e,buy_yes,Bought YES (bid hit),103.28,0.2,20.656,0.195,-0.5,140.461,103.28,37.1808,9197.99,0,0
780,2026-05-23T22:51:00+00:00,2026-05-23,Bab el-Mandeb Strait effectively closed by September 30?,0x95fc6a4e,sell_yes,Sold YES (ask lifted),103.28,0.21,21.6888,0.21,-0,37.1808,103.28,-66.0992,9219.68,0,0
781,2026-05-23T22:54:00+00:00,2026-05-23,Will the Moderate Party (M) win the second most seats in the 2026 Swedish parliamentary election?,0xa3d50cf0,sell_yes,Sold YES (ask lifted),61.968,0.3,18.5904,0.315,-1.5,57.0106,94.811,-37.8005,9238.27,0,0
782,2026-05-23T23:40:00+00:00,2026-05-23,Will the Moderate Party (M) win the second most seats in the 2026 Swedish parliamentary election?,0xa3d50cf0,buy_yes,Bought YES (bid hit),65.6861,0.26,17.0784,0.21,-5,122.697,94.811,27.8856,9221.19,0,0
783,2026-05-23T23:48:00+00:00,2026-05-23,Will the Moderate Party (M) win the second most seats in the 2026 Swedish parliamentary election?,0xa3d50cf0,sell_yes,Sold YES (ask lifted),71.2632,0.25,17.8158,0.295,-4.5,51.4334,94.811,-43.3776,9239.01,0,0
784,2026-05-24T00:00:00+00:00,2026-05-24,Bab el-Mandeb Strait effectively closed by September 30?,0x95fc6a4e,buy_yes,Bought YES (bid hit),103.28,0.2,20.656,0.11,-9,140.461,103.28,37.1808,9244.68,0,0
785,2026-05-24T00:02:00+00:00,2026-05-24,Will Ulf Kristersson be the next Prime Minister of Sweden?,0x8a42bb4c,buy_yes,Bought YES (bid hit),51.64,0.29,14.9756,0.195,-9.5,51.64,3.0984,48.5416,9229.71,0,0
786,2026-05-24T00:02:00+00:00,2026-05-24,Will the Moderate Party (M) win the third most seats in the 2026 Swedish parliamentary election?,0xbbb881b0,buy_yes,Bought YES (bid hit),46.476,0.61,28.3504,0.425,-18.5,71.2012,63.2074,7.99387,9201.36,0,0
787,2026-05-24T00:07:00+00:00,2026-05-24,Will the Moderate Party (M) win the third most seats in the 2026 Swedish parliamentary election?,0xbbb881b0,sell_yes,Sold YES (ask lifted),46.476,0.45,20.9142,0.66,-21,24.7252,63.2074,-38.4821,9222.27,0,0
788,2026-05-24T00:13:00+00:00,2026-05-24,Fed Rate Hike by October 2026 Meeting?,0x059db22d,sell_yes,Sold YES (ask lifted),103.28,0.21,21.6888,0.28,-7,129.1,121.87,7.2296,9243.96,0,0
789,2026-05-24T00:17:00+00:00,2026-05-24,Will the Sweden Democrats (SD) win the third most seats in the 2026 Swedish parliamentary election?,0x939abe4a,buy_yes,Bought YES (bid hit),46.476,0.28,13.0133,0.185,-9.5,65.9959,31.1389,34.857,9230.95,0,0
790,2026-05-24T00:20:00+00:00,2026-05-24,Bab el-Mandeb Strait effectively closed by September 30?,0x95fc6a4e,sell_yes,Sold YES (ask lifted),103.28,0.12,12.3936,0.13,-1,37.1808,103.28,-66.0992,9243.34,0,0
791,2026-05-24T01:05:00+00:00,2026-05-24,Bab el-Mandeb Strait effectively closed by September 30?,0x95fc6a4e,buy_yes,Bought YES (bid hit),103.28,0.13,13.4264,0.125,-0.5,140.461,103.28,37.1808,9229.91,0,0
792,2026-05-24T01:06:00+00:00,2026-05-24,Bab el-Mandeb Strait effectively closed by September 30?,0x95fc6a4e,sell_yes,Sold YES (ask lifted),103.28,0.13,13.4264,0.14,-1,37.1808,103.28,-66.0992,9243.34,0,0
793,2026-05-24T01:15:00+00:00,2026-05-24,Bab el-Mandeb Strait effectively closed by September 30?,0x95fc6a4e,buy_yes,Bought YES (bid hit),106.378,0.14,14.893,0.135,-0.5,143.559,103.28,40.2792,9228.45,0,0
794,2026-05-24T01:17:00+00:00,2026-05-24,Bab el-Mandeb Strait effectively closed by September 30?,0x95fc6a4e,sell_yes,Sold YES (ask lifted),103.28,0.14,14.4592,0.145,-0.5,40.2792,103.28,-63.0008,9242.91,0,0
795,2026-05-24T01:18:00+00:00,2026-05-24,Bab el-Mandeb Strait effectively closed by September 30?,0x95fc6a4e,buy_yes,Bought YES (bid hit),103.28,0.14,14.4592,0.135,-0.5,143.559,103.28,40.2792,9228.45,0,0
796,2026-05-24T01:22:00+00:00,2026-05-24,Bab el-Mandeb Strait effectively closed by September 30?,0x95fc6a4e,sell_yes,Sold YES (ask lifted),103.28,0.14,14.4592,0.145,-0.5,40.2792,103.28,-63.0008,9242.91,0,0
797,2026-05-24T01:29:00+00:00,2026-05-24,Bab el-Mandeb Strait effectively closed by September 30?,0x95fc6a4e,buy_yes,Bought YES (bid hit),106.378,0.14,14.893,0.135,-0.5,146.658,103.28,43.3776,9228.01,0,0
798,2026-05-24T01:30:00+00:00,2026-05-24,Bab el-Mandeb Strait effectively closed by September 30?,0x95fc6a4e,sell_yes,Sold YES (ask lifted),103.28,0.14,14.4592,0.145,-0.5,43.3776,103.28,-59.9024,9242.47,0,0
799,2026-05-24T01:31:00+00:00,2026-05-24,Bab el-Mandeb Strait effectively closed by September 30?,0x95fc6a4e,buy_yes,Bought YES (bid hit),103.28,0.14,14.4592,0.13,-1,146.658,103.28,43.3776,9228.01,0,0
800,2026-05-24T01:36:00+00:00,2026-05-24,Bab el-Mandeb Strait effectively closed by September 30?,0x95fc6a4e,sell_yes,Sold YES (ask lifted),103.28,0.14,14.4592,0.145,-0.5,43.3776,103.28,-59.9024,9242.47,0,0
801,2026-05-24T01:38:00+00:00,2026-05-24,Bab el-Mandeb Strait effectively closed by September 30?,0x95fc6a4e,buy_yes,Bought YES (bid hit),103.28,0.14,14.4592,0.13,-1,146.658,103.28,43.3776,9228.01,0,0
802,2026-05-24T01:39:00+00:00,2026-05-24,Bab el-Mandeb Strait effectively closed by September 30?,0x95fc6a4e,sell_yes,Sold YES (ask lifted),103.28,0.14,14.4592,0.145,-0.5,43.3776,103.28,-59.9024,9242.47,0,0
803,2026-05-24T01:40:00+00:00,2026-05-24,Bab el-Mandeb Strait effectively closed by September 30?,0x95fc6a4e,buy_yes,Bought YES (bid hit),109.477,0.14,15.3268,0.135,-0.5,152.854,103.28,49.5744,9227.15,0,0
804,2026-05-24T01:41:00+00:00,2026-05-24,Bab el-Mandeb Strait effectively closed by September 30?,0x95fc6a4e,sell_yes,Sold YES (ask lifted),103.28,0.14,14.4592,0.145,-0.5,49.5744,103.28,-53.7056,9241.6,0,0
805,2026-05-24T01:42:00+00:00,2026-05-24,Bab el-Mandeb Strait effectively closed by September 30?,0x95fc6a4e,buy_yes,Bought YES (bid hit),103.28,0.14,14.4592,0.135,-0.5,152.854,103.28,49.5744,9227.15,0,0
806,2026-05-24T01:46:00+00:00,2026-05-24,Bab el-Mandeb Strait effectively closed by September 30?,0x95fc6a4e,sell_yes,Sold YES (ask lifted),103.28,0.13,13.4264,0.145,-1.5,49.5744,103.28,-53.7056,9240.57,0,0
807,2026-05-24T01:48:00+00:00,2026-05-24,Bab el-Mandeb Strait effectively closed by September 30?,0x95fc6a4e,buy_yes,Bought YES (bid hit),103.28,0.14,14.4592,0.135,-0.5,152.854,103.28,49.5744,9226.11,0,0
808,2026-05-24T01:50:00+00:00,2026-05-24,Bab el-Mandeb Strait effectively closed by September 30?,0x95fc6a4e,sell_yes,Sold YES (ask lifted),103.28,0.14,14.4592,0.145,-0.5,49.5744,103.28,-53.7056,9240.57,0,0
809,2026-05-24T01:50:00+00:00,2026-05-24,Will the Moderate Party (M) win the second most seats in the 2026 Swedish parliamentary election?,0xa3d50cf0,buy_yes,Bought YES (bid hit),82.4174,0.33,27.1978,0.33,-0,133.851,94.811,39.0398,9213.37,0,0
810,2026-05-24T01:56:00+00:00,2026-05-24,Bab el-Mandeb Strait effectively closed by September 30?,0x95fc6a4e,buy_yes,Bought YES (bid hit),106.378,0.14,14.893,0.135,-0.5,155.953,103.28,52.6728,9198.48,0,0
811,2026-05-24T01:57:00+00:00,2026-05-24,Bab el-Mandeb Strait effectively closed by September 30?,0x95fc6a4e,sell_yes,Sold YES (ask lifted),103.28,0.14,14.4592,0.145,-0.5,52.6728,103.28,-50.6072,9212.94,0,0
812,2026-05-24T01:58:00+00:00,2026-05-24,Bab el-Mandeb Strait effectively closed by September 30?,0x95fc6a4e,buy_yes,Bought YES (bid hit),103.28,0.14,14.4592,0.135,-0.5,155.953,103.28,52.6728,9198.48,0,0
813,2026-05-24T02:06:00+00:00,2026-05-24,Bab el-Mandeb Strait effectively closed by September 30?,0x95fc6a4e,sell_yes,Sold YES (ask lifted),103.28,0.13,13.4264,0.135,-0.5,52.6728,103.28,-50.6072,9211.91,0,0
814,2026-05-24T02:07:00+00:00,2026-05-24,Bab el-Mandeb Strait effectively closed by September 30?,0x95fc6a4e,buy_yes,Bought YES (bid hit),103.28,0.13,13.4264,0.12,-1,155.953,103.28,52.6728,9198.48,0,0
815,2026-05-24T02:17:00+00:00,2026-05-24,Will the Moderate Party (M) win the second most seats in the 2026 Swedish parliamentary election?,0xa3d50cf0,sell_yes,Sold YES (ask lifted),61.968,0.28,17.351,0.33,-5,71.8829,94.811,-22.9282,9215.83,0,0
816,2026-05-24T02:39:00+00:00,2026-05-24,Will the Moderate Party (M) win the second most seats in the 2026 Swedish parliamentary election?,0xa3d50cf0,buy_yes,Bought YES (bid hit),84.2765,0.33,27.8112,0.33,-0,156.159,94.811,61.3483,9188.02,0,0
817,2026-05-24T02:50:00+00:00,2026-05-24,Will the Moderate Party (M) win the second most seats in the 2026 Swedish parliamentary election?,0xa3d50cf0,sell_yes,Sold YES (ask lifted),61.968,0.26,16.1117,0.27,-1,94.1914,94.811,-0.61968,9204.13,0,0
818,2026-05-24T02:59:00+00:00,2026-05-24,Bab el-Mandeb Strait effectively closed by September 30?,0x95fc6a4e,sell_yes,Sold YES (ask lifted),103.28,0.12,12.3936,0.125,-0.5,52.6728,103.28,-50.6072,9216.53,0,0
819,2026-05-24T03:01:00+00:00,2026-05-24,Bab el-Mandeb Strait effectively closed by September 30?,0x95fc6a4e,buy_yes,Bought YES (bid hit),103.28,0.13,13.4264,0.12,-1,155.953,103.28,52.6728,9203.1,0,0
820,2026-05-24T03:14:00+00:00,2026-05-24,Bab el-Mandeb Strait effectively closed by September 30?,0x95fc6a4e,sell_yes,Sold YES (ask lifted),103.28,0.12,12.3936,0.125,-0.5,52.6728,103.28,-50.6072,9215.49,0,0
821,2026-05-24T03:15:00+00:00,2026-05-24,Bab el-Mandeb Strait effectively closed by September 30?,0x95fc6a4e,buy_yes,Bought YES (bid hit),103.28,0.12,12.3936,0.115,-0.5,155.953,103.28,52.6728,9203.1,0,0
822,2026-05-24T03:16:00+00:00,2026-05-24,Bab el-Mandeb Strait effectively closed by September 30?,0x95fc6a4e,sell_yes,Sold YES (ask lifted),103.28,0.12,12.3936,0.125,-0.5,52.6728,103.28,-50.6072,9215.49,0,0
823,2026-05-24T03:22:00+00:00,2026-05-24,Bab el-Mandeb Strait effectively closed by September 30?,0x95fc6a4e,buy_yes,Bought YES (bid hit),103.28,0.12,12.3936,0.115,-0.5,155.953,103.28,52.6728,9203.1,0,0
824,2026-05-24T03:22:00+00:00,2026-05-24,Will the Moderate Party (M) win the second most seats in the 2026 Swedish parliamentary election?,0xa3d50cf0,sell_yes,Sold YES (ask lifted),61.968,0.36,22.3085,0.405,-4.5,32.2234,94.811,-62.5877,9225.41,0,0
825,2026-05-24T03:24:00+00:00,2026-05-24,Bab el-Mandeb Strait effectively closed by September 30?,0x95fc6a4e,sell_yes,Sold YES (ask lifted),109.477,0.12,13.1372,0.12,-0,46.476,103.28,-56.804,9238.55,0,0
826,2026-05-24T03:26:00+00:00,2026-05-24,Bab el-Mandeb Strait effectively closed by September 30?,0x95fc6a4e,buy_yes,Bought YES (bid hit),103.28,0.12,12.3936,0.115,-0.5,149.756,103.28,46.476,9226.15,0,0
827,2026-05-24T03:27:00+00:00,2026-05-24,Will the Fed increase interest rates by 25 bps after the September 2026 meeting?,0x876506d8,sell_yes,Sold YES (ask lifted),103.28,0.17,17.5576,0.175,-0.5,106.378,106.378,0,9243.71,0,0
828,2026-05-24T03:28:00+00:00,2026-05-24,Bab el-Mandeb Strait effectively closed by September 30?,0x95fc6a4e,sell_yes,Sold YES (ask lifted),103.28,0.12,12.3936,0.13,-1,46.476,103.28,-56.804,9256.1,0,0
829,2026-05-24T03:31:00+00:00,2026-05-24,Bab el-Mandeb Strait effectively closed by September 30?,0x95fc6a4e,buy_yes,Bought YES (bid hit),103.28,0.12,12.3936,0.115,-0.5,149.756,103.28,46.476,9243.71,0,0
830,2026-05-24T03:32:00+00:00,2026-05-24,Bab el-Mandeb Strait effectively closed by September 30?,0x95fc6a4e,sell_yes,Sold YES (ask lifted),106.378,0.12,12.7654,0.125,-0.5,43.3776,103.28,-59.9024,9256.47,0,0
831,2026-05-24T03:47:00+00:00,2026-05-24,Bab el-Mandeb Strait effectively closed by September 30?,0x95fc6a4e,buy_yes,Bought YES (bid hit),103.28,0.12,12.3936,0.115,-0.5,146.658,103.28,43.3776,9244.08,0,0
832,2026-05-24T03:49:00+00:00,2026-05-24,Bab el-Mandeb Strait effectively closed by September 30?,0x95fc6a4e,sell_yes,Sold YES (ask lifted),103.28,0.12,12.3936,0.13,-1,43.3776,103.28,-59.9024,9256.47,0,0
833,2026-05-24T03:52:00+00:00,2026-05-24,Bab el-Mandeb Strait effectively closed by September 30?,0x95fc6a4e,buy_yes,Bought YES (bid hit),103.28,0.12,12.3936,0.115,-0.5,146.658,103.28,43.3776,9244.08,0,0
834,2026-05-24T03:53:00+00:00,2026-05-24,Bab el-Mandeb Strait effectively closed by September 30?,0x95fc6a4e,sell_yes,Sold YES (ask lifted),103.28,0.12,12.3936,0.125,-0.5,43.3776,103.28,-59.9024,9256.47,0,0
835,2026-05-24T03:55:00+00:00,2026-05-24,Bab el-Mandeb Strait effectively closed by September 30?,0x95fc6a4e,buy_yes,Bought YES (bid hit),103.28,0.12,12.3936,0.115,-0.5,146.658,103.28,43.3776,9244.08,0,0
836,2026-05-24T03:57:00+00:00,2026-05-24,Bab el-Mandeb Strait effectively closed by September 30?,0x95fc6a4e,sell_yes,Sold YES (ask lifted),103.28,0.12,12.3936,0.125,-0.5,43.3776,103.28,-59.9024,9256.47,0,0
837,2026-05-24T03:58:00+00:00,2026-05-24,Bab el-Mandeb Strait effectively closed by September 30?,0x95fc6a4e,buy_yes,Bought YES (bid hit),103.28,0.12,12.3936,0.115,-0.5,146.658,103.28,43.3776,9244.08,0,0
838,2026-05-24T04:00:00+00:00,2026-05-24,Bab el-Mandeb Strait effectively closed by September 30?,0x95fc6a4e,sell_yes,Sold YES (ask lifted),103.28,0.12,12.3936,0.125,-0.5,43.3776,103.28,-59.9024,9256.47,0,0
839,2026-05-24T04:01:00+00:00,2026-05-24,Bab el-Mandeb Strait effectively closed by September 30?,0x95fc6a4e,buy_yes,Bought YES (bid hit),103.28,0.12,12.3936,0.115,-0.5,146.658,103.28,43.3776,9244.08,0,0
840,2026-05-24T04:02:00+00:00,2026-05-24,Bab el-Mandeb Strait effectively closed by September 30?,0x95fc6a4e,sell_yes,Sold YES (ask lifted),109.477,0.12,13.1372,0.12,-0,37.1808,103.28,-66.0992,9257.22,0,0
841,2026-05-24T04:04:00+00:00,2026-05-24,Bab el-Mandeb Strait effectively closed by September 30?,0x95fc6a4e,buy_yes,Bought YES (bid hit),103.28,0.12,12.3936,0.115,-0.5,140.461,103.28,37.1808,9244.82,0,0
842,2026-05-24T04:06:00+00:00,2026-05-24,Bab el-Mandeb Strait effectively closed by September 30?,0x95fc6a4e,sell_yes,Sold YES (ask lifted),103.28,0.12,12.3936,0.13,-1,37.1808,103.28,-66.0992,9257.22,0,0
843,2026-05-24T04:39:00+00:00,2026-05-24,Bab el-Mandeb Strait effectively closed by September 30?,0x95fc6a4e,buy_yes,Bought YES (bid hit),103.28,0.12,12.3936,0.115,-0.5,140.461,103.28,37.1808,9244.82,0,0
844,2026-05-24T04:45:00+00:00,2026-05-24,Bab el-Mandeb Strait effectively closed by September 30?,0x95fc6a4e,sell_yes,Sold YES (ask lifted),103.28,0.12,12.3936,0.125,-0.5,37.1808,103.28,-66.0992,9257.22,0,0
845,2026-05-24T04:48:00+00:00,2026-05-24,Bab el-Mandeb Strait effectively closed by September 30?,0x95fc6a4e,buy_yes,Bought YES (bid hit),103.28,0.12,12.3936,0.115,-0.5,140.461,103.28,37.1808,9244.82,0,0
846,2026-05-24T05:50:00+00:00,2026-05-24,Will the Moderate Party (M) win the second most seats in the 2026 Swedish parliamentary election?,0xa3d50cf0,buy_yes,Bought YES (bid hit),71.2632,0.32,22.8042,0.31,-1,103.487,94.811,8.67552,9222.02,0,0
847,2026-05-24T06:02:00+00:00,2026-05-24,Will the Moderate Party (M) win the second most seats in the 2026 Swedish parliamentary election?,0xa3d50cf0,buy_yes,Bought YES (bid hit),61.968,0.31,19.2101,0.285,-2.5,165.455,94.811,70.6435,9202.81,0,0
848,2026-05-24T06:16:00+00:00,2026-05-24,Will the Moderate Party (M) win the second most seats in the 2026 Swedish parliamentary election?,0xa3d50cf0,sell_yes,Sold YES (ask lifted),61.968,0.29,17.9707,0.3,-1,103.487,94.811,8.67552,9220.78,0,0
849,2026-05-24T07:00:00+00:00,2026-05-24,Will the Moderate Party (M) win the second most seats in the 2026 Swedish parliamentary election?,0xa3d50cf0,sell_yes,Sold YES (ask lifted),61.968,0.27,16.7314,0.32,-5,41.5186,94.811,-53.2925,9237.51,0,0
850,2026-05-24T07:20:00+00:00,2026-05-24,Will the Moderate Party (M) win the second most seats in the 2026 Swedish parliamentary election?,0xa3d50cf0,buy_yes,Bought YES (bid hit),61.968,0.29,17.9707,0.27,-2,103.487,94.811,8.67552,9219.54,0,0
851,2026-05-24T07:22:00+00:00,2026-05-24,Will the Moderate Party (M) win the second most seats in the 2026 Swedish parliamentary election?,0xa3d50cf0,sell_yes,Sold YES (ask lifted),61.968,0.3,18.5904,0.305,-0.5,41.5186,94.811,-53.2925,9238.13,0,0
852,2026-05-24T07:23:00+00:00,2026-05-24,Will the Moderate Party (M) win the second most seats in the 2026 Swedish parliamentary election?,0xa3d50cf0,buy_yes,Bought YES (bid hit),28.7532,0.25,7.1883,0.2,-5,70.2717,94.811,-24.5393,9230.94,0,0
853,2026-05-24T07:25:00+00:00,2026-05-24,Bab el-Mandeb Strait effectively closed by September 30?,0x95fc6a4e,sell_yes,Sold YES (ask lifted),103.28,0.12,12.3936,0.14,-2,37.1808,103.28,-66.0992,9243.34,0,0
854,2026-05-24T07:34:00+00:00,2026-05-24,Will the Moderate Party (M) win the second most seats in the 2026 Swedish parliamentary election?,0xa3d50cf0,buy_yes,Bought YES (bid hit),28.7532,0.25,7.1883,0.235,-1.5,99.0249,94.811,4.21382,9236.15,0,0
855,2026-05-24T07:46:00+00:00,2026-05-24,Will the Moderate Party (M) win the second most seats in the 2026 Swedish parliamentary election?,0xa3d50cf0,buy_yes,Bought YES (bid hit),28.7532,0.21,6.0382,0.2,-1,127.778,94.811,32.967,9230.11,0,0
856,2026-05-24T08:23:00+00:00,2026-05-24,Will the Moderate Party (M) win the second most seats in the 2026 Swedish parliamentary election?,0xa3d50cf0,buy_yes,Bought YES (bid hit),61.968,0.25,15.492,0.24,-1,189.746,94.811,94.935,9214.62,0,0
857,2026-05-24T09:17:00+00:00,2026-05-24,Will the Moderate Party (M) win the second most seats in the 2026 Swedish parliamentary election?,0xa3d50cf0,sell_yes,Sold YES (ask lifted),61.968,0.26,16.1117,0.395,-13.5,127.778,94.811,32.967,9230.73,0,0
858,2026-05-24T09:41:00+00:00,2026-05-24,Will the Moderate Party (M) win the second most seats in the 2026 Swedish parliamentary election?,0xa3d50cf0,buy_yes,Bought YES (bid hit),61.968,0.27,16.7314,0.21,-6,189.746,94.811,94.935,9214,0,0
859,2026-05-24T09:43:00+00:00,2026-05-24,Will the Moderate Party (M) win the second most seats in the 2026 Swedish parliamentary election?,0xa3d50cf0,sell_yes,Sold YES (ask lifted),61.968,0.24,14.8723,0.31,-7,127.778,94.811,32.967,9228.87,0,0
860,2026-05-24T09:46:00+00:00,2026-05-24,Will the Moderate Party (M) win the second most seats in the 2026 Swedish parliamentary election?,0xa3d50cf0,buy_yes,Bought YES (bid hit),76.8403,0.27,20.7469,0.265,-0.5,204.618,94.811,109.807,9208.12,0,0
861,2026-05-24T09:49:00+00:00,2026-05-24,Bab el-Mandeb Strait effectively closed by September 30?,0x95fc6a4e,buy_yes,Bought YES (bid hit),106.378,0.14,14.893,0.135,-0.5,143.559,103.28,40.2792,9193.23,0,0
862,2026-05-24T09:53:00+00:00,2026-05-24,Will the Moderate Party (M) win the second most seats in the 2026 Swedish parliamentary election?,0xa3d50cf0,sell_yes,Sold YES (ask lifted),28.7532,0.25,7.1883,0.3,-5,175.865,94.811,81.0541,9200.42,0,0
863,2026-05-24T10:51:00+00:00,2026-05-24,Will the Moderate Party (M) win the second most seats in the 2026 Swedish parliamentary election?,0xa3d50cf0,sell_yes,Sold YES (ask lifted),61.968,0.25,15.492,0.335,-8.5,113.897,94.811,19.0861,9215.91,0,0
864,2026-05-24T10:53:00+00:00,2026-05-24,Bab el-Mandeb Strait effectively closed by September 30?,0x95fc6a4e,sell_yes,Sold YES (ask lifted),103.28,0.14,14.4592,0.145,-0.5,40.2792,103.28,-63.0008,9230.37,0,0
865,2026-05-24T10:54:00+00:00,2026-05-24,Bab el-Mandeb Strait effectively closed by September 30?,0x95fc6a4e,buy_yes,Bought YES (bid hit),103.28,0.14,14.4592,0.13,-1,143.559,103.28,40.2792,9215.91,0,0
866,2026-05-24T10:58:00+00:00,2026-05-24,Will the Moderate Party (M) win the second most seats in the 2026 Swedish parliamentary election?,0xa3d50cf0,buy_yes,Bought YES (bid hit),61.968,0.29,17.9707,0.205,-8.5,175.865,94.811,81.0541,9197.94,0,0
867,2026-05-24T11:14:00+00:00,2026-05-24,Bab el-Mandeb Strait effectively closed by September 30?,0x95fc6a4e,sell_yes,Sold YES (ask lifted),103.28,0.14,14.4592,0.145,-0.5,40.2792,103.28,-63.0008,9212.4,0,0
868,2026-05-24T11:17:00+00:00,2026-05-24,Bab el-Mandeb Strait effectively closed by September 30?,0x95fc6a4e,buy_yes,Bought YES (bid hit),103.28,0.14,14.4592,0.13,-1,143.559,103.28,40.2792,9197.94,0,0
869,2026-05-24T11:29:00+00:00,2026-05-24,Will the Moderate Party (M) win the second most seats in the 2026 Swedish parliamentary election?,0xa3d50cf0,sell_yes,Sold YES (ask lifted),61.968,0.27,16.7314,0.275,-0.5,113.897,94.811,19.0861,9214.67,0,0
870,2026-05-24T11:35:00+00:00,2026-05-24,Will the Moderate Party (M) win the second most seats in the 2026 Swedish parliamentary election?,0xa3d50cf0,sell_yes,Sold YES (ask lifted),61.968,0.3,18.5904,0.33,-3,51.9292,94.811,-42.8819,9233.26,0,0
871,2026-05-24T11:46:00+00:00,2026-05-24,Will the Moderate Party (M) win the second most seats in the 2026 Swedish parliamentary election?,0xa3d50cf0,buy_yes,Bought YES (bid hit),61.968,0.28,17.351,0.245,-3.5,113.897,94.811,19.0861,9215.91,0,0
872,2026-05-24T11:48:00+00:00,2026-05-24,Will the Moderate Party (M) win the second most seats in the 2026 Swedish parliamentary election?,0xa3d50cf0,sell_yes,Sold YES (ask lifted),61.968,0.28,17.351,0.335,-5.5,51.9292,94.811,-42.8819,9233.26,0,0
873,2026-05-24T12:00:00+00:00,2026-05-24,Will the Moderate Party (M) win the second most seats in the 2026 Swedish parliamentary election?,0xa3d50cf0,buy_yes,Bought YES (bid hit),61.968,0.27,16.7314,0.215,-5.5,113.897,94.811,19.0861,9216.53,0,0
874,2026-05-24T12:03:00+00:00,2026-05-24,Will the Moderate Party (M) win the second most seats in the 2026 Swedish parliamentary election?,0xa3d50cf0,buy_yes,Bought YES (bid hit),61.968,0.27,16.7314,0.235,-3.5,175.865,94.811,81.0541,9199.8,0,0
875,2026-05-24T12:05:00+00:00,2026-05-24,Will the Moderate Party (M) win the second most seats in the 2026 Swedish parliamentary election?,0xa3d50cf0,sell_yes,Sold YES (ask lifted),61.968,0.28,17.351,0.315,-3.5,113.897,94.811,19.0861,9217.15,0,0
876,2026-05-24T12:11:00+00:00,2026-05-24,Will the Moderate Party (M) win the second most seats in the 2026 Swedish parliamentary election?,0xa3d50cf0,buy_yes,Bought YES (bid hit),61.968,0.26,16.1117,0.24,-2,175.865,94.811,81.0541,9201.04,0,0
877,2026-05-24T12:13:00+00:00,2026-05-24,Will the Moderate Party (M) win the second most seats in the 2026 Swedish parliamentary election?,0xa3d50cf0,sell_yes,Sold YES (ask lifted),61.968,0.25,15.492,0.3,-5,113.897,94.811,19.0861,9216.53,0,0
878,2026-05-24T12:19:00+00:00,2026-05-24,Will the Moderate Party (M) win the second most seats in the 2026 Swedish parliamentary election?,0xa3d50cf0,sell_yes,Sold YES (ask lifted),61.968,0.25,15.492,0.275,-2.5,51.9292,94.811,-42.8819,9232.02,0,0
879,2026-05-24T12:52:00+00:00,2026-05-24,Will the Moderate Party (M) win the second most seats in the 2026 Swedish parliamentary election?,0xa3d50cf0,buy_yes,Bought YES (bid hit),61.968,0.22,13.633,0.2,-2,113.897,94.811,19.0861,9218.39,0,0
880,2026-05-24T12:59:00+00:00,2026-05-24,Will the Moderate Party (M) win the second most seats in the 2026 Swedish parliamentary election?,0xa3d50cf0,buy_yes,Bought YES (bid hit),61.968,0.38,23.5478,0.2,-18,175.865,94.811,81.0541,9194.84,0,0
881,2026-05-24T13:09:00+00:00,2026-05-24,Will the Moderate Party (M) win the second most seats in the 2026 Swedish parliamentary election?,0xa3d50cf0,sell_yes,Sold YES (ask lifted),117.739,0.27,31.7896,0.285,-1.5,58.126,94.811,-36.6851,9226.63,0,0
882,2026-05-24T13:16:00+00:00,2026-05-24,Will the Moderate Party (M) win the second most seats in the 2026 Swedish parliamentary election?,0xa3d50cf0,buy_yes,Bought YES (bid hit),95.4307,0.38,36.2637,0.29,-9,153.557,94.811,58.7457,9190.37,0,0
883,2026-05-24T13:44:00+00:00,2026-05-24,Will the Moderate Party (M) win the second most seats in the 2026 Swedish parliamentary election?,0xa3d50cf0,sell_yes,Sold YES (ask lifted),61.968,0.24,14.8723,0.435,-19.5,91.5887,94.811,-3.22234,9205.24,0,0
884,2026-05-24T13:48:00+00:00,2026-05-24,Will the Moderate Party (M) win the second most seats in the 2026 Swedish parliamentary election?,0xa3d50cf0,buy_yes,Bought YES (bid hit),110.303,0.39,43.0182,0.385,-0.5,201.892,94.811,107.081,9162.22,0,0
885,2026-05-24T13:54:00+00:00,2026-05-24,Will the Sweden Democrats (SD) win the second most seats in the 2026 Swedish parliamentary election?,0x9e2966ab,buy_yes,Bought YES (bid hit),63.827,0.7,44.6789,0.695,-0.5,125.795,60.109,65.6861,9117.54,0,0
886,2026-05-24T13:56:00+00:00,2026-05-24,Will the Moderate Party (M) win the second most seats in the 2026 Swedish parliamentary election?,0xa3d50cf0,sell_yes,Sold YES (ask lifted),28.7532,0.32,9.201,0.385,-6.5,173.139,94.811,78.3276,9126.75,0,0
887,2026-05-24T14:01:00+00:00,2026-05-24,Will the Moderate Party (M) win the second most seats in the 2026 Swedish parliamentary election?,0xa3d50cf0,sell_yes,Sold YES (ask lifted),43.4173,0.29,12.591,0.29,-0,129.721,94.811,34.9103,9139.34,0,0
888,2026-05-24T14:32:00+00:00,2026-05-24,Will the Moderate Party (M) win the second most seats in the 2026 Swedish parliamentary election?,0xa3d50cf0,sell_yes,Sold YES (ask lifted),28.7532,0.23,6.6132,0.27,-4,100.968,94.811,6.15714,9145.95,0,0
889,2026-05-24T14:36:00+00:00,2026-05-24,Will the Sweden Democrats (SD) win the second most seats in the 2026 Swedish parliamentary election?,0x9e2966ab,sell_yes,Sold YES (ask lifted),61.968,0.73,45.2366,0.735,-0.5,63.827,60.109,3.71808,9191.19,0,0
890,2026-05-24T14:36:00+00:00,2026-05-24,Will the Moderate Party (M) win the second most seats in the 2026 Swedish parliamentary election?,0xa3d50cf0,sell_yes,Sold YES (ask lifted),28.7532,0.24,6.9008,0.255,-1.5,72.215,94.811,-22.596,9198.09,0,0
891,2026-05-24T14:41:00+00:00,2026-05-24,Will the Moderate Party (M) win the second most seats in the 2026 Swedish parliamentary election?,0xa3d50cf0,buy_yes,Bought YES (bid hit),61.968,0.22,13.633,0.2,-2,134.183,94.811,39.372,9184.45,0,0
892,2026-05-24T15:08:00+00:00,2026-05-24,Will the Moderate Party (M) win the second most seats in the 2026 Swedish parliamentary election?,0xa3d50cf0,sell_yes,Sold YES (ask lifted),61.968,0.27,16.7314,0.37,-10,72.215,94.811,-22.596,9201.18,0,0
893,2026-05-24T15:18:00+00:00,2026-05-24,Will the Moderate Party (M) win the second most seats in the 2026 Swedish parliamentary election?,0xa3d50cf0,buy_yes,Bought YES (bid hit),61.968,0.28,17.351,0.255,-2.5,134.183,94.811,39.372,9183.83,0,0
894,2026-05-24T15:39:00+00:00,2026-05-24,Will the Moderate Party (M) win the second most seats in the 2026 Swedish parliamentary election?,0xa3d50cf0,sell_yes,Sold YES (ask lifted),61.968,0.25,15.492,0.26,-1,72.215,94.811,-22.596,9199.33,0,0
895,2026-05-24T15:42:00+00:00,2026-05-24,Will the Moderate Party (M) win the second most seats in the 2026 Swedish parliamentary election?,0xa3d50cf0,buy_yes,Bought YES (bid hit),61.968,0.23,14.2526,0.2,-3,134.183,94.811,39.372,9185.07,0,0
896,2026-05-24T15:48:00+00:00,2026-05-24,Will the Sweden Democrats (SD) win the second most seats in the 2026 Swedish parliamentary election?,0x9e2966ab,sell_yes,Sold YES (ask lifted),61.968,0.72,44.617,0.735,-1.5,1.85904,60.109,-58.2499,9229.69,0,0
897,2026-05-24T16:26:00+00:00,2026-05-24,Will the Moderate Party (M) win the second most seats in the 2026 Swedish parliamentary election?,0xa3d50cf0,sell_yes,Sold YES (ask lifted),61.968,0.26,16.1117,0.415,-15.5,72.215,94.811,-22.596,9245.8,0,0
898,2026-05-24T16:28:00+00:00,2026-05-24,Will the Moderate Party (M) win the second most seats in the 2026 Swedish parliamentary election?,0xa3d50cf0,buy_yes,Bought YES (bid hit),99.1488,0.38,37.6765,0.36,-2,171.364,94.811,76.5528,9208.13,0,0
899,2026-05-24T16:49:00+00:00,2026-05-24,Will the Moderate Party (M) win the second most seats in the 2026 Swedish parliamentary election?,0xa3d50cf0,sell_yes,Sold YES (ask lifted),61.968,0.25,15.492,0.42,-17,109.396,94.811,14.5848,9223.62,0,0
900,2026-05-24T16:56:00+00:00,2026-05-24,Will the Moderate Party (M) win the second most seats in the 2026 Swedish parliamentary election?,0xa3d50cf0,buy_yes,Bought YES (bid hit),61.968,0.31,19.2101,0.305,-0.5,171.364,94.811,76.5528,9204.41,0,0
901,2026-05-24T17:05:00+00:00,2026-05-24,Will the Moderate Party (M) win the second most seats in the 2026 Swedish parliamentary election?,0xa3d50cf0,sell_yes,Sold YES (ask lifted),61.968,0.29,17.9707,0.33,-4,109.396,94.811,14.5848,9222.38,0,0
902,2026-05-24T17:11:00+00:00,2026-05-24,Will the Moderate Party (M) win the second most seats in the 2026 Swedish parliamentary election?,0xa3d50cf0,sell_yes,Sold YES (ask lifted),61.968,0.28,17.351,0.33,-5,47.4278,94.811,-47.3832,9239.73,0,0
903,2026-05-24T17:13:00+00:00,2026-05-24,Will the Moderate Party (M) win the second most seats in the 2026 Swedish parliamentary election?,0xa3d50cf0,buy_yes,Bought YES (bid hit),61.968,0.24,14.8723,0.2,-4,109.396,94.811,14.5848,9224.86,0,0
904,2026-05-24T17:18:00+00:00,2026-05-24,Will the Moderate Party (M) win the second most seats in the 2026 Swedish parliamentary election?,0xa3d50cf0,buy_yes,Bought YES (bid hit),61.968,0.29,17.9707,0.26,-3,171.364,94.811,76.5528,9206.89,0,0
905,2026-05-24T17:32:00+00:00,2026-05-24,Will the Moderate Party (M) win the second most seats in the 2026 Swedish parliamentary election?,0xa3d50cf0,sell_yes,Sold YES (ask lifted),61.968,0.25,15.492,0.335,-8.5,109.396,94.811,14.5848,9222.38,0,0
906,2026-05-24T17:35:00+00:00,2026-05-24,Will the Moderate Party (M) win the second most seats in the 2026 Swedish parliamentary election?,0xa3d50cf0,buy_yes,Bought YES (bid hit),61.968,0.26,16.1117,0.205,-5.5,171.364,94.811,76.5528,9206.27,0,0
907,2026-05-24T20:08:00+00:00,2026-05-24,Clarity Act (H.R.3633) signed into law in 2026?,0x9cb23d04,buy_yes,Bought YES (bid hit),51.64,0.58,29.9512,0.575,-0.5,103.28,53.1892,50.0908,9176.32,0,0
908,2026-05-24T20:38:00+00:00,2026-05-24,Bab el-Mandeb Strait effectively closed by September 30?,0x95fc6a4e,sell_yes,Sold YES (ask lifted),103.28,0.15,15.492,0.155,-0.5,40.2792,103.28,-63.0008,9191.81,0,0
909,2026-05-24T21:00:00+00:00,2026-05-24,Will there be no change in Fed interest rates after the September 2026 meeting?,0xa3b36b2d,sell_yes,Sold YES (ask lifted),103.28,0.68,70.2304,0.685,-0.5,23.7544,64.6533,-40.8989,9262.04,0,0
910,2026-05-24T21:01:00+00:00,2026-05-24,Will there be no change in Fed interest rates after the September 2026 meeting?,0xa3b36b2d,buy_yes,Bought YES (bid hit),106.378,0.68,72.3373,0.675,-0.5,130.133,64.6533,65.4795,9189.7,0,0
911,2026-05-24T22:19:00+00:00,2026-05-24,Will there be no change in Fed interest rates after the September 2026 meeting?,0xa3b36b2d,sell_yes,Sold YES (ask lifted),103.28,0.68,70.2304,0.685,-0.5,26.8528,64.6533,-37.8005,9259.93,0,0
912,2026-05-24T22:20:00+00:00,2026-05-24,Will there be no change in Fed interest rates after the September 2026 meeting?,0xa3b36b2d,buy_yes,Bought YES (bid hit),103.28,0.68,70.2304,0.675,-0.5,130.133,64.6533,65.4795,9189.7,0,0
913,2026-05-24T22:22:00+00:00,2026-05-24,Will there be no change in Fed interest rates after the September 2026 meeting?,0xa3b36b2d,sell_yes,Sold YES (ask lifted),103.28,0.68,70.2304,0.69,-1,26.8528,64.6533,-37.8005,9259.93,0,0
914,2026-05-24T22:23:00+00:00,2026-05-24,Will there be no change in Fed interest rates after the September 2026 meeting?,0xa3b36b2d,buy_yes,Bought YES (bid hit),103.28,0.68,70.2304,0.68,-0,130.133,64.6533,65.4795,9189.7,0,0
915,2026-05-24T22:23:00+00:00,2026-05-24,Will the Moderate Party (M) win the second most seats in the 2026 Swedish parliamentary election?,0xa3d50cf0,sell_yes,Sold YES (ask lifted),61.968,0.27,16.7314,0.42,-15,109.396,94.811,14.5848,9206.43,0,0
916,2026-05-24T22:25:00+00:00,2026-05-24,Will there be no change in Fed interest rates after the September 2026 meeting?,0xa3b36b2d,sell_yes,Sold YES (ask lifted),103.28,0.68,70.2304,0.685,-0.5,26.8528,64.6533,-37.8005,9276.66,0,0
917,2026-05-24T22:27:00+00:00,2026-05-24,Will there be no change in Fed interest rates after the September 2026 meeting?,0xa3b36b2d,buy_yes,Bought YES (bid hit),103.28,0.69,71.2632,0.68,-1,130.133,64.6533,65.4795,9205.4,0,0
918,2026-05-24T22:39:00+00:00,2026-05-24,Will the Moderate Party (M) win the second most seats in the 2026 Swedish parliamentary election?,0xa3d50cf0,buy_yes,Bought YES (bid hit),61.968,0.33,20.4494,0.23,-10,171.364,94.811,76.5528,9184.95,0,0
919,2026-05-24T22:46:00+00:00,2026-05-24,Will there be no change in Fed interest rates after the September 2026 meeting?,0xa3b36b2d,sell_yes,Sold YES (ask lifted),103.28,0.68,70.2304,0.69,-1,26.8528,64.6533,-37.8005,9255.18,0,0
920,2026-05-24T22:47:00+00:00,2026-05-24,Will there be no change in Fed interest rates after the September 2026 meeting?,0xa3b36b2d,buy_yes,Bought YES (bid hit),103.28,0.68,70.2304,0.675,-0.5,130.133,64.6533,65.4795,9184.95,0,0
921,2026-05-24T22:51:00+00:00,2026-05-24,Will the Sweden Democrats (SD) win the second most seats in the 2026 Swedish parliamentary election?,0x9e2966ab,buy_yes,Bought YES (bid hit),61.968,0.72,44.617,0.69,-3,63.827,60.109,3.71808,9140.33,0,0
922,2026-05-24T23:01:00+00:00,2026-05-24,Will the Moderate Party (M) win the second most seats in the 2026 Swedish parliamentary election?,0xa3d50cf0,sell_yes,Sold YES (ask lifted),61.968,0.29,17.9707,0.36,-7,109.396,94.811,14.5848,9158.3,0,0
923,2026-05-24T23:03:00+00:00,2026-05-24,Will there be no change in Fed interest rates after the September 2026 meeting?,0xa3b36b2d,sell_yes,Sold YES (ask lifted),103.28,0.68,70.2304,0.685,-0.5,26.8528,64.6533,-37.8005,9228.53,0,0
924,2026-05-24T23:04:00+00:00,2026-05-24,Will the Moderate Party (M) win the second most seats in the 2026 Swedish parliamentary election?,0xa3d50cf0,buy_yes,Bought YES (bid hit),65.6861,0.32,21.0195,0.26,-6,175.082,94.811,80.2709,9207.51,0,0
925,2026-05-24T23:05:00+00:00,2026-05-24,Will there be no change in Fed interest rates after the September 2026 meeting?,0xa3b36b2d,buy_yes,Bought YES (bid hit),103.28,0.68,70.2304,0.68,-0,130.133,64.6533,65.4795,9137.28,0,0
926,2026-05-24T23:07:00+00:00,2026-05-24,Will there be no change in Fed interest rates after the September 2026 meeting?,0xa3b36b2d,sell_yes,Sold YES (ask lifted),103.28,0.68,70.2304,0.69,-1,26.8528,64.6533,-37.8005,9207.51,0,0
927,2026-05-24T23:09:00+00:00,2026-05-24,Will the Sweden Democrats (SD) win the second most seats in the 2026 Swedish parliamentary election?,0x9e2966ab,buy_yes,Bought YES (bid hit),61.968,0.7,43.3776,0.695,-0.5,125.795,60.109,65.6861,9164.14,0,0
928,2026-05-24T23:12:00+00:00,2026-05-24,Will there be no change in Fed interest rates after the September 2026 meeting?,0xa3b36b2d,buy_yes,Bought YES (bid hit),103.28,0.68,70.2304,0.675,-0.5,130.133,64.6533,65.4795,9093.91,0,0
929,2026-05-24T23:34:00+00:00,2026-05-24,Will there be no change in Fed interest rates after the September 2026 meeting?,0xa3b36b2d,sell_yes,Sold YES (ask lifted),103.28,0.68,70.2304,0.69,-1,26.8528,64.6533,-37.8005,9164.14,0,0
930,2026-05-24T23:37:00+00:00,2026-05-24,Will there be no change in Fed interest rates after the September 2026 meeting?,0xa3b36b2d,buy_yes,Bought YES (bid hit),103.28,0.68,70.2304,0.68,-0,130.133,64.6533,65.4795,9093.91,0,0
931,2026-05-24T23:42:00+00:00,2026-05-24,Will the Moderate Party (M) win the second most seats in the 2026 Swedish parliamentary election?,0xa3d50cf0,sell_yes,Sold YES (ask lifted),61.968,0.31,19.2101,0.32,-1,113.114,94.811,18.3029,9113.12,0,0
932,2026-05-24T23:54:00+00:00,2026-05-24,Will the Sweden Democrats (SD) win the second most seats in the 2026 Swedish parliamentary election?,0x9e2966ab,sell_yes,Sold YES (ask lifted),61.968,0.75,46.476,0.755,-0.5,63.827,60.109,3.71808,9159.59,0,0
933,2026-05-24T23:59:00+00:00,2026-05-24,Will there be no change in Fed interest rates after the September 2026 meeting?,0xa3b36b2d,sell_yes,Sold YES (ask lifted),103.28,0.69,71.2632,0.695,-0.5,26.8528,64.6533,-37.8005,9230.86,0,0
934,2026-05-25T00:00:00+00:00,2026-05-25,Will Harry Kane win the 2026 Ballon d'Or?,0x12dc2b61,sell_yes,Sold YES (ask lifted),25.82,0.28,7.2296,0.4595,-17.95,0,24.9679,-24.9679,9274.7,0,0
935,2026-05-25T00:00:00+00:00,2026-05-25,Iran leadership change by December 31?,0x377e7fe6,sell_yes,Sold YES (ask lifted),103.28,0.33,34.0824,0.36,-3,0,103.28,-103.28,9308.78,0,0
936,2026-05-25T00:00:00+00:00,2026-05-25,Will Édouard Philippe win the 2027 French presidential election?,0x46f2f457,sell_yes,Sold YES (ask lifted),51.64,0.22,11.3608,0.355,-13.5,0,53.1892,-53.1892,9320.14,0,0
937,2026-05-25T00:00:00+00:00,2026-05-25,Will there be no change in Fed interest rates after the September 2026 meeting?,0xa3b36b2d,buy_yes,Bought YES (bid hit),103.28,0.69,71.2632,0.68,-1,130.133,64.6533,65.4795,9248.88,0,0
938,2026-05-25T00:00:00+00:00,2026-05-25,Will Spider-Man: Brand New Day be the top grossing movie of 2026?,0xc4b07998,buy_yes,Bought YES (bid hit),25.82,0.6,15.492,0.48,-12,52.4146,25.82,26.5946,9233.38,0,0
939,2026-05-25T00:02:00+00:00,2026-05-25,Will Ulf Kristersson be the next Prime Minister of Sweden?,0x8a42bb4c,sell_yes,Sold YES (ask lifted),51.64,0.23,11.8772,0.24,-1,0,3.0984,-3.0984,9245.26,0,0
940,2026-05-25T00:06:00+00:00,2026-05-25,Will the Sweden Democrats (SD) win the second most seats in the 2026 Swedish parliamentary election?,0x9e2966ab,sell_yes,Sold YES (ask lifted),61.968,0.51,31.6037,0.74,-23,1.85904,60.109,-58.2499,9276.87,0,0
941,2026-05-25T00:08:00+00:00,2026-05-25,Will Édouard Philippe win the 2027 French presidential election?,0x46f2f457,buy_yes,Bought YES (bid hit),51.64,0.11,5.6804,0.1,-1,51.64,53.1892,-1.5492,9271.19,0,0
942,2026-05-25T00:09:00+00:00,2026-05-25,Will there be no change in Fed interest rates after the September 2026 meeting?,0xa3b36b2d,sell_yes,Sold YES (ask lifted),103.28,0.68,70.2304,0.685,-0.5,26.8528,64.6533,-37.8005,9341.42,0,0
943,2026-05-25T00:15:00+00:00,2026-05-25,Will there be no change in Fed interest rates after the September 2026 meeting?,0xa3b36b2d,buy_yes,Bought YES (bid hit),103.28,0.68,70.2304,0.675,-0.5,130.133,64.6533,65.4795,9271.19,0,0
944,2026-05-25T00:18:00+00:00,2026-05-25,Will there be no change in Fed interest rates after the September 2026 meeting?,0xa3b36b2d,sell_yes,Sold YES (ask lifted),103.28,0.68,70.2304,0.685,-0.5,26.8528,64.6533,-37.8005,9341.42,0,0
945,2026-05-25T00:19:00+00:00,2026-05-25,Will there be no change in Fed interest rates after the September 2026 meeting?,0xa3b36b2d,buy_yes,Bought YES (bid hit),103.28,0.68,70.2304,0.675,-0.5,130.133,64.6533,65.4795,9271.19,0,0
946,2026-05-25T00:20:00+00:00,2026-05-25,Will the Sweden Democrats (SD) win the third most seats in the 2026 Swedish parliamentary election?,0x939abe4a,sell_yes,Sold YES (ask lifted),46.476,0.2,9.2952,0.34,-14,19.5199,31.1389,-11.619,9280.48,0,0
947,2026-05-25T00:20:00+00:00,2026-05-25,Will there be no change in Fed interest rates after the September 2026 meeting?,0xa3b36b2d,sell_yes,Sold YES (ask lifted),109.477,0.68,74.4442,0.685,-0.5,20.656,64.6533,-43.9973,9354.92,0,0
948,2026-05-25T00:23:00+00:00,2026-05-25,Will there be no change in Fed interest rates after the September 2026 meeting?,0xa3b36b2d,buy_yes,Bought YES (bid hit),103.28,0.68,70.2304,0.68,-0,123.936,64.6533,59.2827,9284.69,0,0
949,2026-05-25T00:25:00+00:00,2026-05-25,Will there be no change in Fed interest rates after the September 2026 meeting?,0xa3b36b2d,sell_yes,Sold YES (ask lifted),103.28,0.69,71.2632,0.695,-0.5,20.656,64.6533,-43.9973,9355.96,0,0
950,2026-05-25T00:26:00+00:00,2026-05-25,Will there be no change in Fed interest rates after the September 2026 meeting?,0xa3b36b2d,buy_yes,Bought YES (bid hit),103.28,0.69,71.2632,0.68,-1,123.936,64.6533,59.2827,9284.69,0,0
951,2026-05-25T00:27:00+00:00,2026-05-25,Bab el-Mandeb Strait effectively closed by September 30?,0x95fc6a4e,buy_yes,Bought YES (bid hit),103.28,0.18,18.5904,0.145,-3.5,143.559,103.28,40.2792,9266.1,0,0
952,2026-05-25T00:35:00+00:00,2026-05-25,Will the Sweden Democrats (SD) win the third most seats in the 2026 Swedish parliamentary election?,0x939abe4a,buy_yes,Bought YES (bid hit),46.476,0.32,14.8723,0.185,-13.5,65.9959,31.1389,34.857,9251.23,0,0
953,2026-05-25T00:36:00+00:00,2026-05-25,Bab el-Mandeb Strait effectively closed by September 30?,0x95fc6a4e,sell_yes,Sold YES (ask lifted),103.28,0.15,15.492,0.16,-1,40.2792,103.28,-63.0008,9266.72,0,0
954,2026-05-25T00:55:00+00:00,2026-05-25,Will the Moderate Party (M) win the second most seats in the 2026 Swedish parliamentary election?,0xa3d50cf0,sell_yes,Sold YES (ask lifted),61.968,0.24,14.8723,0.25,-1,51.1459,94.811,-43.6651,9281.6,0,0
955,2026-05-25T01:11:00+00:00,2026-05-25,Will the Moderate Party (M) win the second most seats in the 2026 Swedish parliamentary election?,0xa3d50cf0,buy_yes,Bought YES (bid hit),61.968,0.23,14.2526,0.23,-0,113.114,94.811,18.3029,9267.34,0,0
956,2026-05-25T01:16:00+00:00,2026-05-25,Will the Moderate Party (M) win the second most seats in the 2026 Swedish parliamentary election?,0xa3d50cf0,sell_yes,Sold YES (ask lifted),61.968,0.22,13.633,0.245,-2.5,51.1459,94.811,-43.6651,9280.98,0,0
957,2026-05-25T01:22:00+00:00,2026-05-25,Will the Moderate Party (M) win the second most seats in the 2026 Swedish parliamentary election?,0xa3d50cf0,buy_yes,Bought YES (bid hit),61.968,0.23,14.2526,0.23,-0,113.114,94.811,18.3029,9266.72,0,0
958,2026-05-25T01:34:00+00:00,2026-05-25,Will the Moderate Party (M) win the second most seats in the 2026 Swedish parliamentary election?,0xa3d50cf0,sell_yes,Sold YES (ask lifted),61.968,0.24,14.8723,0.405,-16.5,51.1459,94.811,-43.6651,9281.6,0,0
959,2026-05-25T01:38:00+00:00,2026-05-25,Will the Moderate Party (M) win the second most seats in the 2026 Swedish parliamentary election?,0xa3d50cf0,buy_yes,Bought YES (bid hit),74.9813,0.41,30.7423,0.37,-4,126.127,94.811,31.3161,9250.85,0,0
960,2026-05-25T01:45:00+00:00,2026-05-25,Will the Moderate Party (M) win the second most seats in the 2026 Swedish parliamentary election?,0xa3d50cf0,sell_yes,Sold YES (ask lifted),61.968,0.33,20.4494,0.335,-0.5,64.1592,94.811,-30.6519,9271.3,0,0
961,2026-05-25T01:46:00+00:00,2026-05-25,Will there be no change in Fed interest rates after the September 2026 meeting?,0xa3b36b2d,sell_yes,Sold YES (ask lifted),103.28,0.68,70.2304,0.685,-0.5,20.656,64.6533,-43.9973,9341.53,0,0
962,2026-05-25T01:46:00+00:00,2026-05-25,Will the Moderate Party (M) win the second most seats in the 2026 Swedish parliamentary election?,0xa3d50cf0,buy_yes,Bought YES (bid hit),71.2632,0.33,23.5169,0.325,-0.5,135.422,94.811,40.6113,9318.02,0,0
963,2026-05-25T01:48:00+00:00,2026-05-25,Will there be no change in Fed interest rates after the September 2026 meeting?,0xa3b36b2d,buy_yes,Bought YES (bid hit),103.28,0.68,70.2304,0.675,-0.5,123.936,64.6533,59.2827,9247.79,0,0
964,2026-05-25T01:49:00+00:00,2026-05-25,Will there be no change in Fed interest rates after the September 2026 meeting?,0xa3b36b2d,sell_yes,Sold YES (ask lifted),103.28,0.68,70.2304,0.695,-1.5,20.656,64.6533,-43.9973,9318.02,0,0
965,2026-05-25T01:50:00+00:00,2026-05-25,Will there be no change in Fed interest rates after the September 2026 meeting?,0xa3b36b2d,buy_yes,Bought YES (bid hit),103.28,0.69,71.2632,0.685,-0.5,123.936,64.6533,59.2827,9246.75,0,0
966,2026-05-25T02:03:00+00:00,2026-05-25,Will there be no change in Fed interest rates after the September 2026 meeting?,0xa3b36b2d,sell_yes,Sold YES (ask lifted),103.28,0.68,70.2304,0.685,-0.5,20.656,64.6533,-43.9973,9316.98,0,0
967,2026-05-25T02:07:00+00:00,2026-05-25,Will there be no change in Fed interest rates after the September 2026 meeting?,0xa3b36b2d,buy_yes,Bought YES (bid hit),103.28,0.68,70.2304,0.68,-0,123.936,64.6533,59.2827,9246.75,0,0
968,2026-05-25T02:11:00+00:00,2026-05-25,Will the Moderate Party (M) win the second most seats in the 2026 Swedish parliamentary election?,0xa3d50cf0,sell_yes,Sold YES (ask lifted),61.968,0.28,17.351,0.315,-3.5,73.4544,94.811,-21.3567,9264.1,0,0
969,2026-05-25T02:12:00+00:00,2026-05-25,Will the Moderate Party (M) win the second most seats in the 2026 Swedish parliamentary election?,0xa3d50cf0,buy_yes,Bought YES (bid hit),63.827,0.31,19.7864,0.305,-0.5,137.281,94.811,42.4704,9244.32,0,0
970,2026-05-25T02:13:00+00:00,2026-05-25,Will the Moderate Party (M) win the second most seats in the 2026 Swedish parliamentary election?,0xa3d50cf0,sell_yes,Sold YES (ask lifted),61.968,0.31,19.2101,0.315,-0.5,75.3134,94.811,-19.4976,9263.53,0,0
971,2026-05-25T02:19:00+00:00,2026-05-25,Will the Moderate Party (M) win the third most seats in the 2026 Swedish parliamentary election?,0xbbb881b0,buy_yes,Bought YES (bid hit),46.476,0.62,28.8151,0.615,-0.5,71.2012,63.2074,7.99387,9234.71,0,0
972,2026-05-25T02:22:00+00:00,2026-05-25,Will the Moderate Party (M) win the second most seats in the 2026 Swedish parliamentary election?,0xa3d50cf0,buy_yes,Bought YES (bid hit),61.968,0.29,17.9707,0.255,-3.5,137.281,94.811,42.4704,9216.74,0,0
973,2026-05-25T02:25:00+00:00,2026-05-25,Will the Moderate Party (M) win the second most seats in the 2026 Swedish parliamentary election?,0xa3d50cf0,sell_yes,Sold YES (ask lifted),61.968,0.25,15.492,0.315,-6.5,75.3134,94.811,-19.4976,9232.23,0,0
974,2026-05-25T02:34:00+00:00,2026-05-25,Will there be no change in Fed interest rates after the September 2026 meeting?,0xa3b36b2d,sell_yes,Sold YES (ask lifted),103.28,0.68,70.2304,0.69,-1,20.656,64.6533,-43.9973,9302.46,0,0
975,2026-05-25T02:36:00+00:00,2026-05-25,Will there be no change in Fed interest rates after the September 2026 meeting?,0xa3b36b2d,buy_yes,Bought YES (bid hit),103.28,0.69,71.2632,0.68,-1,123.936,64.6533,59.2827,9231.2,0,0
976,2026-05-25T02:36:00+00:00,2026-05-25,Will the Moderate Party (M) win the second most seats in the 2026 Swedish parliamentary election?,0xa3d50cf0,buy_yes,Bought YES (bid hit),61.968,0.28,17.351,0.28,-0,137.281,94.811,42.4704,9213.85,0,0
977,2026-05-25T02:38:00+00:00,2026-05-25,Will the Moderate Party (M) win the second most seats in the 2026 Swedish parliamentary election?,0xa3d50cf0,sell_yes,Sold YES (ask lifted),61.968,0.28,17.351,0.295,-1.5,75.3134,94.811,-19.4976,9231.2,0,0
978,2026-05-25T02:40:00+00:00,2026-05-25,Will the Moderate Party (M) win the second most seats in the 2026 Swedish parliamentary election?,0xa3d50cf0,buy_yes,Bought YES (bid hit),74.9813,0.28,20.9948,0.28,-0,150.295,94.811,55.4837,9210.21,0,0
979,2026-05-25T02:41:00+00:00,2026-05-25,Will there be no change in Fed interest rates after the September 2026 meeting?,0xa3b36b2d,sell_yes,Sold YES (ask lifted),103.28,0.68,70.2304,0.685,-0.5,20.656,64.6533,-43.9973,9280.44,0,0
980,2026-05-25T02:41:00+00:00,2026-05-25,Will the Moderate Party (M) win the second most seats in the 2026 Swedish parliamentary election?,0xa3d50cf0,sell_yes,Sold YES (ask lifted),61.968,0.29,17.9707,0.295,-0.5,88.3267,94.811,-6.48433,9298.41,0,0
981,2026-05-25T02:42:00+00:00,2026-05-25,Will there be no change in Fed interest rates after the September 2026 meeting?,0xa3b36b2d,buy_yes,Bought YES (bid hit),103.28,0.68,70.2304,0.675,-0.5,123.936,64.6533,59.2827,9228.18,0,0
982,2026-05-25T02:43:00+00:00,2026-05-25,Will there be no change in Fed interest rates after the September 2026 meeting?,0xa3b36b2d,sell_yes,Sold YES (ask lifted),103.28,0.68,70.2304,0.685,-0.5,20.656,64.6533,-43.9973,9298.41,0,0
983,2026-05-25T02:45:00+00:00,2026-05-25,Will there be no change in Fed interest rates after the September 2026 meeting?,0xa3b36b2d,buy_yes,Bought YES (bid hit),103.28,0.68,70.2304,0.68,-0,123.936,64.6533,59.2827,9228.18,0,0
984,2026-05-25T02:45:00+00:00,2026-05-25,Will the Moderate Party (M) win the second most seats in the 2026 Swedish parliamentary election?,0xa3d50cf0,buy_yes,Bought YES (bid hit),28.7532,0.26,7.4758,0.245,-1.5,117.08,94.811,22.2688,9220.7,0,0
985,2026-05-25T03:14:00+00:00,2026-05-25,Will there be no change in Fed interest rates after the September 2026 meeting?,0xa3b36b2d,sell_yes,Sold YES (ask lifted),103.28,0.69,71.2632,0.695,-0.5,20.656,64.6533,-43.9973,9291.96,0,0
986,2026-05-25T03:15:00+00:00,2026-05-25,Will there be no change in Fed interest rates after the September 2026 meeting?,0xa3b36b2d,buy_yes,Bought YES (bid hit),103.28,0.69,71.2632,0.68,-1,123.936,64.6533,59.2827,9220.7,0,0
987,2026-05-25T03:50:00+00:00,2026-05-25,Will there be no change in Fed interest rates after the September 2026 meeting?,0xa3b36b2d,sell_yes,Sold YES (ask lifted),103.28,0.69,71.2632,0.705,-1.5,20.656,64.6533,-43.9973,9291.96,0,0
988,2026-05-25T03:51:00+00:00,2026-05-25,Will the Sweden Democrats (SD) win the third most seats in the 2026 Swedish parliamentary election?,0x939abe4a,sell_yes,Sold YES (ask lifted),46.476,0.19,8.8304,0.195,-0.5,19.5199,31.1389,-11.619,9300.8,0,0
989,2026-05-25T03:52:00+00:00,2026-05-25,Will the Sweden Democrats (SD) win the third most seats in the 2026 Swedish parliamentary election?,0x939abe4a,buy_yes,Bought YES (bid hit),46.476,0.19,8.8304,0.185,-0.5,65.9959,31.1389,34.857,9291.96,0,0
990,2026-05-25T04:18:00+00:00,2026-05-25,Will the Moderate Party (M) win the second most seats in the 2026 Swedish parliamentary election?,0xa3d50cf0,sell_yes,Sold YES (ask lifted),61.968,0.26,16.1117,0.285,-2.5,55.1119,94.811,-39.6992,9308.08,0,0
991,2026-05-25T04:19:00+00:00,2026-05-25,Will the Sweden Democrats (SD) win the third most seats in the 2026 Swedish parliamentary election?,0x939abe4a,sell_yes,Sold YES (ask lifted),46.476,0.19,8.8304,0.195,-0.5,19.5199,31.1389,-11.619,9316.91,0,0
992,2026-05-25T04:20:00+00:00,2026-05-25,Will the Sweden Democrats (SD) win the third most seats in the 2026 Swedish parliamentary election?,0x939abe4a,buy_yes,Bought YES (bid hit),46.476,0.19,8.8304,0.185,-0.5,65.9959,31.1389,34.857,9308.08,0,0
993,2026-05-25T07:11:00+00:00,2026-05-25,Will the Moderate Party (M) win the second most seats in the 2026 Swedish parliamentary election?,0xa3d50cf0,buy_yes,Bought YES (bid hit),61.968,0.23,14.2526,0.205,-2.5,117.08,94.811,22.2688,9293.82,0,0
994,2026-05-25T07:13:00+00:00,2026-05-25,Will the Moderate Party (M) win the second most seats in the 2026 Swedish parliamentary election?,0xa3d50cf0,sell_yes,Sold YES (ask lifted),61.968,0.24,14.8723,0.285,-4.5,55.1119,94.811,-39.6992,9308.7,0,0
995,2026-05-25T07:15:00+00:00,2026-05-25,Will the Moderate Party (M) win the second most seats in the 2026 Swedish parliamentary election?,0xa3d50cf0,buy_yes,Bought YES (bid hit),61.968,0.24,14.8723,0.215,-2.5,117.08,94.811,22.2688,9293.82,0,0
996,2026-05-25T07:26:00+00:00,2026-05-25,Will the Moderate Party (M) win the second most seats in the 2026 Swedish parliamentary election?,0xa3d50cf0,sell_yes,Sold YES (ask lifted),61.968,0.26,16.1117,0.28,-2,55.1119,94.811,-39.6992,9309.94,0,0
997,2026-05-26T00:00:00+00:00,2026-05-26,Will Édouard Philippe win the 2027 French presidential election?,0x46f2f457,buy_yes,Bought YES (bid hit),51.64,0.15,7.746,0.1,-5,103.28,53.1892,50.0908,9310.87,0,0
998,2026-05-26T00:00:00+00:00,2026-05-26,Will Spider-Man: Brand New Day be the top grossing movie of 2026?,0xc4b07998,sell_yes,Sold YES (ask lifted),25.82,0.56,14.4592,0.595,-3.5,26.5946,25.82,0.7746,9325.33,0,0
999,2026-05-26T00:01:00+00:00,2026-05-26,Will Harry Kane win the 2026 Ballon d'Or?,0x12dc2b61,buy_yes,Bought YES (bid hit),25.82,0.25,6.455,0.2425,-0.75,25.82,24.9679,0.85206,9318.87,0,0
1000,2026-05-26T00:02:00+00:00,2026-05-26,Will Édouard Philippe win the 2027 French presidential election?,0x46f2f457,sell_yes,Sold YES (ask lifted),51.64,0.11,5.6804,0.125,-1.5,51.64,53.1892,-1.5492,9324.55,0,0
1001,2026-05-26T00:03:00+00:00,2026-05-26,Will there be no change in Fed interest rates after the September 2026 meeting?,0xa3b36b2d,buy_yes,Bought YES (bid hit),103.28,0.72,74.3616,0.71,-1,123.936,64.6533,59.2827,9250.19,0,0
1002,2026-05-26T00:05:00+00:00,2026-05-26,Will the Moderate Party (M) win the third most seats in the 2026 Swedish parliamentary election?,0xbbb881b0,sell_yes,Sold YES (ask lifted),46.476,0.66,30.6742,0.7,-4,24.7252,63.2074,-38.4821,9280.86,0,0
1003,2026-05-26T00:06:00+00:00,2026-05-26,Bab el-Mandeb Strait effectively closed by September 30?,0x95fc6a4e,buy_yes,Bought YES (bid hit),103.28,0.17,17.5576,0.15,-2,143.559,103.28,40.2792,9263.31,0,0
1004,2026-05-26T00:26:00+00:00,2026-05-26,Will the Moderate Party (M) win the second most seats in the 2026 Swedish parliamentary election?,0xa3d50cf0,buy_yes,Bought YES (bid hit),61.968,0.24,14.8723,0.215,-2.5,117.08,94.811,22.2688,9248.43,0,0
1005,2026-05-26T00:31:00+00:00,2026-05-26,Will the Moderate Party (M) win the second most seats in the 2026 Swedish parliamentary election?,0xa3d50cf0,sell_yes,Sold YES (ask lifted),61.968,0.21,13.0133,0.22,-1,55.1119,94.811,-39.6992,9261.45,0,0
1006,2026-05-26T00:34:00+00:00,2026-05-26,Will the Moderate Party (M) win the second most seats in the 2026 Swedish parliamentary election?,0xa3d50cf0,buy_yes,Bought YES (bid hit),61.968,0.21,13.0133,0.205,-0.5,117.08,94.811,22.2688,9248.43,0,0
1007,2026-05-26T00:35:00+00:00,2026-05-26,Will the Moderate Party (M) win the second most seats in the 2026 Swedish parliamentary election?,0xa3d50cf0,sell_yes,Sold YES (ask lifted),61.968,0.21,13.0133,0.22,-1,55.1119,94.811,-39.6992,9261.45,0,0
1008,2026-05-26T00:51:00+00:00,2026-05-26,Bab el-Mandeb Strait effectively closed by September 30?,0x95fc6a4e,sell_yes,Sold YES (ask lifted),103.28,0.16,16.5248,0.165,-0.5,40.2792,103.28,-63.0008,9277.97,0,0
1009,2026-05-26T00:56:00+00:00,2026-05-26,Will the Moderate Party (M) win the second most seats in the 2026 Swedish parliamentary election?,0xa3d50cf0,buy_yes,Bought YES (bid hit),61.968,0.2,12.3936,0.2,-0,117.08,94.811,22.2688,9265.58,0,0
1010,2026-05-26T01:00:00+00:00,2026-05-26,Will the Moderate Party (M) win the second most seats in the 2026 Swedish parliamentary election?,0xa3d50cf0,sell_yes,Sold YES (ask lifted),61.968,0.21,13.0133,0.255,-4.5,55.1119,94.811,-39.6992,9278.59,0,0
1011,2026-05-26T01:04:00+00:00,2026-05-26,Will the Moderate Party (M) win the second most seats in the 2026 Swedish parliamentary election?,0xa3d50cf0,buy_yes,Bought YES (bid hit),61.968,0.24,14.8723,0.235,-0.5,117.08,94.811,22.2688,9263.72,0,0
1012,2026-05-26T01:05:00+00:00,2026-05-26,Will the Moderate Party (M) win the second most seats in the 2026 Swedish parliamentary election?,0xa3d50cf0,sell_yes,Sold YES (ask lifted),71.2632,0.24,17.1032,0.245,-0.5,45.8167,94.811,-48.9944,9280.82,0,0
1013,2026-05-26T01:06:00+00:00,2026-05-26,Will the Moderate Party (M) win the second most seats in the 2026 Swedish parliamentary election?,0xa3d50cf0,buy_yes,Bought YES (bid hit),61.968,0.24,14.8723,0.225,-1.5,107.785,94.811,12.9736,9265.95,0,0
1014,2026-05-26T01:07:00+00:00,2026-05-26,Bab el-Mandeb Strait effectively closed by September 30?,0x95fc6a4e,buy_yes,Bought YES (bid hit),103.28,0.17,17.5576,0.17,-0,143.559,103.28,40.2792,9248.39,0,0
1015,2026-05-26T01:07:00+00:00,2026-05-26,Will the Moderate Party (M) win the second most seats in the 2026 Swedish parliamentary election?,0xa3d50cf0,sell_yes,Sold YES (ask lifted),74.9813,0.23,17.2457,0.235,-0.5,32.8034,94.811,-62.0077,9265.64,0,0
1016,2026-05-26T01:10:00+00:00,2026-05-26,Will the Moderate Party (M) win the third most seats in the 2026 Swedish parliamentary election?,0xbbb881b0,buy_yes,Bought YES (bid hit),46.476,0.65,30.2094,0.625,-2.5,71.2012,63.2074,7.99387,9235.43,0,0
1017,2026-05-26T01:40:00+00:00,2026-05-26,Will the Moderate Party (M) win the second most seats in the 2026 Swedish parliamentary election?,0xa3d50cf0,buy_yes,Bought YES (bid hit),61.968,0.24,14.8723,0.235,-0.5,94.7714,94.811,-0.03966,9220.56,0,0
1018,2026-05-26T01:59:00+00:00,2026-05-26,Will the Moderate Party (M) win the second most seats in the 2026 Swedish parliamentary election?,0xa3d50cf0,sell_yes,Sold YES (ask lifted),61.968,0.28,17.351,0.29,-1,32.8034,94.811,-62.0077,9237.91,0,0
1019,2026-05-26T02:24:00+00:00,2026-05-26,Bab el-Mandeb Strait effectively closed by September 30?,0x95fc6a4e,sell_yes,Sold YES (ask lifted),103.28,0.18,18.5904,0.2,-2,40.2792,103.28,-63.0008,9256.5,0,0
1020,2026-05-26T03:43:00+00:00,2026-05-26,Will the Sweden Democrats (SD) win the second most seats in the 2026 Swedish parliamentary election?,0x9e2966ab,buy_yes,Bought YES (bid hit),61.968,0.73,45.2366,0.715,-1.5,63.827,60.109,3.71808,9211.26,0,0
1021,2026-05-26T03:45:00+00:00,2026-05-26,Will the Moderate Party (M) win the second most seats in the 2026 Swedish parliamentary election?,0xa3d50cf0,buy_yes,Bought YES (bid hit),63.827,0.34,21.7012,0.305,-3.5,96.6304,94.811,1.81938,9189.56,0,0
1022,2026-05-26T04:21:00+00:00,2026-05-26,Will the Sweden Democrats (SD) win the second most seats in the 2026 Swedish parliamentary election?,0x9e2966ab,sell_yes,Sold YES (ask lifted),61.968,0.72,44.617,0.725,-0.5,1.85904,60.109,-58.2499,9234.18,0,0
1023,2026-05-26T04:35:00+00:00,2026-05-26,Will the Moderate Party (M) win the second most seats in the 2026 Swedish parliamentary election?,0xa3d50cf0,sell_yes,Sold YES (ask lifted),61.968,0.26,16.1117,0.265,-0.5,34.6624,94.811,-60.1486,9250.29,0,0
1024,2026-05-26T05:45:00+00:00,2026-05-26,Clarity Act (H.R.3633) signed into law in 2026?,0x9cb23d04,sell_yes,Sold YES (ask lifted),51.64,0.56,28.9184,0.565,-0.5,51.64,53.1892,-1.5492,9279.21,0,0
1025,2026-05-26T06:50:00+00:00,2026-05-26,Will the Sweden Democrats (SD) win the third most seats in the 2026 Swedish parliamentary election?,0x939abe4a,sell_yes,Sold YES (ask lifted),46.476,0.19,8.8304,0.2,-1,19.5199,31.1389,-11.619,9288.04,0,0
1026,2026-05-26T07:05:00+00:00,2026-05-26,Will the Moderate Party (M) win the second most seats in the 2026 Swedish parliamentary election?,0xa3d50cf0,buy_yes,Bought YES (bid hit),61.968,0.22,13.633,0.2,-2,96.6304,94.811,1.81938,9274.4,0,0
1027,2026-05-26T07:14:00+00:00,2026-05-26,Will there be no change in Fed interest rates after the September 2026 meeting?,0xa3b36b2d,sell_yes,Sold YES (ask lifted),103.28,0.68,70.2304,0.695,-1.5,20.656,64.6533,-43.9973,9344.64,0,0
1028,2026-05-26T07:15:00+00:00,2026-05-26,Will there be no change in Fed interest rates after the September 2026 meeting?,0xa3b36b2d,buy_yes,Bought YES (bid hit),103.28,0.69,71.2632,0.685,-0.5,123.936,64.6533,59.2827,9273.37,0,0
1029,2026-05-26T07:20:00+00:00,2026-05-26,Will there be no change in Fed interest rates after the September 2026 meeting?,0xa3b36b2d,sell_yes,Sold YES (ask lifted),103.28,0.69,71.2632,0.695,-0.5,20.656,64.6533,-43.9973,9344.64,0,0
1030,2026-05-26T07:21:00+00:00,2026-05-26,Will there be no change in Fed interest rates after the September 2026 meeting?,0xa3b36b2d,buy_yes,Bought YES (bid hit),106.378,0.69,73.4011,0.685,-0.5,127.034,64.6533,62.3811,9271.23,0,0
1031,2026-05-26T07:27:00+00:00,2026-05-26,Will the Moderate Party (M) win the second most seats in the 2026 Swedish parliamentary election?,0xa3d50cf0,sell_yes,Sold YES (ask lifted),61.968,0.26,16.1117,0.27,-1,34.6624,94.811,-60.1486,9287.35,0,0
1032,2026-05-26T07:31:00+00:00,2026-05-26,Will there be no change in Fed interest rates after the September 2026 meeting?,0xa3b36b2d,sell_yes,Sold YES (ask lifted),103.28,0.69,71.2632,0.695,-0.5,23.7544,64.6533,-40.8989,9358.61,0,0
1033,2026-05-26T07:32:00+00:00,2026-05-26,Will there be no change in Fed interest rates after the September 2026 meeting?,0xa3b36b2d,buy_yes,Bought YES (bid hit),106.378,0.69,73.4011,0.68,-1,130.133,64.6533,65.4795,9285.21,0,0
1034,2026-05-26T07:56:00+00:00,2026-05-26,Iran leadership change by December 31?,0x377e7fe6,buy_yes,Bought YES (bid hit),103.28,0.32,33.0496,0.315,-0.5,103.28,103.28,0,9252.16,0,0
1035,2026-05-26T08:10:00+00:00,2026-05-26,Will there be no change in Fed interest rates after the September 2026 meeting?,0xa3b36b2d,sell_yes,Sold YES (ask lifted),103.28,0.68,70.2304,0.69,-1,26.8528,64.6533,-37.8005,9322.39,0,0
1036,2026-05-26T08:11:00+00:00,2026-05-26,Will there be no change in Fed interest rates after the September 2026 meeting?,0xa3b36b2d,buy_yes,Bought YES (bid hit),103.28,0.68,70.2304,0.68,-0,130.133,64.6533,65.4795,9252.16,0,0
1037,2026-05-26T08:24:00+00:00,2026-05-26,Will the Sweden Democrats (SD) win the third most seats in the 2026 Swedish parliamentary election?,0x939abe4a,buy_yes,Bought YES (bid hit),46.476,0.19,8.8304,0.185,-0.5,65.9959,31.1389,34.857,9243.33,0,0
1038,2026-05-26T08:27:00+00:00,2026-05-26,Will the Moderate Party (M) win the second most seats in the 2026 Swedish parliamentary election?,0xa3d50cf0,buy_yes,Bought YES (bid hit),61.968,0.22,13.633,0.21,-1,96.6304,94.811,1.81938,9229.69,0,0
1039,2026-05-26T08:38:00+00:00,2026-05-26,Will the Moderate Party (M) win the second most seats in the 2026 Swedish parliamentary election?,0xa3d50cf0,buy_yes,Bought YES (bid hit),61.968,0.23,14.2526,0.205,-2.5,158.598,94.811,63.7874,9215.44,0,0
1040,2026-05-26T08:41:00+00:00,2026-05-26,Will the Sweden Democrats (SD) win the third most seats in the 2026 Swedish parliamentary election?,0x939abe4a,sell_yes,Sold YES (ask lifted),46.476,0.19,8.8304,0.195,-0.5,19.5199,31.1389,-11.619,9224.27,0,0
1041,2026-05-26T08:43:00+00:00,2026-05-26,Will the Sweden Democrats (SD) win the third most seats in the 2026 Swedish parliamentary election?,0x939abe4a,buy_yes,Bought YES (bid hit),46.476,0.19,8.8304,0.185,-0.5,65.9959,31.1389,34.857,9215.44,0,0
1042,2026-05-26T08:44:00+00:00,2026-05-26,Will there be no change in Fed interest rates after the September 2026 meeting?,0xa3b36b2d,sell_yes,Sold YES (ask lifted),103.28,0.68,70.2304,0.685,-0.5,26.8528,64.6533,-37.8005,9285.67,0,0
1043,2026-05-26T08:45:00+00:00,2026-05-26,Will there be no change in Fed interest rates after the September 2026 meeting?,0xa3b36b2d,buy_yes,Bought YES (bid hit),106.378,0.68,72.3373,0.68,-0,133.231,64.6533,68.5779,9213.34,0,0
1044,2026-05-26T09:09:00+00:00,2026-05-26,Will the Sweden Democrats (SD) win the third most seats in the 2026 Swedish parliamentary election?,0x939abe4a,sell_yes,Sold YES (ask lifted),46.476,0.19,8.8304,0.2,-1,19.5199,31.1389,-11.619,9222.17,0,0
1045,2026-05-26T09:30:00+00:00,2026-05-26,Will the Sweden Democrats (SD) win the third most seats in the 2026 Swedish parliamentary election?,0x939abe4a,buy_yes,Bought YES (bid hit),46.476,0.19,8.8304,0.185,-0.5,65.9959,31.1389,34.857,9213.34,0,0
1046,2026-05-26T09:45:00+00:00,2026-05-26,Will the Moderate Party (M) win the second most seats in the 2026 Swedish parliamentary election?,0xa3d50cf0,sell_yes,Sold YES (ask lifted),61.968,0.29,17.9707,0.405,-11.5,96.6304,94.811,1.81938,9231.31,0,0
1047,2026-05-26T09:56:00+00:00,2026-05-26,Will the Moderate Party (M) win the second most seats in the 2026 Swedish parliamentary election?,0xa3d50cf0,buy_yes,Bought YES (bid hit),61.968,0.31,19.2101,0.265,-4.5,158.598,94.811,63.7874,9212.1,0,0
1048,2026-05-26T10:37:00+00:00,2026-05-26,Will the Sweden Democrats (SD) win the third most seats in the 2026 Swedish parliamentary election?,0x939abe4a,sell_yes,Sold YES (ask lifted),46.476,0.19,8.8304,0.195,-0.5,19.5199,31.1389,-11.619,9220.93,0,0
1049,2026-05-26T10:50:00+00:00,2026-05-26,Will the Sweden Democrats (SD) win the third most seats in the 2026 Swedish parliamentary election?,0x939abe4a,buy_yes,Bought YES (bid hit),46.476,0.19,8.8304,0.185,-0.5,65.9959,31.1389,34.857,9212.1,0,0
1050,2026-05-26T10:56:00+00:00,2026-05-26,Will there be no change in Fed interest rates after the September 2026 meeting?,0xa3b36b2d,sell_yes,Sold YES (ask lifted),115.674,0.68,78.658,0.725,-4.5,17.5576,64.6533,-47.0957,9290.75,0,0
1051,2026-05-26T11:40:00+00:00,2026-05-26,Will the Sweden Democrats (SD) win the third most seats in the 2026 Swedish parliamentary election?,0x939abe4a,sell_yes,Sold YES (ask lifted),46.476,0.19,8.8304,0.195,-0.5,19.5199,31.1389,-11.619,9299.58,0,0
1052,2026-05-26T11:42:00+00:00,2026-05-26,Will the Sweden Democrats (SD) win the third most seats in the 2026 Swedish parliamentary election?,0x939abe4a,buy_yes,Bought YES (bid hit),46.476,0.19,8.8304,0.185,-0.5,65.9959,31.1389,34.857,9290.75,0,0
1053,2026-05-26T12:37:00+00:00,2026-05-26,Will the Sweden Democrats (SD) win the third most seats in the 2026 Swedish parliamentary election?,0x939abe4a,sell_yes,Sold YES (ask lifted),46.476,0.19,8.8304,0.195,-0.5,19.5199,31.1389,-11.619,9299.58,0,0
1054,2026-05-26T12:38:00+00:00,2026-05-26,Will the Sweden Democrats (SD) win the third most seats in the 2026 Swedish parliamentary election?,0x939abe4a,buy_yes,Bought YES (bid hit),46.476,0.19,8.8304,0.185,-0.5,65.9959,31.1389,34.857,9290.75,0,0
1055,2026-05-26T13:27:00+00:00,2026-05-26,Will there be no change in Fed interest rates after the September 2026 meeting?,0xa3b36b2d,buy_yes,Bought YES (bid hit),103.28,0.74,76.4272,0.735,-0.5,120.838,64.6533,56.1843,9214.33,0,0
1056,2026-05-26T14:02:00+00:00,2026-05-26,Will the Sweden Democrats (SD) win the third most seats in the 2026 Swedish parliamentary election?,0x939abe4a,sell_yes,Sold YES (ask lifted),46.476,0.19,8.8304,0.195,-0.5,19.5199,31.1389,-11.619,9223.16,0,0
1057,2026-05-26T14:04:00+00:00,2026-05-26,Will the Sweden Democrats (SD) win the third most seats in the 2026 Swedish parliamentary election?,0x939abe4a,buy_yes,Bought YES (bid hit),46.476,0.19,8.8304,0.185,-0.5,65.9959,31.1389,34.857,9214.33,0,0
1058,2026-05-26T14:20:00+00:00,2026-05-26,Will the Sweden Democrats (SD) win the third most seats in the 2026 Swedish parliamentary election?,0x939abe4a,sell_yes,Sold YES (ask lifted),46.476,0.19,8.8304,0.2,-1,19.5199,31.1389,-11.619,9223.16,0,0
1059,2026-05-26T15:03:00+00:00,2026-05-26,Bab el-Mandeb Strait effectively closed by September 30?,0x95fc6a4e,buy_yes,Bought YES (bid hit),103.28,0.2,20.656,0.175,-2.5,143.559,103.28,40.2792,9202.5,0,0
1060,2026-05-26T15:26:00+00:00,2026-05-26,Will the Sweden Democrats (SD) win the third most seats in the 2026 Swedish parliamentary election?,0x939abe4a,buy_yes,Bought YES (bid hit),46.476,0.19,8.8304,0.185,-0.5,65.9959,31.1389,34.857,9193.67,0,0
1061,2026-05-26T15:35:00+00:00,2026-05-26,Will the Sweden Democrats (SD) win the third most seats in the 2026 Swedish parliamentary election?,0x939abe4a,sell_yes,Sold YES (ask lifted),46.476,0.19,8.8304,0.2,-1,19.5199,31.1389,-11.619,9202.5,0,0
1062,2026-05-26T15:54:00+00:00,2026-05-26,Will the Sweden Democrats (SD) win the third most seats in the 2026 Swedish parliamentary election?,0x939abe4a,buy_yes,Bought YES (bid hit),46.476,0.19,8.8304,0.185,-0.5,65.9959,31.1389,34.857,9193.67,0,0
1063,2026-05-26T16:11:00+00:00,2026-05-26,Will the Sweden Democrats (SD) win the third most seats in the 2026 Swedish parliamentary election?,0x939abe4a,sell_yes,Sold YES (ask lifted),46.476,0.19,8.8304,0.195,-0.5,19.5199,31.1389,-11.619,9202.5,0,0
1064,2026-05-26T16:14:00+00:00,2026-05-26,Will the Sweden Democrats (SD) win the third most seats in the 2026 Swedish parliamentary election?,0x939abe4a,buy_yes,Bought YES (bid hit),46.476,0.19,8.8304,0.185,-0.5,65.9959,31.1389,34.857,9193.67,0,0
1065,2026-05-26T16:30:00+00:00,2026-05-26,Will the Sweden Democrats (SD) win the third most seats in the 2026 Swedish parliamentary election?,0x939abe4a,sell_yes,Sold YES (ask lifted),46.476,0.19,8.8304,0.2,-1,19.5199,31.1389,-11.619,9202.5,0,0
1066,2026-05-26T16:41:00+00:00,2026-05-26,Will the Moderate Party (M) win the second most seats in the 2026 Swedish parliamentary election?,0xa3d50cf0,sell_yes,Sold YES (ask lifted),61.968,0.25,15.492,0.285,-3.5,96.6304,94.811,1.81938,9217.99,0,0
1067,2026-05-26T17:18:00+00:00,2026-05-26,Will the Sweden Democrats (SD) win the third most seats in the 2026 Swedish parliamentary election?,0x939abe4a,buy_yes,Bought YES (bid hit),46.476,0.19,8.8304,0.185,-0.5,65.9959,31.1389,34.857,9209.16,0,0
1068,2026-05-26T17:36:00+00:00,2026-05-26,Will the Moderate Party (M) win the second most seats in the 2026 Swedish parliamentary election?,0xa3d50cf0,sell_yes,Sold YES (ask lifted),61.968,0.27,16.7314,0.31,-4,34.6624,94.811,-60.1486,9225.89,0,0
1069,2026-05-26T17:54:00+00:00,2026-05-26,Will the Sweden Democrats (SD) win the third most seats in the 2026 Swedish parliamentary election?,0x939abe4a,sell_yes,Sold YES (ask lifted),46.476,0.19,8.8304,0.195,-0.5,19.5199,31.1389,-11.619,9234.72,0,0
1070,2026-05-26T17:55:00+00:00,2026-05-26,Will the Sweden Democrats (SD) win the third most seats in the 2026 Swedish parliamentary election?,0x939abe4a,buy_yes,Bought YES (bid hit),46.476,0.19,8.8304,0.185,-0.5,65.9959,31.1389,34.857,9225.89,0,0
1071,2026-05-26T18:31:00+00:00,2026-05-26,Will the Sweden Democrats (SD) win the third most seats in the 2026 Swedish parliamentary election?,0x939abe4a,sell_yes,Sold YES (ask lifted),46.476,0.19,8.8304,0.195,-0.5,19.5199,31.1389,-11.619,9234.72,0,0
1072,2026-05-26T18:32:00+00:00,2026-05-26,Will the Sweden Democrats (SD) win the third most seats in the 2026 Swedish parliamentary election?,0x939abe4a,buy_yes,Bought YES (bid hit),46.476,0.19,8.8304,0.185,-0.5,65.9959,31.1389,34.857,9225.89,0,0
1073,2026-05-26T19:02:00+00:00,2026-05-26,Will the Moderate Party (M) win the second most seats in the 2026 Swedish parliamentary election?,0xa3d50cf0,buy_yes,Bought YES (bid hit),61.968,0.27,16.7314,0.255,-1.5,96.6304,94.811,1.81938,9209.16,0,0
1074,2026-05-26T19:17:00+00:00,2026-05-26,Will the Sweden Democrats (SD) win the third most seats in the 2026 Swedish parliamentary election?,0x939abe4a,sell_yes,Sold YES (ask lifted),46.476,0.19,8.8304,0.195,-0.5,19.5199,31.1389,-11.619,9217.99,0,0
1075,2026-05-26T19:19:00+00:00,2026-05-26,Will the Sweden Democrats (SD) win the third most seats in the 2026 Swedish parliamentary election?,0x939abe4a,buy_yes,Bought YES (bid hit),46.476,0.19,8.8304,0.185,-0.5,65.9959,31.1389,34.857,9209.16,0,0
1076,2026-05-26T21:18:00+00:00,2026-05-26,Will the Moderate Party (M) win the second most seats in the 2026 Swedish parliamentary election?,0xa3d50cf0,sell_yes,Sold YES (ask lifted),61.968,0.25,15.492,0.405,-15.5,34.6624,94.811,-60.1486,9224.65,0,0
1077,2026-05-26T21:51:00+00:00,2026-05-26,Will there be no change in Fed interest rates after the September 2026 meeting?,0xa3b36b2d,sell_yes,Sold YES (ask lifted),103.28,0.73,75.3944,0.735,-0.5,17.5576,64.6533,-47.0957,9300.05,0,0
1078,2026-05-26T22:02:00+00:00,2026-05-26,Will the Sweden Democrats (SD) win the third most seats in the 2026 Swedish parliamentary election?,0x939abe4a,sell_yes,Sold YES (ask lifted),46.476,0.19,8.8304,0.2,-1,19.5199,31.1389,-11.619,9308.88,0,0
1079,2026-05-26T22:57:00+00:00,2026-05-26,Bab el-Mandeb Strait effectively closed by September 30?,0x95fc6a4e,sell_yes,Sold YES (ask lifted),103.28,0.17,17.5576,0.175,-0.5,40.2792,103.28,-63.0008,9326.44,0,0
1080,2026-05-26T23:11:00+00:00,2026-05-26,Bab el-Mandeb Strait effectively closed by September 30?,0x95fc6a4e,buy_yes,Bought YES (bid hit),103.28,0.17,17.5576,0.165,-0.5,143.559,103.28,40.2792,9308.88,0,0
1081,2026-05-26T23:14:00+00:00,2026-05-26,Bab el-Mandeb Strait effectively closed by September 30?,0x95fc6a4e,sell_yes,Sold YES (ask lifted),103.28,0.17,17.5576,0.175,-0.5,40.2792,103.28,-63.0008,9326.44,0,0
1082,2026-05-26T23:33:00+00:00,2026-05-26,Will there be no change in Fed interest rates after the September 2026 meeting?,0xa3b36b2d,buy_yes,Bought YES (bid hit),103.28,0.73,75.3944,0.725,-0.5,120.838,64.6533,56.1843,9251.04,0,0
1083,2026-05-26T23:55:00+00:00,2026-05-26,Bab el-Mandeb Strait effectively closed by September 30?,0x95fc6a4e,buy_yes,Bought YES (bid hit),103.28,0.17,17.5576,0.165,-0.5,143.559,103.28,40.2792,9233.49,0,0
1084,2026-05-26T23:56:00+00:00,2026-05-26,Bab el-Mandeb Strait effectively closed by September 30?,0x95fc6a4e,sell_yes,Sold YES (ask lifted),115.674,0.17,19.6645,0.18,-1,27.8856,103.28,-75.3944,9253.15,0,0
1085,2026-05-27T00:00:00+00:00,2026-05-27,Will Édouard Philippe win the 2027 French presidential election?,0x46f2f457,sell_yes,Sold YES (ask lifted),51.64,0.19,9.8116,0.355,-16.5,0,53.1892,-53.1892,9307.53,0,0
1086,2026-05-27T00:01:00+00:00,2026-05-27,Will the Moderate Party (M) win the third most seats in the 2026 Swedish parliamentary election?,0xbbb881b0,sell_yes,Sold YES (ask lifted),46.476,0.66,30.6742,0.69,-3,24.7252,63.2074,-38.4821,9338.21,0,0
1087,2026-05-27T00:07:00+00:00,2026-05-27,Will the Moderate Party (M) win the second most seats in the 2026 Swedish parliamentary election?,0xa3d50cf0,buy_yes,Bought YES (bid hit),61.968,0.23,14.2526,0.225,-0.5,96.6304,94.811,1.81938,9323.95,0,0
1088,2026-05-27T00:12:00+00:00,2026-05-27,Bab el-Mandeb Strait effectively closed by September 30?,0x95fc6a4e,buy_yes,Bought YES (bid hit),103.28,0.21,21.6888,0.175,-3.5,131.166,103.28,27.8856,9302.27,0,0
1089,2026-05-27T00:15:00+00:00,2026-05-27,Will the Moderate Party (M) win the third most seats in the 2026 Swedish parliamentary election?,0xbbb881b0,buy_yes,Bought YES (bid hit),46.476,0.67,31.1389,0.625,-4.5,71.2012,63.2074,7.99387,9271.13,0,0
1090,2026-05-27T00:21:00+00:00,2026-05-27,Will there be no change in Fed interest rates after the September 2026 meeting?,0xa3b36b2d,sell_yes,Sold YES (ask lifted),103.28,0.5,51.64,0.735,-23.5,17.5576,64.6533,-47.0957,9322.77,0,0
1091,2026-05-27T00:33:00+00:00,2026-05-27,Will there be no change in Fed interest rates after the September 2026 meeting?,0xa3b36b2d,buy_yes,Bought YES (bid hit),103.28,0.73,75.3944,0.69,-4,120.838,64.6533,56.1843,9247.37,0,0
1092,2026-05-27T00:41:00+00:00,2026-05-27,Will the Sweden Democrats (SD) win the second most seats in the 2026 Swedish parliamentary election?,0x9e2966ab,buy_yes,Bought YES (bid hit),63.827,0.71,45.3172,0.705,-0.5,65.6861,60.109,5.57712,9202.06,0,0
1093,2026-05-27T00:41:00+00:00,2026-05-27,Will the Moderate Party (M) win the second most seats in the 2026 Swedish parliamentary election?,0xa3d50cf0,sell_yes,Sold YES (ask lifted),28.7532,0.26,7.4758,0.27,-1,67.8773,94.811,-26.9338,9209.53,0,0
1094,2026-05-27T00:44:00+00:00,2026-05-27,Will there be no change in Fed interest rates after the September 2026 meeting?,0xa3b36b2d,sell_yes,Sold YES (ask lifted),103.28,0.7,72.296,0.725,-2.5,17.5576,64.6533,-47.0957,9281.83,0,0
1095,2026-05-27T00:46:00+00:00,2026-05-27,Bab el-Mandeb Strait effectively closed by September 30?,0x95fc6a4e,sell_yes,Sold YES (ask lifted),109.477,0.18,19.7058,0.185,-0.5,21.6888,103.28,-81.5912,9301.53,0,0
1096,2026-05-27T00:56:00+00:00,2026-05-27,Bab el-Mandeb Strait effectively closed by September 30?,0x95fc6a4e,buy_yes,Bought YES (bid hit),103.28,0.19,19.6232,0.185,-0.5,124.969,103.28,21.6888,9281.91,0,0
1097,2026-05-27T01:04:00+00:00,2026-05-27,Bab el-Mandeb Strait effectively closed by September 30?,0x95fc6a4e,sell_yes,Sold YES (ask lifted),103.28,0.18,18.5904,0.19,-1,21.6888,103.28,-81.5912,9300.5,0,0
1098,2026-05-27T01:14:00+00:00,2026-05-27,Bab el-Mandeb Strait effectively closed by September 30?,0x95fc6a4e,buy_yes,Bought YES (bid hit),103.28,0.18,18.5904,0.175,-0.5,124.969,103.28,21.6888,9281.91,0,0
1099,2026-05-27T01:15:00+00:00,2026-05-27,Bab el-Mandeb Strait effectively closed by September 30?,0x95fc6a4e,sell_yes,Sold YES (ask lifted),103.28,0.18,18.5904,0.19,-1,21.6888,103.28,-81.5912,9300.5,0,0
1100,2026-05-27T01:22:00+00:00,2026-05-27,Will the Moderate Party (M) win the second most seats in the 2026 Swedish parliamentary election?,0xa3d50cf0,buy_yes,Bought YES (bid hit),61.968,0.23,14.2526,0.23,-0,129.845,94.811,35.0342,9286.25,0,0
1101,2026-05-27T01:50:00+00:00,2026-05-27,Bab el-Mandeb Strait effectively closed by September 30?,0x95fc6a4e,buy_yes,Bought YES (bid hit),103.28,0.17,17.5576,0.17,-0,124.969,103.28,21.6888,9268.69,0,0
1102,2026-05-27T01:57:00+00:00,2026-05-27,Bab el-Mandeb Strait effectively closed by September 30?,0x95fc6a4e,sell_yes,Sold YES (ask lifted),103.28,0.17,17.5576,0.175,-0.5,21.6888,103.28,-81.5912,9286.25,0,0
1103,2026-05-27T02:01:00+00:00,2026-05-27,Bab el-Mandeb Strait effectively closed by September 30?,0x95fc6a4e,buy_yes,Bought YES (bid hit),103.28,0.17,17.5576,0.17,-0,124.969,103.28,21.6888,9268.69,0,0
1104,2026-05-27T02:03:00+00:00,2026-05-27,Bab el-Mandeb Strait effectively closed by September 30?,0x95fc6a4e,sell_yes,Sold YES (ask lifted),106.378,0.17,18.0843,0.18,-1,18.5904,103.28,-84.6896,9286.77,0,0
1105,2026-05-27T02:07:00+00:00,2026-05-27,Bab el-Mandeb Strait effectively closed by September 30?,0x95fc6a4e,buy_yes,Bought YES (bid hit),103.28,0.18,18.5904,0.175,-0.5,121.87,103.28,18.5904,9268.18,0,0
1106,2026-05-27T02:08:00+00:00,2026-05-27,Bab el-Mandeb Strait effectively closed by September 30?,0x95fc6a4e,sell_yes,Sold YES (ask lifted),103.28,0.18,18.5904,0.185,-0.5,18.5904,103.28,-84.6896,9286.77,0,0
1107,2026-05-27T02:09:00+00:00,2026-05-27,Bab el-Mandeb Strait effectively closed by September 30?,0x95fc6a4e,buy_yes,Bought YES (bid hit),103.28,0.18,18.5904,0.175,-0.5,121.87,103.28,18.5904,9268.18,0,0
1108,2026-05-27T02:14:00+00:00,2026-05-27,Bab el-Mandeb Strait effectively closed by September 30?,0x95fc6a4e,sell_yes,Sold YES (ask lifted),103.28,0.18,18.5904,0.19,-1,18.5904,103.28,-84.6896,9286.77,0,0
1109,2026-05-27T02:17:00+00:00,2026-05-27,Will the Sweden Democrats (SD) win the third most seats in the 2026 Swedish parliamentary election?,0x939abe4a,buy_yes,Bought YES (bid hit),47.8703,0.2,9.5741,0.195,-0.5,67.3902,31.1389,36.2513,9277.2,0,0
1110,2026-05-27T02:37:00+00:00,2026-05-27,Bab el-Mandeb Strait effectively closed by September 30?,0x95fc6a4e,buy_yes,Bought YES (bid hit),103.28,0.18,18.5904,0.17,-1,121.87,103.28,18.5904,9258.61,0,0
1111,2026-05-27T02:38:00+00:00,2026-05-27,Bab el-Mandeb Strait effectively closed by September 30?,0x95fc6a4e,sell_yes,Sold YES (ask lifted),103.28,0.18,18.5904,0.19,-1,18.5904,103.28,-84.6896,9277.2,0,0
1112,2026-05-27T02:55:00+00:00,2026-05-27,Bab el-Mandeb Strait effectively closed by September 30?,0x95fc6a4e,buy_yes,Bought YES (bid hit),103.28,0.18,18.5904,0.17,-1,121.87,103.28,18.5904,9258.61,0,0
1113,2026-05-27T02:58:00+00:00,2026-05-27,Bab el-Mandeb Strait effectively closed by September 30?,0x95fc6a4e,sell_yes,Sold YES (ask lifted),109.477,0.17,18.6111,0.175,-0.5,12.3936,103.28,-90.8864,9277.22,0,0
1114,2026-05-27T03:19:00+00:00,2026-05-27,Bab el-Mandeb Strait effectively closed by September 30?,0x95fc6a4e,buy_yes,Bought YES (bid hit),103.28,0.18,18.5904,0.175,-0.5,115.674,103.28,12.3936,9258.63,0,0
1115,2026-05-27T03:21:00+00:00,2026-05-27,Bab el-Mandeb Strait effectively closed by September 30?,0x95fc6a4e,sell_yes,Sold YES (ask lifted),103.28,0.18,18.5904,0.19,-1,12.3936,103.28,-90.8864,9277.22,0,0
1116,2026-05-27T03:25:00+00:00,2026-05-27,Bab el-Mandeb Strait effectively closed by September 30?,0x95fc6a4e,buy_yes,Bought YES (bid hit),103.28,0.18,18.5904,0.165,-1.5,115.674,103.28,12.3936,9258.63,0,0
1117,2026-05-27T03:27:00+00:00,2026-05-27,Bab el-Mandeb Strait effectively closed by September 30?,0x95fc6a4e,sell_yes,Sold YES (ask lifted),103.28,0.18,18.5904,0.185,-0.5,12.3936,103.28,-90.8864,9277.22,0,0
1118,2026-05-27T03:28:00+00:00,2026-05-27,Bab el-Mandeb Strait effectively closed by September 30?,0x95fc6a4e,buy_yes,Bought YES (bid hit),103.28,0.18,18.5904,0.17,-1,115.674,103.28,12.3936,9258.63,0,0
1119,2026-05-27T03:29:00+00:00,2026-05-27,Bab el-Mandeb Strait effectively closed by September 30?,0x95fc6a4e,sell_yes,Sold YES (ask lifted),103.28,0.18,18.5904,0.185,-0.5,12.3936,103.28,-90.8864,9277.22,0,0
1120,2026-05-27T03:30:00+00:00,2026-05-27,Bab el-Mandeb Strait effectively closed by September 30?,0x95fc6a4e,buy_yes,Bought YES (bid hit),103.28,0.18,18.5904,0.17,-1,115.674,103.28,12.3936,9258.63,0,0
1121,2026-05-27T03:33:00+00:00,2026-05-27,Will the Moderate Party (M) win the second most seats in the 2026 Swedish parliamentary election?,0xa3d50cf0,sell_yes,Sold YES (ask lifted),61.968,0.24,14.8723,0.255,-1.5,67.8773,94.811,-26.9338,9273.5,0,0
1122,2026-05-27T03:39:00+00:00,2026-05-27,Bab el-Mandeb Strait effectively closed by September 30?,0x95fc6a4e,sell_yes,Sold YES (ask lifted),103.28,0.18,18.5904,0.19,-1,12.3936,103.28,-90.8864,9292.09,0,0
1123,2026-05-27T03:44:00+00:00,2026-05-27,Bab el-Mandeb Strait effectively closed by September 30?,0x95fc6a4e,buy_yes,Bought YES (bid hit),103.28,0.17,17.5576,0.17,-0,115.674,103.28,12.3936,9274.54,0,0
1124,2026-05-27T03:52:00+00:00,2026-05-27,Bab el-Mandeb Strait effectively closed by September 30?,0x95fc6a4e,sell_yes,Sold YES (ask lifted),106.378,0.18,19.1481,0.185,-0.5,9.2952,103.28,-93.9848,9293.68,0,0
1125,2026-05-27T04:19:00+00:00,2026-05-27,Will the Moderate Party (M) win the second most seats in the 2026 Swedish parliamentary election?,0xa3d50cf0,sell_yes,Sold YES (ask lifted),61.968,0.27,16.7314,0.275,-0.5,5.90927,94.811,-88.9018,9310.42,0,0
1126,2026-05-27T04:27:00+00:00,2026-05-27,Bab el-Mandeb Strait effectively closed by September 30?,0x95fc6a4e,buy_yes,Bought YES (bid hit),103.28,0.18,18.5904,0.165,-1.5,112.575,103.28,9.2952,9291.82,0,0
1127,2026-05-27T04:29:00+00:00,2026-05-27,Bab el-Mandeb Strait effectively closed by September 30?,0x95fc6a4e,sell_yes,Sold YES (ask lifted),103.28,0.17,17.5576,0.19,-2,9.2952,103.28,-93.9848,9309.38,0,0
1128,2026-05-27T04:37:00+00:00,2026-05-27,Bab el-Mandeb Strait effectively closed by September 30?,0x95fc6a4e,buy_yes,Bought YES (bid hit),103.28,0.18,18.5904,0.165,-1.5,112.575,103.28,9.2952,9290.79,0,0
1129,2026-05-27T04:38:00+00:00,2026-05-27,Bab el-Mandeb Strait effectively closed by September 30?,0x95fc6a4e,sell_yes,Sold YES (ask lifted),103.28,0.17,17.5576,0.185,-1.5,9.2952,103.28,-93.9848,9308.35,0,0
1130,2026-05-27T04:39:00+00:00,2026-05-27,Bab el-Mandeb Strait effectively closed by September 30?,0x95fc6a4e,buy_yes,Bought YES (bid hit),103.28,0.18,18.5904,0.16,-2,112.575,103.28,9.2952,9289.76,0,0
1131,2026-05-27T04:40:00+00:00,2026-05-27,Bab el-Mandeb Strait effectively closed by September 30?,0x95fc6a4e,sell_yes,Sold YES (ask lifted),103.28,0.17,17.5576,0.185,-1.5,9.2952,103.28,-93.9848,9307.32,0,0
1132,2026-05-27T04:41:00+00:00,2026-05-27,Bab el-Mandeb Strait effectively closed by September 30?,0x95fc6a4e,buy_yes,Bought YES (bid hit),103.28,0.18,18.5904,0.175,-0.5,112.575,103.28,9.2952,9288.73,0,0
1133,2026-05-27T04:59:00+00:00,2026-05-27,Bab el-Mandeb Strait effectively closed by September 30?,0x95fc6a4e,sell_yes,Sold YES (ask lifted),103.28,0.18,18.5904,0.19,-1,9.2952,103.28,-93.9848,9307.32,0,0
1134,2026-05-27T05:00:00+00:00,2026-05-27,Bab el-Mandeb Strait effectively closed by September 30?,0x95fc6a4e,buy_yes,Bought YES (bid hit),103.28,0.17,17.5576,0.17,-0,112.575,103.28,9.2952,9289.76,0,0
1135,2026-05-27T05:03:00+00:00,2026-05-27,Bab el-Mandeb Strait effectively closed by September 30?,0x95fc6a4e,sell_yes,Sold YES (ask lifted),103.28,0.18,18.5904,0.185,-0.5,9.2952,103.28,-93.9848,9308.35,0,0
1136,2026-05-27T05:11:00+00:00,2026-05-27,Bab el-Mandeb Strait effectively closed by September 30?,0x95fc6a4e,buy_yes,Bought YES (bid hit),103.28,0.18,18.5904,0.17,-1,112.575,103.28,9.2952,9289.76,0,0
1137,2026-05-27T05:15:00+00:00,2026-05-27,Bab el-Mandeb Strait effectively closed by September 30?,0x95fc6a4e,sell_yes,Sold YES (ask lifted),103.28,0.18,18.5904,0.185,-0.5,9.2952,103.28,-93.9848,9308.35,0,0
1138,2026-05-27T05:24:00+00:00,2026-05-27,Bab el-Mandeb Strait effectively closed by September 30?,0x95fc6a4e,buy_yes,Bought YES (bid hit),103.28,0.18,18.5904,0.17,-1,112.575,103.28,9.2952,9289.76,0,0
1139,2026-05-27T05:27:00+00:00,2026-05-27,Bab el-Mandeb Strait effectively closed by September 30?,0x95fc6a4e,sell_yes,Sold YES (ask lifted),103.28,0.18,18.5904,0.185,-0.5,9.2952,103.28,-93.9848,9308.35,0,0
1140,2026-05-27T05:28:00+00:00,2026-05-27,Bab el-Mandeb Strait effectively closed by September 30?,0x95fc6a4e,buy_yes,Bought YES (bid hit),103.28,0.18,18.5904,0.175,-0.5,112.575,103.28,9.2952,9289.76,0,0
1141,2026-05-27T05:38:00+00:00,2026-05-27,Bab el-Mandeb Strait effectively closed by September 30?,0x95fc6a4e,sell_yes,Sold YES (ask lifted),103.28,0.18,18.5904,0.185,-0.5,9.2952,103.28,-93.9848,9308.35,0,0
1142,2026-05-27T05:45:00+00:00,2026-05-27,Will the Moderate Party (M) win the second most seats in the 2026 Swedish parliamentary election?,0xa3d50cf0,buy_yes,Bought YES (bid hit),61.968,0.33,20.4494,0.3,-3,67.8773,94.811,-26.9338,9287.9,0,0
1143,2026-05-27T05:50:00+00:00,2026-05-27,Bab el-Mandeb Strait effectively closed by September 30?,0x95fc6a4e,buy_yes,Bought YES (bid hit),103.28,0.18,18.5904,0.165,-1.5,112.575,103.28,9.2952,9269.31,0,0
1144,2026-05-27T05:51:00+00:00,2026-05-27,Bab el-Mandeb Strait effectively closed by September 30?,0x95fc6a4e,sell_yes,Sold YES (ask lifted),103.28,0.17,17.5576,0.18,-1,9.2952,103.28,-93.9848,9286.87,0,0
1145,2026-05-27T07:23:00+00:00,2026-05-27,Will the Moderate Party (M) win the second most seats in the 2026 Swedish parliamentary election?,0xa3d50cf0,sell_yes,Sold YES (ask lifted),67.5451,0.28,18.9126,0.4,-12,0.332148,94.811,-94.4789,9305.78,0,0
1146,2026-05-27T07:34:00+00:00,2026-05-27,Will the Moderate Party (M) win the second most seats in the 2026 Swedish parliamentary election?,0xa3d50cf0,buy_yes,Bought YES (bid hit),61.968,0.38,23.5478,0.355,-2.5,62.3001,94.811,-32.5109,9282.23,0,0
1147,2026-05-27T07:38:00+00:00,2026-05-27,Will the Moderate Party (M) win the second most seats in the 2026 Swedish parliamentary election?,0xa3d50cf0,buy_yes,Bought YES (bid hit),61.968,0.37,22.9282,0.3,-7,124.268,94.811,29.4571,9259.3,0,0
1148,2026-05-27T08:09:00+00:00,2026-05-27,Will the Moderate Party (M) win the second most seats in the 2026 Swedish parliamentary election?,0xa3d50cf0,buy_yes,Bought YES (bid hit),61.968,0.3,18.5904,0.27,-3,186.236,94.811,91.4251,9240.71,0,0
1149,2026-05-27T08:22:00+00:00,2026-05-27,Will there be no change in Fed interest rates after the September 2026 meeting?,0xa3b36b2d,buy_yes,Bought YES (bid hit),103.28,0.72,74.3616,0.69,-3,120.838,64.6533,56.1843,9166.35,0,0
1150,2026-05-27T08:23:00+00:00,2026-05-27,Will there be no change in Fed interest rates after the September 2026 meeting?,0xa3b36b2d,sell_yes,Sold YES (ask lifted),103.28,0.7,72.296,0.71,-1,17.5576,64.6533,-47.0957,9238.65,0,0
1151,2026-05-27T08:24:00+00:00,2026-05-27,Will there be no change in Fed interest rates after the September 2026 meeting?,0xa3b36b2d,buy_yes,Bought YES (bid hit),103.28,0.7,72.296,0.695,-0.5,120.838,64.6533,56.1843,9166.35,0,0
1152,2026-05-27T08:25:00+00:00,2026-05-27,Will there be no change in Fed interest rates after the September 2026 meeting?,0xa3b36b2d,sell_yes,Sold YES (ask lifted),106.378,0.7,74.4649,0.705,-0.5,14.4592,64.6533,-50.1941,9240.82,0,0
1153,2026-05-27T09:26:00+00:00,2026-05-27,Will the Sweden Democrats (SD) win the third most seats in the 2026 Swedish parliamentary election?,0x939abe4a,sell_yes,Sold YES (ask lifted),46.476,0.18,8.3657,0.19,-1,20.9142,31.1389,-10.2247,9249.18,0,0
1154,2026-05-27T10:58:00+00:00,2026-05-27,Will the Sweden Democrats (SD) win the third most seats in the 2026 Swedish parliamentary election?,0x939abe4a,buy_yes,Bought YES (bid hit),46.476,0.19,8.8304,0.185,-0.5,67.3902,31.1389,36.2513,9240.35,0,0
1155,2026-05-27T10:59:00+00:00,2026-05-27,Will the Sweden Democrats (SD) win the third most seats in the 2026 Swedish parliamentary election?,0x939abe4a,sell_yes,Sold YES (ask lifted),46.476,0.19,8.8304,0.195,-0.5,20.9142,31.1389,-10.2247,9249.18,0,0
1156,2026-05-27T11:32:00+00:00,2026-05-27,Will the Moderate Party (M) win the second most seats in the 2026 Swedish parliamentary election?,0xa3d50cf0,sell_yes,Sold YES (ask lifted),61.968,0.34,21.0691,0.415,-7.5,124.268,94.811,29.4571,9270.25,0,0
1157,2026-05-27T11:42:00+00:00,2026-05-27,Will the Moderate Party (M) win the second most seats in the 2026 Swedish parliamentary election?,0xa3d50cf0,sell_yes,Sold YES (ask lifted),61.968,0.39,24.1675,0.41,-2,62.3001,94.811,-32.5109,9294.42,0,0
1158,2026-05-27T11:45:00+00:00,2026-05-27,Will the Moderate Party (M) win the second most seats in the 2026 Swedish parliamentary election?,0xa3d50cf0,buy_yes,Bought YES (bid hit),61.968,0.38,23.5478,0.31,-7,124.268,94.811,29.4571,9270.87,0,0
1159,2026-05-27T11:51:00+00:00,2026-05-27,Will the Sweden Democrats (SD) win the second most seats in the 2026 Swedish parliamentary election?,0x9e2966ab,sell_yes,Sold YES (ask lifted),61.968,0.74,45.8563,0.75,-1,3.71808,60.109,-56.3909,9316.73,0,0
1160,2026-05-27T11:53:00+00:00,2026-05-27,Will the Sweden Democrats (SD) win the third most seats in the 2026 Swedish parliamentary election?,0x939abe4a,buy_yes,Bought YES (bid hit),46.476,0.18,8.3657,0.17,-1,67.3902,31.1389,36.2513,9308.36,0,0
1161,2026-05-27T11:53:00+00:00,2026-05-27,Will the Moderate Party (M) win the third most seats in the 2026 Swedish parliamentary election?,0xbbb881b0,sell_yes,Sold YES (ask lifted),46.476,0.62,28.8151,0.63,-1,24.7252,63.2074,-38.4821,9337.18,0,0
1162,2026-05-27T11:54:00+00:00,2026-05-27,Will the Sweden Democrats (SD) win the third most seats in the 2026 Swedish parliamentary election?,0x939abe4a,sell_yes,Sold YES (ask lifted),46.476,0.18,8.3657,0.19,-1,20.9142,31.1389,-10.2247,9345.54,0,0
1163,2026-05-27T12:58:00+00:00,2026-05-27,Will the Moderate Party (M) win the second most seats in the 2026 Swedish parliamentary election?,0xa3d50cf0,buy_yes,Bought YES (bid hit),61.968,0.4,24.7872,0.31,-9,186.236,94.811,91.4251,9320.76,0,0
1164,2026-05-27T13:00:00+00:00,2026-05-27,Will the Moderate Party (M) win the second most seats in the 2026 Swedish parliamentary election?,0xa3d50cf0,sell_yes,Sold YES (ask lifted),61.968,0.35,21.6888,0.435,-8.5,124.268,94.811,29.4571,9342.44,0,0
1165,2026-05-27T13:05:00+00:00,2026-05-27,Will the Moderate Party (M) win the second most seats in the 2026 Swedish parliamentary election?,0xa3d50cf0,buy_yes,Bought YES (bid hit),61.968,0.4,24.7872,0.315,-8.5,186.236,94.811,91.4251,9317.66,0,0
1166,2026-05-27T13:08:00+00:00,2026-05-27,Will the Moderate Party (M) win the second most seats in the 2026 Swedish parliamentary election?,0xa3d50cf0,sell_yes,Sold YES (ask lifted),61.968,0.35,21.6888,0.435,-8.5,124.268,94.811,29.4571,9339.35,0,0
1167,2026-05-27T13:30:00+00:00,2026-05-27,Will the Sweden Democrats (SD) win the third most seats in the 2026 Swedish parliamentary election?,0x939abe4a,buy_yes,Bought YES (bid hit),46.476,0.19,8.8304,0.18,-1,67.3902,31.1389,36.2513,9330.52,0,0
1168,2026-05-27T13:38:00+00:00,2026-05-27,Bab el-Mandeb Strait effectively closed by September 30?,0x95fc6a4e,buy_yes,Bought YES (bid hit),103.28,0.17,17.5576,0.165,-0.5,112.575,103.28,9.2952,9312.96,0,0
1169,2026-05-27T13:39:00+00:00,2026-05-27,Bab el-Mandeb Strait effectively closed by September 30?,0x95fc6a4e,sell_yes,Sold YES (ask lifted),106.378,0.17,18.0843,0.175,-0.5,6.1968,103.28,-97.0832,9331.04,0,0
1170,2026-05-27T13:50:00+00:00,2026-05-27,Will the Moderate Party (M) win the second most seats in the 2026 Swedish parliamentary election?,0xa3d50cf0,buy_yes,Bought YES (bid hit),61.968,0.38,23.5478,0.31,-7,186.236,94.811,91.4251,9307.49,0,0
1171,2026-05-27T14:47:00+00:00,2026-05-27,Will the Moderate Party (M) win the second most seats in the 2026 Swedish parliamentary election?,0xa3d50cf0,sell_yes,Sold YES (ask lifted),61.968,0.36,22.3085,0.41,-5,124.268,94.811,29.4571,9329.8,0,0
1172,2026-05-27T14:53:00+00:00,2026-05-27,Will the Moderate Party (M) win the second most seats in the 2026 Swedish parliamentary election?,0xa3d50cf0,buy_yes,Bought YES (bid hit),61.968,0.36,22.3085,0.3,-6,186.236,94.811,91.4251,9307.49,0,0
1173,2026-05-27T14:58:00+00:00,2026-05-27,Will the Sweden Democrats (SD) win the third most seats in the 2026 Swedish parliamentary election?,0x939abe4a,sell_yes,Sold YES (ask lifted),47.8703,0.17,8.1379,0.18,-1,19.5199,31.1389,-11.619,9315.63,0,0
1174,2026-05-27T15:05:00+00:00,2026-05-27,Will the Moderate Party (M) win the second most seats in the 2026 Swedish parliamentary election?,0xa3d50cf0,sell_yes,Sold YES (ask lifted),65.6861,0.36,23.647,0.415,-5.5,120.55,94.811,25.739,9339.28,0,0
1175,2026-05-27T15:20:00+00:00,2026-05-27,Will the Moderate Party (M) win the second most seats in the 2026 Swedish parliamentary election?,0xa3d50cf0,buy_yes,Bought YES (bid hit),61.968,0.37,22.9282,0.315,-5.5,182.518,94.811,87.707,9316.35,0,0
1176,2026-05-27T15:38:00+00:00,2026-05-27,Will the Sweden Democrats (SD) win the third most seats in the 2026 Swedish parliamentary election?,0x939abe4a,buy_yes,Bought YES (bid hit),46.476,0.18,8.3657,0.175,-0.5,65.9959,31.1389,34.857,9307.99,0,0
1177,2026-05-27T16:28:00+00:00,2026-05-27,Will the Sweden Democrats (SD) win the third most seats in the 2026 Swedish parliamentary election?,0x939abe4a,sell_yes,Sold YES (ask lifted),47.8703,0.18,8.6167,0.185,-0.5,18.1256,31.1389,-13.0133,9316.6,0,0
1178,2026-05-27T17:06:00+00:00,2026-05-27,Will the Moderate Party (M) win the third most seats in the 2026 Swedish parliamentary election?,0xbbb881b0,buy_yes,Bought YES (bid hit),46.476,0.58,26.9561,0.55,-3,71.2012,63.2074,7.99387,9289.65,0,0
1179,2026-05-27T17:38:00+00:00,2026-05-27,Will the Moderate Party (M) win the second most seats in the 2026 Swedish parliamentary election?,0xa3d50cf0,sell_yes,Sold YES (ask lifted),61.968,0.42,26.0266,0.42,-0,120.55,94.811,25.739,9315.67,0,0
1180,2026-05-27T17:41:00+00:00,2026-05-27,Will the Moderate Party (M) win the second most seats in the 2026 Swedish parliamentary election?,0xa3d50cf0,buy_yes,Bought YES (bid hit),61.968,0.38,23.5478,0.295,-8.5,182.518,94.811,87.707,9292.12,0,0
1181,2026-05-27T18:08:00+00:00,2026-05-27,Will the Sweden Democrats (SD) win the second most seats in the 2026 Swedish parliamentary election?,0x9e2966ab,buy_yes,Bought YES (bid hit),61.968,0.71,43.9973,0.695,-1.5,65.6861,60.109,5.57712,9248.13,0,0
1182,2026-05-27T18:13:00+00:00,2026-05-27,Will there be no change in Fed interest rates after the September 2026 meeting?,0xa3b36b2d,buy_yes,Bought YES (bid hit),103.28,0.75,77.46,0.745,-0.5,117.739,64.6533,53.0859,9170.67,0,0
1183,2026-05-27T18:14:00+00:00,2026-05-27,Will the Sweden Democrats (SD) win the second most seats in the 2026 Swedish parliamentary election?,0x9e2966ab,sell_yes,Sold YES (ask lifted),61.968,0.73,45.2366,0.74,-1,3.71808,60.109,-56.3909,9215.9,0,0
1184,2026-05-27T18:14:00+00:00,2026-05-27,Will there be no change in Fed interest rates after the September 2026 meeting?,0xa3b36b2d,sell_yes,Sold YES (ask lifted),103.28,0.75,77.46,0.755,-0.5,14.4592,64.6533,-50.1941,9293.36,0,0
1185,2026-05-27T18:16:00+00:00,2026-05-27,Bab el-Mandeb Strait effectively closed by September 30?,0x95fc6a4e,buy_yes,Bought YES (bid hit),103.28,0.18,18.5904,0.17,-1,109.477,103.28,6.1968,9274.77,0,0
1186,2026-05-27T18:53:00+00:00,2026-05-27,Will the Moderate Party (M) win the second most seats in the 2026 Swedish parliamentary election?,0xa3d50cf0,sell_yes,Sold YES (ask lifted),61.968,0.27,16.7314,0.33,-6,120.55,94.811,25.739,9291.51,0,0
1187,2026-05-27T19:18:00+00:00,2026-05-27,Will the Moderate Party (M) win the second most seats in the 2026 Swedish parliamentary election?,0xa3d50cf0,buy_yes,Bought YES (bid hit),61.968,0.23,14.2526,0.23,-0,182.518,94.811,87.707,9277.25,0,0
1188,2026-05-27T19:20:00+00:00,2026-05-27,Will the Moderate Party (M) win the second most seats in the 2026 Swedish parliamentary election?,0xa3d50cf0,sell_yes,Sold YES (ask lifted),34.7913,0.27,9.3937,0.275,-0.5,147.727,94.811,52.9157,9286.65,0,0
1189,2026-05-27T19:35:00+00:00,2026-05-27,Will the Moderate Party (M) win the second most seats in the 2026 Swedish parliamentary election?,0xa3d50cf0,sell_yes,Sold YES (ask lifted),28.7532,0.3,8.6259,0.32,-2,118.974,94.811,24.1626,9295.27,0,0
1190,2026-05-27T19:42:00+00:00,2026-05-27,Will the Moderate Party (M) win the second most seats in the 2026 Swedish parliamentary election?,0xa3d50cf0,sell_yes,Sold YES (ask lifted),28.7532,0.3,8.6259,0.315,-1.5,90.2205,94.811,-4.59059,9303.9,0,0
1191,2026-05-27T19:49:00+00:00,2026-05-27,Will the Moderate Party (M) win the second most seats in the 2026 Swedish parliamentary election?,0xa3d50cf0,buy_yes,Bought YES (bid hit),61.968,0.28,17.351,0.265,-1.5,152.188,94.811,57.3774,9286.55,0,0
1192,2026-05-27T21:04:00+00:00,2026-05-27,Will the Moderate Party (M) win the second most seats in the 2026 Swedish parliamentary election?,0xa3d50cf0,sell_yes,Sold YES (ask lifted),61.968,0.28,17.351,0.325,-4.5,90.2205,94.811,-4.59059,9303.9,0,0
1193,2026-05-27T21:08:00+00:00,2026-05-27,Will the Sweden Democrats (SD) win the second most seats in the 2026 Swedish parliamentary election?,0x9e2966ab,buy_yes,Bought YES (bid hit),73.1222,0.65,47.5295,0.53,-12,76.8403,60.109,16.7314,9256.37,0,0
1194,2026-05-27T23:52:00+00:00,2026-05-27,Will the Moderate Party (M) win the second most seats in the 2026 Swedish parliamentary election?,0xa3d50cf0,sell_yes,Sold YES (ask lifted),61.968,0.37,22.9282,0.425,-5.5,28.2525,94.811,-66.5586,9279.3,0,0
1195,2026-05-28T00:00:00+00:00,2026-05-28,Will Édouard Philippe win the 2027 French presidential election?,0x46f2f457,buy_yes,Bought YES (bid hit),51.64,0.16,8.2624,0.155,-0.5,51.64,53.1892,-1.5492,9316.53,0,0
1196,2026-05-28T00:00:00+00:00,2026-05-28,Will there be no change in Fed interest rates after the September 2026 meeting?,0xa3b36b2d,buy_yes,Bought YES (bid hit),103.28,0.75,77.46,0.505,-24.5,117.739,64.6533,53.0859,9239.07,0,0
1197,2026-05-28T00:01:00+00:00,2026-05-28,Will the Sweden Democrats (SD) win the third most seats in the 2026 Swedish parliamentary election?,0x939abe4a,buy_yes,Bought YES (bid hit),49.2646,0.18,8.8676,0.12,-6,67.3902,31.1389,36.2513,9230.21,0,0
1198,2026-05-28T00:03:00+00:00,2026-05-28,Will the Sweden Democrats (SD) win the second most seats in the 2026 Swedish parliamentary election?,0x9e2966ab,buy_yes,Bought YES (bid hit),73.1222,0.43,31.4426,0.415,-1.5,149.963,60.109,89.8536,9198.76,0,0
1199,2026-05-28T00:05:00+00:00,2026-05-28,Will the Sweden Democrats (SD) win the second most seats in the 2026 Swedish parliamentary election?,0x9e2966ab,sell_yes,Sold YES (ask lifted),61.968,0.41,25.4069,0.41,-0,87.9946,60.109,27.8856,9224.17,0,0
1200,2026-05-28T00:05:00+00:00,2026-05-28,Will there be no change in Fed interest rates after the September 2026 meeting?,0xa3b36b2d,sell_yes,Sold YES (ask lifted),103.28,0.69,71.2632,0.755,-6.5,14.4592,64.6533,-50.1941,9295.43,0,0
1201,2026-05-28T00:06:00+00:00,2026-05-28,Will the Moderate Party (M) win the second most seats in the 2026 Swedish parliamentary election?,0xa3d50cf0,buy_yes,Bought YES (bid hit),84.2765,0.42,35.3961,0.405,-1.5,112.529,94.811,17.7179,9260.04,0,0
1202,2026-05-28T00:07:00+00:00,2026-05-28,Will the Moderate Party (M) win the second most seats in the 2026 Swedish parliamentary election?,0xa3d50cf0,sell_yes,Sold YES (ask lifted),65.6861,0.41,26.9313,0.41,-0,46.8429,94.811,-47.9682,9286.97,0,0
1203,2026-05-28T00:07:00+00:00,2026-05-28,Will the Moderate Party (M) win the third most seats in the 2026 Swedish parliamentary election?,0xbbb881b0,buy_yes,Bought YES (bid hit),46.476,0.51,23.7028,0.425,-8.5,117.677,63.2074,54.4699,9263.26,0,0
1204,2026-05-28T00:11:00+00:00,2026-05-28,Will the Moderate Party (M) win the second most seats in the 2026 Swedish parliamentary election?,0xa3d50cf0,buy_yes,Bought YES (bid hit),61.968,0.41,25.4069,0.345,-6.5,108.811,94.811,13.9998,9237.86,0,0
1205,2026-05-28T00:13:00+00:00,2026-05-28,Will the Sweden Democrats (SD) win the third most seats in the 2026 Swedish parliamentary election?,0x939abe4a,sell_yes,Sold YES (ask lifted),46.476,0.12,5.5771,0.185,-6.5,20.9142,31.1389,-10.2247,9243.44,0,0
1206,2026-05-28T00:14:00+00:00,2026-05-28,Will the Moderate Party (M) win the third most seats in the 2026 Swedish parliamentary election?,0xbbb881b0,sell_yes,Sold YES (ask lifted),47.8703,0.45,21.5416,0.475,-2.5,69.807,63.2074,6.59959,9264.98,0,0
1207,2026-05-28T00:16:00+00:00,2026-05-28,Will the Moderate Party (M) win the second most seats in the 2026 Swedish parliamentary election?,0xa3d50cf0,sell_yes,Sold YES (ask lifted),61.968,0.42,26.0266,0.425,-0.5,46.8429,94.811,-47.9682,9291,0,0
1208,2026-05-28T00:19:00+00:00,2026-05-28,Will the Sweden Democrats (SD) win the second most seats in the 2026 Swedish parliamentary election?,0x9e2966ab,sell_yes,Sold YES (ask lifted),61.968,0.39,24.1675,0.485,-9.5,26.0266,60.109,-34.0824,9315.17,0,0
1209,2026-05-28T00:19:00+00:00,2026-05-28,Will the Moderate Party (M) win the second most seats in the 2026 Swedish parliamentary election?,0xa3d50cf0,buy_yes,Bought YES (bid hit),63.827,0.42,26.8074,0.41,-1,110.67,94.811,15.8589,9288.36,0,0
1210,2026-05-28T00:20:00+00:00,2026-05-28,Will the Moderate Party (M) win the second most seats in the 2026 Swedish parliamentary election?,0xa3d50cf0,sell_yes,Sold YES (ask lifted),61.968,0.42,26.0266,0.425,-0.5,48.7019,94.811,-46.1091,9314.39,0,0
1211,2026-05-28T00:20:00+00:00,2026-05-28,Will the Moderate Party (M) win the third most seats in the 2026 Swedish parliamentary election?,0xbbb881b0,sell_yes,Sold YES (ask lifted),46.476,0.51,23.7028,0.58,-7,23.331,63.2074,-39.8764,9338.09,0,0
1212,2026-05-28T00:21:00+00:00,2026-05-28,Will the Moderate Party (M) win the second most seats in the 2026 Swedish parliamentary election?,0xa3d50cf0,buy_yes,Bought YES (bid hit),61.968,0.42,26.0266,0.355,-6.5,110.67,94.811,15.8589,9312.07,0,0
1213,2026-05-28T00:25:00+00:00,2026-05-28,Will the Moderate Party (M) win the second most seats in the 2026 Swedish parliamentary election?,0xa3d50cf0,sell_yes,Sold YES (ask lifted),61.968,0.41,25.4069,0.42,-1,48.7019,94.811,-46.1091,9337.47,0,0
1214,2026-05-28T00:47:00+00:00,2026-05-28,Will the Moderate Party (M) win the second most seats in the 2026 Swedish parliamentary election?,0xa3d50cf0,buy_yes,Bought YES (bid hit),61.968,0.42,26.0266,0.4,-2,110.67,94.811,15.8589,9311.45,0,0
1215,2026-05-28T00:48:00+00:00,2026-05-28,Will the Moderate Party (M) win the second most seats in the 2026 Swedish parliamentary election?,0xa3d50cf0,sell_yes,Sold YES (ask lifted),65.6861,0.41,26.9313,0.41,-0,44.9838,94.811,-49.8272,9338.38,0,0
1216,2026-05-28T00:55:00+00:00,2026-05-28,Will the Moderate Party (M) win the second most seats in the 2026 Swedish parliamentary election?,0xa3d50cf0,buy_yes,Bought YES (bid hit),61.968,0.41,25.4069,0.4,-1,106.952,94.811,12.1408,9312.97,0,0
1217,2026-05-28T00:57:00+00:00,2026-05-28,Will the Moderate Party (M) win the second most seats in the 2026 Swedish parliamentary election?,0xa3d50cf0,sell_yes,Sold YES (ask lifted),61.968,0.41,25.4069,0.415,-0.5,44.9838,94.811,-49.8272,9338.38,0,0
1218,2026-05-28T01:00:00+00:00,2026-05-28,Will the Moderate Party (M) win the second most seats in the 2026 Swedish parliamentary election?,0xa3d50cf0,buy_yes,Bought YES (bid hit),63.827,0.42,26.8074,0.41,-1,108.811,94.811,13.9998,9311.57,0,0
1219,2026-05-28T01:01:00+00:00,2026-05-28,Will the Moderate Party (M) win the second most seats in the 2026 Swedish parliamentary election?,0xa3d50cf0,sell_yes,Sold YES (ask lifted),61.968,0.42,26.0266,0.42,-0,46.8429,94.811,-47.9682,9337.6,0,0
1220,2026-05-28T01:04:00+00:00,2026-05-28,Will the Moderate Party (M) win the second most seats in the 2026 Swedish parliamentary election?,0xa3d50cf0,buy_yes,Bought YES (bid hit),61.968,0.42,26.0266,0.415,-0.5,108.811,94.811,13.9998,9311.57,0,0
1221,2026-05-28T01:06:00+00:00,2026-05-28,Will the Moderate Party (M) win the second most seats in the 2026 Swedish parliamentary election?,0xa3d50cf0,sell_yes,Sold YES (ask lifted),67.5451,0.41,27.6935,0.41,-0,41.2657,94.811,-53.5453,9339.26,0,0
1222,2026-05-28T01:13:00+00:00,2026-05-28,Will the Moderate Party (M) win the second most seats in the 2026 Swedish parliamentary election?,0xa3d50cf0,buy_yes,Bought YES (bid hit),65.6861,0.42,27.5882,0.41,-1,106.952,94.811,12.1408,9311.68,0,0
1223,2026-05-28T01:14:00+00:00,2026-05-28,Will the Moderate Party (M) win the second most seats in the 2026 Swedish parliamentary election?,0xa3d50cf0,sell_yes,Sold YES (ask lifted),61.968,0.42,26.0266,0.425,-0.5,44.9838,94.811,-49.8272,9337.7,0,0
1224,2026-05-28T01:18:00+00:00,2026-05-28,Will the Moderate Party (M) win the second most seats in the 2026 Swedish parliamentary election?,0xa3d50cf0,buy_yes,Bought YES (bid hit),61.968,0.41,25.4069,0.4,-1,106.952,94.811,12.1408,9312.3,0,0
1225,2026-05-28T01:19:00+00:00,2026-05-28,Will the Moderate Party (M) win the second most seats in the 2026 Swedish parliamentary election?,0xa3d50cf0,sell_yes,Sold YES (ask lifted),63.827,0.41,26.1691,0.41,-0,43.1248,94.811,-51.6863,9338.46,0,0
1226,2026-05-28T01:23:00+00:00,2026-05-28,Will the Sweden Democrats (SD) win the third most seats in the 2026 Swedish parliamentary election?,0x939abe4a,buy_yes,Bought YES (bid hit),46.476,0.19,8.8304,0.185,-0.5,67.3902,31.1389,36.2513,9329.63,0,0
1227,2026-05-28T01:23:00+00:00,2026-05-28,Will the Moderate Party (M) win the second most seats in the 2026 Swedish parliamentary election?,0xa3d50cf0,buy_yes,Bought YES (bid hit),61.968,0.42,26.0266,0.41,-1,105.093,94.811,10.2817,9303.61,0,0
1228,2026-05-28T01:24:00+00:00,2026-05-28,Will the Sweden Democrats (SD) win the third most seats in the 2026 Swedish parliamentary election?,0x939abe4a,sell_yes,Sold YES (ask lifted),46.476,0.19,8.8304,0.195,-0.5,20.9142,31.1389,-10.2247,9312.44,0,0
1229,2026-05-28T01:26:00+00:00,2026-05-28,Will the Moderate Party (M) win the second most seats in the 2026 Swedish parliamentary election?,0xa3d50cf0,sell_yes,Sold YES (ask lifted),61.968,0.41,25.4069,0.425,-1.5,43.1248,94.811,-51.6863,9337.85,0,0
1230,2026-05-28T01:28:00+00:00,2026-05-28,Will the Moderate Party (M) win the second most seats in the 2026 Swedish parliamentary election?,0xa3d50cf0,buy_yes,Bought YES (bid hit),61.968,0.42,26.0266,0.41,-1,105.093,94.811,10.2817,9311.82,0,0
1231,2026-05-28T01:31:00+00:00,2026-05-28,Will the Moderate Party (M) win the second most seats in the 2026 Swedish parliamentary election?,0xa3d50cf0,sell_yes,Sold YES (ask lifted),61.968,0.41,25.4069,0.415,-0.5,43.1248,94.811,-51.6863,9337.23,0,0
1232,2026-05-28T01:51:00+00:00,2026-05-28,Will the Moderate Party (M) win the second most seats in the 2026 Swedish parliamentary election?,0xa3d50cf0,buy_yes,Bought YES (bid hit),61.968,0.41,25.4069,0.395,-1.5,105.093,94.811,10.2817,9311.82,0,0
1233,2026-05-28T01:57:00+00:00,2026-05-28,Will the Moderate Party (M) win the second most seats in the 2026 Swedish parliamentary election?,0xa3d50cf0,sell_yes,Sold YES (ask lifted),61.968,0.41,25.4069,0.425,-1.5,43.1248,94.811,-51.6863,9337.23,0,0
1234,2026-05-28T01:58:00+00:00,2026-05-28,Will the Moderate Party (M) win the second most seats in the 2026 Swedish parliamentary election?,0xa3d50cf0,buy_yes,Bought YES (bid hit),65.6861,0.42,27.5882,0.41,-1,108.811,94.811,13.9998,9309.64,0,0
1235,2026-05-28T02:05:00+00:00,2026-05-28,Will the Moderate Party (M) win the second most seats in the 2026 Swedish parliamentary election?,0xa3d50cf0,sell_yes,Sold YES (ask lifted),61.968,0.41,25.4069,0.425,-1.5,46.8429,94.811,-47.9682,9335.04,0,0
1236,2026-05-28T02:09:00+00:00,2026-05-28,Will the Moderate Party (M) win the second most seats in the 2026 Swedish parliamentary election?,0xa3d50cf0,buy_yes,Bought YES (bid hit),65.6861,0.42,27.5882,0.41,-1,112.529,94.811,17.7179,9307.46,0,0
1237,2026-05-28T02:10:00+00:00,2026-05-28,Will the Moderate Party (M) win the second most seats in the 2026 Swedish parliamentary election?,0xa3d50cf0,sell_yes,Sold YES (ask lifted),61.968,0.42,26.0266,0.42,-0,50.5609,94.811,-44.2501,9333.48,0,0
1238,2026-05-28T02:15:00+00:00,2026-05-28,Will the Sweden Democrats (SD) win the second most seats in the 2026 Swedish parliamentary election?,0x9e2966ab,buy_yes,Bought YES (bid hit),61.968,0.48,29.7446,0.475,-0.5,87.9946,60.109,27.8856,9303.74,0,0
1239,2026-05-28T02:16:00+00:00,2026-05-28,Will the Sweden Democrats (SD) win the second most seats in the 2026 Swedish parliamentary election?,0x9e2966ab,sell_yes,Sold YES (ask lifted),61.968,0.48,29.7446,0.485,-0.5,26.0266,60.109,-34.0824,9333.48,0,0
1240,2026-05-28T02:22:00+00:00,2026-05-28,Will the Moderate Party (M) win the second most seats in the 2026 Swedish parliamentary election?,0xa3d50cf0,buy_yes,Bought YES (bid hit),61.968,0.42,26.0266,0.415,-0.5,112.529,94.811,17.7179,9307.46,0,0
1241,2026-05-28T02:25:00+00:00,2026-05-28,Will the Moderate Party (M) win the second most seats in the 2026 Swedish parliamentary election?,0xa3d50cf0,sell_yes,Sold YES (ask lifted),61.968,0.41,25.4069,0.43,-2,50.5609,94.811,-44.2501,9332.86,0,0
1242,2026-05-28T02:26:00+00:00,2026-05-28,Will the Moderate Party (M) win the second most seats in the 2026 Swedish parliamentary election?,0xa3d50cf0,buy_yes,Bought YES (bid hit),61.968,0.42,26.0266,0.415,-0.5,112.529,94.811,17.7179,9306.84,0,0
1243,2026-05-28T02:27:00+00:00,2026-05-28,Will the Moderate Party (M) win the second most seats in the 2026 Swedish parliamentary election?,0xa3d50cf0,sell_yes,Sold YES (ask lifted),65.6861,0.42,27.5882,0.42,-0,46.8429,94.811,-47.9682,9334.42,0,0
1244,2026-05-28T02:40:00+00:00,2026-05-28,Will the Moderate Party (M) win the second most seats in the 2026 Swedish parliamentary election?,0xa3d50cf0,buy_yes,Bought YES (bid hit),61.968,0.42,26.0266,0.415,-0.5,108.811,94.811,13.9998,9308.4,0,0
1245,2026-05-28T02:42:00+00:00,2026-05-28,Will the Moderate Party (M) win the second most seats in the 2026 Swedish parliamentary election?,0xa3d50cf0,sell_yes,Sold YES (ask lifted),61.968,0.42,26.0266,0.425,-0.5,46.8429,94.811,-47.9682,9334.42,0,0
1246,2026-05-28T02:44:00+00:00,2026-05-28,Will the Moderate Party (M) win the second most seats in the 2026 Swedish parliamentary election?,0xa3d50cf0,buy_yes,Bought YES (bid hit),61.968,0.42,26.0266,0.415,-0.5,108.811,94.811,13.9998,9308.4,0,0
1247,2026-05-28T02:45:00+00:00,2026-05-28,Will the Moderate Party (M) win the second most seats in the 2026 Swedish parliamentary election?,0xa3d50cf0,sell_yes,Sold YES (ask lifted),63.827,0.42,26.8074,0.42,-0,44.9838,94.811,-49.8272,9335.21,0,0
1248,2026-05-28T02:55:00+00:00,2026-05-28,Will the Moderate Party (M) win the second most seats in the 2026 Swedish parliamentary election?,0xa3d50cf0,buy_yes,Bought YES (bid hit),61.968,0.43,26.6462,0.42,-1,106.952,94.811,12.1408,9308.56,0,0
1249,2026-05-28T03:04:00+00:00,2026-05-28,Will the Moderate Party (M) win the third most seats in the 2026 Swedish parliamentary election?,0xbbb881b0,buy_yes,Bought YES (bid hit),46.476,0.56,26.0266,0.545,-1.5,69.807,63.2074,6.59959,9282.53,0,0
1250,2026-05-28T03:05:00+00:00,2026-05-28,Will the Moderate Party (M) win the second most seats in the 2026 Swedish parliamentary election?,0xa3d50cf0,sell_yes,Sold YES (ask lifted),63.827,0.41,26.1691,0.425,-1.5,43.1248,94.811,-51.6863,9308.7,0,0
1251,2026-05-28T03:07:00+00:00,2026-05-28,Will the Moderate Party (M) win the second most seats in the 2026 Swedish parliamentary election?,0xa3d50cf0,buy_yes,Bought YES (bid hit),61.968,0.42,26.0266,0.41,-1,105.093,94.811,10.2817,9282.67,0,0
1252,2026-05-28T03:08:00+00:00,2026-05-28,Will the Moderate Party (M) win the second most seats in the 2026 Swedish parliamentary election?,0xa3d50cf0,sell_yes,Sold YES (ask lifted),63.827,0.42,26.8074,0.42,-0,41.2657,94.811,-53.5453,9309.48,0,0
1253,2026-05-28T03:11:00+00:00,2026-05-28,Will the Moderate Party (M) win the second most seats in the 2026 Swedish parliamentary election?,0xa3d50cf0,buy_yes,Bought YES (bid hit),61.968,0.42,26.0266,0.415,-0.5,103.234,94.811,8.42269,9283.46,0,0
1254,2026-05-28T03:13:00+00:00,2026-05-28,Will the Sweden Democrats (SD) win the third most seats in the 2026 Swedish parliamentary election?,0x939abe4a,buy_yes,Bought YES (bid hit),46.476,0.19,8.8304,0.185,-0.5,67.3902,31.1389,36.2513,9274.63,0,0
1255,2026-05-28T03:13:00+00:00,2026-05-28,Will the Moderate Party (M) win the second most seats in the 2026 Swedish parliamentary election?,0xa3d50cf0,sell_yes,Sold YES (ask lifted),61.968,0.42,26.0266,0.425,-0.5,41.2657,94.811,-53.5453,9300.65,0,0
1256,2026-05-28T03:14:00+00:00,2026-05-28,Will the Sweden Democrats (SD) win the third most seats in the 2026 Swedish parliamentary election?,0x939abe4a,sell_yes,Sold YES (ask lifted),46.476,0.19,8.8304,0.195,-0.5,20.9142,31.1389,-10.2247,9309.48,0,0
1257,2026-05-28T03:19:00+00:00,2026-05-28,Will the Moderate Party (M) win the second most seats in the 2026 Swedish parliamentary election?,0xa3d50cf0,buy_yes,Bought YES (bid hit),63.827,0.42,26.8074,0.415,-0.5,105.093,94.811,10.2817,9282.67,0,0
1258,2026-05-28T03:21:00+00:00,2026-05-28,Will the Moderate Party (M) win the second most seats in the 2026 Swedish parliamentary election?,0xa3d50cf0,sell_yes,Sold YES (ask lifted),61.968,0.42,26.0266,0.425,-0.5,43.1248,94.811,-51.6863,9308.7,0,0
1259,2026-05-28T03:24:00+00:00,2026-05-28,Will the Moderate Party (M) win the second most seats in the 2026 Swedish parliamentary election?,0xa3d50cf0,buy_yes,Bought YES (bid hit),61.968,0.42,26.0266,0.41,-1,105.093,94.811,10.2817,9282.67,0,0
1260,2026-05-28T03:25:00+00:00,2026-05-28,Will the Moderate Party (M) win the second most seats in the 2026 Swedish parliamentary election?,0xa3d50cf0,sell_yes,Sold YES (ask lifted),63.827,0.42,26.8074,0.42,-0,41.2657,94.811,-53.5453,9309.48,0,0
1261,2026-05-28T03:32:00+00:00,2026-05-28,Will the Moderate Party (M) win the third most seats in the 2026 Swedish parliamentary election?,0xbbb881b0,buy_yes,Bought YES (bid hit),46.476,0.57,26.4913,0.54,-3,116.283,63.2074,53.0756,9282.99,0,0
1262,2026-05-28T03:36:00+00:00,2026-05-28,Will the Moderate Party (M) win the second most seats in the 2026 Swedish parliamentary election?,0xa3d50cf0,buy_yes,Bought YES (bid hit),61.968,0.42,26.0266,0.415,-0.5,103.234,94.811,8.42269,9256.96,0,0
1263,2026-05-28T03:37:00+00:00,2026-05-28,Will the Moderate Party (M) win the second most seats in the 2026 Swedish parliamentary election?,0xa3d50cf0,sell_yes,Sold YES (ask lifted),61.968,0.42,26.0266,0.435,-1.5,41.2657,94.811,-53.5453,9282.99,0,0
1264,2026-05-28T03:47:00+00:00,2026-05-28,Will the Sweden Democrats (SD) win the third most seats in the 2026 Swedish parliamentary election?,0x939abe4a,buy_yes,Bought YES (bid hit),47.8703,0.2,9.5741,0.195,-0.5,68.7845,31.1389,37.6456,9273.42,0,0
1265,2026-05-28T03:52:00+00:00,2026-05-28,Will the Moderate Party (M) win the second most seats in the 2026 Swedish parliamentary election?,0xa3d50cf0,buy_yes,Bought YES (bid hit),61.968,0.42,26.0266,0.41,-1,103.234,94.811,8.42269,9247.39,0,0
1266,2026-05-28T03:53:00+00:00,2026-05-28,Will the Moderate Party (M) win the second most seats in the 2026 Swedish parliamentary election?,0xa3d50cf0,sell_yes,Sold YES (ask lifted),61.968,0.42,26.0266,0.43,-1,41.2657,94.811,-53.5453,9273.42,0,0
1267,2026-05-28T04:10:00+00:00,2026-05-28,Will the Moderate Party (M) win the second most seats in the 2026 Swedish parliamentary election?,0xa3d50cf0,buy_yes,Bought YES (bid hit),61.968,0.42,26.0266,0.415,-0.5,103.234,94.811,8.42269,9247.39,0,0
1268,2026-05-28T04:12:00+00:00,2026-05-28,Will the Moderate Party (M) win the second most seats in the 2026 Swedish parliamentary election?,0xa3d50cf0,sell_yes,Sold YES (ask lifted),61.968,0.42,26.0266,0.43,-1,41.2657,94.811,-53.5453,9273.42,0,0
1269,2026-05-28T04:19:00+00:00,2026-05-28,Will the Moderate Party (M) win the second most seats in the 2026 Swedish parliamentary election?,0xa3d50cf0,buy_yes,Bought YES (bid hit),61.968,0.42,26.0266,0.415,-0.5,103.234,94.811,8.42269,9247.39,0,0
1270,2026-05-28T04:21:00+00:00,2026-05-28,Will the Moderate Party (M) win the second most seats in the 2026 Swedish parliamentary election?,0xa3d50cf0,sell_yes,Sold YES (ask lifted),61.968,0.42,26.0266,0.43,-1,41.2657,94.811,-53.5453,9273.42,0,0
1271,2026-05-28T04:26:00+00:00,2026-05-28,Will the Moderate Party (M) win the second most seats in the 2026 Swedish parliamentary election?,0xa3d50cf0,buy_yes,Bought YES (bid hit),61.968,0.42,26.0266,0.415,-0.5,103.234,94.811,8.42269,9247.39,0,0
1272,2026-05-28T04:27:00+00:00,2026-05-28,Will the Moderate Party (M) win the second most seats in the 2026 Swedish parliamentary election?,0xa3d50cf0,sell_yes,Sold YES (ask lifted),61.968,0.42,26.0266,0.425,-0.5,41.2657,94.811,-53.5453,9273.42,0,0
1273,2026-05-28T04:30:00+00:00,2026-05-28,Will the Moderate Party (M) win the second most seats in the 2026 Swedish parliamentary election?,0xa3d50cf0,buy_yes,Bought YES (bid hit),61.968,0.42,26.0266,0.415,-0.5,103.234,94.811,8.42269,9247.39,0,0
1274,2026-05-28T04:31:00+00:00,2026-05-28,Will the Moderate Party (M) win the second most seats in the 2026 Swedish parliamentary election?,0xa3d50cf0,sell_yes,Sold YES (ask lifted),61.968,0.42,26.0266,0.425,-0.5,41.2657,94.811,-53.5453,9273.42,0,0
1275,2026-05-28T04:32:00+00:00,2026-05-28,Will the Moderate Party (M) win the second most seats in the 2026 Swedish parliamentary election?,0xa3d50cf0,buy_yes,Bought YES (bid hit),61.968,0.42,26.0266,0.415,-0.5,103.234,94.811,8.42269,9247.39,0,0
1276,2026-05-28T04:34:00+00:00,2026-05-28,Will the Moderate Party (M) win the second most seats in the 2026 Swedish parliamentary election?,0xa3d50cf0,sell_yes,Sold YES (ask lifted),61.968,0.42,26.0266,0.425,-0.5,41.2657,94.811,-53.5453,9273.42,0,0
1277,2026-05-28T04:36:00+00:00,2026-05-28,Will the Moderate Party (M) win the second most seats in the 2026 Swedish parliamentary election?,0xa3d50cf0,buy_yes,Bought YES (bid hit),67.5451,0.42,28.369,0.415,-0.5,108.811,94.811,13.9998,9245.05,0,0
1278,2026-05-28T04:37:00+00:00,2026-05-28,Will the Moderate Party (M) win the second most seats in the 2026 Swedish parliamentary election?,0xa3d50cf0,sell_yes,Sold YES (ask lifted),61.968,0.42,26.0266,0.425,-0.5,46.8429,94.811,-47.9682,9271.07,0,0
1279,2026-05-28T04:41:00+00:00,2026-05-28,Will the Sweden Democrats (SD) win the third most seats in the 2026 Swedish parliamentary election?,0x939abe4a,sell_yes,Sold YES (ask lifted),47.8703,0.18,8.6167,0.19,-1,20.9142,31.1389,-10.2247,9279.69,0,0
1280,2026-05-28T04:41:00+00:00,2026-05-28,Will the Moderate Party (M) win the second most seats in the 2026 Swedish parliamentary election?,0xa3d50cf0,buy_yes,Bought YES (bid hit),61.968,0.42,26.0266,0.4,-2,108.811,94.811,13.9998,9253.66,0,0
1281,2026-05-28T04:43:00+00:00,2026-05-28,Will the Moderate Party (M) win the second most seats in the 2026 Swedish parliamentary election?,0xa3d50cf0,sell_yes,Sold YES (ask lifted),61.968,0.41,25.4069,0.42,-1,46.8429,94.811,-47.9682,9279.07,0,0
1282,2026-05-28T04:44:00+00:00,2026-05-28,Will the Moderate Party (M) win the second most seats in the 2026 Swedish parliamentary election?,0xa3d50cf0,buy_yes,Bought YES (bid hit),65.6861,0.41,26.9313,0.405,-0.5,112.529,94.811,17.7179,9252.14,0,0
1283,2026-05-28T04:45:00+00:00,2026-05-28,Will the Moderate Party (M) win the second most seats in the 2026 Swedish parliamentary election?,0xa3d50cf0,sell_yes,Sold YES (ask lifted),61.968,0.41,25.4069,0.425,-1.5,50.5609,94.811,-44.2501,9277.55,0,0
1284,2026-05-28T04:46:00+00:00,2026-05-28,Will the Moderate Party (M) win the second most seats in the 2026 Swedish parliamentary election?,0xa3d50cf0,buy_yes,Bought YES (bid hit),61.968,0.42,26.0266,0.415,-0.5,112.529,94.811,17.7179,9251.52,0,0
1285,2026-05-28T04:48:00+00:00,2026-05-28,Will the Moderate Party (M) win the second most seats in the 2026 Swedish parliamentary election?,0xa3d50cf0,sell_yes,Sold YES (ask lifted),65.6861,0.41,26.9313,0.41,-0,46.8429,94.811,-47.9682,9278.45,0,0
1286,2026-05-28T04:49:00+00:00,2026-05-28,Will the Moderate Party (M) win the second most seats in the 2026 Swedish parliamentary election?,0xa3d50cf0,buy_yes,Bought YES (bid hit),61.968,0.4,24.7872,0.395,-0.5,108.811,94.811,13.9998,9253.66,0,0
1287,2026-05-28T04:50:00+00:00,2026-05-28,Will the Moderate Party (M) win the second most seats in the 2026 Swedish parliamentary election?,0xa3d50cf0,sell_yes,Sold YES (ask lifted),63.827,0.4,25.5308,0.415,-1.5,44.9838,94.811,-49.8272,9279.2,0,0
1288,2026-05-28T04:52:00+00:00,2026-05-28,Will the Moderate Party (M) win the second most seats in the 2026 Swedish parliamentary election?,0xa3d50cf0,buy_yes,Bought YES (bid hit),61.968,0.41,25.4069,0.405,-0.5,106.952,94.811,12.1408,9253.79,0,0
1289,2026-05-28T04:53:00+00:00,2026-05-28,Will the Moderate Party (M) win the second most seats in the 2026 Swedish parliamentary election?,0xa3d50cf0,sell_yes,Sold YES (ask lifted),63.827,0.41,26.1691,0.42,-1,43.1248,94.811,-51.6863,9279.96,0,0
1290,2026-05-28T05:01:00+00:00,2026-05-28,Will the Moderate Party (M) win the second most seats in the 2026 Swedish parliamentary election?,0xa3d50cf0,buy_yes,Bought YES (bid hit),61.968,0.42,26.0266,0.415,-0.5,105.093,94.811,10.2817,9253.93,0,0
1291,2026-05-28T05:02:00+00:00,2026-05-28,Will the Moderate Party (M) win the second most seats in the 2026 Swedish parliamentary election?,0xa3d50cf0,sell_yes,Sold YES (ask lifted),61.968,0.42,26.0266,0.425,-0.5,43.1248,94.811,-51.6863,9279.96,0,0
1292,2026-05-28T05:09:00+00:00,2026-05-28,Will the Sweden Democrats (SD) win the third most seats in the 2026 Swedish parliamentary election?,0x939abe4a,buy_yes,Bought YES (bid hit),46.476,0.19,8.8304,0.185,-0.5,67.3902,31.1389,36.2513,9271.13,0,0
1293,2026-05-28T05:09:00+00:00,2026-05-28,Will the Moderate Party (M) win the second most seats in the 2026 Swedish parliamentary election?,0xa3d50cf0,buy_yes,Bought YES (bid hit),61.968,0.42,26.0266,0.41,-1,105.093,94.811,10.2817,9245.1,0,0
1294,2026-05-28T05:10:00+00:00,2026-05-28,Will the Moderate Party (M) win the second most seats in the 2026 Swedish parliamentary election?,0xa3d50cf0,sell_yes,Sold YES (ask lifted),61.968,0.42,26.0266,0.435,-1.5,43.1248,94.811,-51.6863,9271.13,0,0
1295,2026-05-28T05:11:00+00:00,2026-05-28,Will the Moderate Party (M) win the second most seats in the 2026 Swedish parliamentary election?,0xa3d50cf0,buy_yes,Bought YES (bid hit),71.2632,0.43,30.6432,0.425,-0.5,114.388,94.811,19.5769,9240.48,0,0
1296,2026-05-28T05:13:00+00:00,2026-05-28,Will the Sweden Democrats (SD) win the second most seats in the 2026 Swedish parliamentary election?,0x9e2966ab,buy_yes,Bought YES (bid hit),61.968,0.48,29.7446,0.47,-1,87.9946,60.109,27.8856,9210.74,0,0
1297,2026-05-28T05:14:00+00:00,2026-05-28,Will the Sweden Democrats (SD) win the second most seats in the 2026 Swedish parliamentary election?,0x9e2966ab,sell_yes,Sold YES (ask lifted),61.968,0.48,29.7446,0.485,-0.5,26.0266,60.109,-34.0824,9240.48,0,0
1298,2026-05-28T05:18:00+00:00,2026-05-28,Will the Moderate Party (M) win the second most seats in the 2026 Swedish parliamentary election?,0xa3d50cf0,sell_yes,Sold YES (ask lifted),63.827,0.41,26.1691,0.415,-0.5,50.5609,94.811,-44.2501,9266.65,0,0
1299,2026-05-28T05:31:00+00:00,2026-05-28,Will the Moderate Party (M) win the second most seats in the 2026 Swedish parliamentary election?,0xa3d50cf0,buy_yes,Bought YES (bid hit),61.968,0.42,26.0266,0.415,-0.5,112.529,94.811,17.7179,9240.63,0,0
1300,2026-05-28T05:32:00+00:00,2026-05-28,Will the Moderate Party (M) win the second most seats in the 2026 Swedish parliamentary election?,0xa3d50cf0,sell_yes,Sold YES (ask lifted),63.827,0.42,26.8074,0.425,-0.5,48.7019,94.811,-46.1091,9267.43,0,0
1301,2026-05-28T05:34:00+00:00,2026-05-28,Will the Moderate Party (M) win the second most seats in the 2026 Swedish parliamentary election?,0xa3d50cf0,buy_yes,Bought YES (bid hit),61.968,0.42,26.0266,0.415,-0.5,110.67,94.811,15.8589,9241.41,0,0
1302,2026-05-28T05:36:00+00:00,2026-05-28,Will the Sweden Democrats (SD) win the third most seats in the 2026 Swedish parliamentary election?,0x939abe4a,sell_yes,Sold YES (ask lifted),46.476,0.19,8.8304,0.195,-0.5,20.9142,31.1389,-10.2247,9250.24,0,0
1303,2026-05-28T05:36:00+00:00,2026-05-28,Will the Moderate Party (M) win the second most seats in the 2026 Swedish parliamentary election?,0xa3d50cf0,sell_yes,Sold YES (ask lifted),61.968,0.42,26.0266,0.435,-1.5,48.7019,94.811,-46.1091,9276.26,0,0
1304,2026-05-28T05:37:00+00:00,2026-05-28,Will the Sweden Democrats (SD) win the third most seats in the 2026 Swedish parliamentary election?,0x939abe4a,buy_yes,Bought YES (bid hit),46.476,0.19,8.8304,0.185,-0.5,67.3902,31.1389,36.2513,9267.43,0,0
1305,2026-05-28T05:42:00+00:00,2026-05-28,Will the Moderate Party (M) win the second most seats in the 2026 Swedish parliamentary election?,0xa3d50cf0,buy_yes,Bought YES (bid hit),61.968,0.42,26.0266,0.405,-1.5,110.67,94.811,15.8589,9241.41,0,0
1306,2026-05-28T05:43:00+00:00,2026-05-28,Will the Moderate Party (M) win the second most seats in the 2026 Swedish parliamentary election?,0xa3d50cf0,sell_yes,Sold YES (ask lifted),65.6861,0.41,26.9313,0.41,-0,44.9838,94.811,-49.8272,9268.34,0,0
1307,2026-05-28T05:56:00+00:00,2026-05-28,Will the Moderate Party (M) win the second most seats in the 2026 Swedish parliamentary election?,0xa3d50cf0,buy_yes,Bought YES (bid hit),61.968,0.42,26.0266,0.405,-1.5,106.952,94.811,12.1408,9242.31,0,0
1308,2026-05-28T05:57:00+00:00,2026-05-28,Will the Moderate Party (M) win the second most seats in the 2026 Swedish parliamentary election?,0xa3d50cf0,sell_yes,Sold YES (ask lifted),61.968,0.41,25.4069,0.425,-1.5,44.9838,94.811,-49.8272,9267.72,0,0
1309,2026-05-28T05:59:00+00:00,2026-05-28,Will the Moderate Party (M) win the second most seats in the 2026 Swedish parliamentary election?,0xa3d50cf0,buy_yes,Bought YES (bid hit),61.968,0.42,26.0266,0.405,-1.5,106.952,94.811,12.1408,9241.69,0,0
1310,2026-05-28T06:00:00+00:00,2026-05-28,Will the Moderate Party (M) win the second most seats in the 2026 Swedish parliamentary election?,0xa3d50cf0,sell_yes,Sold YES (ask lifted),65.6861,0.41,26.9313,0.425,-1.5,41.2657,94.811,-53.5453,9268.62,0,0
1311,2026-05-28T06:01:00+00:00,2026-05-28,Will the Moderate Party (M) win the second most seats in the 2026 Swedish parliamentary election?,0xa3d50cf0,buy_yes,Bought YES (bid hit),61.968,0.42,26.0266,0.41,-1,103.234,94.811,8.42269,9242.6,0,0
1312,2026-05-28T06:03:00+00:00,2026-05-28,Will the Moderate Party (M) win the second most seats in the 2026 Swedish parliamentary election?,0xa3d50cf0,sell_yes,Sold YES (ask lifted),61.968,0.41,25.4069,0.415,-0.5,41.2657,94.811,-53.5453,9268,0,0
1313,2026-05-28T06:06:00+00:00,2026-05-28,Will the Moderate Party (M) win the second most seats in the 2026 Swedish parliamentary election?,0xa3d50cf0,buy_yes,Bought YES (bid hit),61.968,0.43,26.6462,0.42,-1,103.234,94.811,8.42269,9241.36,0,0
1314,2026-05-28T06:09:00+00:00,2026-05-28,Will the Moderate Party (M) win the second most seats in the 2026 Swedish parliamentary election?,0xa3d50cf0,sell_yes,Sold YES (ask lifted),61.968,0.42,26.0266,0.42,-0,41.2657,94.811,-53.5453,9267.38,0,0
1315,2026-05-28T06:20:00+00:00,2026-05-28,Will the Moderate Party (M) win the second most seats in the 2026 Swedish parliamentary election?,0xa3d50cf0,buy_yes,Bought YES (bid hit),61.968,0.42,26.0266,0.41,-1,103.234,94.811,8.42269,9241.36,0,0
1316,2026-05-28T06:21:00+00:00,2026-05-28,Will the Moderate Party (M) win the second most seats in the 2026 Swedish parliamentary election?,0xa3d50cf0,sell_yes,Sold YES (ask lifted),61.968,0.42,26.0266,0.42,-0,41.2657,94.811,-53.5453,9267.38,0,0
1317,2026-05-28T06:25:00+00:00,2026-05-28,Will the Moderate Party (M) win the second most seats in the 2026 Swedish parliamentary election?,0xa3d50cf0,buy_yes,Bought YES (bid hit),61.968,0.42,26.0266,0.41,-1,103.234,94.811,8.42269,9241.36,0,0
1318,2026-05-28T06:26:00+00:00,2026-05-28,Will the Moderate Party (M) win the second most seats in the 2026 Swedish parliamentary election?,0xa3d50cf0,sell_yes,Sold YES (ask lifted),61.968,0.42,26.0266,0.42,-0,41.2657,94.811,-53.5453,9267.38,0,0
1319,2026-05-28T06:30:00+00:00,2026-05-28,Will the Moderate Party (M) win the second most seats in the 2026 Swedish parliamentary election?,0xa3d50cf0,buy_yes,Bought YES (bid hit),61.968,0.42,26.0266,0.41,-1,103.234,94.811,8.42269,9241.36,0,0
1320,2026-05-28T06:32:00+00:00,2026-05-28,Will the Moderate Party (M) win the second most seats in the 2026 Swedish parliamentary election?,0xa3d50cf0,sell_yes,Sold YES (ask lifted),61.968,0.42,26.0266,0.425,-0.5,41.2657,94.811,-53.5453,9267.38,0,0
1321,2026-05-28T06:40:00+00:00,2026-05-28,Will the Sweden Democrats (SD) win the third most seats in the 2026 Swedish parliamentary election?,0x939abe4a,sell_yes,Sold YES (ask lifted),46.476,0.19,8.8304,0.195,-0.5,20.9142,31.1389,-10.2247,9276.21,0,0
1322,2026-05-28T06:41:00+00:00,2026-05-28,Will the Sweden Democrats (SD) win the third most seats in the 2026 Swedish parliamentary election?,0x939abe4a,buy_yes,Bought YES (bid hit),46.476,0.19,8.8304,0.185,-0.5,67.3902,31.1389,36.2513,9267.38,0,0
1323,2026-05-28T06:55:00+00:00,2026-05-28,Will the Moderate Party (M) win the second most seats in the 2026 Swedish parliamentary election?,0xa3d50cf0,buy_yes,Bought YES (bid hit),61.968,0.42,26.0266,0.41,-1,103.234,94.811,8.42269,9241.36,0,0
1324,2026-05-28T06:56:00+00:00,2026-05-28,Will the Moderate Party (M) win the second most seats in the 2026 Swedish parliamentary election?,0xa3d50cf0,sell_yes,Sold YES (ask lifted),63.827,0.42,26.8074,0.42,-0,39.4067,94.811,-55.4043,9268.17,0,0
1325,2026-05-28T07:02:00+00:00,2026-05-28,Will the Moderate Party (M) win the second most seats in the 2026 Swedish parliamentary election?,0xa3d50cf0,buy_yes,Bought YES (bid hit),65.6861,0.42,27.5882,0.415,-0.5,105.093,94.811,10.2817,9240.58,0,0
1326,2026-05-28T07:03:00+00:00,2026-05-28,Will the Moderate Party (M) win the second most seats in the 2026 Swedish parliamentary election?,0xa3d50cf0,sell_yes,Sold YES (ask lifted),61.968,0.42,26.0266,0.425,-0.5,43.1248,94.811,-51.6863,9266.6,0,0
1327,2026-05-28T07:04:00+00:00,2026-05-28,Bab el-Mandeb Strait effectively closed by September 30?,0x95fc6a4e,sell_yes,Sold YES (ask lifted),103.28,0.18,18.5904,0.195,-1.5,6.1968,103.28,-97.0832,9285.19,0,0
1328,2026-05-28T07:05:00+00:00,2026-05-28,Will the Moderate Party (M) win the second most seats in the 2026 Swedish parliamentary election?,0xa3d50cf0,buy_yes,Bought YES (bid hit),61.968,0.43,26.6462,0.42,-1,105.093,94.811,10.2817,9258.55,0,0
1329,2026-05-28T07:07:00+00:00,2026-05-28,Will the Sweden Democrats (SD) win the third most seats in the 2026 Swedish parliamentary election?,0x939abe4a,sell_yes,Sold YES (ask lifted),46.476,0.19,8.8304,0.2,-1,20.9142,31.1389,-10.2247,9267.38,0,0
1330,2026-05-28T07:08:00+00:00,2026-05-28,Will the Moderate Party (M) win the second most seats in the 2026 Swedish parliamentary election?,0xa3d50cf0,sell_yes,Sold YES (ask lifted),61.968,0.41,25.4069,0.425,-1.5,43.1248,94.811,-51.6863,9292.78,0,0
1331,2026-05-28T07:09:00+00:00,2026-05-28,Will the Sweden Democrats (SD) win the second most seats in the 2026 Swedish parliamentary election?,0x9e2966ab,buy_yes,Bought YES (bid hit),61.968,0.48,29.7446,0.475,-0.5,87.9946,60.109,27.8856,9263.04,0,0
1332,2026-05-28T07:10:00+00:00,2026-05-28,Will the Sweden Democrats (SD) win the second most seats in the 2026 Swedish parliamentary election?,0x9e2966ab,sell_yes,Sold YES (ask lifted),61.968,0.48,29.7446,0.485,-0.5,26.0266,60.109,-34.0824,9292.78,0,0
1333,2026-05-28T07:22:00+00:00,2026-05-28,Will the Moderate Party (M) win the second most seats in the 2026 Swedish parliamentary election?,0xa3d50cf0,buy_yes,Bought YES (bid hit),61.968,0.41,25.4069,0.405,-0.5,105.093,94.811,10.2817,9267.38,0,0
1334,2026-05-28T07:23:00+00:00,2026-05-28,Will the Moderate Party (M) win the second most seats in the 2026 Swedish parliamentary election?,0xa3d50cf0,sell_yes,Sold YES (ask lifted),61.968,0.41,25.4069,0.415,-0.5,43.1248,94.811,-51.6863,9292.78,0,0
1335,2026-05-28T07:27:00+00:00,2026-05-28,Will the Moderate Party (M) win the second most seats in the 2026 Swedish parliamentary election?,0xa3d50cf0,buy_yes,Bought YES (bid hit),63.827,0.42,26.8074,0.415,-0.5,106.952,94.811,12.1408,9265.98,0,0
1336,2026-05-28T07:33:00+00:00,2026-05-28,Will the Moderate Party (M) win the second most seats in the 2026 Swedish parliamentary election?,0xa3d50cf0,sell_yes,Sold YES (ask lifted),63.827,0.42,26.8074,0.42,-0,43.1248,94.811,-51.6863,9292.78,0,0
1337,2026-05-28T07:35:00+00:00,2026-05-28,Will the Moderate Party (M) win the second most seats in the 2026 Swedish parliamentary election?,0xa3d50cf0,buy_yes,Bought YES (bid hit),63.827,0.42,26.8074,0.41,-1,106.952,94.811,12.1408,9265.98,0,0
1338,2026-05-28T07:36:00+00:00,2026-05-28,Will the Moderate Party (M) win the second most seats in the 2026 Swedish parliamentary election?,0xa3d50cf0,sell_yes,Sold YES (ask lifted),61.968,0.42,26.0266,0.42,-0,44.9838,94.811,-49.8272,9292,0,0
1339,2026-05-28T07:40:00+00:00,2026-05-28,Will the Moderate Party (M) win the second most seats in the 2026 Swedish parliamentary election?,0xa3d50cf0,buy_yes,Bought YES (bid hit),61.968,0.42,26.0266,0.405,-1.5,106.952,94.811,12.1408,9265.98,0,0
1340,2026-05-28T07:41:00+00:00,2026-05-28,Will the Moderate Party (M) win the second most seats in the 2026 Swedish parliamentary election?,0xa3d50cf0,sell_yes,Sold YES (ask lifted),65.6861,0.41,26.9313,0.41,-0,41.2657,94.811,-53.5453,9292.91,0,0
1341,2026-05-28T07:46:00+00:00,2026-05-28,Will the Moderate Party (M) win the second most seats in the 2026 Swedish parliamentary election?,0xa3d50cf0,buy_yes,Bought YES (bid hit),61.968,0.43,26.6462,0.42,-1,103.234,94.811,8.42269,9266.26,0,0
1342,2026-05-28T07:55:00+00:00,2026-05-28,Will the Sweden Democrats (SD) win the third most seats in the 2026 Swedish parliamentary election?,0x939abe4a,buy_yes,Bought YES (bid hit),46.476,0.19,8.8304,0.185,-0.5,67.3902,31.1389,36.2513,9257.43,0,0
1343,2026-05-28T08:00:00+00:00,2026-05-28,Will the Moderate Party (M) win the second most seats in the 2026 Swedish parliamentary election?,0xa3d50cf0,sell_yes,Sold YES (ask lifted),63.827,0.42,26.8074,0.42,-0,39.4067,94.811,-55.4043,9284.24,0,0
1344,2026-05-28T08:03:00+00:00,2026-05-28,Will the Moderate Party (M) win the second most seats in the 2026 Swedish parliamentary election?,0xa3d50cf0,buy_yes,Bought YES (bid hit),61.968,0.42,26.0266,0.4,-2,101.375,94.811,6.56365,9258.21,0,0
1345,2026-05-28T08:07:00+00:00,2026-05-28,Fed Rate Hike by October 2026 Meeting?,0x059db22d,buy_yes,Bought YES (bid hit),103.28,0.26,26.8528,0.24,-2,232.38,121.87,110.51,9231.36,0,0
1346,2026-05-28T08:17:00+00:00,2026-05-28,Will the Sweden Democrats (SD) win the second most seats in the 2026 Swedish parliamentary election?,0x9e2966ab,buy_yes,Bought YES (bid hit),61.968,0.48,29.7446,0.465,-1.5,87.9946,60.109,27.8856,9201.62,0,0
1347,2026-05-28T08:18:00+00:00,2026-05-28,Will the Sweden Democrats (SD) win the second most seats in the 2026 Swedish parliamentary election?,0x9e2966ab,sell_yes,Sold YES (ask lifted),61.968,0.47,29.125,0.485,-1.5,26.0266,60.109,-34.0824,9230.74,0,0
1348,2026-05-28T08:20:00+00:00,2026-05-28,Fed Rate Hike by October 2026 Meeting?,0x059db22d,sell_yes,Sold YES (ask lifted),103.28,0.26,26.8528,0.265,-0.5,129.1,121.87,7.2296,9257.59,0,0
1349,2026-05-28T08:26:00+00:00,2026-05-28,Fed Rate Hike by October 2026 Meeting?,0x059db22d,sell_yes,Sold YES (ask lifted),103.28,0.25,25.82,0.275,-2.5,25.82,121.87,-96.0504,9283.41,0,0
1350,2026-05-28T08:36:00+00:00,2026-05-28,Fed Rate Hike by October 2026 Meeting?,0x059db22d,buy_yes,Bought YES (bid hit),103.28,0.26,26.8528,0.235,-2.5,129.1,121.87,7.2296,9256.56,0,0
1351,2026-05-28T08:38:00+00:00,2026-05-28,Fed Rate Hike by October 2026 Meeting?,0x059db22d,sell_yes,Sold YES (ask lifted),103.28,0.26,26.8528,0.27,-1,25.82,121.87,-96.0504,9283.41,0,0
1352,2026-05-28T08:49:00+00:00,2026-05-28,Fed Rate Hike by October 2026 Meeting?,0x059db22d,buy_yes,Bought YES (bid hit),106.378,0.26,27.6584,0.245,-1.5,132.198,121.87,10.328,9255.75,0,0
1353,2026-05-28T08:55:00+00:00,2026-05-28,Fed Rate Hike by October 2026 Meeting?,0x059db22d,sell_yes,Sold YES (ask lifted),103.28,0.27,27.8856,0.29,-2,28.9184,121.87,-92.952,9283.64,0,0
1354,2026-05-28T08:58:00+00:00,2026-05-28,Fed Rate Hike by October 2026 Meeting?,0x059db22d,buy_yes,Bought YES (bid hit),103.28,0.25,25.82,0.235,-1.5,132.198,121.87,10.328,9257.82,0,0
1355,2026-05-28T09:21:00+00:00,2026-05-28,Fed Rate Hike by October 2026 Meeting?,0x059db22d,sell_yes,Sold YES (ask lifted),103.28,0.27,27.8856,0.275,-0.5,28.9184,121.87,-92.952,9285.71,0,0
1356,2026-05-28T09:23:00+00:00,2026-05-28,Fed Rate Hike by October 2026 Meeting?,0x059db22d,buy_yes,Bought YES (bid hit),47.9219,0.25,11.9805,0.245,-0.5,76.8403,121.87,-45.0301,9273.73,0,0
1357,2026-05-28T09:26:00+00:00,2026-05-28,Will the Moderate Party (M) win the second most seats in the 2026 Swedish parliamentary election?,0xa3d50cf0,buy_yes,Bought YES (bid hit),61.968,0.41,25.4069,0.4,-1,163.343,94.811,68.5317,9248.32,0,0
1358,2026-05-28T09:32:00+00:00,2026-05-28,Fed Rate Hike by October 2026 Meeting?,0x059db22d,buy_yes,Bought YES (bid hit),47.9219,0.26,12.4597,0.255,-0.5,124.762,121.87,2.89184,9235.86,0,0
1359,2026-05-28T09:40:00+00:00,2026-05-28,Fed Rate Hike by October 2026 Meeting?,0x059db22d,buy_yes,Bought YES (bid hit),47.9219,0.25,11.9805,0.24,-1,172.684,121.87,50.8138,9223.88,0,0
1360,2026-05-28T09:45:00+00:00,2026-05-28,Fed Rate Hike by October 2026 Meeting?,0x059db22d,sell_yes,Sold YES (ask lifted),52.2349,0.25,13.0587,0.26,-1,120.449,121.87,-1.42113,9236.94,0,0
1361,2026-05-28T09:53:00+00:00,2026-05-28,Fed Rate Hike by October 2026 Meeting?,0x059db22d,buy_yes,Bought YES (bid hit),47.9219,0.23,11.022,0.225,-0.5,168.371,121.87,46.5008,9225.92,0,0
1362,2026-05-28T10:17:00+00:00,2026-05-28,Fed Rate Hike by October 2026 Meeting?,0x059db22d,sell_yes,Sold YES (ask lifted),49.3596,0.25,12.3399,0.265,-1.5,119.012,121.87,-2.85879,9238.26,0,0
1363,2026-05-28T10:20:00+00:00,2026-05-28,Fed Rate Hike by October 2026 Meeting?,0x059db22d,buy_yes,Bought YES (bid hit),112.575,0.25,28.1438,0.23,-2,231.587,121.87,109.716,9210.11,0,0
1364,2026-05-28T10:27:00+00:00,2026-05-28,Fed Rate Hike by October 2026 Meeting?,0x059db22d,sell_yes,Sold YES (ask lifted),103.28,0.25,25.82,0.26,-1,128.307,121.87,6.43641,9235.93,0,0
1365,2026-05-28T10:30:00+00:00,2026-05-28,Fed Rate Hike by October 2026 Meeting?,0x059db22d,sell_yes,Sold YES (ask lifted),103.28,0.25,25.82,0.255,-0.5,25.0268,121.87,-96.8436,9261.75,0,0
1366,2026-05-28T11:28:00+00:00,2026-05-28,Fed Rate Hike by October 2026 Meeting?,0x059db22d,buy_yes,Bought YES (bid hit),103.28,0.24,24.7872,0.235,-0.5,128.307,121.87,6.43641,9236.96,0,0
1367,2026-05-28T11:41:00+00:00,2026-05-28,Fed Rate Hike by October 2026 Meeting?,0x059db22d,sell_yes,Sold YES (ask lifted),47.9219,0.25,11.9805,0.26,-1,80.3849,121.87,-41.4855,9248.94,0,0
1368,2026-05-28T11:59:00+00:00,2026-05-28,Fed Rate Hike by October 2026 Meeting?,0x059db22d,buy_yes,Bought YES (bid hit),53.6726,0.26,13.9549,0.255,-0.5,134.057,121.87,12.187,9234.99,0,0
1369,2026-05-28T12:02:00+00:00,2026-05-28,Fed Rate Hike by October 2026 Meeting?,0x059db22d,sell_yes,Sold YES (ask lifted),47.9219,0.26,12.4597,0.27,-1,86.1355,121.87,-35.7349,9247.45,0,0
1370,2026-05-28T12:03:00+00:00,2026-05-28,Will the Moderate Party (M) win the second most seats in the 2026 Swedish parliamentary election?,0xa3d50cf0,sell_yes,Sold YES (ask lifted),61.968,0.43,26.6462,0.43,-0,101.375,94.811,6.56365,9274.1,0,0
1371,2026-05-28T12:34:00+00:00,2026-05-28,Will the Sweden Democrats (SD) win the third most seats in the 2026 Swedish parliamentary election?,0x939abe4a,sell_yes,Sold YES (ask lifted),46.476,0.19,8.8304,0.195,-0.5,20.9142,31.1389,-10.2247,9282.93,0,0
1372,2026-05-28T12:36:00+00:00,2026-05-28,Will the Sweden Democrats (SD) win the third most seats in the 2026 Swedish parliamentary election?,0x939abe4a,buy_yes,Bought YES (bid hit),46.476,0.19,8.8304,0.185,-0.5,67.3902,31.1389,36.2513,9274.1,0,0
1373,2026-05-28T12:55:00+00:00,2026-05-28,Will the Sweden Democrats (SD) win the third most seats in the 2026 Swedish parliamentary election?,0x939abe4a,sell_yes,Sold YES (ask lifted),46.476,0.19,8.8304,0.195,-0.5,20.9142,31.1389,-10.2247,9282.93,0,0
1374,2026-05-28T13:34:00+00:00,2026-05-28,Will the Moderate Party (M) win the second most seats in the 2026 Swedish parliamentary election?,0xa3d50cf0,sell_yes,Sold YES (ask lifted),61.968,0.35,21.6888,0.42,-7,39.4067,94.811,-55.4043,9304.61,0,0
1375,2026-05-28T14:07:00+00:00,2026-05-28,Fed Rate Hike by October 2026 Meeting?,0x059db22d,buy_yes,Bought YES (bid hit),103.28,0.22,22.7216,0.215,-0.5,189.416,121.87,67.5451,9281.89,0,0
1376,2026-05-28T14:21:00+00:00,2026-05-28,Fed Rate Hike by October 2026 Meeting?,0x059db22d,sell_yes,Sold YES (ask lifted),103.28,0.25,25.82,0.26,-1,86.1355,121.87,-35.7349,9307.71,0,0
1377,2026-05-28T14:58:00+00:00,2026-05-28,Fed Rate Hike by October 2026 Meeting?,0x059db22d,buy_yes,Bought YES (bid hit),103.28,0.23,23.7544,0.23,-0,189.416,121.87,67.5451,9283.96,0,0
1378,2026-05-28T15:05:00+00:00,2026-05-28,Fed Rate Hike by October 2026 Meeting?,0x059db22d,sell_yes,Sold YES (ask lifted),103.28,0.25,25.82,0.26,-1,86.1355,121.87,-35.7349,9309.78,0,0
1379,2026-05-28T15:37:00+00:00,2026-05-28,Will the Sweden Democrats (SD) win the second most seats in the 2026 Swedish parliamentary election?,0x9e2966ab,buy_yes,Bought YES (bid hit),61.968,0.48,29.7446,0.46,-2,87.9946,60.109,27.8856,9280.03,0,0
1380,2026-05-28T15:38:00+00:00,2026-05-28,Will the Sweden Democrats (SD) win the second most seats in the 2026 Swedish parliamentary election?,0x9e2966ab,sell_yes,Sold YES (ask lifted),61.968,0.47,29.125,0.485,-1.5,26.0266,60.109,-34.0824,9309.16,0,0
1381,2026-05-28T16:41:00+00:00,2026-05-28,Will the Sweden Democrats (SD) win the second most seats in the 2026 Swedish parliamentary election?,0x9e2966ab,buy_yes,Bought YES (bid hit),61.968,0.48,29.7446,0.47,-1,87.9946,60.109,27.8856,9279.41,0,0
1382,2026-05-28T16:42:00+00:00,2026-05-28,Will the Sweden Democrats (SD) win the second most seats in the 2026 Swedish parliamentary election?,0x9e2966ab,sell_yes,Sold YES (ask lifted),61.968,0.48,29.7446,0.485,-0.5,26.0266,60.109,-34.0824,9309.16,0,0
1383,2026-05-28T17:27:00+00:00,2026-05-28,Fed Rate Hike by October 2026 Meeting?,0x059db22d,buy_yes,Bought YES (bid hit),103.28,0.23,23.7544,0.23,-0,189.416,121.87,67.5451,9285.41,0,0
1384,2026-05-28T17:36:00+00:00,2026-05-28,Fed Rate Hike by October 2026 Meeting?,0x059db22d,sell_yes,Sold YES (ask lifted),47.9219,0.24,11.5013,0.255,-1.5,141.494,121.87,19.6232,9296.91,0,0
1385,2026-05-28T17:41:00+00:00,2026-05-28,Fed Rate Hike by October 2026 Meeting?,0x059db22d,sell_yes,Sold YES (ask lifted),47.9219,0.24,11.5013,0.255,-1.5,93.5717,121.87,-28.2987,9308.41,0,0
1386,2026-05-28T18:02:00+00:00,2026-05-28,Will the U.S. invade Iran before 2027?,0x5db999fa,buy_yes,Bought YES (bid hit),103.28,0.17,17.5576,0.165,-0.5,103.28,0,103.28,9290.85,0,0
1387,2026-05-28T18:41:00+00:00,2026-05-28,Fed Rate Hike by October 2026 Meeting?,0x059db22d,buy_yes,Bought YES (bid hit),103.28,0.23,23.7544,0.215,-1.5,196.852,121.87,74.9813,9267.1,0,0
1388,2026-05-28T18:41:00+00:00,2026-05-28,Will the Sweden Democrats (SD) win the second most seats in the 2026 Swedish parliamentary election?,0x9e2966ab,buy_yes,Bought YES (bid hit),61.968,0.48,29.7446,0.46,-2,87.9946,60.109,27.8856,9237.35,0,0
1389,2026-05-28T18:42:00+00:00,2026-05-28,Will the Sweden Democrats (SD) win the second most seats in the 2026 Swedish parliamentary election?,0x9e2966ab,sell_yes,Sold YES (ask lifted),61.968,0.47,29.125,0.485,-1.5,26.0266,60.109,-34.0824,9266.48,0,0
1390,2026-05-28T18:48:00+00:00,2026-05-28,Fed Rate Hike by October 2026 Meeting?,0x059db22d,sell_yes,Sold YES (ask lifted),103.28,0.25,25.82,0.27,-2,93.5717,121.87,-28.2987,9292.3,0,0
1391,2026-05-28T19:01:00+00:00,2026-05-28,Fed Rate Hike by October 2026 Meeting?,0x059db22d,buy_yes,Bought YES (bid hit),103.28,0.26,26.8528,0.235,-2.5,196.852,121.87,74.9813,9265.44,0,0
1392,2026-05-28T19:27:00+00:00,2026-05-28,Fed Rate Hike by October 2026 Meeting?,0x059db22d,sell_yes,Sold YES (ask lifted),103.28,0.25,25.82,0.255,-0.5,93.5717,121.87,-28.2987,9291.26,0,0
1393,2026-05-28T19:57:00+00:00,2026-05-28,Will the Sweden Democrats (SD) win the second most seats in the 2026 Swedish parliamentary election?,0x9e2966ab,buy_yes,Bought YES (bid hit),61.968,0.48,29.7446,0.45,-3,87.9946,60.109,27.8856,9261.52,0,0
1394,2026-05-28T20:10:00+00:00,2026-05-28,Fed Rate Hike by October 2026 Meeting?,0x059db22d,buy_yes,Bought YES (bid hit),103.28,0.24,24.7872,0.23,-1,196.852,121.87,74.9813,9236.73,0,0
1395,2026-05-28T20:32:00+00:00,2026-05-28,Fed Rate Hike by October 2026 Meeting?,0x059db22d,sell_yes,Sold YES (ask lifted),103.28,0.25,25.82,0.265,-1.5,93.5717,121.87,-28.2987,9262.55,0,0
1396,2026-05-28T20:40:00+00:00,2026-05-28,Will the Sweden Democrats (SD) win the second most seats in the 2026 Swedish parliamentary election?,0x9e2966ab,sell_yes,Sold YES (ask lifted),61.968,0.46,28.5053,0.485,-2.5,26.0266,60.109,-34.0824,9291.06,0,0
1397,2026-05-28T20:53:00+00:00,2026-05-28,Fed Rate Hike by October 2026 Meeting?,0x059db22d,buy_yes,Bought YES (bid hit),103.28,0.24,24.7872,0.23,-1,196.852,121.87,74.9813,9266.27,0,0
1398,2026-05-28T20:55:00+00:00,2026-05-28,Fed Rate Hike by October 2026 Meeting?,0x059db22d,sell_yes,Sold YES (ask lifted),103.28,0.25,25.82,0.255,-0.5,93.5717,121.87,-28.2987,9292.09,0,0
1399,2026-05-28T21:25:00+00:00,2026-05-28,Fed Rate Hike by October 2026 Meeting?,0x059db22d,buy_yes,Bought YES (bid hit),103.28,0.23,23.7544,0.22,-1,196.852,121.87,74.9813,9268.33,0,0
1400,2026-05-28T21:27:00+00:00,2026-05-28,Fed Rate Hike by October 2026 Meeting?,0x059db22d,sell_yes,Sold YES (ask lifted),47.9219,0.26,12.4597,0.275,-1.5,148.93,121.87,27.0594,9280.79,0,0
1401,2026-05-28T22:51:00+00:00,2026-05-28,Will the Sweden Democrats (SD) win the third most seats in the 2026 Swedish parliamentary election?,0x939abe4a,buy_yes,Bought YES (bid hit),46.476,0.31,14.4076,0.305,-0.5,67.3902,31.1389,36.2513,9266.39,0,0
1402,2026-05-28T22:53:00+00:00,2026-05-28,Fed Rate Hike by October 2026 Meeting?,0x059db22d,sell_yes,Sold YES (ask lifted),103.28,0.27,27.8856,0.285,-1.5,45.6498,121.87,-76.2206,9294.27,0,0
1403,2026-05-28T22:56:00+00:00,2026-05-28,Will the Sweden Democrats (SD) win the third most seats in the 2026 Swedish parliamentary election?,0x939abe4a,sell_yes,Sold YES (ask lifted),46.476,0.31,14.4076,0.34,-3,20.9142,31.1389,-10.2247,9308.68,0,0
1404,2026-05-28T23:01:00+00:00,2026-05-28,Will the Sweden Democrats (SD) win the third most seats in the 2026 Swedish parliamentary election?,0x939abe4a,buy_yes,Bought YES (bid hit),49.2646,0.33,16.2573,0.32,-1,70.1788,31.1389,39.0398,9292.42,0,0
1405,2026-05-28T23:02:00+00:00,2026-05-28,Will the Sweden Democrats (SD) win the third most seats in the 2026 Swedish parliamentary election?,0x939abe4a,sell_yes,Sold YES (ask lifted),46.476,0.33,15.3371,0.34,-1,23.7028,31.1389,-7.43616,9307.76,0,0
1406,2026-05-28T23:10:00+00:00,2026-05-28,Will the Sweden Democrats (SD) win the second most seats in the 2026 Swedish parliamentary election?,0x9e2966ab,buy_yes,Bought YES (bid hit),61.968,0.49,30.3643,0.475,-1.5,87.9946,60.109,27.8856,9277.4,0,0
1407,2026-05-28T23:11:00+00:00,2026-05-28,Will the Sweden Democrats (SD) win the second most seats in the 2026 Swedish parliamentary election?,0x9e2966ab,sell_yes,Sold YES (ask lifted),63.827,0.48,30.637,0.495,-1.5,24.1675,60.109,-35.9414,9308.03,0,0
1408,2026-05-28T23:17:00+00:00,2026-05-28,Fed Rate Hike by October 2026 Meeting?,0x059db22d,buy_yes,Bought YES (bid hit),106.378,0.23,24.467,0.225,-0.5,152.028,121.87,30.1578,9283.57,0,0
1409,2026-05-28T23:23:00+00:00,2026-05-28,Will the Sweden Democrats (SD) win the second most seats in the 2026 Swedish parliamentary election?,0x9e2966ab,buy_yes,Bought YES (bid hit),61.968,0.49,30.3643,0.475,-1.5,86.1355,60.109,26.0266,9253.2,0,0
1410,2026-05-28T23:24:00+00:00,2026-05-28,Fed Rate Hike by October 2026 Meeting?,0x059db22d,sell_yes,Sold YES (ask lifted),49.3596,0.25,12.3399,0.255,-0.5,102.669,121.87,-19.2018,9265.54,0,0
1411,2026-05-28T23:24:00+00:00,2026-05-28,Will the Sweden Democrats (SD) win the second most seats in the 2026 Swedish parliamentary election?,0x9e2966ab,sell_yes,Sold YES (ask lifted),61.968,0.48,29.7446,0.495,-1.5,24.1675,60.109,-35.9414,9295.29,0,0
1412,2026-05-28T23:36:00+00:00,2026-05-28,Will the Sweden Democrats (SD) win the second most seats in the 2026 Swedish parliamentary election?,0x9e2966ab,buy_yes,Bought YES (bid hit),61.968,0.48,29.7446,0.475,-0.5,86.1355,60.109,26.0266,9265.54,0,0
1413,2026-05-28T23:37:00+00:00,2026-05-28,Will the Sweden Democrats (SD) win the second most seats in the 2026 Swedish parliamentary election?,0x9e2966ab,sell_yes,Sold YES (ask lifted),61.968,0.48,29.7446,0.5,-2,24.1675,60.109,-35.9414,9295.29,0,0
1414,2026-05-28T23:43:00+00:00,2026-05-28,Fed Rate Hike by October 2026 Meeting?,0x059db22d,buy_yes,Bought YES (bid hit),49.3596,0.24,11.8463,0.23,-1,152.028,121.87,30.1578,9283.44,0,0
1415,2026-05-28T23:45:00+00:00,2026-05-28,Fed Rate Hike by October 2026 Meeting?,0x059db22d,sell_yes,Sold YES (ask lifted),47.9219,0.25,11.9805,0.255,-0.5,104.106,121.87,-17.7642,9295.42,0,0
1416,2026-05-28T23:54:00+00:00,2026-05-28,Fed Rate Hike by October 2026 Meeting?,0x059db22d,buy_yes,Bought YES (bid hit),47.9219,0.25,11.9805,0.225,-2.5,152.028,121.87,30.1578,9283.44,0,0
1417,2026-05-29T00:00:00+00:00,2026-05-29,Will Harry Kane win the 2026 Ballon d'Or?,0x12dc2b61,sell_yes,Sold YES (ask lifted),25.82,0.28,7.2296,0.4155,-13.55,0,24.9679,-24.9679,9331.07,0,0
1418,2026-05-29T00:03:00+00:00,2026-05-29,Will there be no change in Fed interest rates after the September 2026 meeting?,0xa3b36b2d,buy_yes,Bought YES (bid hit),106.378,0.75,79.7838,0.555,-19.5,120.838,64.6533,56.1843,9251.29,0,0
1419,2026-05-29T00:07:00+00:00,2026-05-29,Fed Rate Hike by October 2026 Meeting?,0x059db22d,sell_yes,Sold YES (ask lifted),103.28,0.25,25.82,0.265,-1.5,48.7482,121.87,-73.1222,9277.11,0,0
1420,2026-05-29T00:07:00+00:00,2026-05-29,Will the U.S. invade Iran before 2027?,0x5db999fa,sell_yes,Sold YES (ask lifted),103.28,0.17,17.5576,0.175,-0.5,0,0,0,9294.67,0,0
1421,2026-05-29T00:10:00+00:00,2026-05-29,Will Édouard Philippe win the 2027 French presidential election?,0x46f2f457,buy_yes,Bought YES (bid hit),51.64,0.15,7.746,0.135,-1.5,103.28,53.1892,50.0908,9286.92,0,0
1422,2026-05-29T00:12:00+00:00,2026-05-29,Fed Rate Hike by October 2026 Meeting?,0x059db22d,buy_yes,Bought YES (bid hit),103.28,0.22,22.7216,0.215,-0.5,152.028,121.87,30.1578,9264.2,0,0
1423,2026-05-29T00:12:00+00:00,2026-05-29,Will Harry Kane win the 2026 Ballon d'Or?,0x12dc2b61,buy_yes,Bought YES (bid hit),25.82,0.28,7.2296,0.246,-3.4,25.82,24.9679,0.85206,9256.97,0,0
1424,2026-05-29T00:13:00+00:00,2026-05-29,Fed Rate Hike by October 2026 Meeting?,0x059db22d,sell_yes,Sold YES (ask lifted),103.28,0.22,22.7216,0.22,-0,48.7482,121.87,-73.1222,9279.69,0,0
1425,2026-05-29T00:15:00+00:00,2026-05-29,Fed Rate Hike by October 2026 Meeting?,0x059db22d,buy_yes,Bought YES (bid hit),103.28,0.25,25.82,0.245,-0.5,152.028,121.87,30.1578,9253.87,0,0
1426,2026-05-29T00:19:00+00:00,2026-05-29,Fed Rate Hike by October 2026 Meeting?,0x059db22d,sell_yes,Sold YES (ask lifted),124.969,0.22,27.4931,0.22,-0,27.0594,121.87,-94.811,9281.37,0,0
1427,2026-05-29T00:21:00+00:00,2026-05-29,Fed Rate Hike by October 2026 Meeting?,0x059db22d,buy_yes,Bought YES (bid hit),103.28,0.25,25.82,0.245,-0.5,130.339,121.87,8.46896,9255.55,0,0
1428,2026-05-29T00:24:00+00:00,2026-05-29,Fed Rate Hike by October 2026 Meeting?,0x059db22d,sell_yes,Sold YES (ask lifted),103.28,0.23,23.7544,0.255,-2.5,27.0594,121.87,-94.811,9279.3,0,0
1429,2026-05-29T00:27:00+00:00,2026-05-29,Fed Rate Hike by October 2026 Meeting?,0x059db22d,buy_yes,Bought YES (bid hit),103.28,0.24,24.7872,0.235,-0.5,130.339,121.87,8.46896,9254.51,0,0
1430,2026-05-29T00:29:00+00:00,2026-05-29,Will the Moderate Party (M) win the second most seats in the 2026 Swedish parliamentary election?,0xa3d50cf0,buy_yes,Bought YES (bid hit),61.968,0.42,26.0266,0.41,-1,101.375,94.811,6.56365,9228.49,0,0
1431,2026-05-29T00:30:00+00:00,2026-05-29,Fed Rate Hike by October 2026 Meeting?,0x059db22d,sell_yes,Sold YES (ask lifted),103.28,0.23,23.7544,0.255,-2.5,27.0594,121.87,-94.811,9252.24,0,0
1432,2026-05-29T00:37:00+00:00,2026-05-29,Will there be no change in Fed interest rates after the September 2026 meeting?,0xa3b36b2d,sell_yes,Sold YES (ask lifted),103.28,0.56,57.8368,0.725,-16.5,17.5576,64.6533,-47.0957,9310.08,0,0
1433,2026-05-29T00:38:00+00:00,2026-05-29,Fed Rate Hike by October 2026 Meeting?,0x059db22d,buy_yes,Bought YES (bid hit),103.28,0.25,25.82,0.24,-1,130.339,121.87,8.46896,9284.26,0,0
1434,2026-05-29T00:41:00+00:00,2026-05-29,Fed Rate Hike by October 2026 Meeting?,0x059db22d,sell_yes,Sold YES (ask lifted),103.28,0.24,24.7872,0.255,-1.5,27.0594,121.87,-94.811,9309.05,0,0
1435,2026-05-29T00:44:00+00:00,2026-05-29,Fed Rate Hike by October 2026 Meeting?,0x059db22d,buy_yes,Bought YES (bid hit),103.28,0.25,25.82,0.24,-1,130.339,121.87,8.46896,9283.23,0,0
1436,2026-05-29T00:47:00+00:00,2026-05-29,Fed Rate Hike by October 2026 Meeting?,0x059db22d,sell_yes,Sold YES (ask lifted),115.674,0.23,26.6049,0.255,-2.5,14.6658,121.87,-107.205,9309.83,0,0
1437,2026-05-29T00:51:00+00:00,2026-05-29,Fed Rate Hike by October 2026 Meeting?,0x059db22d,buy_yes,Bought YES (bid hit),106.378,0.24,25.5308,0.23,-1,121.044,121.87,-0.82624,9284.3,0,0
1438,2026-05-29T00:57:00+00:00,2026-05-29,Will the Moderate Party (M) win the second most seats in the 2026 Swedish parliamentary election?,0xa3d50cf0,sell_yes,Sold YES (ask lifted),28.7532,0.36,10.3511,0.43,-7,72.6215,94.811,-22.1895,9294.65,0,0
1439,2026-05-29T01:00:00+00:00,2026-05-29,Will there be no change in Fed interest rates after the September 2026 meeting?,0xa3b36b2d,buy_yes,Bought YES (bid hit),103.28,0.72,74.3616,0.71,-1,120.838,64.6533,56.1843,9220.29,0,0
1440,2026-05-29T01:08:00+00:00,2026-05-29,Will the Moderate Party (M) win the second most seats in the 2026 Swedish parliamentary election?,0xa3d50cf0,sell_yes,Sold YES (ask lifted),69.4042,0.41,28.4557,0.415,-0.5,3.21738,94.811,-91.5937,9248.74,0,0
1441,2026-05-29T01:10:00+00:00,2026-05-29,Will there be no change in Fed interest rates after the September 2026 meeting?,0xa3b36b2d,sell_yes,Sold YES (ask lifted),103.28,0.72,74.3616,0.755,-3.5,17.5576,64.6533,-47.0957,9323.11,0,0
1442,2026-05-29T01:24:00+00:00,2026-05-29,Fed Rate Hike by October 2026 Meeting?,0x059db22d,sell_yes,Sold YES (ask lifted),103.28,0.26,26.8528,0.265,-0.5,17.7642,121.87,-104.106,9349.96,0,0
1443,2026-05-29T01:28:00+00:00,2026-05-29,Fed Rate Hike by October 2026 Meeting?,0x059db22d,buy_yes,Bought YES (bid hit),47.9219,0.22,10.5428,0.215,-0.5,65.6861,121.87,-56.1843,9339.42,0,0
1444,2026-05-29T01:37:00+00:00,2026-05-29,Will the Sweden Democrats (SD) win the second most seats in the 2026 Swedish parliamentary election?,0x9e2966ab,buy_yes,Bought YES (bid hit),63.827,0.53,33.8283,0.515,-1.5,87.9946,60.109,27.8856,9305.59,0,0
1445,2026-05-29T01:53:00+00:00,2026-05-29,Fed Rate Hike by October 2026 Meeting?,0x059db22d,buy_yes,Bought YES (bid hit),106.378,0.23,24.467,0.23,-0,172.064,121.87,50.1941,9281.12,0,0
1446,2026-05-29T02:08:00+00:00,2026-05-29,Fed Rate Hike by October 2026 Meeting?,0x059db22d,sell_yes,Sold YES (ask lifted),47.9219,0.25,11.9805,0.255,-0.5,124.143,121.87,2.27216,9293.1,0,0
1447,2026-05-29T02:12:00+00:00,2026-05-29,Fed Rate Hike by October 2026 Meeting?,0x059db22d,sell_yes,Sold YES (ask lifted),52.2349,0.25,13.0587,0.255,-0.5,71.9077,121.87,-49.9627,9306.16,0,0
1448,2026-05-29T02:25:00+00:00,2026-05-29,Fed Rate Hike by October 2026 Meeting?,0x059db22d,buy_yes,Bought YES (bid hit),47.9219,0.23,11.022,0.225,-0.5,119.83,121.87,-2.04081,9295.14,0,0
1449,2026-05-29T02:30:00+00:00,2026-05-29,Fed Rate Hike by October 2026 Meeting?,0x059db22d,buy_yes,Bought YES (bid hit),49.3596,0.23,11.3527,0.23,-0,169.189,121.87,47.3188,9283.78,0,0
1450,2026-05-29T02:37:00+00:00,2026-05-29,Fed Rate Hike by October 2026 Meeting?,0x059db22d,sell_yes,Sold YES (ask lifted),47.9219,0.26,12.4597,0.265,-0.5,121.267,121.87,-0.603155,9296.24,0,0
1451,2026-05-29T02:40:00+00:00,2026-05-29,Fed Rate Hike by October 2026 Meeting?,0x059db22d,buy_yes,Bought YES (bid hit),47.9219,0.25,11.9805,0.235,-1.5,169.189,121.87,47.3188,9284.26,0,0
1452,2026-05-29T03:07:00+00:00,2026-05-29,Fed Rate Hike by October 2026 Meeting?,0x059db22d,sell_yes,Sold YES (ask lifted),103.28,0.25,25.82,0.265,-1.5,65.9092,121.87,-55.9612,9310.08,0,0
1453,2026-05-29T03:11:00+00:00,2026-05-29,Will the Moderate Party (M) win the third most seats in the 2026 Swedish parliamentary election?,0xbbb881b0,sell_yes,Sold YES (ask lifted),46.476,0.55,25.5618,0.555,-0.5,69.807,63.2074,6.59959,9335.65,0,0
1454,2026-05-29T03:30:00+00:00,2026-05-29,Will the Sweden Democrats (SD) win the second most seats in the 2026 Swedish parliamentary election?,0x9e2966ab,sell_yes,Sold YES (ask lifted),61.968,0.5,30.984,0.505,-0.5,26.0266,60.109,-34.0824,9366.63,0,0
1455,2026-05-29T03:39:00+00:00,2026-05-29,Will the Sweden Democrats (SD) win the second most seats in the 2026 Swedish parliamentary election?,0x9e2966ab,buy_yes,Bought YES (bid hit),61.968,0.49,30.3643,0.485,-0.5,87.9946,60.109,27.8856,9336.27,0,0
1456,2026-05-29T04:21:00+00:00,2026-05-29,Will the Sweden Democrats (SD) win the third most seats in the 2026 Swedish parliamentary election?,0x939abe4a,buy_yes,Bought YES (bid hit),46.476,0.29,13.478,0.265,-2.5,70.1788,31.1389,39.0398,9322.79,0,0
1457,2026-05-29T04:42:00+00:00,2026-05-29,Bab el-Mandeb Strait effectively closed by September 30?,0x95fc6a4e,buy_yes,Bought YES (bid hit),103.28,0.18,18.5904,0.165,-1.5,109.477,103.28,6.1968,9304.2,0,0
1458,2026-05-29T04:52:00+00:00,2026-05-29,Will the Sweden Democrats (SD) win the second most seats in the 2026 Swedish parliamentary election?,0x9e2966ab,sell_yes,Sold YES (ask lifted),61.968,0.49,30.3643,0.515,-2.5,26.0266,60.109,-34.0824,9334.56,0,0
1459,2026-05-29T04:54:00+00:00,2026-05-29,Will the Sweden Democrats (SD) win the second most seats in the 2026 Swedish parliamentary election?,0x9e2966ab,buy_yes,Bought YES (bid hit),61.968,0.51,31.6037,0.5,-1,87.9946,60.109,27.8856,9302.96,0,0
1460,2026-05-29T05:07:00+00:00,2026-05-29,Will the Sweden Democrats (SD) win the second most seats in the 2026 Swedish parliamentary election?,0x9e2966ab,sell_yes,Sold YES (ask lifted),67.5451,0.47,31.7462,0.485,-1.5,20.4494,60.109,-39.6595,9334.7,0,0
1461,2026-05-29T05:21:00+00:00,2026-05-29,Will the Sweden Democrats (SD) win the second most seats in the 2026 Swedish parliamentary election?,0x9e2966ab,buy_yes,Bought YES (bid hit),63.827,0.5,31.9135,0.49,-1,84.2765,60.109,24.1675,9302.79,0,0
1462,2026-05-29T05:22:00+00:00,2026-05-29,Will the Sweden Democrats (SD) win the second most seats in the 2026 Swedish parliamentary election?,0x9e2966ab,sell_yes,Sold YES (ask lifted),61.968,0.5,30.984,0.515,-1.5,22.3085,60.109,-37.8005,9333.77,0,0
1463,2026-05-29T05:23:00+00:00,2026-05-29,Will the Sweden Democrats (SD) win the second most seats in the 2026 Swedish parliamentary election?,0x9e2966ab,buy_yes,Bought YES (bid hit),69.4042,0.51,35.3961,0.505,-0.5,91.7126,60.109,31.6037,9298.38,0,0
1464,2026-05-29T05:45:00+00:00,2026-05-29,Will the Sweden Democrats (SD) win the third most seats in the 2026 Swedish parliamentary election?,0x939abe4a,sell_yes,Sold YES (ask lifted),46.476,0.34,15.8018,0.35,-1,23.7028,31.1389,-7.43616,9314.18,0,0
1465,2026-05-29T05:47:00+00:00,2026-05-29,Will the Sweden Democrats (SD) win the third most seats in the 2026 Swedish parliamentary election?,0x939abe4a,buy_yes,Bought YES (bid hit),53.4474,0.33,17.6376,0.33,-0,77.1502,31.1389,46.0112,9296.54,0,0
1466,2026-05-29T07:06:00+00:00,2026-05-29,Will there be no change in Fed interest rates after the September 2026 meeting?,0xa3b36b2d,buy_yes,Bought YES (bid hit),103.28,0.75,77.46,0.735,-1.5,120.838,64.6533,56.1843,9219.08,0,0
1467,2026-05-29T07:07:00+00:00,2026-05-29,Will there be no change in Fed interest rates after the September 2026 meeting?,0xa3b36b2d,sell_yes,Sold YES (ask lifted),103.28,0.74,76.4272,0.745,-0.5,17.5576,64.6533,-47.0957,9295.51,0,0
1468,2026-05-29T07:08:00+00:00,2026-05-29,Fed Rate Hike by October 2026 Meeting?,0x059db22d,buy_yes,Bought YES (bid hit),103.28,0.23,23.7544,0.22,-1,169.189,121.87,47.3188,9271.76,0,0
1469,2026-05-29T07:27:00+00:00,2026-05-29,Fed Rate Hike by October 2026 Meeting?,0x059db22d,sell_yes,Sold YES (ask lifted),109.477,0.25,27.3692,0.255,-0.5,59.7124,121.87,-62.158,9299.12,0,0
1470,2026-05-29T07:40:00+00:00,2026-05-29,Fed Rate Hike by October 2026 Meeting?,0x059db22d,buy_yes,Bought YES (bid hit),49.3596,0.25,12.3399,0.235,-1.5,109.072,121.87,-12.7985,9286.78,0,0
1471,2026-05-29T07:55:00+00:00,2026-05-29,Fed Rate Hike by October 2026 Meeting?,0x059db22d,buy_yes,Bought YES (bid hit),47.9219,0.23,11.022,0.23,-0,156.994,121.87,35.1235,9275.76,0,0
1472,2026-05-29T08:04:00+00:00,2026-05-29,Fed Rate Hike by October 2026 Meeting?,0x059db22d,sell_yes,Sold YES (ask lifted),103.28,0.27,27.8856,0.28,-1,53.7139,121.87,-68.1565,9303.65,0,0
1473,2026-05-29T12:47:00+00:00,2026-05-29,Will the Moderate Party (M) win the third most seats in the 2026 Swedish parliamentary election?,0xbbb881b0,buy_yes,Bought YES (bid hit),46.476,0.51,23.7028,0.505,-0.5,116.283,63.2074,53.0756,9279.95,0,0
1474,2026-05-29T13:39:00+00:00,2026-05-29,Fed Rate Hike by October 2026 Meeting?,0x059db22d,buy_yes,Bought YES (bid hit),103.28,0.23,23.7544,0.23,-0,156.994,121.87,35.1235,9256.19,0,0
1475,2026-05-29T13:42:00+00:00,2026-05-29,Will the Sweden Democrats (SD) win the third most seats in the 2026 Swedish parliamentary election?,0x939abe4a,sell_yes,Sold YES (ask lifted),46.476,0.27,12.5485,0.335,-6.5,30.6742,31.1389,-0.46476,9268.74,0,0
1476,2026-05-29T14:25:00+00:00,2026-05-29,Fed Rate Hike by October 2026 Meeting?,0x059db22d,sell_yes,Sold YES (ask lifted),103.28,0.25,25.82,0.255,-0.5,53.7139,121.87,-68.1565,9294.56,0,0
1477,2026-05-29T14:37:00+00:00,2026-05-29,Will the Sweden Democrats (SD) win the third most seats in the 2026 Swedish parliamentary election?,0x939abe4a,sell_yes,Sold YES (ask lifted),46.476,0.35,16.2666,0.37,-2,0,46.9408,-46.9408,9300.56,0,0
1478,2026-05-29T17:47:00+00:00,2026-05-29,Will the Sweden Democrats (SD) win the second most seats in the 2026 Swedish parliamentary election?,0x9e2966ab,sell_yes,Sold YES (ask lifted),61.968,0.38,23.5478,0.505,-12.5,29.7446,60.109,-30.3643,9324.1,0,0
1479,2026-05-29T18:26:00+00:00,2026-05-29,Will the Sweden Democrats (SD) win the second most seats in the 2026 Swedish parliamentary election?,0x9e2966ab,buy_yes,Bought YES (bid hit),61.968,0.5,30.984,0.495,-0.5,91.7126,60.109,31.6037,9293.12,0,0
1480,2026-05-29T18:28:00+00:00,2026-05-29,Will the Sweden Democrats (SD) win the second most seats in the 2026 Swedish parliamentary election?,0x9e2966ab,sell_yes,Sold YES (ask lifted),61.968,0.5,30.984,0.505,-0.5,29.7446,60.109,-30.3643,9324.1,0,0
1481,2026-05-29T18:32:00+00:00,2026-05-29,Will the Sweden Democrats (SD) win the second most seats in the 2026 Swedish parliamentary election?,0x9e2966ab,buy_yes,Bought YES (bid hit),61.968,0.5,30.984,0.49,-1,91.7126,60.109,31.6037,9293.12,0,0
1482,2026-05-29T18:33:00+00:00,2026-05-29,Will the Sweden Democrats (SD) win the second most seats in the 2026 Swedish parliamentary election?,0x9e2966ab,sell_yes,Sold YES (ask lifted),61.968,0.5,30.984,0.505,-0.5,29.7446,60.109,-30.3643,9324.1,0,0
1483,2026-05-29T18:41:00+00:00,2026-05-29,Will the Sweden Democrats (SD) win the second most seats in the 2026 Swedish parliamentary election?,0x9e2966ab,buy_yes,Bought YES (bid hit),61.968,0.5,30.984,0.49,-1,91.7126,60.109,31.6037,9293.12,0,0
1484,2026-05-29T18:42:00+00:00,2026-05-29,Will the Sweden Democrats (SD) win the second most seats in the 2026 Swedish parliamentary election?,0x9e2966ab,sell_yes,Sold YES (ask lifted),61.968,0.5,30.984,0.505,-0.5,29.7446,60.109,-30.3643,9324.1,0,0
1485,2026-05-29T18:44:00+00:00,2026-05-29,Will the Sweden Democrats (SD) win the second most seats in the 2026 Swedish parliamentary election?,0x9e2966ab,buy_yes,Bought YES (bid hit),61.968,0.5,30.984,0.485,-1.5,91.7126,60.109,31.6037,9293.12,0,0
1486,2026-05-29T18:45:00+00:00,2026-05-29,Will the Sweden Democrats (SD) win the second most seats in the 2026 Swedish parliamentary election?,0x9e2966ab,sell_yes,Sold YES (ask lifted),63.827,0.49,31.2752,0.5,-1,27.8856,60.109,-32.2234,9324.39,0,0
1487,2026-05-29T19:19:00+00:00,2026-05-29,Will the Sweden Democrats (SD) win the second most seats in the 2026 Swedish parliamentary election?,0x9e2966ab,buy_yes,Bought YES (bid hit),63.827,0.5,31.9135,0.49,-1,91.7126,60.109,31.6037,9292.48,0,0
1488,2026-05-29T19:32:00+00:00,2026-05-29,Fed Rate Hike by October 2026 Meeting?,0x059db22d,buy_yes,Bought YES (bid hit),103.28,0.23,23.7544,0.225,-0.5,156.994,121.87,35.1235,9268.73,0,0
1489,2026-05-29T19:34:00+00:00,2026-05-29,Fed Rate Hike by October 2026 Meeting?,0x059db22d,sell_yes,Sold YES (ask lifted),47.9219,0.25,11.9805,0.26,-1,109.072,121.87,-12.7985,9280.71,0,0
1490,2026-05-29T19:40:00+00:00,2026-05-29,Fed Rate Hike by October 2026 Meeting?,0x059db22d,sell_yes,Sold YES (ask lifted),47.9219,0.25,11.9805,0.255,-0.5,61.15,121.87,-60.7204,9292.69,0,0
1491,2026-05-29T20:20:00+00:00,2026-05-29,Will the Sweden Democrats (SD) win the second most seats in the 2026 Swedish parliamentary election?,0x9e2966ab,sell_yes,Sold YES (ask lifted),61.968,0.49,30.3643,0.52,-3,29.7446,60.109,-30.3643,9323.05,0,0
1492,2026-05-29T20:21:00+00:00,2026-05-29,Will the Sweden Democrats (SD) win the second most seats in the 2026 Swedish parliamentary election?,0x9e2966ab,buy_yes,Bought YES (bid hit),63.827,0.51,32.5518,0.5,-1,93.5717,60.109,33.4627,9290.5,0,0
1493,2026-05-29T20:48:00+00:00,2026-05-29,Fed Rate Hike by October 2026 Meeting?,0x059db22d,buy_yes,Bought YES (bid hit),103.28,0.23,23.7544,0.225,-0.5,164.43,121.87,42.5596,9266.75,0,0
1494,2026-05-29T20:50:00+00:00,2026-05-29,Fed Rate Hike by October 2026 Meeting?,0x059db22d,sell_yes,Sold YES (ask lifted),49.3596,0.25,12.3399,0.255,-0.5,115.07,121.87,-6.79995,9279.09,0,0
1495,2026-05-29T20:56:00+00:00,2026-05-29,Fed Rate Hike by October 2026 Meeting?,0x059db22d,buy_yes,Bought YES (bid hit),53.6726,0.23,12.3447,0.23,-0,168.743,121.87,46.8726,9266.74,0,0
1496,2026-05-29T21:02:00+00:00,2026-05-29,Fed Rate Hike by October 2026 Meeting?,0x059db22d,sell_yes,Sold YES (ask lifted),49.3596,0.24,11.8463,0.25,-1,119.383,121.87,-2.48698,9278.59,0,0
1497,2026-05-29T21:13:00+00:00,2026-05-29,Will the Sweden Democrats (SD) win the second most seats in the 2026 Swedish parliamentary election?,0x9e2966ab,sell_yes,Sold YES (ask lifted),61.968,0.5,30.984,0.52,-2,31.6037,60.109,-28.5053,9309.57,0,0
1498,2026-05-29T21:33:00+00:00,2026-05-29,Will the Sweden Democrats (SD) win the second most seats in the 2026 Swedish parliamentary election?,0x9e2966ab,buy_yes,Bought YES (bid hit),61.968,0.51,31.6037,0.505,-0.5,93.5717,60.109,33.4627,9277.97,0,0
1499,2026-05-29T21:34:00+00:00,2026-05-29,Will the Sweden Democrats (SD) win the second most seats in the 2026 Swedish parliamentary election?,0x9e2966ab,sell_yes,Sold YES (ask lifted),61.968,0.51,31.6037,0.515,-0.5,31.6037,60.109,-28.5053,9309.57,0,0
1500,2026-05-29T21:44:00+00:00,2026-05-29,Will the Sweden Democrats (SD) win the second most seats in the 2026 Swedish parliamentary election?,0x9e2966ab,buy_yes,Bought YES (bid hit),63.827,0.51,32.5518,0.505,-0.5,95.4307,60.109,35.3218,9277.02,0,0
1501,2026-05-29T21:59:00+00:00,2026-05-29,Will the Sweden Democrats (SD) win the second most seats in the 2026 Swedish parliamentary election?,0x9e2966ab,sell_yes,Sold YES (ask lifted),61.968,0.5,30.984,0.515,-1.5,33.4627,60.109,-26.6462,9308,0,0
1502,2026-05-29T22:01:00+00:00,2026-05-29,Will the Sweden Democrats (SD) win the second most seats in the 2026 Swedish parliamentary election?,0x9e2966ab,buy_yes,Bought YES (bid hit),67.5451,0.51,34.448,0.505,-0.5,101.008,60.109,40.8989,9273.56,0,0
1503,2026-05-29T22:08:00+00:00,2026-05-29,Will the Sweden Democrats (SD) win the second most seats in the 2026 Swedish parliamentary election?,0x9e2966ab,sell_yes,Sold YES (ask lifted),61.968,0.49,30.3643,0.52,-3,39.0398,60.109,-21.0691,9303.92,0,0
1504,2026-05-29T22:09:00+00:00,2026-05-29,Will the Sweden Democrats (SD) win the second most seats in the 2026 Swedish parliamentary election?,0x9e2966ab,buy_yes,Bought YES (bid hit),61.968,0.51,31.6037,0.485,-2.5,101.008,60.109,40.8989,9272.32,0,0
1505,2026-05-29T22:10:00+00:00,2026-05-29,Will the Sweden Democrats (SD) win the second most seats in the 2026 Swedish parliamentary election?,0x9e2966ab,sell_yes,Sold YES (ask lifted),61.968,0.49,30.3643,0.515,-2.5,39.0398,60.109,-21.0691,9302.68,0,0
1506,2026-05-29T22:14:00+00:00,2026-05-29,Will the Moderate Party (M) win the third most seats in the 2026 Swedish parliamentary election?,0xbbb881b0,sell_yes,Sold YES (ask lifted),46.476,0.54,25.097,0.55,-1,69.807,63.2074,6.59959,9327.78,0,0
1507,2026-05-29T22:35:00+00:00,2026-05-29,Will the Moderate Party (M) win the third most seats in the 2026 Swedish parliamentary election?,0xbbb881b0,buy_yes,Bought YES (bid hit),46.476,0.51,23.7028,0.475,-3.5,116.283,63.2074,53.0756,9304.07,0,0
1508,2026-05-29T22:55:00+00:00,2026-05-29,Fed Rate Hike by October 2026 Meeting?,0x059db22d,sell_yes,Sold YES (ask lifted),103.28,0.27,27.8856,0.28,-1,16.1034,121.87,-105.767,9331.96,0,0
1509,2026-05-29T23:07:00+00:00,2026-05-29,Fed Rate Hike by October 2026 Meeting?,0x059db22d,buy_yes,Bought YES (bid hit),103.28,0.22,22.7216,0.215,-0.5,119.383,121.87,-2.48698,9309.24,0,0
1510,2026-05-29T23:17:00+00:00,2026-05-29,Fed Rate Hike by October 2026 Meeting?,0x059db22d,buy_yes,Bought YES (bid hit),103.28,0.23,23.7544,0.23,-0,222.663,121.87,100.793,9285.48,0,0
1511,2026-05-29T23:20:00+00:00,2026-05-29,Fed Rate Hike by October 2026 Meeting?,0x059db22d,sell_yes,Sold YES (ask lifted),47.9219,0.25,11.9805,0.255,-0.5,174.741,121.87,52.8711,9297.46,0,0
1512,2026-05-29T23:30:00+00:00,2026-05-29,Fed Rate Hike by October 2026 Meeting?,0x059db22d,sell_yes,Sold YES (ask lifted),47.9219,0.25,11.9805,0.255,-0.5,126.82,121.87,4.94918,9309.44,0,0
1513,2026-05-29T23:34:00+00:00,2026-05-29,Fed Rate Hike by October 2026 Meeting?,0x059db22d,sell_yes,Sold YES (ask lifted),47.9219,0.26,12.4597,0.275,-1.5,78.8977,121.87,-42.9727,9321.9,0,0
1514,2026-05-29T23:38:00+00:00,2026-05-29,Will the Sweden Democrats (SD) win the second most seats in the 2026 Swedish parliamentary election?,0x9e2966ab,buy_yes,Bought YES (bid hit),63.827,0.48,30.637,0.47,-1,102.867,60.109,42.7579,9291.27,0,0
1515,2026-05-29T23:54:00+00:00,2026-05-29,Fed Rate Hike by October 2026 Meeting?,0x059db22d,buy_yes,Bought YES (bid hit),103.28,0.23,23.7544,0.23,-0,182.178,121.87,60.3073,9267.51,0,0
1516,2026-05-30T00:00:00+00:00,2026-05-30,Bab el-Mandeb Strait effectively closed by September 30?,0x95fc6a4e,sell_yes,Sold YES (ask lifted),103.28,0.18,18.5904,0.355,-17.5,6.1968,103.28,-97.0832,9318.28,0,0
1517,2026-05-30T00:00:00+00:00,2026-05-30,Will the Sweden Democrats (SD) win the second most seats in the 2026 Swedish parliamentary election?,0x9e2966ab,sell_yes,Sold YES (ask lifted),61.968,0.47,29.125,0.52,-5,40.8989,60.109,-19.2101,9347.41,0,0
1518,2026-05-30T00:04:00+00:00,2026-05-30,Will there be no change in Fed interest rates after the September 2026 meeting?,0xa3b36b2d,buy_yes,Bought YES (bid hit),103.28,0.73,75.3944,0.645,-8.5,120.838,64.6533,56.1843,9272.01,0,0
1519,2026-05-30T00:05:00+00:00,2026-05-30,Fed Rate Hike by October 2026 Meeting?,0x059db22d,sell_yes,Sold YES (ask lifted),115.674,0.15,17.351,0.175,-2.5,66.5041,121.87,-55.3663,9289.36,0,0
1520,2026-05-30T00:05:00+00:00,2026-05-30,Clarity Act (H.R.3633) signed into law in 2026?,0x9cb23d04,buy_yes,Bought YES (bid hit),51.64,0.61,31.5004,0.58,-3,103.28,53.1892,50.0908,9257.86,0,0
1521,2026-05-30T00:06:00+00:00,2026-05-30,Fed Rate Hike by October 2026 Meeting?,0x059db22d,buy_yes,Bought YES (bid hit),103.28,0.17,17.5576,0.165,-0.5,169.784,121.87,47.9137,9240.3,0,0
1522,2026-05-30T00:06:00+00:00,2026-05-30,Will the Moderate Party (M) win the second most seats in the 2026 Swedish parliamentary election?,0xa3d50cf0,buy_yes,Bought YES (bid hit),61.968,0.45,27.8856,0.445,-0.5,65.1854,94.811,-29.6257,9212.42,0,0
1523,2026-05-30T00:08:00+00:00,2026-05-30,Fed Rate Hike by October 2026 Meeting?,0x059db22d,sell_yes,Sold YES (ask lifted),106.378,0.16,17.0205,0.165,-0.5,63.4057,121.87,-58.4647,9229.44,0,0
1524,2026-05-30T00:08:00+00:00,2026-05-30,Will the Sweden Democrats (SD) win the second most seats in the 2026 Swedish parliamentary election?,0x9e2966ab,buy_yes,Bought YES (bid hit),61.968,0.5,30.984,0.47,-3,102.867,60.109,42.7579,9198.45,0,0
1525,2026-05-30T00:10:00+00:00,2026-05-30,Will Édouard Philippe win the 2027 French presidential election?,0x46f2f457,sell_yes,Sold YES (ask lifted),51.64,0.13,6.7132,0.145,-1.5,51.64,53.1892,-1.5492,9205.17,0,0
1526,2026-05-30T00:11:00+00:00,2026-05-30,Fed Rate Hike by October 2026 Meeting?,0x059db22d,buy_yes,Bought YES (bid hit),103.28,0.19,19.6232,0.185,-0.5,166.686,121.87,44.8153,9185.54,0,0
1527,2026-05-30T00:14:00+00:00,2026-05-30,Will the Moderate Party (M) win the second most seats in the 2026 Swedish parliamentary election?,0xa3d50cf0,buy_yes,Bought YES (bid hit),63.827,0.46,29.3604,0.45,-1,129.012,94.811,34.2014,9156.18,0,0
1528,2026-05-30T00:15:00+00:00,2026-05-30,Fed Rate Hike by October 2026 Meeting?,0x059db22d,sell_yes,Sold YES (ask lifted),103.28,0.18,18.5904,0.205,-2.5,63.4057,121.87,-58.4647,9174.77,0,0
1529,2026-05-30T00:15:00+00:00,2026-05-30,Will the Moderate Party (M) win the second most seats in the 2026 Swedish parliamentary election?,0xa3d50cf0,sell_yes,Sold YES (ask lifted),61.968,0.46,28.5053,0.465,-0.5,67.0444,94.811,-27.7666,9203.28,0,0
1530,2026-05-30T00:15:00+00:00,2026-05-30,Will the Moderate Party (M) win the third most seats in the 2026 Swedish parliamentary election?,0xbbb881b0,sell_yes,Sold YES (ask lifted),46.476,0.51,23.7028,0.515,-0.5,69.807,63.2074,6.59959,9226.98,0,0
1531,2026-05-30T00:16:00+00:00,2026-05-30,Fed Rate Hike by October 2026 Meeting?,0x059db22d,buy_yes,Bought YES (bid hit),118.772,0.2,23.7544,0.195,-0.5,182.178,121.87,60.3073,9203.23,0,0
1532,2026-05-30T00:17:00+00:00,2026-05-30,Will the Moderate Party (M) win the second most seats in the 2026 Swedish parliamentary election?,0xa3d50cf0,buy_yes,Bought YES (bid hit),63.827,0.46,29.3604,0.455,-0.5,130.871,94.811,36.0604,9173.87,0,0
1533,2026-05-30T00:18:00+00:00,2026-05-30,Fed Rate Hike by October 2026 Meeting?,0x059db22d,sell_yes,Sold YES (ask lifted),103.28,0.19,19.6232,0.205,-1.5,78.8977,121.87,-42.9727,9193.49,0,0
1534,2026-05-30T00:20:00+00:00,2026-05-30,Fed Rate Hike by October 2026 Meeting?,0x059db22d,buy_yes,Bought YES (bid hit),109.477,0.19,20.8006,0.18,-1,188.374,121.87,66.5041,9172.69,0,0
1535,2026-05-30T00:24:00+00:00,2026-05-30,Fed Rate Hike by October 2026 Meeting?,0x059db22d,sell_yes,Sold YES (ask lifted),103.28,0.17,17.5576,0.185,-1.5,85.0945,121.87,-36.7759,9190.25,0,0
1536,2026-05-30T00:25:00+00:00,2026-05-30,Fed Rate Hike by October 2026 Meeting?,0x059db22d,buy_yes,Bought YES (bid hit),103.28,0.18,18.5904,0.17,-1,188.374,121.87,66.5041,9171.66,0,0
1537,2026-05-30T00:28:00+00:00,2026-05-30,Will the Sweden Democrats (SD) win the second most seats in the 2026 Swedish parliamentary election?,0x9e2966ab,sell_yes,Sold YES (ask lifted),61.968,0.48,29.7446,0.495,-1.5,40.8989,60.109,-19.2101,9201.4,0,0
1538,2026-05-30T00:30:00+00:00,2026-05-30,Fed Rate Hike by October 2026 Meeting?,0x059db22d,sell_yes,Sold YES (ask lifted),103.28,0.16,16.5248,0.185,-2.5,85.0945,121.87,-36.7759,9217.93,0,0
1539,2026-05-30T00:30:00+00:00,2026-05-30,Will the Moderate Party (M) win the second most seats in the 2026 Swedish parliamentary election?,0xa3d50cf0,sell_yes,Sold YES (ask lifted),61.968,0.46,28.5053,0.465,-0.5,68.9035,94.811,-25.9076,9246.43,0,0
1540,2026-05-30T00:31:00+00:00,2026-05-30,Fed Rate Hike by October 2026 Meeting?,0x059db22d,buy_yes,Bought YES (bid hit),103.28,0.18,18.5904,0.175,-0.5,188.374,121.87,66.5041,9227.84,0,0
1541,2026-05-30T00:31:00+00:00,2026-05-30,Will the Moderate Party (M) win the second most seats in the 2026 Swedish parliamentary election?,0xa3d50cf0,buy_yes,Bought YES (bid hit),65.6861,0.46,30.2156,0.455,-0.5,134.59,94.811,39.7785,9197.63,0,0
1542,2026-05-30T00:33:00+00:00,2026-05-30,Fed Rate Hike by October 2026 Meeting?,0x059db22d,sell_yes,Sold YES (ask lifted),118.772,0.17,20.1912,0.23,-6,69.6025,121.87,-52.2679,9217.82,0,0
1543,2026-05-30T00:33:00+00:00,2026-05-30,Will the Moderate Party (M) win the second most seats in the 2026 Swedish parliamentary election?,0xa3d50cf0,sell_yes,Sold YES (ask lifted),61.968,0.44,27.2659,0.445,-0.5,72.6215,94.811,-22.1895,9245.08,0,0
1544,2026-05-30T00:35:00+00:00,2026-05-30,Fed Rate Hike by October 2026 Meeting?,0x059db22d,buy_yes,Bought YES (bid hit),103.28,0.26,26.8528,0.175,-8.5,172.882,121.87,51.0121,9218.23,0,0
1545,2026-05-30T00:37:00+00:00,2026-05-30,Fed Rate Hike by October 2026 Meeting?,0x059db22d,sell_yes,Sold YES (ask lifted),112.575,0.18,20.2635,0.245,-6.5,60.3073,121.87,-61.5631,9238.49,0,0
1546,2026-05-30T00:40:00+00:00,2026-05-30,Fed Rate Hike by October 2026 Meeting?,0x059db22d,buy_yes,Bought YES (bid hit),109.477,0.25,27.3692,0.235,-1.5,169.784,121.87,47.9137,9211.12,0,0
1547,2026-05-30T00:40:00+00:00,2026-05-30,Will there be no change in Fed interest rates after the September 2026 meeting?,0xa3b36b2d,sell_yes,Sold YES (ask lifted),103.28,0.61,63.0008,0.735,-12.5,17.5576,64.6533,-47.0957,9274.13,0,0
1548,2026-05-30T00:41:00+00:00,2026-05-30,Will the Moderate Party (M) win the second most seats in the 2026 Swedish parliamentary election?,0xa3d50cf0,buy_yes,Bought YES (bid hit),61.968,0.45,27.8856,0.445,-0.5,134.59,94.811,39.7785,9246.24,0,0
1549,2026-05-30T00:42:00+00:00,2026-05-30,Fed Rate Hike by October 2026 Meeting?,0x059db22d,sell_yes,Sold YES (ask lifted),103.28,0.23,23.7544,0.26,-3,66.5041,121.87,-55.3663,9269.99,0,0
1550,2026-05-30T00:44:00+00:00,2026-05-30,Fed Rate Hike by October 2026 Meeting?,0x059db22d,buy_yes,Bought YES (bid hit),109.477,0.25,27.3692,0.245,-0.5,175.981,121.87,54.1105,9242.63,0,0
1551,2026-05-30T00:46:00+00:00,2026-05-30,Fed Rate Hike by October 2026 Meeting?,0x059db22d,sell_yes,Sold YES (ask lifted),103.28,0.23,23.7544,0.235,-0.5,72.7009,121.87,-49.1695,9266.38,0,0
1552,2026-05-30T00:46:00+00:00,2026-05-30,Will the Moderate Party (M) win the second most seats in the 2026 Swedish parliamentary election?,0xa3d50cf0,sell_yes,Sold YES (ask lifted),61.968,0.44,27.2659,0.455,-1.5,72.6215,94.811,-22.1895,9293.65,0,0
1553,2026-05-30T00:47:00+00:00,2026-05-30,Will the Moderate Party (M) win the second most seats in the 2026 Swedish parliamentary election?,0xa3d50cf0,buy_yes,Bought YES (bid hit),61.968,0.45,27.8856,0.445,-0.5,134.59,94.811,39.7785,9265.76,0,0
1554,2026-05-30T00:48:00+00:00,2026-05-30,Will the Moderate Party (M) win the second most seats in the 2026 Swedish parliamentary election?,0xa3d50cf0,sell_yes,Sold YES (ask lifted),65.6861,0.45,29.5587,0.455,-0.5,68.9035,94.811,-25.9076,9295.32,0,0
1555,2026-05-30T00:50:00+00:00,2026-05-30,Fed Rate Hike by October 2026 Meeting?,0x059db22d,buy_yes,Bought YES (bid hit),103.28,0.23,23.7544,0.23,-0,175.981,121.87,54.1105,9271.56,0,0
1556,2026-05-30T00:51:00+00:00,2026-05-30,Will the Moderate Party (M) win the second most seats in the 2026 Swedish parliamentary election?,0xa3d50cf0,buy_yes,Bought YES (bid hit),61.968,0.45,27.8856,0.435,-1.5,130.871,94.811,36.0604,9243.68,0,0
1557,2026-05-30T00:52:00+00:00,2026-05-30,Will the Moderate Party (M) win the second most seats in the 2026 Swedish parliamentary election?,0xa3d50cf0,sell_yes,Sold YES (ask lifted),61.968,0.44,27.2659,0.465,-2.5,68.9035,94.811,-25.9076,9270.94,0,0
1558,2026-05-30T00:53:00+00:00,2026-05-30,Fed Rate Hike by October 2026 Meeting?,0x059db22d,sell_yes,Sold YES (ask lifted),103.28,0.23,23.7544,0.26,-3,72.7009,121.87,-49.1695,9294.7,0,0
1559,2026-05-30T00:54:00+00:00,2026-05-30,Fed Rate Hike by October 2026 Meeting?,0x059db22d,buy_yes,Bought YES (bid hit),103.28,0.25,25.82,0.245,-0.5,175.981,121.87,54.1105,9268.88,0,0
1560,2026-05-30T00:56:00+00:00,2026-05-30,Will the Moderate Party (M) win the second most seats in the 2026 Swedish parliamentary election?,0xa3d50cf0,buy_yes,Bought YES (bid hit),61.968,0.46,28.5053,0.455,-0.5,130.871,94.811,36.0604,9240.37,0,0
1561,2026-05-30T00:57:00+00:00,2026-05-30,Will the Moderate Party (M) win the second most seats in the 2026 Swedish parliamentary election?,0xa3d50cf0,sell_yes,Sold YES (ask lifted),61.968,0.46,28.5053,0.465,-0.5,68.9035,94.811,-25.9076,9268.88,0,0
1562,2026-05-30T00:58:00+00:00,2026-05-30,Fed Rate Hike by October 2026 Meeting?,0x059db22d,sell_yes,Sold YES (ask lifted),103.28,0.23,23.7544,0.255,-2.5,72.7009,121.87,-49.1695,9292.63,0,0
1563,2026-05-30T00:58:00+00:00,2026-05-30,Will the Moderate Party (M) win the second most seats in the 2026 Swedish parliamentary election?,0xa3d50cf0,buy_yes,Bought YES (bid hit),67.5451,0.46,31.0708,0.46,-0,136.449,94.811,41.6375,9261.56,0,0
1564,2026-05-30T01:00:00+00:00,2026-05-30,Fed Rate Hike by October 2026 Meeting?,0x059db22d,buy_yes,Bought YES (bid hit),109.477,0.25,27.3692,0.245,-0.5,182.178,121.87,60.3073,9234.19,0,0
1565,2026-05-30T01:00:00+00:00,2026-05-30,Bab el-Mandeb Strait effectively closed by September 30?,0x95fc6a4e,buy_yes,Bought YES (bid hit),103.28,0.33,34.0824,0.15,-18,109.477,103.28,6.1968,9200.11,0,0
1566,2026-05-30T01:02:00+00:00,2026-05-30,Fed Rate Hike by October 2026 Meeting?,0x059db22d,sell_yes,Sold YES (ask lifted),103.28,0.24,24.7872,0.26,-2,78.8977,121.87,-42.9727,9224.9,0,0
1567,2026-05-30T01:04:00+00:00,2026-05-30,Fed Rate Hike by October 2026 Meeting?,0x059db22d,buy_yes,Bought YES (bid hit),103.28,0.25,25.82,0.245,-0.5,182.178,121.87,60.3073,9199.08,0,0
1568,2026-05-30T01:05:00+00:00,2026-05-30,Will the Moderate Party (M) win the second most seats in the 2026 Swedish parliamentary election?,0xa3d50cf0,sell_yes,Sold YES (ask lifted),61.968,0.44,27.2659,0.455,-1.5,74.4806,94.811,-20.3305,9226.34,0,0
1569,2026-05-30T01:08:00+00:00,2026-05-30,Fed Rate Hike by October 2026 Meeting?,0x059db22d,sell_yes,Sold YES (ask lifted),103.28,0.23,23.7544,0.255,-2.5,78.8977,121.87,-42.9727,9250.1,0,0
1570,2026-05-30T01:10:00+00:00,2026-05-30,Fed Rate Hike by October 2026 Meeting?,0x059db22d,buy_yes,Bought YES (bid hit),106.378,0.25,26.5946,0.245,-0.5,185.276,121.87,63.4057,9223.5,0,0
1571,2026-05-30T01:12:00+00:00,2026-05-30,Will the Moderate Party (M) win the second most seats in the 2026 Swedish parliamentary election?,0xa3d50cf0,buy_yes,Bought YES (bid hit),61.968,0.45,27.8856,0.445,-0.5,136.449,94.811,41.6375,9195.62,0,0
1572,2026-05-30T01:13:00+00:00,2026-05-30,Will the Moderate Party (M) win the second most seats in the 2026 Swedish parliamentary election?,0xa3d50cf0,sell_yes,Sold YES (ask lifted),61.968,0.45,27.8856,0.465,-1.5,74.4806,94.811,-20.3305,9223.5,0,0
1573,2026-05-30T01:14:00+00:00,2026-05-30,Fed Rate Hike by October 2026 Meeting?,0x059db22d,sell_yes,Sold YES (ask lifted),106.378,0.23,24.467,0.25,-2,78.8977,121.87,-42.9727,9247.97,0,0
1574,2026-05-30T01:15:00+00:00,2026-05-30,Will the Moderate Party (M) win the second most seats in the 2026 Swedish parliamentary election?,0xa3d50cf0,buy_yes,Bought YES (bid hit),67.5451,0.46,31.0708,0.46,-0,142.026,94.811,47.2147,9216.9,0,0
1575,2026-05-30T01:16:00+00:00,2026-05-30,Fed Rate Hike by October 2026 Meeting?,0x059db22d,buy_yes,Bought YES (bid hit),103.28,0.23,23.7544,0.23,-0,182.178,121.87,60.3073,9193.15,0,0
1576,2026-05-30T01:18:00+00:00,2026-05-30,Fed Rate Hike by October 2026 Meeting?,0x059db22d,sell_yes,Sold YES (ask lifted),103.28,0.23,23.7544,0.255,-2.5,78.8977,121.87,-42.9727,9216.9,0,0
1577,2026-05-30T01:19:00+00:00,2026-05-30,Will the Sweden Democrats (SD) win the third most seats in the 2026 Swedish parliamentary election?,0x939abe4a,buy_yes,Bought YES (bid hit),56.236,0.26,14.6213,0.23,-3,56.236,46.9408,9.2952,9202.28,0,0
1578,2026-05-30T01:20:00+00:00,2026-05-30,Fed Rate Hike by October 2026 Meeting?,0x059db22d,buy_yes,Bought YES (bid hit),103.28,0.25,25.82,0.245,-0.5,182.178,121.87,60.3073,9176.46,0,0
1579,2026-05-30T01:24:00+00:00,2026-05-30,Fed Rate Hike by October 2026 Meeting?,0x059db22d,sell_yes,Sold YES (ask lifted),103.28,0.24,24.7872,0.255,-1.5,78.8977,121.87,-42.9727,9201.25,0,0
1580,2026-05-30T01:26:00+00:00,2026-05-30,Will the Fed increase interest rates by 25 bps after the September 2026 meeting?,0x876506d8,sell_yes,Sold YES (ask lifted),103.28,0.11,11.3608,0.12,-1,3.0984,106.378,-103.28,9212.61,0,0
1581,2026-05-30T01:26:00+00:00,2026-05-30,Will the Moderate Party (M) win the second most seats in the 2026 Swedish parliamentary election?,0xa3d50cf0,sell_yes,Sold YES (ask lifted),69.4042,0.44,30.5378,0.445,-0.5,72.6215,94.811,-22.1895,9243.14,0,0
1582,2026-05-30T01:27:00+00:00,2026-05-30,Fed Rate Hike by October 2026 Meeting?,0x059db22d,buy_yes,Bought YES (bid hit),103.28,0.23,23.7544,0.23,-0,182.178,121.87,60.3073,9219.39,0,0
1583,2026-05-30T01:27:00+00:00,2026-05-30,Will the Sweden Democrats (SD) win the third most seats in the 2026 Swedish parliamentary election?,0x939abe4a,sell_yes,Sold YES (ask lifted),46.476,0.2,9.2952,0.335,-13.5,9.75996,46.9408,-37.1808,9228.69,0,0
1584,2026-05-30T01:29:00+00:00,2026-05-30,Will the Sweden Democrats (SD) win the third most seats in the 2026 Swedish parliamentary election?,0x939abe4a,buy_yes,Bought YES (bid hit),57.6302,0.32,18.4417,0.315,-0.5,67.3902,46.9408,20.4494,9210.24,0,0
1585,2026-05-30T01:29:00+00:00,2026-05-30,Will the Moderate Party (M) win the second most seats in the 2026 Swedish parliamentary election?,0xa3d50cf0,buy_yes,Bought YES (bid hit),61.968,0.46,28.5053,0.455,-0.5,134.59,94.811,39.7785,9181.74,0,0
1586,2026-05-30T01:30:00+00:00,2026-05-30,Will the Moderate Party (M) win the second most seats in the 2026 Swedish parliamentary election?,0xa3d50cf0,sell_yes,Sold YES (ask lifted),61.968,0.46,28.5053,0.465,-0.5,72.6215,94.811,-22.1895,9210.24,0,0
1587,2026-05-30T01:31:00+00:00,2026-05-30,Fed Rate Hike by October 2026 Meeting?,0x059db22d,sell_yes,Sold YES (ask lifted),103.28,0.23,23.7544,0.255,-2.5,78.8977,121.87,-42.9727,9234,0,0
1588,2026-05-30T01:32:00+00:00,2026-05-30,Fed Rate Hike by October 2026 Meeting?,0x059db22d,buy_yes,Bought YES (bid hit),112.575,0.25,28.1438,0.245,-0.5,191.473,121.87,69.6025,9205.85,0,0
1589,2026-05-30T01:32:00+00:00,2026-05-30,Will the Moderate Party (M) win the second most seats in the 2026 Swedish parliamentary election?,0xa3d50cf0,buy_yes,Bought YES (bid hit),61.968,0.46,28.5053,0.455,-0.5,134.59,94.811,39.7785,9177.35,0,0
1590,2026-05-30T01:33:00+00:00,2026-05-30,Will the Moderate Party (M) win the second most seats in the 2026 Swedish parliamentary election?,0xa3d50cf0,sell_yes,Sold YES (ask lifted),61.968,0.46,28.5053,0.465,-0.5,72.6215,94.811,-22.1895,9205.85,0,0
1591,2026-05-30T01:34:00+00:00,2026-05-30,Fed Rate Hike by October 2026 Meeting?,0x059db22d,sell_yes,Sold YES (ask lifted),103.28,0.24,24.7872,0.255,-1.5,88.1929,121.87,-33.6775,9230.64,0,0
1592,2026-05-30T01:34:00+00:00,2026-05-30,Will the Moderate Party (M) win the second most seats in the 2026 Swedish parliamentary election?,0xa3d50cf0,buy_yes,Bought YES (bid hit),63.827,0.46,29.3604,0.46,-0,136.449,94.811,41.6375,9201.28,0,0
1593,2026-05-30T01:35:00+00:00,2026-05-30,Fed Rate Hike by October 2026 Meeting?,0x059db22d,buy_yes,Bought YES (bid hit),103.28,0.25,25.82,0.24,-1,191.473,121.87,69.6025,9175.46,0,0
1594,2026-05-30T01:37:00+00:00,2026-05-30,Will the Moderate Party (M) win the second most seats in the 2026 Swedish parliamentary election?,0xa3d50cf0,sell_yes,Sold YES (ask lifted),67.5451,0.44,29.7199,0.455,-1.5,68.9035,94.811,-25.9076,9205.18,0,0
1595,2026-05-30T01:40:00+00:00,2026-05-30,Fed Rate Hike by October 2026 Meeting?,0x059db22d,sell_yes,Sold YES (ask lifted),103.28,0.23,23.7544,0.255,-2.5,88.1929,121.87,-33.6775,9228.94,0,0
1596,2026-05-30T01:41:00+00:00,2026-05-30,Fed Rate Hike by October 2026 Meeting?,0x059db22d,buy_yes,Bought YES (bid hit),103.28,0.25,25.82,0.235,-1.5,191.473,121.87,69.6025,9203.12,0,0
1597,2026-05-30T01:43:00+00:00,2026-05-30,Fed Rate Hike by October 2026 Meeting?,0x059db22d,sell_yes,Sold YES (ask lifted),118.772,0.23,27.3176,0.235,-0.5,72.7009,121.87,-49.1695,9230.43,0,0
1598,2026-05-30T01:43:00+00:00,2026-05-30,Will the Sweden Democrats (SD) win the third most seats in the 2026 Swedish parliamentary election?,0x939abe4a,sell_yes,Sold YES (ask lifted),46.476,0.22,10.2247,0.335,-11.5,20.9142,46.9408,-26.0266,9240.66,0,0
1599,2026-05-30T01:45:00+00:00,2026-05-30,Fed Rate Hike by October 2026 Meeting?,0x059db22d,buy_yes,Bought YES (bid hit),103.28,0.24,24.7872,0.235,-0.5,175.981,121.87,54.1105,9215.87,0,0
1600,2026-05-30T01:45:00+00:00,2026-05-30,Will the Moderate Party (M) win the second most seats in the 2026 Swedish parliamentary election?,0xa3d50cf0,buy_yes,Bought YES (bid hit),61.968,0.47,29.125,0.465,-0.5,130.871,94.811,36.0604,9186.75,0,0
1601,2026-05-30T01:46:00+00:00,2026-05-30,Will the Moderate Party (M) win the second most seats in the 2026 Swedish parliamentary election?,0xa3d50cf0,sell_yes,Sold YES (ask lifted),61.968,0.47,29.125,0.48,-1,68.9035,94.811,-25.9076,9215.87,0,0
1602,2026-05-30T01:47:00+00:00,2026-05-30,Will the Sweden Democrats (SD) win the third most seats in the 2026 Swedish parliamentary election?,0x939abe4a,buy_yes,Bought YES (bid hit),57.6302,0.33,19.018,0.325,-0.5,78.5444,46.9408,31.6037,9196.85,0,0
1603,2026-05-30T01:48:00+00:00,2026-05-30,Fed Rate Hike by October 2026 Meeting?,0x059db22d,sell_yes,Sold YES (ask lifted),103.28,0.23,23.7544,0.26,-3,72.7009,121.87,-49.1695,9220.61,0,0
1604,2026-05-30T01:49:00+00:00,2026-05-30,Will the Moderate Party (M) win the second most seats in the 2026 Swedish parliamentary election?,0xa3d50cf0,buy_yes,Bought YES (bid hit),65.6861,0.48,31.5293,0.47,-1,134.59,94.811,39.7785,9189.08,0,0
1605,2026-05-30T01:52:00+00:00,2026-05-30,Will the Moderate Party (M) win the second most seats in the 2026 Swedish parliamentary election?,0xa3d50cf0,sell_yes,Sold YES (ask lifted),61.968,0.46,28.5053,0.47,-1,72.6215,94.811,-22.1895,9217.58,0,0
1606,2026-05-30T01:54:00+00:00,2026-05-30,Fed Rate Hike by October 2026 Meeting?,0x059db22d,buy_yes,Bought YES (bid hit),112.575,0.25,28.1438,0.245,-0.5,185.276,121.87,63.4057,9189.44,0,0
1607,2026-05-30T01:55:00+00:00,2026-05-30,Fed Rate Hike by October 2026 Meeting?,0x059db22d,sell_yes,Sold YES (ask lifted),103.28,0.25,25.82,0.26,-1,81.9961,121.87,-39.8743,9215.26,0,0
1608,2026-05-30T01:57:00+00:00,2026-05-30,Fed Rate Hike by October 2026 Meeting?,0x059db22d,buy_yes,Bought YES (bid hit),112.575,0.25,28.1438,0.245,-0.5,194.571,121.87,72.7009,9187.12,0,0
1609,2026-05-30T02:00:00+00:00,2026-05-30,Fed Rate Hike by October 2026 Meeting?,0x059db22d,sell_yes,Sold YES (ask lifted),103.28,0.24,24.7872,0.26,-2,91.2913,121.87,-30.5791,9211.9,0,0
1610,2026-05-30T02:01:00+00:00,2026-05-30,Fed Rate Hike by October 2026 Meeting?,0x059db22d,buy_yes,Bought YES (bid hit),103.28,0.25,25.82,0.245,-0.5,194.571,121.87,72.7009,9186.08,0,0
1611,2026-05-30T02:03:00+00:00,2026-05-30,Fed Rate Hike by October 2026 Meeting?,0x059db22d,sell_yes,Sold YES (ask lifted),115.674,0.23,26.6049,0.235,-0.5,78.8977,121.87,-42.9727,9212.69,0,0
1612,2026-05-30T02:04:00+00:00,2026-05-30,Will the Sweden Democrats (SD) win the third most seats in the 2026 Swedish parliamentary election?,0x939abe4a,sell_yes,Sold YES (ask lifted),46.476,0.21,9.76,0.345,-13.5,32.0684,46.9408,-14.8723,9222.45,0,0
1613,2026-05-30T02:07:00+00:00,2026-05-30,Fed Rate Hike by October 2026 Meeting?,0x059db22d,buy_yes,Bought YES (bid hit),112.575,0.24,27.018,0.235,-0.5,191.473,121.87,69.6025,9195.43,0,0
1614,2026-05-30T02:08:00+00:00,2026-05-30,Fed Rate Hike by October 2026 Meeting?,0x059db22d,sell_yes,Sold YES (ask lifted),103.28,0.24,24.7872,0.255,-1.5,88.1929,121.87,-33.6775,9220.22,0,0
1615,2026-05-30T02:10:00+00:00,2026-05-30,Fed Rate Hike by October 2026 Meeting?,0x059db22d,buy_yes,Bought YES (bid hit),109.477,0.25,27.3692,0.245,-0.5,197.67,121.87,75.7993,9192.85,0,0
1616,2026-05-30T02:10:00+00:00,2026-05-30,Will the Moderate Party (M) win the second most seats in the 2026 Swedish parliamentary election?,0xa3d50cf0,buy_yes,Bought YES (bid hit),61.968,0.48,29.7446,0.475,-0.5,134.59,94.811,39.7785,9163.1,0,0
1617,2026-05-30T02:14:00+00:00,2026-05-30,Fed Rate Hike by October 2026 Meeting?,0x059db22d,sell_yes,Sold YES (ask lifted),103.28,0.24,24.7872,0.255,-1.5,94.3897,121.87,-27.4807,9187.89,0,0
1618,2026-05-30T02:15:00+00:00,2026-05-30,Fed Rate Hike by October 2026 Meeting?,0x059db22d,buy_yes,Bought YES (bid hit),109.477,0.25,27.3692,0.235,-1.5,203.866,121.87,81.9961,9160.52,0,0
1619,2026-05-30T02:17:00+00:00,2026-05-30,Will the Moderate Party (M) win the second most seats in the 2026 Swedish parliamentary election?,0xa3d50cf0,sell_yes,Sold YES (ask lifted),61.968,0.47,29.125,0.47,-0,72.6215,94.811,-22.1895,9189.65,0,0
1620,2026-05-30T02:18:00+00:00,2026-05-30,Fed Rate Hike by October 2026 Meeting?,0x059db22d,sell_yes,Sold YES (ask lifted),109.477,0.23,25.1797,0.245,-1.5,94.3897,121.87,-27.4807,9214.83,0,0
1621,2026-05-30T02:20:00+00:00,2026-05-30,Fed Rate Hike by October 2026 Meeting?,0x059db22d,buy_yes,Bought YES (bid hit),103.28,0.25,25.82,0.225,-2.5,197.67,121.87,75.7993,9189.01,0,0
1622,2026-05-30T02:22:00+00:00,2026-05-30,Fed Rate Hike by October 2026 Meeting?,0x059db22d,sell_yes,Sold YES (ask lifted),103.28,0.24,24.7872,0.26,-2,94.3897,121.87,-27.4807,9213.79,0,0
1623,2026-05-30T02:24:00+00:00,2026-05-30,Fed Rate Hike by October 2026 Meeting?,0x059db22d,buy_yes,Bought YES (bid hit),103.28,0.25,25.82,0.24,-1,197.67,121.87,75.7993,9187.97,0,0
1624,2026-05-30T02:26:00+00:00,2026-05-30,Will the Sweden Democrats (SD) win the third most seats in the 2026 Swedish parliamentary election?,0x939abe4a,buy_yes,Bought YES (bid hit),57.6302,0.3,17.2891,0.295,-0.5,89.6987,46.9408,42.7579,9170.68,0,0
1625,2026-05-30T02:26:00+00:00,2026-05-30,Will the Moderate Party (M) win the second most seats in the 2026 Swedish parliamentary election?,0xa3d50cf0,buy_yes,Bought YES (bid hit),61.968,0.47,29.125,0.46,-1,134.59,94.811,39.7785,9141.56,0,0
1626,2026-05-30T02:27:00+00:00,2026-05-30,Fed Rate Hike by October 2026 Meeting?,0x059db22d,sell_yes,Sold YES (ask lifted),103.28,0.23,23.7544,0.255,-2.5,94.3897,121.87,-27.4807,9165.31,0,0
1627,2026-05-30T02:28:00+00:00,2026-05-30,Fed Rate Hike by October 2026 Meeting?,0x059db22d,buy_yes,Bought YES (bid hit),103.28,0.25,25.82,0.235,-1.5,197.67,121.87,75.7993,9139.49,0,0
1628,2026-05-30T02:29:00+00:00,2026-05-30,Fed Rate Hike by October 2026 Meeting?,0x059db22d,sell_yes,Sold YES (ask lifted),103.28,0.24,24.7872,0.245,-0.5,94.3897,121.87,-27.4807,9164.28,0,0
1629,2026-05-30T02:30:00+00:00,2026-05-30,Fed Rate Hike by October 2026 Meeting?,0x059db22d,buy_yes,Bought YES (bid hit),103.28,0.24,24.7872,0.215,-2.5,197.67,121.87,75.7993,9139.49,0,0
1630,2026-05-30T02:31:00+00:00,2026-05-30,Fed Rate Hike by October 2026 Meeting?,0x059db22d,sell_yes,Sold YES (ask lifted),103.28,0.22,22.7216,0.255,-3.5,94.3897,121.87,-27.4807,9162.21,0,0
1631,2026-05-30T02:32:00+00:00,2026-05-30,Fed Rate Hike by October 2026 Meeting?,0x059db22d,buy_yes,Bought YES (bid hit),103.28,0.25,25.82,0.245,-0.5,197.67,121.87,75.7993,9136.39,0,0
1632,2026-05-30T02:32:00+00:00,2026-05-30,Will the Moderate Party (M) win the second most seats in the 2026 Swedish parliamentary election?,0xa3d50cf0,sell_yes,Sold YES (ask lifted),61.968,0.47,29.125,0.47,-0,72.6215,94.811,-22.1895,9165.52,0,0
1633,2026-05-30T02:34:00+00:00,2026-05-30,Will the Moderate Party (M) win the second most seats in the 2026 Swedish parliamentary election?,0xa3d50cf0,buy_yes,Bought YES (bid hit),61.968,0.46,28.5053,0.455,-0.5,134.59,94.811,39.7785,9137.01,0,0
1634,2026-05-30T02:35:00+00:00,2026-05-30,Will the Moderate Party (M) win the second most seats in the 2026 Swedish parliamentary election?,0xa3d50cf0,sell_yes,Sold YES (ask lifted),67.5451,0.46,31.0708,0.47,-1,67.0444,94.811,-27.7666,9168.09,0,0
1635,2026-05-30T02:37:00+00:00,2026-05-30,Fed Rate Hike by October 2026 Meeting?,0x059db22d,sell_yes,Sold YES (ask lifted),103.28,0.23,23.7544,0.255,-2.5,94.3897,121.87,-27.4807,9191.84,0,0
1636,2026-05-30T02:39:00+00:00,2026-05-30,Will the Sweden Democrats (SD) win the third most seats in the 2026 Swedish parliamentary election?,0x939abe4a,sell_yes,Sold YES (ask lifted),46.476,0.21,9.76,0.33,-12,43.2227,46.9408,-3.71808,9201.6,0,0
1637,2026-05-30T02:40:00+00:00,2026-05-30,Fed Rate Hike by October 2026 Meeting?,0x059db22d,buy_yes,Bought YES (bid hit),103.28,0.24,24.7872,0.235,-0.5,197.67,121.87,75.7993,9176.81,0,0
1638,2026-05-30T02:41:00+00:00,2026-05-30,Fed Rate Hike by October 2026 Meeting?,0x059db22d,sell_yes,Sold YES (ask lifted),106.378,0.24,25.5308,0.255,-1.5,91.2913,121.87,-30.5791,9202.34,0,0
1639,2026-05-30T02:41:00+00:00,2026-05-30,Will the Moderate Party (M) win the second most seats in the 2026 Swedish parliamentary election?,0xa3d50cf0,buy_yes,Bought YES (bid hit),63.827,0.48,30.637,0.47,-1,130.871,94.811,36.0604,9171.71,0,0
1640,2026-05-30T02:42:00+00:00,2026-05-30,Fed Rate Hike by October 2026 Meeting?,0x059db22d,buy_yes,Bought YES (bid hit),109.477,0.25,27.3692,0.245,-0.5,200.768,121.87,78.8977,9144.34,0,0
1641,2026-05-30T02:43:00+00:00,2026-05-30,Fed Rate Hike by October 2026 Meeting?,0x059db22d,sell_yes,Sold YES (ask lifted),103.28,0.25,25.82,0.255,-0.5,97.4881,121.87,-24.3823,9170.16,0,0
1642,2026-05-30T02:47:00+00:00,2026-05-30,Fed Rate Hike by October 2026 Meeting?,0x059db22d,buy_yes,Bought YES (bid hit),103.28,0.25,25.82,0.235,-1.5,200.768,121.87,78.8977,9144.34,0,0
1643,2026-05-30T02:47:00+00:00,2026-05-30,Will the Moderate Party (M) win the second most seats in the 2026 Swedish parliamentary election?,0xa3d50cf0,sell_yes,Sold YES (ask lifted),67.5451,0.47,31.7462,0.47,-0,63.3263,94.811,-31.4847,9176.08,0,0
1644,2026-05-30T02:48:00+00:00,2026-05-30,Will the Moderate Party (M) win the second most seats in the 2026 Swedish parliamentary election?,0xa3d50cf0,buy_yes,Bought YES (bid hit),61.968,0.46,28.5053,0.455,-0.5,125.294,94.811,30.4833,9147.58,0,0
1645,2026-05-30T02:50:00+00:00,2026-05-30,Fed Rate Hike by October 2026 Meeting?,0x059db22d,sell_yes,Sold YES (ask lifted),103.28,0.24,24.7872,0.26,-2,97.4881,121.87,-24.3823,9172.36,0,0
1646,2026-05-30T02:50:00+00:00,2026-05-30,Will the Moderate Party (M) win the second most seats in the 2026 Swedish parliamentary election?,0xa3d50cf0,sell_yes,Sold YES (ask lifted),65.6861,0.46,30.2156,0.47,-1,59.6083,94.811,-35.2028,9202.58,0,0
1647,2026-05-30T02:54:00+00:00,2026-05-30,Fed Rate Hike by October 2026 Meeting?,0x059db22d,buy_yes,Bought YES (bid hit),103.28,0.27,27.8856,0.25,-2,200.768,121.87,78.8977,9174.69,0,0
1648,2026-05-30T02:55:00+00:00,2026-05-30,Will the Sweden Democrats (SD) win the third most seats in the 2026 Swedish parliamentary election?,0x939abe4a,sell_yes,Sold YES (ask lifted),46.476,0.23,10.6895,0.31,-8,0,50.1941,-50.1941,9182.88,0,0
1649,2026-05-30T02:57:00+00:00,2026-05-30,Will the Moderate Party (M) win the second most seats in the 2026 Swedish parliamentary election?,0xa3d50cf0,buy_yes,Bought YES (bid hit),61.968,0.47,29.125,0.46,-1,121.576,94.811,26.7652,9153.75,0,0
1650,2026-05-30T02:58:00+00:00,2026-05-30,Fed Rate Hike by October 2026 Meeting?,0x059db22d,sell_yes,Sold YES (ask lifted),106.378,0.22,23.4032,0.22,-0,94.3897,121.87,-27.4807,9177.16,0,0
1651,2026-05-30T02:58:00+00:00,2026-05-30,Will the Moderate Party (M) win the second most seats in the 2026 Swedish parliamentary election?,0xa3d50cf0,sell_yes,Sold YES (ask lifted),61.968,0.47,29.125,0.47,-0,59.6083,94.811,-35.2028,9206.28,0,0
1652,2026-05-30T03:00:00+00:00,2026-05-30,Will the Sweden Democrats (SD) win the third most seats in the 2026 Swedish parliamentary election?,0x939abe4a,buy_yes,Bought YES (bid hit),46.476,0.24,11.1542,0.23,-1,46.476,50.1941,-3.71808,9195.13,0,0
1653,2026-05-30T03:02:00+00:00,2026-05-30,Fed Rate Hike by October 2026 Meeting?,0x059db22d,buy_yes,Bought YES (bid hit),103.28,0.25,25.82,0.225,-2.5,197.67,121.87,75.7993,9169.31,0,0
1654,2026-05-30T03:04:00+00:00,2026-05-30,Fed Rate Hike by October 2026 Meeting?,0x059db22d,sell_yes,Sold YES (ask lifted),103.28,0.23,23.7544,0.255,-2.5,94.3897,121.87,-27.4807,9193.06,0,0
1655,2026-05-30T03:04:00+00:00,2026-05-30,Will the Sweden Democrats (SD) win the third most seats in the 2026 Swedish parliamentary election?,0x939abe4a,sell_yes,Sold YES (ask lifted),46.476,0.24,11.1542,0.335,-9.5,0,50.1941,-50.1941,9204.22,0,0
1656,2026-05-30T03:05:00+00:00,2026-05-30,Fed Rate Hike by October 2026 Meeting?,0x059db22d,buy_yes,Bought YES (bid hit),103.28,0.25,25.82,0.245,-0.5,197.67,121.87,75.7993,9178.4,0,0
1657,2026-05-30T03:07:00+00:00,2026-05-30,Will the Moderate Party (M) win the second most seats in the 2026 Swedish parliamentary election?,0xa3d50cf0,buy_yes,Bought YES (bid hit),65.6861,0.47,30.8725,0.465,-0.5,125.294,94.811,30.4833,9147.52,0,0
1658,2026-05-30T03:08:00+00:00,2026-05-30,Will the Moderate Party (M) win the second most seats in the 2026 Swedish parliamentary election?,0xa3d50cf0,sell_yes,Sold YES (ask lifted),61.968,0.47,29.125,0.475,-0.5,63.3263,94.811,-31.4847,9176.65,0,0
1659,2026-05-30T03:10:00+00:00,2026-05-30,Fed Rate Hike by October 2026 Meeting?,0x059db22d,sell_yes,Sold YES (ask lifted),103.28,0.24,24.7872,0.255,-1.5,94.3897,121.87,-27.4807,9201.44,0,0
1660,2026-05-30T03:10:00+00:00,2026-05-30,Will the Moderate Party (M) win the second most seats in the 2026 Swedish parliamentary election?,0xa3d50cf0,buy_yes,Bought YES (bid hit),61.968,0.47,29.125,0.465,-0.5,125.294,94.811,30.4833,9172.31,0,0
1661,2026-05-30T03:11:00+00:00,2026-05-30,Fed Rate Hike by October 2026 Meeting?,0x059db22d,buy_yes,Bought YES (bid hit),118.772,0.25,29.693,0.245,-0.5,213.162,121.87,91.2913,9142.62,0,0
1662,2026-05-30T03:13:00+00:00,2026-05-30,Fed Rate Hike by October 2026 Meeting?,0x059db22d,sell_yes,Sold YES (ask lifted),103.28,0.24,24.7872,0.26,-2,109.882,121.87,-11.9887,9167.41,0,0
1663,2026-05-30T03:13:00+00:00,2026-05-30,Will the Moderate Party (M) win the second most seats in the 2026 Swedish parliamentary election?,0xa3d50cf0,sell_yes,Sold YES (ask lifted),63.827,0.46,29.3604,0.465,-0.5,61.4673,94.811,-33.3437,9196.77,0,0
1664,2026-05-30T03:14:00+00:00,2026-05-30,Fed Rate Hike by October 2026 Meeting?,0x059db22d,buy_yes,Bought YES (bid hit),103.28,0.25,25.82,0.24,-1,213.162,121.87,91.2913,9170.95,0,0
1665,2026-05-30T03:14:00+00:00,2026-05-30,Will the Moderate Party (M) win the second most seats in the 2026 Swedish parliamentary election?,0xa3d50cf0,buy_yes,Bought YES (bid hit),61.968,0.46,28.5053,0.445,-1.5,123.435,94.811,28.6243,9142.44,0,0
1666,2026-05-30T03:15:00+00:00,2026-05-30,Will the Moderate Party (M) win the second most seats in the 2026 Swedish parliamentary election?,0xa3d50cf0,sell_yes,Sold YES (ask lifted),67.5451,0.45,30.3953,0.465,-1.5,55.8902,94.811,-38.9209,9172.84,0,0
1667,2026-05-30T03:20:00+00:00,2026-05-30,Fed Rate Hike by October 2026 Meeting?,0x059db22d,sell_yes,Sold YES (ask lifted),103.28,0.24,24.7872,0.26,-2,109.882,121.87,-11.9887,9197.62,0,0
1668,2026-05-30T03:21:00+00:00,2026-05-30,Fed Rate Hike by October 2026 Meeting?,0x059db22d,buy_yes,Bought YES (bid hit),103.28,0.25,25.82,0.245,-0.5,213.162,121.87,91.2913,9171.8,0,0
1669,2026-05-30T03:24:00+00:00,2026-05-30,Fed Rate Hike by October 2026 Meeting?,0x059db22d,sell_yes,Sold YES (ask lifted),109.477,0.24,26.2744,0.245,-0.5,103.685,121.87,-18.1855,9198.08,0,0
1670,2026-05-30T03:26:00+00:00,2026-05-30,Will the Moderate Party (M) win the second most seats in the 2026 Swedish parliamentary election?,0xa3d50cf0,buy_yes,Bought YES (bid hit),61.968,0.47,29.125,0.44,-3,117.858,94.811,23.0471,9168.95,0,0
1671,2026-05-30T03:27:00+00:00,2026-05-30,Will the Moderate Party (M) win the second most seats in the 2026 Swedish parliamentary election?,0xa3d50cf0,sell_yes,Sold YES (ask lifted),67.5451,0.45,30.3953,0.455,-0.5,50.3131,94.811,-44.498,9199.35,0,0
1672,2026-05-30T03:36:00+00:00,2026-05-30,Will the Moderate Party (M) win the second most seats in the 2026 Swedish parliamentary election?,0xa3d50cf0,buy_yes,Bought YES (bid hit),63.827,0.47,29.9987,0.465,-0.5,114.14,94.811,19.3291,9169.35,0,0
1673,2026-05-30T03:37:00+00:00,2026-05-30,Will the Moderate Party (M) win the second most seats in the 2026 Swedish parliamentary election?,0xa3d50cf0,sell_yes,Sold YES (ask lifted),61.968,0.47,29.125,0.475,-0.5,52.1721,94.811,-42.6389,9198.47,0,0
1674,2026-05-30T03:38:00+00:00,2026-05-30,Fed Rate Hike by October 2026 Meeting?,0x059db22d,buy_yes,Bought YES (bid hit),103.28,0.23,23.7544,0.22,-1,206.965,121.87,85.0945,9174.72,0,0
1675,2026-05-30T03:40:00+00:00,2026-05-30,Fed Rate Hike by October 2026 Meeting?,0x059db22d,sell_yes,Sold YES (ask lifted),103.28,0.24,24.7872,0.255,-1.5,103.685,121.87,-18.1855,9199.51,0,0
1676,2026-05-30T03:41:00+00:00,2026-05-30,Fed Rate Hike by October 2026 Meeting?,0x059db22d,buy_yes,Bought YES (bid hit),112.575,0.25,28.1438,0.24,-1,216.26,121.87,94.3897,9171.36,0,0
1677,2026-05-30T03:41:00+00:00,2026-05-30,Will the Sweden Democrats (SD) win the second most seats in the 2026 Swedish parliamentary election?,0x9e2966ab,buy_yes,Bought YES (bid hit),61.968,0.48,29.7446,0.475,-0.5,102.867,60.109,42.7579,9141.62,0,0
1678,2026-05-30T03:42:00+00:00,2026-05-30,Will the Sweden Democrats (SD) win the second most seats in the 2026 Swedish parliamentary election?,0x9e2966ab,sell_yes,Sold YES (ask lifted),61.968,0.48,29.7446,0.49,-1,40.8989,60.109,-19.2101,9171.36,0,0
1679,2026-05-30T03:43:00+00:00,2026-05-30,Fed Rate Hike by October 2026 Meeting?,0x059db22d,sell_yes,Sold YES (ask lifted),112.575,0.23,25.8923,0.255,-2.5,103.685,121.87,-18.1855,9197.26,0,0
1680,2026-05-30T03:44:00+00:00,2026-05-30,Fed Rate Hike by October 2026 Meeting?,0x059db22d,buy_yes,Bought YES (bid hit),103.28,0.25,25.82,0.245,-0.5,206.965,121.87,85.0945,9171.44,0,0
1681,2026-05-30T03:45:00+00:00,2026-05-30,Will the Moderate Party (M) win the second most seats in the 2026 Swedish parliamentary election?,0xa3d50cf0,buy_yes,Bought YES (bid hit),61.968,0.46,28.5053,0.45,-1,114.14,94.811,19.3291,9142.93,0,0
1682,2026-05-30T03:46:00+00:00,2026-05-30,Fed Rate Hike by October 2026 Meeting?,0x059db22d,sell_yes,Sold YES (ask lifted),103.28,0.22,22.7216,0.225,-0.5,103.685,121.87,-18.1855,9165.65,0,0
1683,2026-05-30T03:46:00+00:00,2026-05-30,Will the Moderate Party (M) win the second most seats in the 2026 Swedish parliamentary election?,0xa3d50cf0,sell_yes,Sold YES (ask lifted),61.968,0.46,28.5053,0.47,-1,52.1721,94.811,-42.6389,9194.16,0,0
1684,2026-05-30T03:50:00+00:00,2026-05-30,Will the Sweden Democrats (SD) win the second most seats in the 2026 Swedish parliamentary election?,0x9e2966ab,buy_yes,Bought YES (bid hit),61.968,0.48,29.7446,0.475,-0.5,102.867,60.109,42.7579,9164.41,0,0
1685,2026-05-30T03:51:00+00:00,2026-05-30,Fed Rate Hike by October 2026 Meeting?,0x059db22d,buy_yes,Bought YES (bid hit),103.28,0.25,25.82,0.215,-3.5,206.965,121.87,85.0945,9138.59,0,0
1686,2026-05-30T03:51:00+00:00,2026-05-30,Will the Sweden Democrats (SD) win the second most seats in the 2026 Swedish parliamentary election?,0x9e2966ab,sell_yes,Sold YES (ask lifted),61.968,0.48,29.7446,0.485,-0.5,40.8989,60.109,-19.2101,9168.34,0,0
1687,2026-05-30T03:51:00+00:00,2026-05-30,Will the Moderate Party (M) win the second most seats in the 2026 Swedish parliamentary election?,0xa3d50cf0,buy_yes,Bought YES (bid hit),61.968,0.47,29.125,0.465,-0.5,114.14,94.811,19.3291,9139.21,0,0
1688,2026-05-30T03:52:00+00:00,2026-05-30,Will the Sweden Democrats (SD) win the second most seats in the 2026 Swedish parliamentary election?,0x9e2966ab,buy_yes,Bought YES (bid hit),61.968,0.48,29.7446,0.475,-0.5,102.867,60.109,42.7579,9109.47,0,0
1689,2026-05-30T03:52:00+00:00,2026-05-30,Will the Moderate Party (M) win the second most seats in the 2026 Swedish parliamentary election?,0xa3d50cf0,sell_yes,Sold YES (ask lifted),61.968,0.47,29.125,0.475,-0.5,52.1721,94.811,-42.6389,9138.59,0,0
1690,2026-05-30T03:54:00+00:00,2026-05-30,Will the Moderate Party (M) win the second most seats in the 2026 Swedish parliamentary election?,0xa3d50cf0,buy_yes,Bought YES (bid hit),63.827,0.47,29.9987,0.46,-1,115.999,94.811,21.1881,9108.59,0,0
1691,2026-05-30T03:56:00+00:00,2026-05-30,Will the Moderate Party (M) win the second most seats in the 2026 Swedish parliamentary election?,0xa3d50cf0,sell_yes,Sold YES (ask lifted),63.827,0.47,29.9987,0.47,-0,52.1721,94.811,-42.6389,9138.59,0,0
1692,2026-05-30T04:01:00+00:00,2026-05-30,Fed Rate Hike by October 2026 Meeting?,0x059db22d,sell_yes,Sold YES (ask lifted),103.28,0.24,24.7872,0.26,-2,103.685,121.87,-18.1855,9163.38,0,0
1693,2026-05-30T04:02:00+00:00,2026-05-30,Fed Rate Hike by October 2026 Meeting?,0x059db22d,buy_yes,Bought YES (bid hit),103.28,0.25,25.82,0.245,-0.5,206.965,121.87,85.0945,9137.56,0,0
1694,2026-05-30T04:03:00+00:00,2026-05-30,Will the Sweden Democrats (SD) win the third most seats in the 2026 Swedish parliamentary election?,0x939abe4a,buy_yes,Bought YES (bid hit),54.8417,0.25,13.7104,0.235,-1.5,54.8417,50.1941,4.6476,9123.85,0,0
1695,2026-05-30T04:06:00+00:00,2026-05-30,Fed Rate Hike by October 2026 Meeting?,0x059db22d,sell_yes,Sold YES (ask lifted),103.28,0.23,23.7544,0.235,-0.5,103.685,121.87,-18.1855,9147.6,0,0
1696,2026-05-30T04:08:00+00:00,2026-05-30,Fed Rate Hike by October 2026 Meeting?,0x059db22d,buy_yes,Bought YES (bid hit),103.28,0.25,25.82,0.235,-1.5,206.965,121.87,85.0945,9121.78,0,0
1697,2026-05-30T04:10:00+00:00,2026-05-30,Will the Sweden Democrats (SD) win the third most seats in the 2026 Swedish parliamentary election?,0x939abe4a,sell_yes,Sold YES (ask lifted),46.476,0.23,10.6895,0.315,-8.5,8.36568,50.1941,-41.8284,9132.47,0,0
1698,2026-05-30T04:12:00+00:00,2026-05-30,Fed Rate Hike by October 2026 Meeting?,0x059db22d,sell_yes,Sold YES (ask lifted),103.28,0.24,24.7872,0.255,-1.5,103.685,121.87,-18.1855,9157.26,0,0
1699,2026-05-30T04:14:00+00:00,2026-05-30,Fed Rate Hike by October 2026 Meeting?,0x059db22d,buy_yes,Bought YES (bid hit),112.575,0.25,28.1438,0.245,-0.5,216.26,121.87,94.3897,9129.12,0,0
1700,2026-05-30T04:15:00+00:00,2026-05-30,Fed Rate Hike by October 2026 Meeting?,0x059db22d,sell_yes,Sold YES (ask lifted),103.28,0.25,25.82,0.26,-1,112.98,121.87,-8.89034,9154.94,0,0
1701,2026-05-30T04:17:00+00:00,2026-05-30,Fed Rate Hike by October 2026 Meeting?,0x059db22d,buy_yes,Bought YES (bid hit),103.28,0.25,25.82,0.235,-1.5,216.26,121.87,94.3897,9129.12,0,0
1702,2026-05-30T04:18:00+00:00,2026-05-30,Will the Moderate Party (M) win the second most seats in the 2026 Swedish parliamentary election?,0xa3d50cf0,buy_yes,Bought YES (bid hit),61.968,0.47,29.125,0.465,-0.5,114.14,94.811,19.3291,9099.99,0,0
1703,2026-05-30T04:19:00+00:00,2026-05-30,Will the Moderate Party (M) win the second most seats in the 2026 Swedish parliamentary election?,0xa3d50cf0,sell_yes,Sold YES (ask lifted),61.968,0.47,29.125,0.48,-1,52.1721,94.811,-42.6389,9129.12,0,0
1704,2026-05-30T04:20:00+00:00,2026-05-30,Fed Rate Hike by October 2026 Meeting?,0x059db22d,sell_yes,Sold YES (ask lifted),106.378,0.23,24.467,0.255,-2.5,109.882,121.87,-11.9887,9153.58,0,0
1705,2026-05-30T04:21:00+00:00,2026-05-30,Fed Rate Hike by October 2026 Meeting?,0x059db22d,buy_yes,Bought YES (bid hit),103.28,0.25,25.82,0.245,-0.5,213.162,121.87,91.2913,9127.76,0,0
1706,2026-05-30T04:21:00+00:00,2026-05-30,Will the Moderate Party (M) win the second most seats in the 2026 Swedish parliamentary election?,0xa3d50cf0,buy_yes,Bought YES (bid hit),67.5451,0.47,31.7462,0.46,-1,119.717,94.811,24.9062,9096.02,0,0
1707,2026-05-30T04:23:00+00:00,2026-05-30,Will the Moderate Party (M) win the second most seats in the 2026 Swedish parliamentary election?,0xa3d50cf0,sell_yes,Sold YES (ask lifted),61.968,0.47,29.125,0.47,-0,57.7492,94.811,-37.0618,9125.14,0,0
1708,2026-05-30T04:25:00+00:00,2026-05-30,Fed Rate Hike by October 2026 Meeting?,0x059db22d,sell_yes,Sold YES (ask lifted),112.575,0.23,25.8923,0.26,-3,100.586,121.87,-21.2839,9151.04,0,0
1709,2026-05-30T04:26:00+00:00,2026-05-30,Will the Moderate Party (M) win the second most seats in the 2026 Swedish parliamentary election?,0xa3d50cf0,buy_yes,Bought YES (bid hit),61.968,0.45,27.8856,0.445,-0.5,119.717,94.811,24.9062,9123.15,0,0
1710,2026-05-30T04:27:00+00:00,2026-05-30,Fed Rate Hike by October 2026 Meeting?,0x059db22d,buy_yes,Bought YES (bid hit),115.674,0.25,28.9184,0.245,-0.5,216.26,121.87,94.3897,9094.23,0,0
1711,2026-05-30T04:27:00+00:00,2026-05-30,Will the Moderate Party (M) win the second most seats in the 2026 Swedish parliamentary election?,0xa3d50cf0,sell_yes,Sold YES (ask lifted),67.5451,0.45,30.3953,0.465,-1.5,52.1721,94.811,-42.6389,9124.63,0,0
1712,2026-05-30T04:28:00+00:00,2026-05-30,Will the Moderate Party (M) win the second most seats in the 2026 Swedish parliamentary election?,0xa3d50cf0,buy_yes,Bought YES (bid hit),61.968,0.46,28.5053,0.455,-0.5,114.14,94.811,19.3291,9096.12,0,0
1713,2026-05-30T04:29:00+00:00,2026-05-30,Will the Moderate Party (M) win the second most seats in the 2026 Swedish parliamentary election?,0xa3d50cf0,sell_yes,Sold YES (ask lifted),65.6861,0.46,30.2156,0.465,-0.5,48.454,94.811,-46.357,9126.34,0,0
1714,2026-05-30T04:30:00+00:00,2026-05-30,Fed Rate Hike by October 2026 Meeting?,0x059db22d,sell_yes,Sold YES (ask lifted),103.28,0.24,24.7872,0.275,-3.5,112.98,121.87,-8.89034,9151.12,0,0
1715,2026-05-30T04:33:00+00:00,2026-05-30,Will the Moderate Party (M) win the second most seats in the 2026 Swedish parliamentary election?,0xa3d50cf0,buy_yes,Bought YES (bid hit),61.968,0.47,29.125,0.46,-1,110.422,94.811,15.611,9122,0,0
1716,2026-05-30T04:34:00+00:00,2026-05-30,Will the Moderate Party (M) win the second most seats in the 2026 Swedish parliamentary election?,0xa3d50cf0,sell_yes,Sold YES (ask lifted),61.968,0.47,29.125,0.475,-0.5,48.454,94.811,-46.357,9151.12,0,0
1717,2026-05-30T04:35:00+00:00,2026-05-30,Fed Rate Hike by October 2026 Meeting?,0x059db22d,buy_yes,Bought YES (bid hit),103.28,0.25,25.82,0.245,-0.5,216.26,121.87,94.3897,9125.3,0,0
1718,2026-05-30T04:40:00+00:00,2026-05-30,Fed Rate Hike by October 2026 Meeting?,0x059db22d,sell_yes,Sold YES (ask lifted),103.28,0.23,23.7544,0.255,-2.5,112.98,121.87,-8.89034,9149.06,0,0
1719,2026-05-30T04:41:00+00:00,2026-05-30,Fed Rate Hike by October 2026 Meeting?,0x059db22d,buy_yes,Bought YES (bid hit),103.28,0.25,25.82,0.235,-1.5,216.26,121.87,94.3897,9123.24,0,0
1720,2026-05-30T04:44:00+00:00,2026-05-30,Fed Rate Hike by October 2026 Meeting?,0x059db22d,sell_yes,Sold YES (ask lifted),103.28,0.23,23.7544,0.245,-1.5,112.98,121.87,-8.89034,9146.99,0,0
1721,2026-05-30T04:45:00+00:00,2026-05-30,Fed Rate Hike by October 2026 Meeting?,0x059db22d,buy_yes,Bought YES (bid hit),112.575,0.24,27.018,0.235,-0.5,225.555,121.87,103.685,9119.97,0,0
1722,2026-05-30T04:45:00+00:00,2026-05-30,Will the Moderate Party (M) win the second most seats in the 2026 Swedish parliamentary election?,0xa3d50cf0,buy_yes,Bought YES (bid hit),61.968,0.47,29.125,0.455,-1.5,110.422,94.811,15.611,9090.85,0,0
1723,2026-05-30T04:46:00+00:00,2026-05-30,Will the Moderate Party (M) win the second most seats in the 2026 Swedish parliamentary election?,0xa3d50cf0,sell_yes,Sold YES (ask lifted),61.968,0.46,28.5053,0.48,-2,48.454,94.811,-46.357,9119.35,0,0
1724,2026-05-30T04:48:00+00:00,2026-05-30,Fed Rate Hike by October 2026 Meeting?,0x059db22d,sell_yes,Sold YES (ask lifted),109.477,0.23,25.1797,0.245,-1.5,116.078,121.87,-5.79194,9144.53,0,0
1725,2026-05-30T04:48:00+00:00,2026-05-30,Will the Moderate Party (M) win the second most seats in the 2026 Swedish parliamentary election?,0xa3d50cf0,buy_yes,Bought YES (bid hit),61.968,0.47,29.125,0.465,-0.5,110.422,94.811,15.611,9115.41,0,0
1726,2026-05-30T04:49:00+00:00,2026-05-30,Will the Moderate Party (M) win the second most seats in the 2026 Swedish parliamentary election?,0xa3d50cf0,sell_yes,Sold YES (ask lifted),61.968,0.47,29.125,0.485,-1.5,48.454,94.811,-46.357,9144.53,0,0
1727,2026-05-30T05:04:00+00:00,2026-05-30,Will the Moderate Party (M) win the second most seats in the 2026 Swedish parliamentary election?,0xa3d50cf0,buy_yes,Bought YES (bid hit),61.968,0.46,28.5053,0.46,-0,110.422,94.811,15.611,9116.03,0,0
1728,2026-05-30T05:07:00+00:00,2026-05-30,Will the Moderate Party (M) win the second most seats in the 2026 Swedish parliamentary election?,0xa3d50cf0,sell_yes,Sold YES (ask lifted),61.968,0.46,28.5053,0.475,-1.5,48.454,94.811,-46.357,9144.53,0,0
1729,2026-05-30T05:08:00+00:00,2026-05-30,Will the Moderate Party (M) win the second most seats in the 2026 Swedish parliamentary election?,0xa3d50cf0,buy_yes,Bought YES (bid hit),61.968,0.47,29.125,0.445,-2.5,110.422,94.811,15.611,9115.41,0,0
1730,2026-05-30T05:09:00+00:00,2026-05-30,Will the Moderate Party (M) win the second most seats in the 2026 Swedish parliamentary election?,0xa3d50cf0,sell_yes,Sold YES (ask lifted),65.6861,0.45,29.5587,0.465,-1.5,44.7359,94.811,-50.0751,9144.97,0,0
1731,2026-05-30T05:17:00+00:00,2026-05-30,Fed Rate Hike by October 2026 Meeting?,0x059db22d,sell_yes,Sold YES (ask lifted),103.28,0.25,25.82,0.255,-0.5,12.7985,121.87,-109.072,9170.79,0,0
1732,2026-05-30T05:17:00+00:00,2026-05-30,Will the Moderate Party (M) win the second most seats in the 2026 Swedish parliamentary election?,0xa3d50cf0,buy_yes,Bought YES (bid hit),61.968,0.47,29.125,0.465,-0.5,106.704,94.811,11.8929,9141.66,0,0
1733,2026-05-30T05:18:00+00:00,2026-05-30,Will the Moderate Party (M) win the second most seats in the 2026 Swedish parliamentary election?,0xa3d50cf0,sell_yes,Sold YES (ask lifted),61.968,0.47,29.125,0.475,-0.5,44.7359,94.811,-50.0751,9170.79,0,0
1734,2026-05-30T05:19:00+00:00,2026-05-30,Will the Moderate Party (M) win the second most seats in the 2026 Swedish parliamentary election?,0xa3d50cf0,buy_yes,Bought YES (bid hit),61.968,0.47,29.125,0.465,-0.5,106.704,94.811,11.8929,9141.66,0,0
1735,2026-05-30T05:21:00+00:00,2026-05-30,Will the Moderate Party (M) win the second most seats in the 2026 Swedish parliamentary election?,0xa3d50cf0,sell_yes,Sold YES (ask lifted),61.968,0.47,29.125,0.475,-0.5,44.7359,94.811,-50.0751,9170.79,0,0
1736,2026-05-30T05:23:00+00:00,2026-05-30,Will the Moderate Party (M) win the second most seats in the 2026 Swedish parliamentary election?,0xa3d50cf0,buy_yes,Bought YES (bid hit),61.968,0.47,29.125,0.465,-0.5,106.704,94.811,11.8929,9141.66,0,0
1737,2026-05-30T05:26:00+00:00,2026-05-30,Will the Moderate Party (M) win the second most seats in the 2026 Swedish parliamentary election?,0xa3d50cf0,sell_yes,Sold YES (ask lifted),61.968,0.46,28.5053,0.465,-0.5,44.7359,94.811,-50.0751,9170.17,0,0
1738,2026-05-30T05:29:00+00:00,2026-05-30,Will the Moderate Party (M) win the second most seats in the 2026 Swedish parliamentary election?,0xa3d50cf0,buy_yes,Bought YES (bid hit),65.6861,0.48,31.5293,0.465,-1.5,110.422,94.811,15.611,9138.64,0,0
1739,2026-05-30T05:36:00+00:00,2026-05-30,Will the Moderate Party (M) win the second most seats in the 2026 Swedish parliamentary election?,0xa3d50cf0,sell_yes,Sold YES (ask lifted),61.968,0.46,28.5053,0.475,-1.5,48.454,94.811,-46.357,9167.14,0,0
1740,2026-05-30T05:47:00+00:00,2026-05-30,Will the Moderate Party (M) win the second most seats in the 2026 Swedish parliamentary election?,0xa3d50cf0,buy_yes,Bought YES (bid hit),61.968,0.48,29.7446,0.465,-1.5,110.422,94.811,15.611,9137.4,0,0
1741,2026-05-30T05:48:00+00:00,2026-05-30,Will the Moderate Party (M) win the second most seats in the 2026 Swedish parliamentary election?,0xa3d50cf0,sell_yes,Sold YES (ask lifted),61.968,0.47,29.125,0.47,-0,48.454,94.811,-46.357,9166.52,0,0
1742,2026-05-30T05:59:00+00:00,2026-05-30,Will the Moderate Party (M) win the second most seats in the 2026 Swedish parliamentary election?,0xa3d50cf0,buy_yes,Bought YES (bid hit),63.827,0.48,30.637,0.465,-1.5,112.281,94.811,17.47,9135.89,0,0
1743,2026-05-30T06:00:00+00:00,2026-05-30,Will the Moderate Party (M) win the second most seats in the 2026 Swedish parliamentary election?,0xa3d50cf0,sell_yes,Sold YES (ask lifted),61.968,0.47,29.125,0.48,-1,50.3131,94.811,-44.498,9165.01,0,0
1744,2026-05-30T06:04:00+00:00,2026-05-30,Will the Moderate Party (M) win the second most seats in the 2026 Swedish parliamentary election?,0xa3d50cf0,buy_yes,Bought YES (bid hit),61.968,0.46,28.5053,0.46,-0,112.281,94.811,17.47,9136.51,0,0
1745,2026-05-30T06:05:00+00:00,2026-05-30,Will the Moderate Party (M) win the second most seats in the 2026 Swedish parliamentary election?,0xa3d50cf0,sell_yes,Sold YES (ask lifted),61.968,0.47,29.125,0.48,-1,50.3131,94.811,-44.498,9165.63,0,0
1746,2026-05-30T06:07:00+00:00,2026-05-30,Will the Moderate Party (M) win the second most seats in the 2026 Swedish parliamentary election?,0xa3d50cf0,buy_yes,Bought YES (bid hit),61.968,0.47,29.125,0.465,-0.5,112.281,94.811,17.47,9136.51,0,0
1747,2026-05-30T06:09:00+00:00,2026-05-30,Will the Moderate Party (M) win the second most seats in the 2026 Swedish parliamentary election?,0xa3d50cf0,sell_yes,Sold YES (ask lifted),61.968,0.47,29.125,0.48,-1,50.3131,94.811,-44.498,9165.63,0,0
1748,2026-05-30T06:15:00+00:00,2026-05-30,Will the Moderate Party (M) win the second most seats in the 2026 Swedish parliamentary election?,0xa3d50cf0,buy_yes,Bought YES (bid hit),61.968,0.47,29.125,0.46,-1,112.281,94.811,17.47,9136.51,0,0
1749,2026-05-30T06:17:00+00:00,2026-05-30,Will the Moderate Party (M) win the second most seats in the 2026 Swedish parliamentary election?,0xa3d50cf0,sell_yes,Sold YES (ask lifted),61.968,0.47,29.125,0.47,-0,50.3131,94.811,-44.498,9165.63,0,0
1750,2026-05-30T06:25:00+00:00,2026-05-30,Will the Moderate Party (M) win the second most seats in the 2026 Swedish parliamentary election?,0xa3d50cf0,buy_yes,Bought YES (bid hit),61.968,0.47,29.125,0.465,-0.5,112.281,94.811,17.47,9136.51,0,0
1751,2026-05-30T06:26:00+00:00,2026-05-30,Will the Moderate Party (M) win the second most seats in the 2026 Swedish parliamentary election?,0xa3d50cf0,sell_yes,Sold YES (ask lifted),61.968,0.47,29.125,0.48,-1,50.3131,94.811,-44.498,9165.63,0,0
1752,2026-05-30T06:32:00+00:00,2026-05-30,Will the Moderate Party (M) win the second most seats in the 2026 Swedish parliamentary election?,0xa3d50cf0,buy_yes,Bought YES (bid hit),61.968,0.46,28.5053,0.455,-0.5,112.281,94.811,17.47,9137.13,0,0
1753,2026-05-30T06:33:00+00:00,2026-05-30,Will the Moderate Party (M) win the second most seats in the 2026 Swedish parliamentary election?,0xa3d50cf0,sell_yes,Sold YES (ask lifted),67.5451,0.46,31.0708,0.465,-0.5,44.7359,94.811,-50.0751,9168.2,0,0
1754,2026-05-30T06:34:00+00:00,2026-05-30,Will the Moderate Party (M) win the second most seats in the 2026 Swedish parliamentary election?,0xa3d50cf0,buy_yes,Bought YES (bid hit),61.968,0.46,28.5053,0.45,-1,106.704,94.811,11.8929,9139.69,0,0
1755,2026-05-30T06:35:00+00:00,2026-05-30,Will the Moderate Party (M) win the second most seats in the 2026 Swedish parliamentary election?,0xa3d50cf0,sell_yes,Sold YES (ask lifted),61.968,0.46,28.5053,0.47,-1,44.7359,94.811,-50.0751,9168.2,0,0
1756,2026-05-30T06:37:00+00:00,2026-05-30,Will the Moderate Party (M) win the second most seats in the 2026 Swedish parliamentary election?,0xa3d50cf0,buy_yes,Bought YES (bid hit),61.968,0.48,29.7446,0.465,-1.5,106.704,94.811,11.8929,9138.45,0,0
1757,2026-05-30T06:38:00+00:00,2026-05-30,Will the Moderate Party (M) win the second most seats in the 2026 Swedish parliamentary election?,0xa3d50cf0,sell_yes,Sold YES (ask lifted),61.968,0.47,29.125,0.48,-1,44.7359,94.811,-50.0751,9167.58,0,0
1758,2026-05-30T06:41:00+00:00,2026-05-30,Will the Moderate Party (M) win the second most seats in the 2026 Swedish parliamentary election?,0xa3d50cf0,buy_yes,Bought YES (bid hit),61.968,0.46,28.5053,0.46,-0,106.704,94.811,11.8929,9139.07,0,0
1759,2026-05-30T06:45:00+00:00,2026-05-30,Will the Moderate Party (M) win the second most seats in the 2026 Swedish parliamentary election?,0xa3d50cf0,sell_yes,Sold YES (ask lifted),61.968,0.47,29.125,0.47,-0,44.7359,94.811,-50.0751,9168.2,0,0
1760,2026-05-30T06:47:00+00:00,2026-05-30,Will the Moderate Party (M) win the second most seats in the 2026 Swedish parliamentary election?,0xa3d50cf0,buy_yes,Bought YES (bid hit),61.968,0.46,28.5053,0.45,-1,106.704,94.811,11.8929,9139.69,0,0
1761,2026-05-30T06:49:00+00:00,2026-05-30,Will the Moderate Party (M) win the second most seats in the 2026 Swedish parliamentary election?,0xa3d50cf0,sell_yes,Sold YES (ask lifted),67.5451,0.45,30.3953,0.455,-0.5,39.1588,94.811,-55.6522,9170.09,0,0
1762,2026-05-30T06:55:00+00:00,2026-05-30,Will the Moderate Party (M) win the second most seats in the 2026 Swedish parliamentary election?,0xa3d50cf0,buy_yes,Bought YES (bid hit),61.968,0.46,28.5053,0.455,-0.5,101.127,94.811,6.31578,9141.58,0,0
1763,2026-05-30T07:03:00+00:00,2026-05-30,Will the Sweden Democrats (SD) win the third most seats in the 2026 Swedish parliamentary election?,0x939abe4a,buy_yes,Bought YES (bid hit),52.0531,0.24,12.4927,0.23,-1,60.4188,50.1941,10.2247,9129.09,0,0
1764,2026-05-30T07:20:00+00:00,2026-05-30,Will the Sweden Democrats (SD) win the third most seats in the 2026 Swedish parliamentary election?,0x939abe4a,sell_yes,Sold YES (ask lifted),46.476,0.23,10.6895,0.32,-9,13.9428,50.1941,-36.2513,9139.78,0,0
1765,2026-05-30T11:40:00+00:00,2026-05-30,Fed Rate Hike by October 2026 Meeting?,0x059db22d,buy_yes,Bought YES (bid hit),103.28,0.24,24.7872,0.22,-2,116.078,121.87,-5.79194,9114.99,0,0
1766,2026-05-30T12:00:00+00:00,2026-05-30,Fed Rate Hike by October 2026 Meeting?,0x059db22d,sell_yes,Sold YES (ask lifted),103.28,0.25,25.82,0.26,-1,12.7985,121.87,-109.072,9140.81,0,0
1767,2026-05-30T12:09:00+00:00,2026-05-30,Will the Sweden Democrats (SD) win the second most seats in the 2026 Swedish parliamentary election?,0x9e2966ab,sell_yes,Sold YES (ask lifted),61.968,0.36,22.3085,0.505,-14.5,40.8989,60.109,-19.2101,9163.12,0,0
1768,2026-05-30T12:14:00+00:00,2026-05-30,Will the Sweden Democrats (SD) win the second most seats in the 2026 Swedish parliamentary election?,0x9e2966ab,buy_yes,Bought YES (bid hit),61.968,0.49,30.3643,0.435,-5.5,102.867,60.109,42.7579,9132.76,0,0
1769,2026-05-30T12:16:00+00:00,2026-05-30,Will the Sweden Democrats (SD) win the second most seats in the 2026 Swedish parliamentary election?,0x9e2966ab,sell_yes,Sold YES (ask lifted),61.968,0.47,29.125,0.51,-4,40.8989,60.109,-19.2101,9161.88,0,0
1770,2026-05-30T12:19:00+00:00,2026-05-30,Will the Sweden Democrats (SD) win the second most seats in the 2026 Swedish parliamentary election?,0x9e2966ab,buy_yes,Bought YES (bid hit),61.968,0.51,31.6037,0.44,-7,102.867,60.109,42.7579,9130.28,0,0
1771,2026-05-30T12:19:00+00:00,2026-05-30,Will the Moderate Party (M) win the second most seats in the 2026 Swedish parliamentary election?,0xa3d50cf0,sell_yes,Sold YES (ask lifted),67.5451,0.46,31.0708,0.465,-0.5,33.5817,94.811,-61.2293,9161.35,0,0
1772,2026-05-30T12:21:00+00:00,2026-05-30,Will the Sweden Democrats (SD) win the second most seats in the 2026 Swedish parliamentary election?,0x9e2966ab,sell_yes,Sold YES (ask lifted),63.827,0.47,29.9987,0.495,-2.5,39.0398,60.109,-21.0691,9191.35,0,0
1773,2026-05-30T12:24:00+00:00,2026-05-30,Will the Sweden Democrats (SD) win the second most seats in the 2026 Swedish parliamentary election?,0x9e2966ab,buy_yes,Bought YES (bid hit),61.968,0.55,34.0824,0.5,-5,101.008,60.109,40.8989,9157.26,0,0
1774,2026-05-30T12:34:00+00:00,2026-05-30,Fed Rate Hike by October 2026 Meeting?,0x059db22d,buy_yes,Bought YES (bid hit),103.28,0.23,23.7544,0.23,-0,116.078,121.87,-5.79194,9133.51,0,0
1775,2026-05-30T12:45:00+00:00,2026-05-30,Will the Sweden Democrats (SD) win the second most seats in the 2026 Swedish parliamentary election?,0x9e2966ab,sell_yes,Sold YES (ask lifted),63.827,0.46,29.3604,0.5,-4,37.1808,60.109,-22.9282,9162.87,0,0
1776,2026-05-30T12:51:00+00:00,2026-05-30,Fed Rate Hike by October 2026 Meeting?,0x059db22d,sell_yes,Sold YES (ask lifted),103.28,0.25,25.82,0.265,-1.5,12.7985,121.87,-109.072,9188.69,0,0
1777,2026-05-30T15:01:00+00:00,2026-05-30,Fed Rate Hike by October 2026 Meeting?,0x059db22d,buy_yes,Bought YES (bid hit),103.28,0.22,22.7216,0.215,-0.5,116.078,121.87,-5.79194,9165.97,0,0
1778,2026-05-30T15:05:00+00:00,2026-05-30,Fed Rate Hike by October 2026 Meeting?,0x059db22d,buy_yes,Bought YES (bid hit),106.378,0.23,24.467,0.23,-0,222.457,121.87,100.586,9141.5,0,0
1779,2026-05-30T15:18:00+00:00,2026-05-30,Fed Rate Hike by October 2026 Meeting?,0x059db22d,sell_yes,Sold YES (ask lifted),47.9219,0.27,12.9389,0.275,-0.5,174.535,121.87,52.6645,9154.44,0,0
1780,2026-05-30T15:41:00+00:00,2026-05-30,Fed Rate Hike by October 2026 Meeting?,0x059db22d,sell_yes,Sold YES (ask lifted),103.28,0.26,26.8528,0.28,-2,71.2549,121.87,-50.6155,9181.29,0,0
1781,2026-05-30T17:37:00+00:00,2026-05-30,Fed Rate Hike by October 2026 Meeting?,0x059db22d,buy_yes,Bought YES (bid hit),103.28,0.23,23.7544,0.23,-0,174.535,121.87,52.6645,9157.54,0,0
1782,2026-05-30T17:51:00+00:00,2026-05-30,Fed Rate Hike by October 2026 Meeting?,0x059db22d,sell_yes,Sold YES (ask lifted),47.9219,0.26,12.4597,0.265,-0.5,126.613,121.87,4.74262,9170,0,0
1783,2026-05-30T18:00:00+00:00,2026-05-30,Fed Rate Hike by October 2026 Meeting?,0x059db22d,sell_yes,Sold YES (ask lifted),47.9219,0.25,11.9805,0.26,-1,78.6911,121.87,-43.1793,9181.98,0,0
1784,2026-05-30T18:43:00+00:00,2026-05-30,Will the Moderate Party (M) win the third most seats in the 2026 Swedish parliamentary election?,0xbbb881b0,buy_yes,Bought YES (bid hit),46.476,0.51,23.7028,0.5,-1,116.283,63.2074,53.0756,9158.28,0,0
1785,2026-05-30T19:32:00+00:00,2026-05-30,Fed Rate Hike by October 2026 Meeting?,0x059db22d,buy_yes,Bought YES (bid hit),103.28,0.23,23.7544,0.22,-1,181.971,121.87,60.1007,9134.52,0,0
1786,2026-05-30T19:52:00+00:00,2026-05-30,Will the Sweden Democrats (SD) win the second most seats in the 2026 Swedish parliamentary election?,0x9e2966ab,buy_yes,Bought YES (bid hit),61.968,0.52,32.2234,0.5,-2,99.1488,60.109,39.0398,9102.3,0,0
1787,2026-05-30T20:00:00+00:00,2026-05-30,Fed Rate Hike by October 2026 Meeting?,0x059db22d,sell_yes,Sold YES (ask lifted),103.28,0.25,25.82,0.255,-0.5,78.6911,121.87,-43.1793,9128.12,0,0
1788,2026-05-30T20:10:00+00:00,2026-05-30,Fed Rate Hike by October 2026 Meeting?,0x059db22d,buy_yes,Bought YES (bid hit),47.9219,0.23,11.022,0.23,-0,126.613,121.87,4.74262,9117.1,0,0
1789,2026-05-30T20:29:00+00:00,2026-05-30,Fed Rate Hike by October 2026 Meeting?,0x059db22d,sell_yes,Sold YES (ask lifted),47.9219,0.25,11.9805,0.255,-0.5,78.6911,121.87,-43.1793,9129.08,0,0
1790,2026-05-30T21:40:00+00:00,2026-05-30,Will the Moderate Party (M) win the second most seats in the 2026 Swedish parliamentary election?,0xa3d50cf0,buy_yes,Bought YES (bid hit),61.968,0.44,27.2659,0.44,-0,95.5497,94.811,0.738659,9101.81,0,0
1791,2026-05-30T23:26:00+00:00,2026-05-30,Will the Moderate Party (M) win the second most seats in the 2026 Swedish parliamentary election?,0xa3d50cf0,buy_yes,Bought YES (bid hit),61.968,0.45,27.8856,0.45,-0,157.518,94.811,62.7067,9073.93,0,0
1792,2026-05-30T23:27:00+00:00,2026-05-30,Fed Rate Hike by October 2026 Meeting?,0x059db22d,buy_yes,Bought YES (bid hit),103.28,0.23,23.7544,0.23,-0,181.971,121.87,60.1007,9050.17,0,0
1793,2026-05-31T00:00:00+00:00,2026-05-31,Bab el-Mandeb Strait effectively closed by September 30?,0x95fc6a4e,sell_yes,Sold YES (ask lifted),103.28,0.16,16.5248,0.335,-17.5,6.1968,103.28,-97.0832,9093.73,0,0
1794,2026-05-31T00:03:00+00:00,2026-05-31,Will Édouard Philippe win the 2027 French presidential election?,0x46f2f457,buy_yes,Bought YES (bid hit),51.64,0.36,18.5904,0.18,-18,103.28,53.1892,50.0908,9075.14,0,0
1795,2026-05-31T00:05:00+00:00,2026-05-31,Fed Rate Hike by October 2026 Meeting?,0x059db22d,sell_yes,Sold YES (ask lifted),103.28,0.15,15.492,0.26,-11,78.6911,121.87,-43.1793,9090.63,0,0
1796,2026-05-31T00:05:00+00:00,2026-05-31,Will Harry Kane win the 2026 Ballon d'Or?,0x12dc2b61,sell_yes,Sold YES (ask lifted),25.82,0.21,5.4222,0.255,-4.5,0,24.9679,-24.9679,9096.05,0,0
1797,2026-05-31T00:05:00+00:00,2026-05-31,Will the Moderate Party (M) win the second most seats in the 2026 Swedish parliamentary election?,0xa3d50cf0,sell_yes,Sold YES (ask lifted),61.968,0.46,28.5053,0.475,-1.5,95.5497,94.811,0.738659,9124.56,0,0
1798,2026-05-31T00:07:00+00:00,2026-05-31,Fed Rate Hike by October 2026 Meeting?,0x059db22d,buy_yes,Bought YES (bid hit),103.28,0.26,26.8528,0.225,-3.5,181.971,121.87,60.1007,9097.7,0,0
1799,2026-05-31T00:11:00+00:00,2026-05-31,Fed Rate Hike by October 2026 Meeting?,0x059db22d,sell_yes,Sold YES (ask lifted),103.28,0.23,23.7544,0.255,-2.5,78.6911,121.87,-43.1793,9121.46,0,0
1800,2026-05-31T00:14:00+00:00,2026-05-31,Fed Rate Hike by October 2026 Meeting?,0x059db22d,buy_yes,Bought YES (bid hit),103.28,0.24,24.7872,0.22,-2,181.971,121.87,60.1007,9096.67,0,0
1801,2026-05-31T00:15:00+00:00,2026-05-31,Fed Rate Hike by October 2026 Meeting?,0x059db22d,sell_yes,Sold YES (ask lifted),103.28,0.23,23.7544,0.24,-1,78.6911,121.87,-43.1793,9120.43,0,0
1802,2026-05-31T00:15:00+00:00,2026-05-31,Bab el-Mandeb Strait effectively closed by September 30?,0x95fc6a4e,buy_yes,Bought YES (bid hit),103.28,0.18,18.5904,0.115,-6.5,109.477,103.28,6.1968,9101.83,0,0
1803,2026-05-31T00:17:00+00:00,2026-05-31,Fed Rate Hike by October 2026 Meeting?,0x059db22d,buy_yes,Bought YES (bid hit),103.28,0.23,23.7544,0.225,-0.5,181.971,121.87,60.1007,9078.08,0,0
1804,2026-05-31T00:18:00+00:00,2026-05-31,Fed Rate Hike by October 2026 Meeting?,0x059db22d,sell_yes,Sold YES (ask lifted),103.28,0.23,23.7544,0.25,-2,78.6911,121.87,-43.1793,9101.83,0,0
1805,2026-05-31T00:20:00+00:00,2026-05-31,Fed Rate Hike by October 2026 Meeting?,0x059db22d,buy_yes,Bought YES (bid hit),103.28,0.24,24.7872,0.235,-0.5,181.971,121.87,60.1007,9077.05,0,0
1806,2026-05-31T00:22:00+00:00,2026-05-31,Fed Rate Hike by October 2026 Meeting?,0x059db22d,sell_yes,Sold YES (ask lifted),103.28,0.23,23.7544,0.25,-2,78.6911,121.87,-43.1793,9100.8,0,0
1807,2026-05-31T00:26:00+00:00,2026-05-31,Fed Rate Hike by October 2026 Meeting?,0x059db22d,buy_yes,Bought YES (bid hit),137.362,0.26,35.7142,0.24,-2,216.053,121.87,94.1831,9065.09,0,0
1808,2026-05-31T00:34:00+00:00,2026-05-31,Fed Rate Hike by October 2026 Meeting?,0x059db22d,sell_yes,Sold YES (ask lifted),103.28,0.17,17.5576,0.25,-8,112.773,121.87,-9.0969,9082.65,0,0
1809,2026-05-31T00:40:00+00:00,2026-05-31,Fed Rate Hike by October 2026 Meeting?,0x059db22d,buy_yes,Bought YES (bid hit),103.28,0.24,24.7872,0.225,-1.5,216.053,121.87,94.1831,9057.86,0,0
1810,2026-05-31T00:41:00+00:00,2026-05-31,Fed Rate Hike by October 2026 Meeting?,0x059db22d,sell_yes,Sold YES (ask lifted),103.28,0.23,23.7544,0.255,-2.5,112.773,121.87,-9.0969,9081.61,0,0
1811,2026-05-31T00:42:00+00:00,2026-05-31,Fed Rate Hike by October 2026 Meeting?,0x059db22d,buy_yes,Bought YES (bid hit),103.28,0.25,25.82,0.235,-1.5,216.053,121.87,94.1831,9055.79,0,0
1812,2026-05-31T00:44:00+00:00,2026-05-31,Fed Rate Hike by October 2026 Meeting?,0x059db22d,sell_yes,Sold YES (ask lifted),103.28,0.23,23.7544,0.25,-2,112.773,121.87,-9.0969,9079.55,0,0
1813,2026-05-31T00:46:00+00:00,2026-05-31,Fed Rate Hike by October 2026 Meeting?,0x059db22d,buy_yes,Bought YES (bid hit),103.28,0.23,23.7544,0.23,-0,216.053,121.87,94.1831,9055.79,0,0
1814,2026-05-31T00:47:00+00:00,2026-05-31,Fed Rate Hike by October 2026 Meeting?,0x059db22d,sell_yes,Sold YES (ask lifted),103.28,0.23,23.7544,0.25,-2,112.773,121.87,-9.0969,9079.55,0,0
1815,2026-05-31T00:48:00+00:00,2026-05-31,Fed Rate Hike by October 2026 Meeting?,0x059db22d,buy_yes,Bought YES (bid hit),112.575,0.24,27.018,0.235,-0.5,225.349,121.87,103.478,9052.53,0,0
1816,2026-05-31T00:50:00+00:00,2026-05-31,Fed Rate Hike by October 2026 Meeting?,0x059db22d,sell_yes,Sold YES (ask lifted),103.28,0.23,23.7544,0.25,-2,122.069,121.87,0.198298,9076.28,0,0
1817,2026-05-31T01:18:00+00:00,2026-05-31,Fed Rate Hike by October 2026 Meeting?,0x059db22d,sell_yes,Sold YES (ask lifted),103.28,0.25,25.82,0.255,-0.5,18.7887,121.87,-103.082,9102.1,0,0
1818,2026-05-31T01:22:00+00:00,2026-05-31,Will the Sweden Democrats (SD) win the third most seats in the 2026 Swedish parliamentary election?,0x939abe4a,buy_yes,Bought YES (bid hit),46.476,0.33,15.3371,0.315,-1.5,60.4188,50.1941,10.2247,9086.77,0,0
1819,2026-05-31T02:10:00+00:00,2026-05-31,Will the Sweden Democrats (SD) win the third most seats in the 2026 Swedish parliamentary election?,0x939abe4a,sell_yes,Sold YES (ask lifted),46.476,0.23,10.6895,0.235,-0.5,13.9428,50.1941,-36.2513,9097.46,0,0
1820,2026-05-31T02:24:00+00:00,2026-05-31,Fed Rate Hike by October 2026 Meeting?,0x059db22d,buy_yes,Bought YES (bid hit),103.28,0.23,23.7544,0.225,-0.5,122.069,121.87,0.198298,9073.7,0,0
1821,2026-05-31T02:25:00+00:00,2026-05-31,Will the Moderate Party (M) win the third most seats in the 2026 Swedish parliamentary election?,0xbbb881b0,sell_yes,Sold YES (ask lifted),46.476,0.54,25.097,0.545,-0.5,69.807,63.2074,6.59959,9098.8,0,0
1822,2026-05-31T02:27:00+00:00,2026-05-31,Fed Rate Hike by October 2026 Meeting?,0x059db22d,sell_yes,Sold YES (ask lifted),47.9219,0.25,11.9805,0.26,-1,74.1468,121.87,-47.7236,9110.78,0,0
1823,2026-05-31T03:23:00+00:00,2026-05-31,Will the Moderate Party (M) win the third most seats in the 2026 Swedish parliamentary election?,0xbbb881b0,sell_yes,Sold YES (ask lifted),46.476,0.54,25.097,0.575,-3.5,23.331,63.2074,-39.8764,9135.88,0,0
1824,2026-05-31T03:25:00+00:00,2026-05-31,Will the Sweden Democrats (SD) win the third most seats in the 2026 Swedish parliamentary election?,0x939abe4a,buy_yes,Bought YES (bid hit),46.476,0.23,10.6895,0.205,-2.5,60.4188,50.1941,10.2247,9125.19,0,0
1825,2026-05-31T03:27:00+00:00,2026-05-31,Will the Sweden Democrats (SD) win the third most seats in the 2026 Swedish parliamentary election?,0x939abe4a,sell_yes,Sold YES (ask lifted),46.476,0.21,9.76,0.21,-0,13.9428,50.1941,-36.2513,9134.95,0,0
1826,2026-05-31T03:28:00+00:00,2026-05-31,Will the Sweden Democrats (SD) win the second most seats in the 2026 Swedish parliamentary election?,0x9e2966ab,sell_yes,Sold YES (ask lifted),86.1355,0.52,44.7905,0.525,-0.5,13.0133,60.109,-47.0957,9179.74,0,0
1827,2026-05-31T03:38:00+00:00,2026-05-31,Will the Sweden Democrats (SD) win the second most seats in the 2026 Swedish parliamentary election?,0x9e2966ab,buy_yes,Bought YES (bid hit),61.968,0.61,37.8005,0.51,-10,74.9813,60.109,14.8723,9141.94,0,0
1828,2026-05-31T03:43:00+00:00,2026-05-31,Will the Sweden Democrats (SD) win the second most seats in the 2026 Swedish parliamentary election?,0x9e2966ab,sell_yes,Sold YES (ask lifted),78.6994,0.53,41.7107,0.54,-1,0,63.827,-63.827,9181.9,0,0
1829,2026-05-31T03:50:00+00:00,2026-05-31,Will the Sweden Democrats (SD) win the second most seats in the 2026 Swedish parliamentary election?,0x9e2966ab,buy_yes,Bought YES (bid hit),61.968,0.58,35.9414,0.555,-2.5,61.968,63.827,-1.85904,9145.96,0,0
1830,2026-05-31T04:03:00+00:00,2026-05-31,Will the Sweden Democrats (SD) win the second most seats in the 2026 Swedish parliamentary election?,0x9e2966ab,buy_yes,Bought YES (bid hit),28.7532,0.57,16.3893,0.49,-8,90.7212,63.827,26.8941,9129.57,0,0
1831,2026-05-31T04:20:00+00:00,2026-05-31,Will the Sweden Democrats (SD) win the third most seats in the 2026 Swedish parliamentary election?,0x939abe4a,buy_yes,Bought YES (bid hit),60.4188,0.28,16.9173,0.28,-0,74.3616,50.1941,24.1675,9112.65,0,0
1832,2026-05-31T04:28:00+00:00,2026-05-31,Will the Sweden Democrats (SD) win the second most seats in the 2026 Swedish parliamentary election?,0x9e2966ab,sell_yes,Sold YES (ask lifted),61.968,0.56,34.7021,0.565,-0.5,28.7532,63.827,-35.0739,9147.35,0,0
1833,2026-05-31T04:32:00+00:00,2026-05-31,Will the Sweden Democrats (SD) win the second most seats in the 2026 Swedish parliamentary election?,0x9e2966ab,buy_yes,Bought YES (bid hit),33.9287,0.56,19.0001,0.535,-2.5,62.6819,63.827,-1.14517,9128.35,0,0
1834,2026-05-31T04:35:00+00:00,2026-05-31,Will the Moderate Party (M) win the third most seats in the 2026 Swedish parliamentary election?,0xbbb881b0,buy_yes,Bought YES (bid hit),46.476,0.5,23.238,0.46,-4,69.807,63.2074,6.59959,9105.12,0,0
1835,2026-05-31T04:46:00+00:00,2026-05-31,Will the Sweden Democrats (SD) win the second most seats in the 2026 Swedish parliamentary election?,0x9e2966ab,buy_yes,Bought YES (bid hit),28.7532,0.58,16.6768,0.48,-10,91.435,63.827,27.608,9088.44,0,0
1836,2026-05-31T04:57:00+00:00,2026-05-31,Will the Sweden Democrats (SD) win the second most seats in the 2026 Swedish parliamentary election?,0x9e2966ab,sell_yes,Sold YES (ask lifted),61.968,0.58,35.9414,0.585,-0.5,29.467,63.827,-34.36,9124.38,0,0
1837,2026-05-31T04:59:00+00:00,2026-05-31,Will the Sweden Democrats (SD) win the second most seats in the 2026 Swedish parliamentary election?,0x9e2966ab,buy_yes,Bought YES (bid hit),28.7532,0.56,16.1018,0.51,-5,58.2202,63.827,-5.60686,9108.28,0,0
1838,2026-05-31T05:11:00+00:00,2026-05-31,Will the Sweden Democrats (SD) win the second most seats in the 2026 Swedish parliamentary election?,0x9e2966ab,buy_yes,Bought YES (bid hit),28.7532,0.6,17.2519,0.53,-7,86.9733,63.827,23.1463,9091.03,0,0
1839,2026-05-31T05:23:00+00:00,2026-05-31,Will the Sweden Democrats (SD) win the second most seats in the 2026 Swedish parliamentary election?,0x9e2966ab,buy_yes,Bought YES (bid hit),28.7532,0.59,16.9644,0.505,-8.5,115.726,63.827,51.8994,9074.06,0,0
1840,2026-05-31T05:31:00+00:00,2026-05-31,Will the Sweden Democrats (SD) win the third most seats in the 2026 Swedish parliamentary election?,0x939abe4a,sell_yes,Sold YES (ask lifted),46.476,0.22,10.2247,0.22,-0,27.8856,50.1941,-22.3085,9084.29,0,0
1841,2026-05-31T05:33:00+00:00,2026-05-31,Will the Moderate Party (M) win the second most seats in the 2026 Swedish parliamentary election?,0xa3d50cf0,sell_yes,Sold YES (ask lifted),63.827,0.39,24.8925,0.445,-5.5,31.7227,94.811,-63.0884,9109.18,0,0
1842,2026-05-31T05:56:00+00:00,2026-05-31,Will the Sweden Democrats (SD) win the second most seats in the 2026 Swedish parliamentary election?,0x9e2966ab,sell_yes,Sold YES (ask lifted),61.968,0.55,34.0824,0.595,-4.5,53.7585,63.827,-10.0686,9143.26,0,0
1843,2026-05-31T06:00:00+00:00,2026-05-31,Will the Sweden Democrats (SD) win the second most seats in the 2026 Swedish parliamentary election?,0x9e2966ab,buy_yes,Bought YES (bid hit),61.968,0.56,34.7021,0.515,-4.5,115.726,63.827,51.8994,9108.56,0,0
1844,2026-05-31T06:23:00+00:00,2026-05-31,Will the Sweden Democrats (SD) win the second most seats in the 2026 Swedish parliamentary election?,0x9e2966ab,sell_yes,Sold YES (ask lifted),61.968,0.56,34.7021,0.565,-0.5,53.7585,63.827,-10.0686,9143.26,0,0
1845,2026-05-31T06:28:00+00:00,2026-05-31,Will the Sweden Democrats (SD) win the second most seats in the 2026 Swedish parliamentary election?,0x9e2966ab,buy_yes,Bought YES (bid hit),71.2632,0.56,39.9074,0.53,-3,125.022,63.827,61.1946,9103.35,0,0
1846,2026-05-31T06:49:00+00:00,2026-05-31,Will the Sweden Democrats (SD) win the second most seats in the 2026 Swedish parliamentary election?,0x9e2966ab,sell_yes,Sold YES (ask lifted),65.6861,0.55,36.1273,0.57,-2,59.3356,63.827,-4.49144,9139.48,0,0
1847,2026-05-31T06:55:00+00:00,2026-05-31,Will the Sweden Democrats (SD) win the second most seats in the 2026 Swedish parliamentary election?,0x9e2966ab,buy_yes,Bought YES (bid hit),67.5451,0.55,37.1498,0.51,-4,126.881,63.827,63.0537,9102.33,0,0
1848,2026-05-31T07:03:00+00:00,2026-05-31,Will the Sweden Democrats (SD) win the second most seats in the 2026 Swedish parliamentary election?,0x9e2966ab,sell_yes,Sold YES (ask lifted),73.1222,0.55,40.2172,0.575,-2.5,53.7585,63.827,-10.0686,9142.55,0,0
1849,2026-05-31T07:05:00+00:00,2026-05-31,Will the Sweden Democrats (SD) win the third most seats in the 2026 Swedish parliamentary election?,0x939abe4a,buy_yes,Bought YES (bid hit),46.476,0.36,16.7314,0.33,-3,74.3616,50.1941,24.1675,9125.82,0,0
1850,2026-05-31T07:06:00+00:00,2026-05-31,Will the Sweden Democrats (SD) win the third most seats in the 2026 Swedish parliamentary election?,0x939abe4a,sell_yes,Sold YES (ask lifted),46.476,0.34,15.8018,0.365,-2.5,27.8856,50.1941,-22.3085,9141.62,0,0
1851,2026-05-31T07:19:00+00:00,2026-05-31,Will the Sweden Democrats (SD) win the second most seats in the 2026 Swedish parliamentary election?,0x9e2966ab,buy_yes,Bought YES (bid hit),61.968,0.57,35.3218,0.495,-7.5,115.726,63.827,51.8994,9106.3,0,0
1852,2026-05-31T07:26:00+00:00,2026-05-31,Will the Sweden Democrats (SD) win the second most seats in the 2026 Swedish parliamentary election?,0x9e2966ab,sell_yes,Sold YES (ask lifted),71.2632,0.57,40.62,0.575,-0.5,44.4633,63.827,-19.3638,9146.92,0,0
1853,2026-05-31T07:32:00+00:00,2026-05-31,Will the Sweden Democrats (SD) win the second most seats in the 2026 Swedish parliamentary election?,0x9e2966ab,buy_yes,Bought YES (bid hit),69.4042,0.55,38.1723,0.52,-3,113.867,63.827,50.0404,9108.75,0,0
1854,2026-05-31T07:36:00+00:00,2026-05-31,Will the Sweden Democrats (SD) win the third most seats in the 2026 Swedish parliamentary election?,0x939abe4a,buy_yes,Bought YES (bid hit),46.476,0.37,17.1961,0.345,-2.5,74.3616,50.1941,24.1675,9091.55,0,0
1855,2026-05-31T07:42:00+00:00,2026-05-31,Will the Sweden Democrats (SD) win the second most seats in the 2026 Swedish parliamentary election?,0x9e2966ab,sell_yes,Sold YES (ask lifted),61.968,0.57,35.3218,0.59,-2,51.8994,63.827,-11.9276,9126.87,0,0
1856,2026-05-31T07:44:00+00:00,2026-05-31,Will the Moderate Party (M) win the third most seats in the 2026 Swedish parliamentary election?,0xbbb881b0,sell_yes,Sold YES (ask lifted),46.476,0.58,26.9561,0.585,-0.5,23.331,63.2074,-39.8764,9153.83,0,0
1857,2026-05-31T07:45:00+00:00,2026-05-31,Will the Sweden Democrats (SD) win the second most seats in the 2026 Swedish parliamentary election?,0x9e2966ab,buy_yes,Bought YES (bid hit),61.968,0.57,35.3218,0.555,-1.5,113.867,63.827,50.0404,9118.51,0,0
1858,2026-05-31T07:52:00+00:00,2026-05-31,Will the Sweden Democrats (SD) win the third most seats in the 2026 Swedish parliamentary election?,0x939abe4a,sell_yes,Sold YES (ask lifted),46.476,0.34,15.8018,0.375,-3.5,27.8856,50.1941,-22.3085,9134.31,0,0
1859,2026-05-31T07:56:00+00:00,2026-05-31,Will the Sweden Democrats (SD) win the second most seats in the 2026 Swedish parliamentary election?,0x9e2966ab,sell_yes,Sold YES (ask lifted),61.968,0.58,35.9414,0.585,-0.5,51.8994,63.827,-11.9276,9170.25,0,0
1860,2026-05-31T08:02:00+00:00,2026-05-31,Will the Sweden Democrats (SD) win the third most seats in the 2026 Swedish parliamentary election?,0x939abe4a,buy_yes,Bought YES (bid hit),52.0531,0.37,19.2597,0.365,-0.5,79.9387,50.1941,29.7446,9150.99,0,0
1861,2026-05-31T08:13:00+00:00,2026-05-31,Will the Sweden Democrats (SD) win the third most seats in the 2026 Swedish parliamentary election?,0x939abe4a,sell_yes,Sold YES (ask lifted),46.476,0.35,16.2666,0.395,-4.5,33.4627,50.1941,-16.7314,9167.26,0,0
1862,2026-05-31T08:13:00+00:00,2026-05-31,Will the Sweden Democrats (SD) win the second most seats in the 2026 Swedish parliamentary election?,0x9e2966ab,buy_yes,Bought YES (bid hit),61.968,0.58,35.9414,0.49,-9,113.867,63.827,50.0404,9131.31,0,0
1863,2026-05-31T08:17:00+00:00,2026-05-31,Fed Rate Hike by October 2026 Meeting?,0x059db22d,buy_yes,Bought YES (bid hit),103.28,0.23,23.7544,0.22,-1,177.427,121.87,55.5564,9107.56,0,0
1864,2026-05-31T08:29:00+00:00,2026-05-31,Fed Rate Hike by October 2026 Meeting?,0x059db22d,sell_yes,Sold YES (ask lifted),47.9219,0.25,11.9805,0.255,-0.5,129.505,121.87,7.63446,9119.54,0,0
1865,2026-05-31T08:34:00+00:00,2026-05-31,Will the Sweden Democrats (SD) win the second most seats in the 2026 Swedish parliamentary election?,0x9e2966ab,sell_yes,Sold YES (ask lifted),61.968,0.59,36.5611,0.6,-1,51.8994,63.827,-11.9276,9156.1,0,0
1866,2026-05-31T08:36:00+00:00,2026-05-31,Will the Sweden Democrats (SD) win the second most seats in the 2026 Swedish parliamentary election?,0x9e2966ab,buy_yes,Bought YES (bid hit),61.968,0.57,35.3218,0.51,-6,113.867,63.827,50.0404,9120.78,0,0
1867,2026-05-31T08:41:00+00:00,2026-05-31,Fed Rate Hike by October 2026 Meeting?,0x059db22d,sell_yes,Sold YES (ask lifted),47.9219,0.25,11.9805,0.255,-0.5,81.5829,121.87,-40.2875,9132.76,0,0
1868,2026-05-31T08:43:00+00:00,2026-05-31,Will the Sweden Democrats (SD) win the second most seats in the 2026 Swedish parliamentary election?,0x9e2966ab,sell_yes,Sold YES (ask lifted),87.9946,0.55,48.397,0.56,-1,25.8729,63.827,-37.9542,9181.16,0,0
1869,2026-05-31T08:49:00+00:00,2026-05-31,Will the Sweden Democrats (SD) win the second most seats in the 2026 Swedish parliamentary election?,0x9e2966ab,buy_yes,Bought YES (bid hit),69.4042,0.59,40.9485,0.56,-3,95.277,63.827,31.45,9140.21,0,0
1870,2026-05-31T09:00:00+00:00,2026-05-31,Will the Sweden Democrats (SD) win the second most seats in the 2026 Swedish parliamentary election?,0x9e2966ab,sell_yes,Sold YES (ask lifted),61.968,0.56,34.7021,0.57,-1,33.309,63.827,-30.518,9174.91,0,0
1871,2026-05-31T09:01:00+00:00,2026-05-31,Will the Sweden Democrats (SD) win the third most seats in the 2026 Swedish parliamentary election?,0x939abe4a,buy_yes,Bought YES (bid hit),49.2646,0.38,18.7205,0.365,-1.5,82.7273,50.1941,32.5332,9156.19,0,0
1872,2026-05-31T09:03:00+00:00,2026-05-31,Will the Sweden Democrats (SD) win the second most seats in the 2026 Swedish parliamentary election?,0x9e2966ab,buy_yes,Bought YES (bid hit),65.6861,0.56,36.7842,0.49,-7,98.9951,63.827,35.1681,9119.41,0,0
1873,2026-05-31T09:27:00+00:00,2026-05-31,Will the Sweden Democrats (SD) win the third most seats in the 2026 Swedish parliamentary election?,0x939abe4a,sell_yes,Sold YES (ask lifted),46.476,0.36,16.7314,0.385,-2.5,36.2513,50.1941,-13.9428,9136.14,0,0
1874,2026-05-31T09:28:00+00:00,2026-05-31,Will the Sweden Democrats (SD) win the second most seats in the 2026 Swedish parliamentary election?,0x9e2966ab,sell_yes,Sold YES (ask lifted),61.968,0.56,34.7021,0.57,-1,37.0271,63.827,-26.7999,9170.84,0,0
1875,2026-05-31T09:32:00+00:00,2026-05-31,Will the Sweden Democrats (SD) win the second most seats in the 2026 Swedish parliamentary election?,0x9e2966ab,buy_yes,Bought YES (bid hit),61.968,0.55,34.0824,0.495,-5.5,98.9951,63.827,35.1681,9136.76,0,0
1876,2026-05-31T09:45:00+00:00,2026-05-31,Will the Sweden Democrats (SD) win the third most seats in the 2026 Swedish parliamentary election?,0x939abe4a,buy_yes,Bought YES (bid hit),46.476,0.38,17.6609,0.265,-11.5,82.7273,50.1941,32.5332,9119.1,0,0
1877,2026-05-31T09:50:00+00:00,2026-05-31,Fed Rate Hike by October 2026 Meeting?,0x059db22d,buy_yes,Bought YES (bid hit),109.477,0.23,25.1797,0.23,-0,191.06,121.87,69.1893,9093.92,0,0
1878,2026-05-31T09:52:00+00:00,2026-05-31,Fed Rate Hike by October 2026 Meeting?,0x059db22d,sell_yes,Sold YES (ask lifted),47.9219,0.25,11.9805,0.26,-1,143.138,121.87,21.2674,9105.9,0,0
1879,2026-05-31T10:00:00+00:00,2026-05-31,Fed Rate Hike by October 2026 Meeting?,0x059db22d,sell_yes,Sold YES (ask lifted),47.9219,0.25,11.9805,0.255,-0.5,95.2159,121.87,-26.6545,9117.88,0,0
1880,2026-05-31T10:03:00+00:00,2026-05-31,Will the Sweden Democrats (SD) win the second most seats in the 2026 Swedish parliamentary election?,0x9e2966ab,sell_yes,Sold YES (ask lifted),69.4042,0.51,35.3961,0.53,-2,29.591,63.827,-34.2361,9153.27,0,0
1881,2026-05-31T10:13:00+00:00,2026-05-31,Will the Sweden Democrats (SD) win the second most seats in the 2026 Swedish parliamentary election?,0x9e2966ab,buy_yes,Bought YES (bid hit),61.968,0.56,34.7021,0.51,-5,91.559,63.827,27.7319,9118.57,0,0
1882,2026-05-31T10:17:00+00:00,2026-05-31,Fed Rate Hike by October 2026 Meeting?,0x059db22d,buy_yes,Bought YES (bid hit),47.9219,0.22,10.5428,0.215,-0.5,143.138,121.87,21.2674,9108.03,0,0
1883,2026-05-31T10:17:00+00:00,2026-05-31,Will the Sweden Democrats (SD) win the second most seats in the 2026 Swedish parliamentary election?,0x9e2966ab,sell_yes,Sold YES (ask lifted),91.7126,0.54,49.5248,0.55,-1,0,63.9807,-63.9807,9157.48,0,0
1884,2026-05-31T10:24:00+00:00,2026-05-31,Fed Rate Hike by October 2026 Meeting?,0x059db22d,sell_yes,Sold YES (ask lifted),47.9219,0.25,11.9805,0.26,-1,95.2159,121.87,-26.6545,9169.46,0,0
1885,2026-05-31T10:24:00+00:00,2026-05-31,Will the Sweden Democrats (SD) win the second most seats in the 2026 Swedish parliamentary election?,0x9e2966ab,buy_yes,Bought YES (bid hit),65.6861,0.58,38.0979,0.575,-0.5,65.6861,63.9807,1.70536,9131.37,0,0
1886,2026-05-31T10:38:00+00:00,2026-05-31,Will the Sweden Democrats (SD) win the third most seats in the 2026 Swedish parliamentary election?,0x939abe4a,sell_yes,Sold YES (ask lifted),46.476,0.27,12.5485,0.275,-0.5,36.2513,50.1941,-13.9428,9143.91,0,0
1887,2026-05-31T10:45:00+00:00,2026-05-31,Will the Moderate Party (M) win the third most seats in the 2026 Swedish parliamentary election?,0xbbb881b0,buy_yes,Bought YES (bid hit),46.476,0.5,23.238,0.49,-1,69.807,63.2074,6.59959,9120.68,0,0
1888,2026-05-31T10:48:00+00:00,2026-05-31,Will the Sweden Democrats (SD) win the second most seats in the 2026 Swedish parliamentary election?,0x9e2966ab,sell_yes,Sold YES (ask lifted),69.4042,0.56,38.8663,0.565,-0.5,0,67.6988,-67.6988,9157.91,0,0
1889,2026-05-31T10:50:00+00:00,2026-05-31,Fed Rate Hike by October 2026 Meeting?,0x059db22d,buy_yes,Bought YES (bid hit),47.9219,0.23,11.022,0.22,-1,143.138,121.87,21.2674,9146.88,0,0
1890,2026-05-31T10:55:00+00:00,2026-05-31,Will the Sweden Democrats (SD) win the second most seats in the 2026 Swedish parliamentary election?,0x9e2966ab,buy_yes,Bought YES (bid hit),28.7532,0.55,15.8142,0.475,-7.5,28.7532,67.6988,-38.9456,9131.07,0,0
1891,2026-05-31T11:02:00+00:00,2026-05-31,Fed Rate Hike by October 2026 Meeting?,0x059db22d,sell_yes,Sold YES (ask lifted),47.9219,0.25,11.9805,0.26,-1,95.2159,121.87,-26.6545,9143.05,0,0
1892,2026-05-31T11:07:00+00:00,2026-05-31,Will the Sweden Democrats (SD) win the second most seats in the 2026 Swedish parliamentary election?,0x9e2966ab,buy_yes,Bought YES (bid hit),32.2035,0.56,18.034,0.56,-0,60.9567,67.6988,-6.74212,9125.02,0,0
1893,2026-05-31T11:22:00+00:00,2026-05-31,Will the Sweden Democrats (SD) win the second most seats in the 2026 Swedish parliamentary election?,0x9e2966ab,buy_yes,Bought YES (bid hit),61.968,0.56,34.7021,0.48,-8,122.925,67.6988,55.2259,9090.31,0,0
1894,2026-05-31T11:50:00+00:00,2026-05-31,Fed Rate Hike by October 2026 Meeting?,0x059db22d,buy_yes,Bought YES (bid hit),103.28,0.23,23.7544,0.23,-0,198.496,121.87,76.6255,9066.56,0,0
1895,2026-05-31T13:02:00+00:00,2026-05-31,Fed Rate Hike by October 2026 Meeting?,0x059db22d,sell_yes,Sold YES (ask lifted),103.28,0.27,27.8856,0.275,-0.5,95.2159,121.87,-26.6545,9094.45,0,0
1896,2026-05-31T13:16:00+00:00,2026-05-31,Fed Rate Hike by October 2026 Meeting?,0x059db22d,buy_yes,Bought YES (bid hit),103.28,0.23,23.7544,0.225,-0.5,198.496,121.87,76.6255,9070.69,0,0
1897,2026-05-31T16:04:00+00:00,2026-05-31,Fed Rate Hike by October 2026 Meeting?,0x059db22d,sell_yes,Sold YES (ask lifted),103.28,0.25,25.82,0.26,-1,95.2159,121.87,-26.6545,9096.51,0,0
1898,2026-05-31T16:15:00+00:00,2026-05-31,Will the Sweden Democrats (SD) win the third most seats in the 2026 Swedish parliamentary election?,0x939abe4a,buy_yes,Bought YES (bid hit),46.476,0.29,13.478,0.27,-2,82.7273,50.1941,32.5332,9083.03,0,0
1899,2026-05-31T16:52:00+00:00,2026-05-31,Fed Rate Hike by October 2026 Meeting?,0x059db22d,buy_yes,Bought YES (bid hit),109.477,0.23,25.1797,0.225,-0.5,204.693,121.87,82.8223,9057.85,0,0
1900,2026-05-31T17:03:00+00:00,2026-05-31,Fed Rate Hike by October 2026 Meeting?,0x059db22d,sell_yes,Sold YES (ask lifted),47.9219,0.25,11.9805,0.255,-0.5,156.771,121.87,34.9004,9069.83,0,0
1901,2026-05-31T17:07:00+00:00,2026-05-31,Fed Rate Hike by October 2026 Meeting?,0x059db22d,sell_yes,Sold YES (ask lifted),47.9219,0.25,11.9805,0.255,-0.5,108.849,121.87,-13.0215,9081.81,0,0
1902,2026-05-31T17:13:00+00:00,2026-05-31,Clarity Act (H.R.3633) signed into law in 2026?,0x9cb23d04,sell_yes,Sold YES (ask lifted),51.64,0.54,27.8856,0.545,-0.5,51.64,53.1892,-1.5492,9109.7,0,0
1903,2026-05-31T17:24:00+00:00,2026-05-31,Fed Rate Hike by October 2026 Meeting?,0x059db22d,buy_yes,Bought YES (bid hit),47.9219,0.23,11.022,0.22,-1,156.771,121.87,34.9004,9098.68,0,0
1904,2026-05-31T17:45:00+00:00,2026-05-31,Will the Moderate Party (M) win the third most seats in the 2026 Swedish parliamentary election?,0xbbb881b0,sell_yes,Sold YES (ask lifted),46.476,0.53,24.6323,0.545,-1.5,23.331,63.2074,-39.8764,9123.31,0,0
1905,2026-05-31T18:10:00+00:00,2026-05-31,Fed Rate Hike by October 2026 Meeting?,0x059db22d,sell_yes,Sold YES (ask lifted),103.28,0.24,24.7872,0.255,-1.5,53.4908,121.87,-68.3796,9148.1,0,0
1906,2026-05-31T18:37:00+00:00,2026-05-31,Will the Moderate Party (M) win the third most seats in the 2026 Swedish parliamentary election?,0xbbb881b0,buy_yes,Bought YES (bid hit),47.8703,0.5,23.9351,0.46,-4,71.2012,63.2074,7.99387,9124.16,0,0
1907,2026-05-31T18:40:00+00:00,2026-05-31,Will there be no change in Fed interest rates after the September 2026 meeting?,0xa3b36b2d,buy_yes,Bought YES (bid hit),103.28,0.75,77.46,0.745,-0.5,120.838,64.6533,56.1843,9046.7,0,0
1908,2026-05-31T19:05:00+00:00,2026-05-31,Will the Moderate Party (M) win the third most seats in the 2026 Swedish parliamentary election?,0xbbb881b0,sell_yes,Sold YES (ask lifted),46.476,0.49,22.7732,0.545,-5.5,24.7252,63.2074,-38.4821,9069.48,0,0
1909,2026-05-31T20:01:00+00:00,2026-05-31,Will the Sweden Democrats (SD) win the third most seats in the 2026 Swedish parliamentary election?,0x939abe4a,sell_yes,Sold YES (ask lifted),46.476,0.23,10.6895,0.35,-12,36.2513,50.1941,-13.9428,9080.17,0,0
1910,2026-05-31T20:47:00+00:00,2026-05-31,Fed Rate Hike by October 2026 Meeting?,0x059db22d,buy_yes,Bought YES (bid hit),106.378,0.23,24.467,0.23,-0,159.869,121.87,37.9988,9055.7,0,0
1911,2026-05-31T20:49:00+00:00,2026-05-31,Will the Sweden Democrats (SD) win the third most seats in the 2026 Swedish parliamentary election?,0x939abe4a,buy_yes,Bought YES (bid hit),46.476,0.32,14.8723,0.31,-1,82.7273,50.1941,32.5332,9040.83,0,0
1912,2026-05-31T22:11:00+00:00,2026-05-31,Will the Sweden Democrats (SD) win the third most seats in the 2026 Swedish parliamentary election?,0x939abe4a,sell_yes,Sold YES (ask lifted),47.8703,0.31,14.8398,0.335,-2.5,34.857,50.1941,-15.3371,9055.67,0,0
1913,2026-05-31T22:25:00+00:00,2026-05-31,Will the Sweden Democrats (SD) win the third most seats in the 2026 Swedish parliamentary election?,0x939abe4a,buy_yes,Bought YES (bid hit),46.476,0.34,15.8018,0.33,-1,81.333,50.1941,31.1389,9039.86,0,0
1914,2026-06-01T00:00:00+00:00,2026-06-01,Will Édouard Philippe win the 2027 French presidential election?,0x46f2f457,sell_yes,Sold YES (ask lifted),51.64,0.22,11.3608,0.345,-12.5,51.64,53.1892,-1.5492,9072.51,0,0
1915,2026-06-01T00:00:00+00:00,2026-06-01,Will the Fed increase interest rates by 25 bps after the September 2026 meeting?,0x876506d8,buy_yes,Bought YES (bid hit),103.28,0.13,13.4264,0.1,-3,106.378,106.378,0,9059.08,0,0
1916,2026-06-01T00:00:00+00:00,2026-06-01,Bab el-Mandeb Strait effectively closed by September 30?,0x95fc6a4e,sell_yes,Sold YES (ask lifted),103.28,0.17,17.5576,0.345,-17.5,6.1968,103.28,-97.0832,9076.64,0,0
1917,2026-06-01T00:00:00+00:00,2026-06-01,Clarity Act (H.R.3633) signed into law in 2026?,0x9cb23d04,buy_yes,Bought YES (bid hit),51.64,0.53,27.3692,0.38,-15,103.28,53.1892,50.0908,9049.27,0,0
1918,2026-06-01T00:01:00+00:00,2026-06-01,Will Harry Kane win the 2026 Ballon d'Or?,0x12dc2b61,buy_yes,Bought YES (bid hit),25.82,0.28,7.2296,0.2795,-0.05,25.82,24.9679,0.85206,9042.04,0,0
1919,2026-06-01T00:03:00+00:00,2026-06-01,Will Édouard Philippe win the 2027 French presidential election?,0x46f2f457,buy_yes,Bought YES (bid hit),51.64,0.31,16.0084,0.105,-20.5,103.28,53.1892,50.0908,9026.03,0,0
1920,2026-06-01T00:09:00+00:00,2026-06-01,Will Édouard Philippe win the 2027 French presidential election?,0x46f2f457,sell_yes,Sold YES (ask lifted),51.64,0.15,7.746,0.165,-1.5,51.64,53.1892,-1.5492,9033.78,0,0
1921,2026-06-01T00:22:00+00:00,2026-06-01,Will there be no change in Fed interest rates after the September 2026 meeting?,0xa3b36b2d,sell_yes,Sold YES (ask lifted),103.28,0.6,61.968,0.75,-15,17.5576,64.6533,-47.0957,9095.75,0,0
1922,2026-06-01T00:57:00+00:00,2026-06-01,Will the Sweden Democrats (SD) win the second most seats in the 2026 Swedish parliamentary election?,0x9e2966ab,sell_yes,Sold YES (ask lifted),61.968,0.42,26.0266,0.5,-8,60.9567,67.6988,-6.74212,9121.78,0,0
1923,2026-06-01T01:08:00+00:00,2026-06-01,Will the Sweden Democrats (SD) win the third most seats in the 2026 Swedish parliamentary election?,0x939abe4a,sell_yes,Sold YES (ask lifted),50.6588,0.23,11.6515,0.235,-0.5,30.6742,50.1941,-19.5199,9133.43,0,0
1924,2026-06-01T01:17:00+00:00,2026-06-01,Bab el-Mandeb Strait effectively closed by September 30?,0x95fc6a4e,buy_yes,Bought YES (bid hit),103.28,0.34,35.1152,0.34,-0,109.477,103.28,6.1968,9098.31,0,0
1925,2026-06-01T01:30:00+00:00,2026-06-01,Will the Sweden Democrats (SD) win the third most seats in the 2026 Swedish parliamentary election?,0x939abe4a,buy_yes,Bought YES (bid hit),47.8703,0.23,11.0102,0.23,-0,78.5444,50.1941,28.3504,9087.3,0,0
1926,2026-06-01T01:33:00+00:00,2026-06-01,Will the Sweden Democrats (SD) win the third most seats in the 2026 Swedish parliamentary election?,0x939abe4a,sell_yes,Sold YES (ask lifted),46.476,0.23,10.6895,0.235,-0.5,32.0684,50.1941,-18.1256,9097.99,0,0
1927,2026-06-01T01:34:00+00:00,2026-06-01,Will the Sweden Democrats (SD) win the third most seats in the 2026 Swedish parliamentary election?,0x939abe4a,buy_yes,Bought YES (bid hit),46.476,0.23,10.6895,0.225,-0.5,78.5444,50.1941,28.3504,9087.3,0,0
1928,2026-06-01T02:28:00+00:00,2026-06-01,Will the Moderate Party (M) win the second most seats in the 2026 Swedish parliamentary election?,0xa3d50cf0,buy_yes,Bought YES (bid hit),61.968,0.4,24.7872,0.39,-1,93.6907,94.811,-1.12038,9062.51,0,0
1929,2026-06-01T02:46:00+00:00,2026-06-01,Will the Moderate Party (M) win the third most seats in the 2026 Swedish parliamentary election?,0xbbb881b0,buy_yes,Bought YES (bid hit),46.476,0.49,22.7732,0.43,-6,71.2012,63.2074,7.99387,9039.74,0,0
1930,2026-06-01T02:50:00+00:00,2026-06-01,Will the Moderate Party (M) win the third most seats in the 2026 Swedish parliamentary election?,0xbbb881b0,sell_yes,Sold YES (ask lifted),46.476,0.47,21.8437,0.495,-2.5,24.7252,63.2074,-38.4821,9061.58,0,0
1931,2026-06-01T03:42:00+00:00,2026-06-01,Will the Moderate Party (M) win the third most seats in the 2026 Swedish parliamentary election?,0xbbb881b0,buy_yes,Bought YES (bid hit),46.476,0.45,20.9142,0.43,-2,71.2012,63.2074,7.99387,9040.67,0,0
1932,2026-06-01T03:47:00+00:00,2026-06-01,Will the Moderate Party (M) win the third most seats in the 2026 Swedish parliamentary election?,0xbbb881b0,sell_yes,Sold YES (ask lifted),46.476,0.47,21.8437,0.495,-2.5,24.7252,63.2074,-38.4821,9062.51,0,0
1933,2026-06-01T04:07:00+00:00,2026-06-01,Will the Moderate Party (M) win the third most seats in the 2026 Swedish parliamentary election?,0xbbb881b0,buy_yes,Bought YES (bid hit),46.476,0.45,20.9142,0.43,-2,71.2012,63.2074,7.99387,9041.6,0,0
1934,2026-06-01T04:11:00+00:00,2026-06-01,Will the Moderate Party (M) win the third most seats in the 2026 Swedish parliamentary election?,0xbbb881b0,sell_yes,Sold YES (ask lifted),46.476,0.47,21.8437,0.495,-2.5,24.7252,63.2074,-38.4821,9063.44,0,0
1935,2026-06-01T04:42:00+00:00,2026-06-01,Will the Moderate Party (M) win the third most seats in the 2026 Swedish parliamentary election?,0xbbb881b0,buy_yes,Bought YES (bid hit),46.476,0.45,20.9142,0.43,-2,71.2012,63.2074,7.99387,9042.53,0,0
1936,2026-06-01T04:47:00+00:00,2026-06-01,Will the Moderate Party (M) win the third most seats in the 2026 Swedish parliamentary election?,0xbbb881b0,sell_yes,Sold YES (ask lifted),46.476,0.47,21.8437,0.495,-2.5,24.7252,63.2074,-38.4821,9064.37,0,0
1937,2026-06-01T05:07:00+00:00,2026-06-01,Will the Moderate Party (M) win the third most seats in the 2026 Swedish parliamentary election?,0xbbb881b0,buy_yes,Bought YES (bid hit),46.476,0.45,20.9142,0.425,-2.5,71.2012,63.2074,7.99387,9043.46,0,0
1938,2026-06-01T05:34:00+00:00,2026-06-01,Will the Moderate Party (M) win the third most seats in the 2026 Swedish parliamentary election?,0xbbb881b0,sell_yes,Sold YES (ask lifted),46.476,0.47,21.8437,0.48,-1,24.7252,63.2074,-38.4821,9065.3,0,0
1939,2026-06-01T05:53:00+00:00,2026-06-01,Will the Moderate Party (M) win the third most seats in the 2026 Swedish parliamentary election?,0xbbb881b0,buy_yes,Bought YES (bid hit),46.476,0.44,20.4494,0.425,-1.5,71.2012,63.2074,7.99387,9044.85,0,0
1940,2026-06-01T05:57:00+00:00,2026-06-01,Will the Moderate Party (M) win the third most seats in the 2026 Swedish parliamentary election?,0xbbb881b0,sell_yes,Sold YES (ask lifted),47.8703,0.46,22.0203,0.48,-2,23.331,63.2074,-39.8764,9066.87,0,0
1941,2026-06-01T06:14:00+00:00,2026-06-01,Will the Moderate Party (M) win the third most seats in the 2026 Swedish parliamentary election?,0xbbb881b0,buy_yes,Bought YES (bid hit),46.476,0.44,20.4494,0.425,-1.5,69.807,63.2074,6.59959,9046.42,0,0
1942,2026-06-01T06:31:00+00:00,2026-06-01,Will the Moderate Party (M) win the third most seats in the 2026 Swedish parliamentary election?,0xbbb881b0,sell_yes,Sold YES (ask lifted),46.476,0.47,21.8437,0.48,-1,23.331,63.2074,-39.8764,9068.27,0,0
1943,2026-06-01T06:34:00+00:00,2026-06-01,Will the Fed increase interest rates by 25 bps after the September 2026 meeting?,0x876506d8,sell_yes,Sold YES (ask lifted),103.28,0.12,12.3936,0.12,-0,3.0984,106.378,-103.28,9080.66,0,0
1944,2026-06-01T06:37:00+00:00,2026-06-01,Fed Rate Hike by October 2026 Meeting?,0x059db22d,sell_yes,Sold YES (ask lifted),103.28,0.21,21.6888,0.265,-5.5,56.5892,121.87,-65.2812,9102.35,0,0
1945,2026-06-01T07:22:00+00:00,2026-06-01,Fed Rate Hike by October 2026 Meeting?,0x059db22d,buy_yes,Bought YES (bid hit),103.28,0.25,25.82,0.19,-6,159.869,121.87,37.9988,9076.53,0,0
1946,2026-06-01T07:28:00+00:00,2026-06-01,Will the Sweden Democrats (SD) win the second most seats in the 2026 Swedish parliamentary election?,0x9e2966ab,buy_yes,Bought YES (bid hit),61.968,0.53,32.843,0.46,-7,122.925,67.6988,55.2259,9043.69,0,0
1947,2026-06-01T07:32:00+00:00,2026-06-01,Fed Rate Hike by October 2026 Meeting?,0x059db22d,sell_yes,Sold YES (ask lifted),103.28,0.2,20.656,0.245,-4.5,56.5892,121.87,-65.2812,9064.34,0,0
1948,2026-06-01T07:34:00+00:00,2026-06-01,Fed Rate Hike by October 2026 Meeting?,0x059db22d,buy_yes,Bought YES (bid hit),103.28,0.24,24.7872,0.225,-1.5,159.869,121.87,37.9988,9039.56,0,0
1949,2026-06-01T07:35:00+00:00,2026-06-01,Fed Rate Hike by October 2026 Meeting?,0x059db22d,sell_yes,Sold YES (ask lifted),103.28,0.23,23.7544,0.26,-3,56.5892,121.87,-65.2812,9063.31,0,0
1950,2026-06-01T07:38:00+00:00,2026-06-01,Fed Rate Hike by October 2026 Meeting?,0x059db22d,buy_yes,Bought YES (bid hit),103.28,0.23,23.7544,0.225,-0.5,159.869,121.87,37.9988,9039.56,0,0
1951,2026-06-01T07:40:00+00:00,2026-06-01,Fed Rate Hike by October 2026 Meeting?,0x059db22d,sell_yes,Sold YES (ask lifted),106.378,0.24,25.5308,0.245,-0.5,53.4908,121.87,-68.3796,9065.09,0,0
1952,2026-06-01T07:41:00+00:00,2026-06-01,Fed Rate Hike by October 2026 Meeting?,0x059db22d,buy_yes,Bought YES (bid hit),103.28,0.24,24.7872,0.225,-1.5,156.771,121.87,34.9004,9040.3,0,0
1953,2026-06-01T07:42:00+00:00,2026-06-01,Fed Rate Hike by October 2026 Meeting?,0x059db22d,sell_yes,Sold YES (ask lifted),103.28,0.23,23.7544,0.25,-2,53.4908,121.87,-68.3796,9064.05,0,0
1954,2026-06-01T07:44:00+00:00,2026-06-01,Will the Moderate Party (M) win the second most seats in the 2026 Swedish parliamentary election?,0xa3d50cf0,buy_yes,Bought YES (bid hit),61.968,0.33,20.4494,0.325,-0.5,155.659,94.811,60.8476,9043.6,0,0
1955,2026-06-01T07:47:00+00:00,2026-06-01,Fed Rate Hike by October 2026 Meeting?,0x059db22d,buy_yes,Bought YES (bid hit),103.28,0.25,25.82,0.17,-8,156.771,121.87,34.9004,9017.78,0,0
1956,2026-06-01T07:47:00+00:00,2026-06-01,Will the Moderate Party (M) win the second most seats in the 2026 Swedish parliamentary election?,0xa3d50cf0,sell_yes,Sold YES (ask lifted),65.6861,0.38,24.9607,0.39,-1,89.9726,94.811,-4.83846,9042.75,0,0
1957,2026-06-01T07:49:00+00:00,2026-06-01,Fed Rate Hike by October 2026 Meeting?,0x059db22d,sell_yes,Sold YES (ask lifted),109.477,0.2,21.8954,0.235,-3.5,47.294,121.87,-74.5764,9064.64,0,0
1958,2026-06-01T07:50:00+00:00,2026-06-01,Fed Rate Hike by October 2026 Meeting?,0x059db22d,buy_yes,Bought YES (bid hit),103.28,0.23,23.7544,0.225,-0.5,150.574,121.87,28.7036,9040.89,0,0
1959,2026-06-01T07:51:00+00:00,2026-06-01,Fed Rate Hike by October 2026 Meeting?,0x059db22d,sell_yes,Sold YES (ask lifted),103.28,0.23,23.7544,0.25,-2,47.294,121.87,-74.5764,9064.64,0,0
1960,2026-06-01T07:51:00+00:00,2026-06-01,Will the Sweden Democrats (SD) win the third most seats in the 2026 Swedish parliamentary election?,0x939abe4a,sell_yes,Sold YES (ask lifted),46.476,0.24,11.1542,0.245,-0.5,32.0684,50.1941,-18.1256,9075.8,0,0
1961,2026-06-01T07:54:00+00:00,2026-06-01,Fed Rate Hike by October 2026 Meeting?,0x059db22d,buy_yes,Bought YES (bid hit),115.674,0.27,31.2319,0.245,-2.5,162.968,121.87,41.0972,9044.56,0,0
1962,2026-06-01T07:57:00+00:00,2026-06-01,Fed Rate Hike by October 2026 Meeting?,0x059db22d,sell_yes,Sold YES (ask lifted),103.28,0.24,24.7872,0.26,-2,59.6876,121.87,-62.1828,9069.35,0,0
1963,2026-06-01T07:57:00+00:00,2026-06-01,Will the Moderate Party (M) win the second most seats in the 2026 Swedish parliamentary election?,0xa3d50cf0,sell_yes,Sold YES (ask lifted),61.968,0.42,26.0266,0.445,-2.5,28.0046,94.811,-66.8065,9095.38,0,0
1964,2026-06-01T07:58:00+00:00,2026-06-01,Fed Rate Hike by October 2026 Meeting?,0x059db22d,buy_yes,Bought YES (bid hit),115.674,0.25,28.9184,0.245,-0.5,175.361,121.87,53.4908,9066.46,0,0
1965,2026-06-01T08:00:00+00:00,2026-06-01,Fed Rate Hike by October 2026 Meeting?,0x059db22d,sell_yes,Sold YES (ask lifted),103.28,0.23,23.7544,0.255,-2.5,72.0812,121.87,-49.7892,9090.21,0,0
1966,2026-06-01T08:01:00+00:00,2026-06-01,Fed Rate Hike by October 2026 Meeting?,0x059db22d,buy_yes,Bought YES (bid hit),106.378,0.25,26.5946,0.245,-0.5,178.46,121.87,56.5892,9063.62,0,0
1967,2026-06-01T08:04:00+00:00,2026-06-01,Fed Rate Hike by October 2026 Meeting?,0x059db22d,sell_yes,Sold YES (ask lifted),109.477,0.23,25.1797,0.24,-1,68.9828,121.87,-52.8876,9088.8,0,0
1968,2026-06-01T08:11:00+00:00,2026-06-01,Fed Rate Hike by October 2026 Meeting?,0x059db22d,buy_yes,Bought YES (bid hit),103.28,0.25,25.82,0.225,-2.5,172.263,121.87,50.3924,9062.98,0,0
1969,2026-06-01T08:12:00+00:00,2026-06-01,Fed Rate Hike by October 2026 Meeting?,0x059db22d,sell_yes,Sold YES (ask lifted),106.378,0.23,24.467,0.25,-2,65.8844,121.87,-55.986,9087.45,0,0
1970,2026-06-01T08:16:00+00:00,2026-06-01,Fed Rate Hike by October 2026 Meeting?,0x059db22d,buy_yes,Bought YES (bid hit),103.28,0.24,24.7872,0.23,-1,169.164,121.87,47.294,9062.66,0,0
1971,2026-06-01T08:17:00+00:00,2026-06-01,Fed Rate Hike by October 2026 Meeting?,0x059db22d,sell_yes,Sold YES (ask lifted),103.28,0.24,24.7872,0.255,-1.5,65.8844,121.87,-55.986,9087.45,0,0
1972,2026-06-01T08:21:00+00:00,2026-06-01,Fed Rate Hike by October 2026 Meeting?,0x059db22d,buy_yes,Bought YES (bid hit),106.378,0.23,24.467,0.23,-0,172.263,121.87,50.3924,9062.98,0,0
1973,2026-06-01T08:22:00+00:00,2026-06-01,Fed Rate Hike by October 2026 Meeting?,0x059db22d,sell_yes,Sold YES (ask lifted),103.28,0.24,24.7872,0.255,-1.5,68.9828,121.87,-52.8876,9087.77,0,0
1974,2026-06-01T08:23:00+00:00,2026-06-01,Fed Rate Hike by October 2026 Meeting?,0x059db22d,buy_yes,Bought YES (bid hit),115.674,0.25,28.9184,0.245,-0.5,184.656,121.87,62.786,9058.85,0,0
1975,2026-06-01T08:36:00+00:00,2026-06-01,Fed Rate Hike by October 2026 Meeting?,0x059db22d,sell_yes,Sold YES (ask lifted),103.28,0.23,23.7544,0.25,-2,81.3764,121.87,-40.494,9082.6,0,0
1976,2026-06-01T08:37:00+00:00,2026-06-01,Fed Rate Hike by October 2026 Meeting?,0x059db22d,buy_yes,Bought YES (bid hit),103.28,0.24,24.7872,0.235,-0.5,184.656,121.87,62.786,9057.81,0,0
1977,2026-06-01T08:39:00+00:00,2026-06-01,Will the Moderate Party (M) win the second most seats in the 2026 Swedish parliamentary election?,0xa3d50cf0,buy_yes,Bought YES (bid hit),67.5451,0.39,26.3426,0.385,-0.5,95.5497,94.811,0.738659,9031.47,0,0
1978,2026-06-01T08:40:00+00:00,2026-06-01,Fed Rate Hike by October 2026 Meeting?,0x059db22d,sell_yes,Sold YES (ask lifted),103.28,0.23,23.7544,0.26,-3,81.3764,121.87,-40.494,9055.23,0,0
1979,2026-06-01T08:41:00+00:00,2026-06-01,Fed Rate Hike by October 2026 Meeting?,0x059db22d,buy_yes,Bought YES (bid hit),112.575,0.25,28.1438,0.235,-1.5,193.952,121.87,72.0812,9027.08,0,0
1980,2026-06-01T08:42:00+00:00,2026-06-01,Fed Rate Hike by October 2026 Meeting?,0x059db22d,sell_yes,Sold YES (ask lifted),103.28,0.24,24.7872,0.265,-2.5,90.6716,121.87,-31.1988,9051.87,0,0
1981,2026-06-01T08:43:00+00:00,2026-06-01,Fed Rate Hike by October 2026 Meeting?,0x059db22d,buy_yes,Bought YES (bid hit),106.378,0.26,27.6584,0.245,-1.5,197.05,121.87,75.1796,9024.21,0,0
1982,2026-06-01T08:47:00+00:00,2026-06-01,Fed Rate Hike by October 2026 Meeting?,0x059db22d,sell_yes,Sold YES (ask lifted),103.28,0.24,24.7872,0.25,-1,93.77,121.87,-28.1004,9049,0,0
1983,2026-06-01T08:48:00+00:00,2026-06-01,Will the Moderate Party (M) win the second most seats in the 2026 Swedish parliamentary election?,0xa3d50cf0,sell_yes,Sold YES (ask lifted),73.1222,0.37,27.0552,0.385,-1.5,22.4275,94.811,-72.3836,9076.05,0,0
1984,2026-06-01T08:49:00+00:00,2026-06-01,Fed Rate Hike by October 2026 Meeting?,0x059db22d,buy_yes,Bought YES (bid hit),103.28,0.23,23.7544,0.225,-0.5,197.05,121.87,75.1796,9052.3,0,0
1985,2026-06-01T08:50:00+00:00,2026-06-01,Fed Rate Hike by October 2026 Meeting?,0x059db22d,sell_yes,Sold YES (ask lifted),103.28,0.23,23.7544,0.25,-2,93.77,121.87,-28.1004,9076.05,0,0
1986,2026-06-01T08:51:00+00:00,2026-06-01,Fed Rate Hike by October 2026 Meeting?,0x059db22d,buy_yes,Bought YES (bid hit),103.28,0.24,24.7872,0.235,-0.5,197.05,121.87,75.1796,9051.27,0,0
1987,2026-06-01T08:54:00+00:00,2026-06-01,Fed Rate Hike by October 2026 Meeting?,0x059db22d,sell_yes,Sold YES (ask lifted),112.575,0.24,27.018,0.25,-1,84.4748,121.87,-37.3956,9078.28,0,0
1988,2026-06-01T08:55:00+00:00,2026-06-01,Fed Rate Hike by October 2026 Meeting?,0x059db22d,buy_yes,Bought YES (bid hit),103.28,0.24,24.7872,0.225,-1.5,187.755,121.87,65.8844,9053.5,0,0
1989,2026-06-01T08:56:00+00:00,2026-06-01,Fed Rate Hike by October 2026 Meeting?,0x059db22d,sell_yes,Sold YES (ask lifted),112.575,0.23,25.8923,0.235,-0.5,75.1796,121.87,-46.6908,9079.39,0,0
1990,2026-06-01T08:56:00+00:00,2026-06-01,Will the Moderate Party (M) win the second most seats in the 2026 Swedish parliamentary election?,0xa3d50cf0,buy_yes,Bought YES (bid hit),61.968,0.38,23.5478,0.375,-0.5,84.3955,94.811,-10.4156,9055.84,0,0
1991,2026-06-01T08:58:00+00:00,2026-06-01,Will the Moderate Party (M) win the second most seats in the 2026 Swedish parliamentary election?,0xa3d50cf0,sell_yes,Sold YES (ask lifted),61.968,0.41,25.4069,0.42,-1,22.4275,94.811,-72.3836,9081.25,0,0
1992,2026-06-01T08:58:00+00:00,2026-06-01,Will the Moderate Party (M) win the third most seats in the 2026 Swedish parliamentary election?,0xbbb881b0,buy_yes,Bought YES (bid hit),46.476,0.5,23.238,0.46,-4,69.807,63.2074,6.59959,9058.01,0,0
1993,2026-06-01T09:00:00+00:00,2026-06-01,Fed Rate Hike by October 2026 Meeting?,0x059db22d,buy_yes,Bought YES (bid hit),103.28,0.26,26.8528,0.25,-1,178.46,121.87,56.5892,9031.16,0,0
1994,2026-06-01T09:05:00+00:00,2026-06-01,Fed Rate Hike by October 2026 Meeting?,0x059db22d,sell_yes,Sold YES (ask lifted),103.28,0.25,25.82,0.26,-1,75.1796,121.87,-46.6908,9056.98,0,0
1995,2026-06-01T09:07:00+00:00,2026-06-01,Will the Sweden Democrats (SD) win the third most seats in the 2026 Swedish parliamentary election?,0x939abe4a,buy_yes,Bought YES (bid hit),49.2646,0.34,16.75,0.32,-2,81.333,50.1941,31.1389,9040.23,0,0
1996,2026-06-01T09:22:00+00:00,2026-06-01,Fed Rate Hike by October 2026 Meeting?,0x059db22d,buy_yes,Bought YES (bid hit),106.378,0.28,29.786,0.255,-2.5,181.558,121.87,59.6876,9010.44,0,0
1997,2026-06-01T09:22:00+00:00,2026-06-01,Will the Sweden Democrats (SD) win the third most seats in the 2026 Swedish parliamentary election?,0x939abe4a,sell_yes,Sold YES (ask lifted),46.476,0.32,14.8723,0.345,-2.5,34.857,50.1941,-15.3371,9025.31,0,0
1998,2026-06-01T09:23:00+00:00,2026-06-01,Will the Sweden Democrats (SD) win the third most seats in the 2026 Swedish parliamentary election?,0x939abe4a,buy_yes,Bought YES (bid hit),54.8417,0.34,18.6462,0.305,-3.5,89.6987,50.1941,39.5046,9006.67,0,0
1999,2026-06-01T09:34:00+00:00,2026-06-01,Fed Rate Hike by October 2026 Meeting?,0x059db22d,sell_yes,Sold YES (ask lifted),103.28,0.24,24.7872,0.25,-1,78.278,121.87,-43.5924,9031.46,0,0
2000,2026-06-01T09:34:00+00:00,2026-06-01,Will the Sweden Democrats (SD) win the third most seats in the 2026 Swedish parliamentary election?,0x939abe4a,sell_yes,Sold YES (ask lifted),46.476,0.26,12.0838,0.265,-0.5,43.2227,50.1941,-6.9714,9043.54,0,0
2001,2026-06-01T09:38:00+00:00,2026-06-01,Fed Rate Hike by October 2026 Meeting?,0x059db22d,buy_yes,Bought YES (bid hit),103.28,0.26,26.8528,0.245,-1.5,181.558,121.87,59.6876,9016.69,0,0
2002,2026-06-01T09:40:00+00:00,2026-06-01,Fed Rate Hike by October 2026 Meeting?,0x059db22d,sell_yes,Sold YES (ask lifted),109.477,0.24,26.2744,0.245,-0.5,72.0812,121.87,-49.7892,9042.96,0,0
2003,2026-06-01T09:46:00+00:00,2026-06-01,Fed Rate Hike by October 2026 Meeting?,0x059db22d,buy_yes,Bought YES (bid hit),103.28,0.25,25.82,0.24,-1,175.361,121.87,53.4908,9017.14,0,0
2004,2026-06-01T09:47:00+00:00,2026-06-01,Fed Rate Hike by October 2026 Meeting?,0x059db22d,sell_yes,Sold YES (ask lifted),112.575,0.25,28.1438,0.26,-1,62.786,121.87,-59.0844,9045.28,0,0
2005,2026-06-01T09:53:00+00:00,2026-06-01,Fed Rate Hike by October 2026 Meeting?,0x059db22d,buy_yes,Bought YES (bid hit),112.575,0.27,30.3953,0.26,-1,175.361,121.87,53.4908,9014.89,0,0
2006,2026-06-01T09:55:00+00:00,2026-06-01,Fed Rate Hike by October 2026 Meeting?,0x059db22d,sell_yes,Sold YES (ask lifted),103.28,0.26,26.8528,0.27,-1,72.0812,121.87,-49.7892,9041.74,0,0
2007,2026-06-01T09:56:00+00:00,2026-06-01,Fed Rate Hike by October 2026 Meeting?,0x059db22d,buy_yes,Bought YES (bid hit),103.28,0.26,26.8528,0.25,-1,175.361,121.87,53.4908,9014.89,0,0
2008,2026-06-01T09:58:00+00:00,2026-06-01,Fed Rate Hike by October 2026 Meeting?,0x059db22d,sell_yes,Sold YES (ask lifted),109.477,0.24,26.2744,0.245,-0.5,65.8844,121.87,-55.986,9041.16,0,0
2009,2026-06-01T10:03:00+00:00,2026-06-01,Fed Rate Hike by October 2026 Meeting?,0x059db22d,buy_yes,Bought YES (bid hit),109.477,0.28,30.6535,0.255,-2.5,175.361,121.87,53.4908,9010.51,0,0
2010,2026-06-01T10:09:00+00:00,2026-06-01,Fed Rate Hike by October 2026 Meeting?,0x059db22d,sell_yes,Sold YES (ask lifted),103.28,0.25,25.82,0.255,-0.5,72.0812,121.87,-49.7892,9036.33,0,0
2011,2026-06-01T10:17:00+00:00,2026-06-01,Fed Rate Hike by October 2026 Meeting?,0x059db22d,buy_yes,Bought YES (bid hit),103.28,0.27,27.8856,0.255,-1.5,175.361,121.87,53.4908,9008.44,0,0
2012,2026-06-01T10:18:00+00:00,2026-06-01,Will the Sweden Democrats (SD) win the second most seats in the 2026 Swedish parliamentary election?,0x9e2966ab,sell_yes,Sold YES (ask lifted),74.9813,0.56,41.9895,0.58,-2,47.9434,67.6988,-19.7554,9050.43,0,0
2013,2026-06-01T10:24:00+00:00,2026-06-01,Will the Sweden Democrats (SD) win the second most seats in the 2026 Swedish parliamentary election?,0x9e2966ab,buy_yes,Bought YES (bid hit),61.968,0.58,35.9414,0.47,-11,109.911,67.6988,42.2126,9014.49,0,0
2014,2026-06-01T10:27:00+00:00,2026-06-01,Fed Rate Hike by October 2026 Meeting?,0x059db22d,sell_yes,Sold YES (ask lifted),103.28,0.23,23.7544,0.26,-3,72.0812,121.87,-49.7892,9038.25,0,0
2015,2026-06-01T10:28:00+00:00,2026-06-01,Fed Rate Hike by October 2026 Meeting?,0x059db22d,buy_yes,Bought YES (bid hit),103.28,0.25,25.82,0.23,-2,175.361,121.87,53.4908,9012.43,0,0
2016,2026-06-01T10:31:00+00:00,2026-06-01,Fed Rate Hike by October 2026 Meeting?,0x059db22d,sell_yes,Sold YES (ask lifted),103.28,0.23,23.7544,0.26,-3,72.0812,121.87,-49.7892,9036.18,0,0
2017,2026-06-01T10:32:00+00:00,2026-06-01,Fed Rate Hike by October 2026 Meeting?,0x059db22d,buy_yes,Bought YES (bid hit),103.28,0.25,25.82,0.24,-1,175.361,121.87,53.4908,9010.36,0,0
2018,2026-06-01T10:34:00+00:00,2026-06-01,Fed Rate Hike by October 2026 Meeting?,0x059db22d,sell_yes,Sold YES (ask lifted),103.28,0.24,24.7872,0.245,-0.5,72.0812,121.87,-49.7892,9035.15,0,0
2019,2026-06-01T10:35:00+00:00,2026-06-01,Will the Sweden Democrats (SD) win the second most seats in the 2026 Swedish parliamentary election?,0x9e2966ab,sell_yes,Sold YES (ask lifted),86.1355,0.55,47.3745,0.56,-1,23.7759,67.6988,-43.9229,9082.52,0,0
2020,2026-06-01T10:36:00+00:00,2026-06-01,Fed Rate Hike by October 2026 Meeting?,0x059db22d,buy_yes,Bought YES (bid hit),103.28,0.25,25.82,0.245,-0.5,175.361,121.87,53.4908,9056.7,0,0
2021,2026-06-01T10:41:00+00:00,2026-06-01,Fed Rate Hike by October 2026 Meeting?,0x059db22d,sell_yes,Sold YES (ask lifted),103.28,0.24,24.7872,0.26,-2,72.0812,121.87,-49.7892,9081.49,0,0
2022,2026-06-01T10:42:00+00:00,2026-06-01,Will the Sweden Democrats (SD) win the second most seats in the 2026 Swedish parliamentary election?,0x9e2966ab,buy_yes,Bought YES (bid hit),61.968,0.59,36.5611,0.485,-10.5,85.7439,67.6988,18.0451,9044.93,0,0
2023,2026-06-01T10:43:00+00:00,2026-06-01,Fed Rate Hike by October 2026 Meeting?,0x059db22d,buy_yes,Bought YES (bid hit),103.28,0.24,24.7872,0.23,-1,175.361,121.87,53.4908,9020.14,0,0
2024,2026-06-01T10:45:00+00:00,2026-06-01,Fed Rate Hike by October 2026 Meeting?,0x059db22d,sell_yes,Sold YES (ask lifted),106.378,0.23,24.467,0.24,-1,68.9828,121.87,-52.8876,9044.61,0,0
2025,2026-06-01T10:49:00+00:00,2026-06-01,Fed Rate Hike by October 2026 Meeting?,0x059db22d,buy_yes,Bought YES (bid hit),112.575,0.24,27.018,0.235,-0.5,181.558,121.87,59.6876,9017.59,0,0
2026,2026-06-01T10:50:00+00:00,2026-06-01,Fed Rate Hike by October 2026 Meeting?,0x059db22d,sell_yes,Sold YES (ask lifted),103.28,0.24,24.7872,0.245,-0.5,78.278,121.87,-43.5924,9042.38,0,0
2027,2026-06-01T10:50:00+00:00,2026-06-01,Will the Sweden Democrats (SD) win the third most seats in the 2026 Swedish parliamentary election?,0x939abe4a,buy_yes,Bought YES (bid hit),46.476,0.23,10.6895,0.225,-0.5,89.6987,50.1941,39.5046,9031.69,0,0
2028,2026-06-01T10:51:00+00:00,2026-06-01,Fed Rate Hike by October 2026 Meeting?,0x059db22d,buy_yes,Bought YES (bid hit),103.28,0.24,24.7872,0.23,-1,181.558,121.87,59.6876,9006.9,0,0
2029,2026-06-01T10:52:00+00:00,2026-06-01,Fed Rate Hike by October 2026 Meeting?,0x059db22d,sell_yes,Sold YES (ask lifted),103.28,0.24,24.7872,0.25,-1,78.278,121.87,-43.5924,9031.69,0,0
2030,2026-06-01T10:54:00+00:00,2026-06-01,Fed Rate Hike by October 2026 Meeting?,0x059db22d,buy_yes,Bought YES (bid hit),103.28,0.24,24.7872,0.22,-2,181.558,121.87,59.6876,9006.9,0,0
2031,2026-06-01T10:55:00+00:00,2026-06-01,Fed Rate Hike by October 2026 Meeting?,0x059db22d,sell_yes,Sold YES (ask lifted),121.87,0.23,28.0302,0.235,-0.5,59.6876,121.87,-62.1828,9034.93,0,0
2032,2026-06-01T10:56:00+00:00,2026-06-01,Fed Rate Hike by October 2026 Meeting?,0x059db22d,buy_yes,Bought YES (bid hit),103.28,0.23,23.7544,0.23,-0,162.968,121.87,41.0972,9011.18,0,0
2033,2026-06-01T10:57:00+00:00,2026-06-01,Fed Rate Hike by October 2026 Meeting?,0x059db22d,sell_yes,Sold YES (ask lifted),109.477,0.24,26.2744,0.245,-0.5,53.4908,121.87,-68.3796,9037.45,0,0
2034,2026-06-01T10:57:00+00:00,2026-06-01,Will the Moderate Party (M) win the third most seats in the 2026 Swedish parliamentary election?,0xbbb881b0,buy_yes,Bought YES (bid hit),46.476,0.51,23.7028,0.46,-5,116.283,63.2074,53.0756,9013.75,0,0
2035,2026-06-01T10:58:00+00:00,2026-06-01,Fed Rate Hike by October 2026 Meeting?,0x059db22d,buy_yes,Bought YES (bid hit),103.28,0.24,24.7872,0.23,-1,156.771,121.87,34.9004,8988.96,0,0
2036,2026-06-01T11:00:00+00:00,2026-06-01,Fed Rate Hike by October 2026 Meeting?,0x059db22d,sell_yes,Sold YES (ask lifted),103.28,0.23,23.7544,0.265,-3.5,53.4908,121.87,-68.3796,9012.72,0,0
2037,2026-06-01T11:01:00+00:00,2026-06-01,Fed Rate Hike by October 2026 Meeting?,0x059db22d,buy_yes,Bought YES (bid hit),103.28,0.26,26.8528,0.23,-3,156.771,121.87,34.9004,8985.86,0,0
2038,2026-06-01T11:02:00+00:00,2026-06-01,Fed Rate Hike by October 2026 Meeting?,0x059db22d,sell_yes,Sold YES (ask lifted),103.28,0.24,24.7872,0.255,-1.5,53.4908,121.87,-68.3796,9010.65,0,0
2039,2026-06-01T11:03:00+00:00,2026-06-01,Fed Rate Hike by October 2026 Meeting?,0x059db22d,buy_yes,Bought YES (bid hit),103.28,0.25,25.82,0.235,-1.5,156.771,121.87,34.9004,8984.83,0,0
2040,2026-06-01T11:05:00+00:00,2026-06-01,Fed Rate Hike by October 2026 Meeting?,0x059db22d,sell_yes,Sold YES (ask lifted),103.28,0.23,23.7544,0.245,-1.5,53.4908,121.87,-68.3796,9008.58,0,0
2041,2026-06-01T11:06:00+00:00,2026-06-01,Fed Rate Hike by October 2026 Meeting?,0x059db22d,buy_yes,Bought YES (bid hit),103.28,0.24,24.7872,0.23,-1,156.771,121.87,34.9004,8983.8,0,0
2042,2026-06-01T11:07:00+00:00,2026-06-01,Fed Rate Hike by October 2026 Meeting?,0x059db22d,sell_yes,Sold YES (ask lifted),106.378,0.24,25.5308,0.245,-0.5,50.3924,121.87,-71.478,9009.33,0,0
2043,2026-06-01T11:07:00+00:00,2026-06-01,Will the Moderate Party (M) win the second most seats in the 2026 Swedish parliamentary election?,0xa3d50cf0,buy_yes,Bought YES (bid hit),82.4174,0.37,30.4945,0.36,-1,104.845,94.811,10.0339,8978.83,0,0
2044,2026-06-01T11:13:00+00:00,2026-06-01,Fed Rate Hike by October 2026 Meeting?,0x059db22d,buy_yes,Bought YES (bid hit),103.28,0.23,23.7544,0.22,-1,153.672,121.87,31.802,8955.08,0,0
2045,2026-06-01T11:14:00+00:00,2026-06-01,Fed Rate Hike by October 2026 Meeting?,0x059db22d,sell_yes,Sold YES (ask lifted),103.28,0.23,23.7544,0.25,-2,50.3924,121.87,-71.478,8978.83,0,0
2046,2026-06-01T11:14:00+00:00,2026-06-01,Will the Sweden Democrats (SD) win the second most seats in the 2026 Swedish parliamentary election?,0x9e2966ab,buy_yes,Bought YES (bid hit),61.968,0.46,28.5053,0.45,-1,147.712,67.6988,80.0131,8950.33,0,0
2047,2026-06-01T11:22:00+00:00,2026-06-01,Fed Rate Hike by October 2026 Meeting?,0x059db22d,buy_yes,Bought YES (bid hit),103.28,0.24,24.7872,0.235,-0.5,153.672,121.87,31.802,8925.54,0,0
2048,2026-06-01T11:24:00+00:00,2026-06-01,Fed Rate Hike by October 2026 Meeting?,0x059db22d,sell_yes,Sold YES (ask lifted),103.28,0.25,25.82,0.26,-1,50.3924,121.87,-71.478,8951.36,0,0
2049,2026-06-01T11:29:00+00:00,2026-06-01,Fed Rate Hike by October 2026 Meeting?,0x059db22d,buy_yes,Bought YES (bid hit),109.477,0.23,25.1797,0.23,-0,159.869,121.87,37.9988,8926.18,0,0
2050,2026-06-01T11:30:00+00:00,2026-06-01,Fed Rate Hike by October 2026 Meeting?,0x059db22d,sell_yes,Sold YES (ask lifted),109.477,0.24,26.2744,0.26,-2,50.3924,121.87,-71.478,8952.46,0,0
2051,2026-06-01T11:32:00+00:00,2026-06-01,Fed Rate Hike by October 2026 Meeting?,0x059db22d,buy_yes,Bought YES (bid hit),103.28,0.23,23.7544,0.22,-1,153.672,121.87,31.802,8928.7,0,0
2052,2026-06-01T11:35:00+00:00,2026-06-01,Fed Rate Hike by October 2026 Meeting?,0x059db22d,sell_yes,Sold YES (ask lifted),103.28,0.23,23.7544,0.27,-4,50.3924,121.87,-71.478,8952.46,0,0
2053,2026-06-01T11:37:00+00:00,2026-06-01,Fed Rate Hike by October 2026 Meeting?,0x059db22d,buy_yes,Bought YES (bid hit),103.28,0.24,24.7872,0.22,-2,153.672,121.87,31.802,8927.67,0,0
2054,2026-06-01T11:57:00+00:00,2026-06-01,Fed Rate Hike by October 2026 Meeting?,0x059db22d,sell_yes,Sold YES (ask lifted),103.28,0.23,23.7544,0.26,-3,50.3924,121.87,-71.478,8951.42,0,0
2055,2026-06-01T12:08:00+00:00,2026-06-01,Fed Rate Hike by October 2026 Meeting?,0x059db22d,buy_yes,Bought YES (bid hit),103.28,0.26,26.8528,0.245,-1.5,153.672,121.87,31.802,8924.57,0,0
2056,2026-06-01T12:11:00+00:00,2026-06-01,Fed Rate Hike by October 2026 Meeting?,0x059db22d,sell_yes,Sold YES (ask lifted),103.28,0.23,23.7544,0.26,-3,50.3924,121.87,-71.478,8948.33,0,0
2057,2026-06-01T12:14:00+00:00,2026-06-01,Fed Rate Hike by October 2026 Meeting?,0x059db22d,buy_yes,Bought YES (bid hit),103.28,0.23,23.7544,0.22,-1,153.672,121.87,31.802,8924.57,0,0
2058,2026-06-01T12:15:00+00:00,2026-06-01,Fed Rate Hike by October 2026 Meeting?,0x059db22d,sell_yes,Sold YES (ask lifted),103.28,0.23,23.7544,0.25,-2,50.3924,121.87,-71.478,8948.33,0,0
2059,2026-06-01T12:31:00+00:00,2026-06-01,Fed Rate Hike by October 2026 Meeting?,0x059db22d,buy_yes,Bought YES (bid hit),103.28,0.23,23.7544,0.23,-0,153.672,121.87,31.802,8924.57,0,0
2060,2026-06-01T12:32:00+00:00,2026-06-01,Fed Rate Hike by October 2026 Meeting?,0x059db22d,sell_yes,Sold YES (ask lifted),109.477,0.24,26.2744,0.245,-0.5,44.1956,121.87,-77.6748,8950.84,0,0
2061,2026-06-01T12:35:00+00:00,2026-06-01,Fed Rate Hike by October 2026 Meeting?,0x059db22d,buy_yes,Bought YES (bid hit),106.378,0.25,26.5946,0.235,-1.5,150.574,121.87,28.7036,8924.25,0,0
2062,2026-06-01T12:36:00+00:00,2026-06-01,Fed Rate Hike by October 2026 Meeting?,0x059db22d,sell_yes,Sold YES (ask lifted),109.477,0.24,26.2744,0.245,-0.5,41.0972,121.87,-80.7732,8950.52,0,0
2063,2026-06-01T12:38:00+00:00,2026-06-01,Fed Rate Hike by October 2026 Meeting?,0x059db22d,buy_yes,Bought YES (bid hit),106.378,0.25,26.5946,0.245,-0.5,147.476,121.87,25.6052,8923.93,0,0
2064,2026-06-01T12:39:00+00:00,2026-06-01,Fed Rate Hike by October 2026 Meeting?,0x059db22d,sell_yes,Sold YES (ask lifted),103.28,0.25,25.82,0.255,-0.5,44.1956,121.87,-77.6748,8949.75,0,0
2065,2026-06-01T12:40:00+00:00,2026-06-01,Fed Rate Hike by October 2026 Meeting?,0x059db22d,buy_yes,Bought YES (bid hit),109.477,0.25,27.3692,0.23,-2,153.672,121.87,31.802,8922.38,0,0
2066,2026-06-01T12:41:00+00:00,2026-06-01,Fed Rate Hike by October 2026 Meeting?,0x059db22d,sell_yes,Sold YES (ask lifted),103.28,0.24,24.7872,0.255,-1.5,50.3924,121.87,-71.478,8947.17,0,0
2067,2026-06-01T12:42:00+00:00,2026-06-01,Fed Rate Hike by October 2026 Meeting?,0x059db22d,buy_yes,Bought YES (bid hit),106.378,0.25,26.5946,0.235,-1.5,156.771,121.87,34.9004,8920.57,0,0
2068,2026-06-01T12:46:00+00:00,2026-06-01,Fed Rate Hike by October 2026 Meeting?,0x059db22d,sell_yes,Sold YES (ask lifted),103.28,0.23,23.7544,0.245,-1.5,53.4908,121.87,-68.3796,8944.33,0,0
2069,2026-06-01T12:47:00+00:00,2026-06-01,Fed Rate Hike by October 2026 Meeting?,0x059db22d,buy_yes,Bought YES (bid hit),106.378,0.24,25.5308,0.23,-1,159.869,121.87,37.9988,8918.8,0,0
2070,2026-06-01T12:48:00+00:00,2026-06-01,Fed Rate Hike by October 2026 Meeting?,0x059db22d,sell_yes,Sold YES (ask lifted),103.28,0.24,24.7872,0.245,-0.5,56.5892,121.87,-65.2812,8943.58,0,0
2071,2026-06-01T12:49:00+00:00,2026-06-01,Fed Rate Hike by October 2026 Meeting?,0x059db22d,buy_yes,Bought YES (bid hit),103.28,0.24,24.7872,0.235,-0.5,159.869,121.87,37.9988,8918.8,0,0
2072,2026-06-01T12:50:00+00:00,2026-06-01,Fed Rate Hike by October 2026 Meeting?,0x059db22d,sell_yes,Sold YES (ask lifted),103.28,0.24,24.7872,0.25,-1,56.5892,121.87,-65.2812,8943.58,0,0
2073,2026-06-01T12:52:00+00:00,2026-06-01,Fed Rate Hike by October 2026 Meeting?,0x059db22d,buy_yes,Bought YES (bid hit),103.28,0.23,23.7544,0.225,-0.5,159.869,121.87,37.9988,8919.83,0,0
2074,2026-06-01T12:54:00+00:00,2026-06-01,Fed Rate Hike by October 2026 Meeting?,0x059db22d,sell_yes,Sold YES (ask lifted),103.28,0.24,24.7872,0.25,-1,56.5892,121.87,-65.2812,8944.62,0,0
2075,2026-06-01T12:57:00+00:00,2026-06-01,Fed Rate Hike by October 2026 Meeting?,0x059db22d,buy_yes,Bought YES (bid hit),103.28,0.23,23.7544,0.225,-0.5,159.869,121.87,37.9988,8920.86,0,0
2076,2026-06-01T13:00:00+00:00,2026-06-01,Fed Rate Hike by October 2026 Meeting?,0x059db22d,sell_yes,Sold YES (ask lifted),103.28,0.23,23.7544,0.25,-2,56.5892,121.87,-65.2812,8944.62,0,0
2077,2026-06-01T13:03:00+00:00,2026-06-01,Fed Rate Hike by October 2026 Meeting?,0x059db22d,buy_yes,Bought YES (bid hit),106.378,0.24,25.5308,0.235,-0.5,162.968,121.87,41.0972,8919.09,0,0
2078,2026-06-01T13:07:00+00:00,2026-06-01,Fed Rate Hike by October 2026 Meeting?,0x059db22d,sell_yes,Sold YES (ask lifted),103.28,0.23,23.7544,0.245,-1.5,59.6876,121.87,-62.1828,8942.84,0,0
2079,2026-06-01T13:08:00+00:00,2026-06-01,Fed Rate Hike by October 2026 Meeting?,0x059db22d,buy_yes,Bought YES (bid hit),103.28,0.24,24.7872,0.23,-1,162.968,121.87,41.0972,8918.05,0,0
2080,2026-06-01T13:09:00+00:00,2026-06-01,Fed Rate Hike by October 2026 Meeting?,0x059db22d,sell_yes,Sold YES (ask lifted),103.28,0.24,24.7872,0.245,-0.5,59.6876,121.87,-62.1828,8942.84,0,0
2081,2026-06-01T13:11:00+00:00,2026-06-01,Fed Rate Hike by October 2026 Meeting?,0x059db22d,buy_yes,Bought YES (bid hit),103.28,0.26,26.8528,0.235,-2.5,162.968,121.87,41.0972,8915.99,0,0
2082,2026-06-01T13:12:00+00:00,2026-06-01,Fed Rate Hike by October 2026 Meeting?,0x059db22d,sell_yes,Sold YES (ask lifted),103.28,0.24,24.7872,0.245,-0.5,59.6876,121.87,-62.1828,8940.78,0,0
2083,2026-06-01T13:14:00+00:00,2026-06-01,Fed Rate Hike by October 2026 Meeting?,0x059db22d,buy_yes,Bought YES (bid hit),103.28,0.23,23.7544,0.225,-0.5,162.968,121.87,41.0972,8917.02,0,0
2084,2026-06-01T13:15:00+00:00,2026-06-01,Fed Rate Hike by October 2026 Meeting?,0x059db22d,sell_yes,Sold YES (ask lifted),103.28,0.23,23.7544,0.25,-2,59.6876,121.87,-62.1828,8940.78,0,0
2085,2026-06-01T13:17:00+00:00,2026-06-01,Fed Rate Hike by October 2026 Meeting?,0x059db22d,buy_yes,Bought YES (bid hit),103.28,0.27,27.8856,0.225,-4.5,162.968,121.87,41.0972,8912.89,0,0
2086,2026-06-01T13:19:00+00:00,2026-06-01,Will the Sweden Democrats (SD) win the third most seats in the 2026 Swedish parliamentary election?,0x939abe4a,sell_yes,Sold YES (ask lifted),50.6588,0.3,15.1977,0.315,-1.5,39.0398,50.1941,-11.1542,8928.09,0,0
2087,2026-06-01T13:20:00+00:00,2026-06-01,Fed Rate Hike by October 2026 Meeting?,0x059db22d,sell_yes,Sold YES (ask lifted),106.378,0.23,24.467,0.245,-1.5,56.5892,121.87,-65.2812,8952.55,0,0
2088,2026-06-01T13:22:00+00:00,2026-06-01,Fed Rate Hike by October 2026 Meeting?,0x059db22d,buy_yes,Bought YES (bid hit),112.575,0.25,28.1438,0.245,-0.5,169.164,121.87,47.294,8924.41,0,0
2089,2026-06-01T13:22:00+00:00,2026-06-01,Bab el-Mandeb Strait effectively closed by September 30?,0x95fc6a4e,sell_yes,Sold YES (ask lifted),118.772,0.17,20.1912,0.195,-2.5,0,112.575,-112.575,8936.89,0,0
2090,2026-06-01T13:25:00+00:00,2026-06-01,Fed Rate Hike by October 2026 Meeting?,0x059db22d,sell_yes,Sold YES (ask lifted),103.28,0.23,23.7544,0.25,-2,65.8844,121.87,-55.986,8960.64,0,0
2091,2026-06-01T13:25:00+00:00,2026-06-01,Will the Sweden Democrats (SD) win the third most seats in the 2026 Swedish parliamentary election?,0x939abe4a,buy_yes,Bought YES (bid hit),46.476,0.3,13.9428,0.275,-2.5,85.5158,50.1941,35.3218,8946.7,0,0
2092,2026-06-01T13:27:00+00:00,2026-06-01,Fed Rate Hike by October 2026 Meeting?,0x059db22d,buy_yes,Bought YES (bid hit),103.28,0.25,25.82,0.23,-2,169.164,121.87,47.294,8920.88,0,0
2093,2026-06-01T13:28:00+00:00,2026-06-01,Fed Rate Hike by October 2026 Meeting?,0x059db22d,sell_yes,Sold YES (ask lifted),103.28,0.24,24.7872,0.255,-1.5,65.8844,121.87,-55.986,8945.67,0,0
2094,2026-06-01T13:30:00+00:00,2026-06-01,Fed Rate Hike by October 2026 Meeting?,0x059db22d,buy_yes,Bought YES (bid hit),112.575,0.25,28.1438,0.245,-0.5,178.46,121.87,56.5892,8917.52,0,0
2095,2026-06-01T13:31:00+00:00,2026-06-01,Fed Rate Hike by October 2026 Meeting?,0x059db22d,sell_yes,Sold YES (ask lifted),103.28,0.25,25.82,0.255,-0.5,75.1796,121.87,-46.6908,8943.34,0,0
2096,2026-06-01T13:32:00+00:00,2026-06-01,Fed Rate Hike by October 2026 Meeting?,0x059db22d,buy_yes,Bought YES (bid hit),112.575,0.25,28.1438,0.245,-0.5,187.755,121.87,65.8844,8915.2,0,0
2097,2026-06-01T13:36:00+00:00,2026-06-01,Fed Rate Hike by October 2026 Meeting?,0x059db22d,sell_yes,Sold YES (ask lifted),115.674,0.24,27.7617,0.245,-0.5,72.0812,121.87,-49.7892,8942.96,0,0
2098,2026-06-01T13:37:00+00:00,2026-06-01,Fed Rate Hike by October 2026 Meeting?,0x059db22d,buy_yes,Bought YES (bid hit),103.28,0.24,24.7872,0.23,-1,175.361,121.87,53.4908,8918.17,0,0
2099,2026-06-01T13:38:00+00:00,2026-06-01,Fed Rate Hike by October 2026 Meeting?,0x059db22d,sell_yes,Sold YES (ask lifted),103.28,0.24,24.7872,0.26,-2,72.0812,121.87,-49.7892,8942.96,0,0
2100,2026-06-01T13:39:00+00:00,2026-06-01,Fed Rate Hike by October 2026 Meeting?,0x059db22d,buy_yes,Bought YES (bid hit),103.28,0.25,25.82,0.245,-0.5,175.361,121.87,53.4908,8917.14,0,0
2101,2026-06-01T13:39:00+00:00,2026-06-01,Will the Sweden Democrats (SD) win the second most seats in the 2026 Swedish parliamentary election?,0x9e2966ab,sell_yes,Sold YES (ask lifted),61.968,0.61,37.8005,0.635,-2.5,85.7439,67.6988,18.0451,8954.94,0,0
2102,2026-06-01T13:40:00+00:00,2026-06-01,Will the Moderate Party (M) win the second most seats in the 2026 Swedish parliamentary election?,0xa3d50cf0,sell_yes,Sold YES (ask lifted),63.827,0.33,21.0629,0.345,-1.5,41.0179,94.811,-53.7932,8976,0,0
2103,2026-06-01T13:41:00+00:00,2026-06-01,Fed Rate Hike by October 2026 Meeting?,0x059db22d,sell_yes,Sold YES (ask lifted),103.28,0.24,24.7872,0.265,-2.5,72.0812,121.87,-49.7892,9000.79,0,0
2104,2026-06-01T13:42:00+00:00,2026-06-01,Fed Rate Hike by October 2026 Meeting?,0x059db22d,buy_yes,Bought YES (bid hit),103.28,0.26,26.8528,0.245,-1.5,175.361,121.87,53.4908,8973.94,0,0
2105,2026-06-01T13:48:00+00:00,2026-06-01,Fed Rate Hike by October 2026 Meeting?,0x059db22d,sell_yes,Sold YES (ask lifted),103.28,0.25,25.82,0.255,-0.5,72.0812,121.87,-49.7892,8999.76,0,0
2106,2026-06-01T13:49:00+00:00,2026-06-01,Fed Rate Hike by October 2026 Meeting?,0x059db22d,buy_yes,Bought YES (bid hit),103.28,0.25,25.82,0.235,-1.5,175.361,121.87,53.4908,8973.94,0,0
2107,2026-06-01T13:50:00+00:00,2026-06-01,Fed Rate Hike by October 2026 Meeting?,0x059db22d,sell_yes,Sold YES (ask lifted),103.28,0.24,24.7872,0.245,-0.5,72.0812,121.87,-49.7892,8998.72,0,0
2108,2026-06-01T13:52:00+00:00,2026-06-01,Fed Rate Hike by October 2026 Meeting?,0x059db22d,buy_yes,Bought YES (bid hit),103.28,0.24,24.7872,0.235,-0.5,175.361,121.87,53.4908,8973.94,0,0
2109,2026-06-01T13:53:00+00:00,2026-06-01,Fed Rate Hike by October 2026 Meeting?,0x059db22d,sell_yes,Sold YES (ask lifted),103.28,0.24,24.7872,0.245,-0.5,72.0812,121.87,-49.7892,8998.72,0,0
2110,2026-06-01T13:54:00+00:00,2026-06-01,Fed Rate Hike by October 2026 Meeting?,0x059db22d,buy_yes,Bought YES (bid hit),103.28,0.24,24.7872,0.235,-0.5,175.361,121.87,53.4908,8973.94,0,0
2111,2026-06-01T13:55:00+00:00,2026-06-01,Fed Rate Hike by October 2026 Meeting?,0x059db22d,sell_yes,Sold YES (ask lifted),109.477,0.24,26.2744,0.245,-0.5,65.8844,121.87,-55.986,9000.21,0,0
2112,2026-06-01T14:00:00+00:00,2026-06-01,Will the Sweden Democrats (SD) win the second most seats in the 2026 Swedish parliamentary election?,0x9e2966ab,sell_yes,Sold YES (ask lifted),61.968,0.58,35.9414,0.6,-2,23.7759,67.6988,-43.9229,9036.15,0,0
2113,2026-06-01T14:06:00+00:00,2026-06-01,Fed Rate Hike by October 2026 Meeting?,0x059db22d,buy_yes,Bought YES (bid hit),103.28,0.25,25.82,0.24,-1,169.164,121.87,47.294,9010.33,0,0
2114,2026-06-01T14:08:00+00:00,2026-06-01,Fed Rate Hike by October 2026 Meeting?,0x059db22d,sell_yes,Sold YES (ask lifted),103.28,0.23,23.7544,0.25,-2,65.8844,121.87,-55.986,9034.09,0,0
2115,2026-06-01T14:10:00+00:00,2026-06-01,Fed Rate Hike by October 2026 Meeting?,0x059db22d,buy_yes,Bought YES (bid hit),103.28,0.23,23.7544,0.225,-0.5,169.164,121.87,47.294,9010.33,0,0
2116,2026-06-01T14:11:00+00:00,2026-06-01,Fed Rate Hike by October 2026 Meeting?,0x059db22d,sell_yes,Sold YES (ask lifted),103.28,0.23,23.7544,0.255,-2.5,65.8844,121.87,-55.986,9034.09,0,0
2117,2026-06-01T14:15:00+00:00,2026-06-01,Fed Rate Hike by October 2026 Meeting?,0x059db22d,buy_yes,Bought YES (bid hit),103.28,0.24,24.7872,0.235,-0.5,169.164,121.87,47.294,9009.3,0,0
2118,2026-06-01T14:16:00+00:00,2026-06-01,Fed Rate Hike by October 2026 Meeting?,0x059db22d,sell_yes,Sold YES (ask lifted),103.28,0.24,24.7872,0.245,-0.5,65.8844,121.87,-55.986,9034.09,0,0
2119,2026-06-01T14:16:00+00:00,2026-06-01,Will the Moderate Party (M) win the second most seats in the 2026 Swedish parliamentary election?,0xa3d50cf0,buy_yes,Bought YES (bid hit),61.968,0.32,19.8298,0.31,-1,102.986,94.811,8.17482,9014.26,0,0
2120,2026-06-01T14:17:00+00:00,2026-06-01,Fed Rate Hike by October 2026 Meeting?,0x059db22d,buy_yes,Bought YES (bid hit),109.477,0.24,26.2744,0.225,-1.5,175.361,121.87,53.4908,8987.98,0,0
2121,2026-06-01T14:18:00+00:00,2026-06-01,Fed Rate Hike by October 2026 Meeting?,0x059db22d,sell_yes,Sold YES (ask lifted),103.28,0.23,23.7544,0.245,-1.5,72.0812,121.87,-49.7892,9011.74,0,0
2122,2026-06-01T14:21:00+00:00,2026-06-01,Will the Sweden Democrats (SD) win the second most seats in the 2026 Swedish parliamentary election?,0x9e2966ab,buy_yes,Bought YES (bid hit),61.968,0.57,35.3218,0.475,-9.5,85.7439,67.6988,18.0451,8976.42,0,0
2123,2026-06-01T14:21:00+00:00,2026-06-01,Will the Moderate Party (M) win the second most seats in the 2026 Swedish parliamentary election?,0xa3d50cf0,sell_yes,Sold YES (ask lifted),69.4042,0.35,24.2915,0.385,-3.5,33.5817,94.811,-61.2293,9000.71,0,0
2124,2026-06-01T14:22:00+00:00,2026-06-01,Fed Rate Hike by October 2026 Meeting?,0x059db22d,buy_yes,Bought YES (bid hit),103.28,0.24,24.7872,0.215,-2.5,175.361,121.87,53.4908,8975.92,0,0
2125,2026-06-01T14:25:00+00:00,2026-06-01,Fed Rate Hike by October 2026 Meeting?,0x059db22d,sell_yes,Sold YES (ask lifted),106.378,0.22,23.4032,0.255,-3.5,68.9828,121.87,-52.8876,8999.32,0,0
2126,2026-06-01T14:27:00+00:00,2026-06-01,Fed Rate Hike by October 2026 Meeting?,0x059db22d,buy_yes,Bought YES (bid hit),106.378,0.25,26.5946,0.24,-1,175.361,121.87,53.4908,8972.73,0,0
2127,2026-06-01T14:27:00+00:00,2026-06-01,Will the Moderate Party (M) win the third most seats in the 2026 Swedish parliamentary election?,0xbbb881b0,sell_yes,Sold YES (ask lifted),46.476,0.5,23.238,0.55,-5,69.807,63.2074,6.59959,8995.97,0,0
2128,2026-06-01T14:30:00+00:00,2026-06-01,Fed Rate Hike by October 2026 Meeting?,0x059db22d,sell_yes,Sold YES (ask lifted),103.28,0.23,23.7544,0.26,-3,72.0812,121.87,-49.7892,9019.72,0,0
2129,2026-06-01T14:31:00+00:00,2026-06-01,Fed Rate Hike by October 2026 Meeting?,0x059db22d,buy_yes,Bought YES (bid hit),103.28,0.25,25.82,0.245,-0.5,175.361,121.87,53.4908,8993.9,0,0
2130,2026-06-01T14:31:00+00:00,2026-06-01,Will the Sweden Democrats (SD) win the third most seats in the 2026 Swedish parliamentary election?,0x939abe4a,sell_yes,Sold YES (ask lifted),46.476,0.27,12.5485,0.34,-7,39.0398,50.1941,-11.1542,9006.45,0,0
2131,2026-06-01T14:33:00+00:00,2026-06-01,Will the Sweden Democrats (SD) win the third most seats in the 2026 Swedish parliamentary election?,0x939abe4a,buy_yes,Bought YES (bid hit),46.476,0.32,14.8723,0.315,-0.5,85.5158,50.1941,35.3218,8991.58,0,0
2132,2026-06-01T14:34:00+00:00,2026-06-01,Fed Rate Hike by October 2026 Meeting?,0x059db22d,sell_yes,Sold YES (ask lifted),103.28,0.23,23.7544,0.26,-3,72.0812,121.87,-49.7892,9015.33,0,0
2133,2026-06-01T14:34:00+00:00,2026-06-01,Will the Sweden Democrats (SD) win the second most seats in the 2026 Swedish parliamentary election?,0x9e2966ab,sell_yes,Sold YES (ask lifted),73.1222,0.53,38.7548,0.56,-3,12.6216,67.6988,-55.0772,9054.09,0,0
2134,2026-06-01T14:36:00+00:00,2026-06-01,Fed Rate Hike by October 2026 Meeting?,0x059db22d,buy_yes,Bought YES (bid hit),103.28,0.25,25.82,0.245,-0.5,175.361,121.87,53.4908,9028.27,0,0
2135,2026-06-01T14:40:00+00:00,2026-06-01,Fed Rate Hike by October 2026 Meeting?,0x059db22d,sell_yes,Sold YES (ask lifted),103.28,0.23,23.7544,0.255,-2.5,72.0812,121.87,-49.7892,9052.02,0,0
2136,2026-06-01T14:41:00+00:00,2026-06-01,Fed Rate Hike by October 2026 Meeting?,0x059db22d,buy_yes,Bought YES (bid hit),118.772,0.25,29.693,0.245,-0.5,190.853,121.87,68.9828,9022.33,0,0
2137,2026-06-01T14:43:00+00:00,2026-06-01,Fed Rate Hike by October 2026 Meeting?,0x059db22d,sell_yes,Sold YES (ask lifted),103.28,0.24,24.7872,0.255,-1.5,87.5732,121.87,-34.2972,9047.12,0,0
2138,2026-06-01T14:45:00+00:00,2026-06-01,Fed Rate Hike by October 2026 Meeting?,0x059db22d,buy_yes,Bought YES (bid hit),103.28,0.24,24.7872,0.225,-1.5,190.853,121.87,68.9828,9022.33,0,0
2139,2026-06-01T14:48:00+00:00,2026-06-01,Fed Rate Hike by October 2026 Meeting?,0x059db22d,sell_yes,Sold YES (ask lifted),103.28,0.23,23.7544,0.25,-2,87.5732,121.87,-34.2972,9046.08,0,0
2140,2026-06-01T14:51:00+00:00,2026-06-01,Fed Rate Hike by October 2026 Meeting?,0x059db22d,buy_yes,Bought YES (bid hit),103.28,0.23,23.7544,0.22,-1,190.853,121.87,68.9828,9022.33,0,0
2141,2026-06-01T14:52:00+00:00,2026-06-01,Fed Rate Hike by October 2026 Meeting?,0x059db22d,sell_yes,Sold YES (ask lifted),103.28,0.23,23.7544,0.25,-2,87.5732,121.87,-34.2972,9046.08,0,0
2142,2026-06-01T14:54:00+00:00,2026-06-01,Fed Rate Hike by October 2026 Meeting?,0x059db22d,buy_yes,Bought YES (bid hit),103.28,0.23,23.7544,0.22,-1,190.853,121.87,68.9828,9022.33,0,0
2143,2026-06-01T14:57:00+00:00,2026-06-01,Fed Rate Hike by October 2026 Meeting?,0x059db22d,sell_yes,Sold YES (ask lifted),103.28,0.23,23.7544,0.25,-2,87.5732,121.87,-34.2972,9046.08,0,0
2144,2026-06-01T14:58:00+00:00,2026-06-01,Fed Rate Hike by October 2026 Meeting?,0x059db22d,buy_yes,Bought YES (bid hit),103.28,0.24,24.7872,0.235,-0.5,190.853,121.87,68.9828,9021.3,0,0
2145,2026-06-01T15:00:00+00:00,2026-06-01,Fed Rate Hike by October 2026 Meeting?,0x059db22d,sell_yes,Sold YES (ask lifted),103.28,0.24,24.7872,0.255,-1.5,87.5732,121.87,-34.2972,9046.08,0,0
2146,2026-06-01T15:01:00+00:00,2026-06-01,Fed Rate Hike by October 2026 Meeting?,0x059db22d,buy_yes,Bought YES (bid hit),109.477,0.25,27.3692,0.245,-0.5,197.05,121.87,75.1796,9018.71,0,0
2147,2026-06-01T15:06:00+00:00,2026-06-01,Will the Sweden Democrats (SD) win the third most seats in the 2026 Swedish parliamentary election?,0x939abe4a,sell_yes,Sold YES (ask lifted),46.476,0.35,16.2666,0.355,-0.5,39.0398,50.1941,-11.1542,9034.98,0,0
2148,2026-06-01T15:07:00+00:00,2026-06-01,Fed Rate Hike by October 2026 Meeting?,0x059db22d,sell_yes,Sold YES (ask lifted),106.378,0.24,25.5308,0.245,-0.5,90.6716,121.87,-31.1988,9060.51,0,0
2149,2026-06-01T15:09:00+00:00,2026-06-01,Fed Rate Hike by October 2026 Meeting?,0x059db22d,buy_yes,Bought YES (bid hit),103.28,0.24,24.7872,0.23,-1,193.952,121.87,72.0812,9035.72,0,0
2150,2026-06-01T15:11:00+00:00,2026-06-01,Fed Rate Hike by October 2026 Meeting?,0x059db22d,sell_yes,Sold YES (ask lifted),103.28,0.24,24.7872,0.26,-2,90.6716,121.87,-31.1988,9060.51,0,0
2151,2026-06-01T15:14:00+00:00,2026-06-01,Fed Rate Hike by October 2026 Meeting?,0x059db22d,buy_yes,Bought YES (bid hit),103.28,0.27,27.8856,0.245,-2.5,193.952,121.87,72.0812,9032.63,0,0
2152,2026-06-01T15:17:00+00:00,2026-06-01,Fed Rate Hike by October 2026 Meeting?,0x059db22d,sell_yes,Sold YES (ask lifted),103.28,0.23,23.7544,0.245,-1.5,90.6716,121.87,-31.1988,9056.38,0,0
2153,2026-06-01T15:23:00+00:00,2026-06-01,Fed Rate Hike by October 2026 Meeting?,0x059db22d,buy_yes,Bought YES (bid hit),103.28,0.23,23.7544,0.23,-0,193.952,121.87,72.0812,9032.63,0,0
2154,2026-06-01T15:24:00+00:00,2026-06-01,Fed Rate Hike by October 2026 Meeting?,0x059db22d,sell_yes,Sold YES (ask lifted),103.28,0.23,23.7544,0.25,-2,90.6716,121.87,-31.1988,9056.38,0,0
2155,2026-06-01T15:27:00+00:00,2026-06-01,Fed Rate Hike by October 2026 Meeting?,0x059db22d,buy_yes,Bought YES (bid hit),106.378,0.25,26.5946,0.245,-0.5,197.05,121.87,75.1796,9029.78,0,0
2156,2026-06-01T15:27:00+00:00,2026-06-01,Will the Sweden Democrats (SD) win the second most seats in the 2026 Swedish parliamentary election?,0x9e2966ab,buy_yes,Bought YES (bid hit),61.968,0.55,34.0824,0.455,-9.5,74.5896,67.6988,6.89084,8995.7,0,0
2157,2026-06-01T15:35:00+00:00,2026-06-01,Fed Rate Hike by October 2026 Meeting?,0x059db22d,sell_yes,Sold YES (ask lifted),109.477,0.23,25.1797,0.26,-3,87.5732,121.87,-34.2972,9020.88,0,0
2158,2026-06-01T15:37:00+00:00,2026-06-01,Fed Rate Hike by October 2026 Meeting?,0x059db22d,buy_yes,Bought YES (bid hit),103.28,0.25,25.82,0.24,-1,190.853,121.87,68.9828,8995.06,0,0
2159,2026-06-01T15:39:00+00:00,2026-06-01,Fed Rate Hike by October 2026 Meeting?,0x059db22d,sell_yes,Sold YES (ask lifted),103.28,0.25,25.82,0.265,-1.5,87.5732,121.87,-34.2972,9020.88,0,0
2160,2026-06-01T15:41:00+00:00,2026-06-01,Fed Rate Hike by October 2026 Meeting?,0x059db22d,buy_yes,Bought YES (bid hit),103.28,0.26,26.8528,0.215,-4.5,190.853,121.87,68.9828,8994.03,0,0
2161,2026-06-01T15:45:00+00:00,2026-06-01,Fed Rate Hike by October 2026 Meeting?,0x059db22d,sell_yes,Sold YES (ask lifted),103.28,0.23,23.7544,0.255,-2.5,87.5732,121.87,-34.2972,9017.78,0,0
2162,2026-06-01T15:47:00+00:00,2026-06-01,Fed Rate Hike by October 2026 Meeting?,0x059db22d,buy_yes,Bought YES (bid hit),112.575,0.24,27.018,0.235,-0.5,200.148,121.87,78.278,8990.77,0,0
2163,2026-06-01T15:50:00+00:00,2026-06-01,Fed Rate Hike by October 2026 Meeting?,0x059db22d,sell_yes,Sold YES (ask lifted),103.28,0.24,24.7872,0.25,-1,96.8684,121.87,-25.002,9015.55,0,0
2164,2026-06-01T15:51:00+00:00,2026-06-01,Fed Rate Hike by October 2026 Meeting?,0x059db22d,buy_yes,Bought YES (bid hit),103.28,0.24,24.7872,0.235,-0.5,200.148,121.87,78.278,8990.77,0,0
2165,2026-06-01T15:54:00+00:00,2026-06-01,Fed Rate Hike by October 2026 Meeting?,0x059db22d,sell_yes,Sold YES (ask lifted),103.28,0.24,24.7872,0.25,-1,96.8684,121.87,-25.002,9015.55,0,0
2166,2026-06-01T15:54:00+00:00,2026-06-01,Will the Sweden Democrats (SD) win the third most seats in the 2026 Swedish parliamentary election?,0x939abe4a,buy_yes,Bought YES (bid hit),46.476,0.31,14.4076,0.3,-1,85.5158,50.1941,35.3218,9001.15,0,0
2167,2026-06-01T15:55:00+00:00,2026-06-01,Fed Rate Hike by October 2026 Meeting?,0x059db22d,buy_yes,Bought YES (bid hit),103.28,0.24,24.7872,0.235,-0.5,200.148,121.87,78.278,8976.36,0,0
2168,2026-06-01T15:59:00+00:00,2026-06-01,Fed Rate Hike by October 2026 Meeting?,0x059db22d,sell_yes,Sold YES (ask lifted),106.378,0.24,25.5308,0.245,-0.5,93.77,121.87,-28.1004,9001.89,0,0
2169,2026-06-01T16:02:00+00:00,2026-06-01,Fed Rate Hike by October 2026 Meeting?,0x059db22d,buy_yes,Bought YES (bid hit),103.28,0.24,24.7872,0.23,-1,197.05,121.87,75.1796,8977.1,0,0
2170,2026-06-01T16:03:00+00:00,2026-06-01,Fed Rate Hike by October 2026 Meeting?,0x059db22d,sell_yes,Sold YES (ask lifted),103.28,0.23,23.7544,0.235,-0.5,93.77,121.87,-28.1004,9000.86,0,0
2171,2026-06-01T16:07:00+00:00,2026-06-01,Fed Rate Hike by October 2026 Meeting?,0x059db22d,buy_yes,Bought YES (bid hit),118.772,0.25,29.693,0.245,-0.5,212.542,121.87,90.6716,8971.16,0,0
2172,2026-06-01T16:10:00+00:00,2026-06-01,Fed Rate Hike by October 2026 Meeting?,0x059db22d,sell_yes,Sold YES (ask lifted),103.28,0.24,24.7872,0.26,-2,109.262,121.87,-12.6084,8995.95,0,0
2173,2026-06-01T16:11:00+00:00,2026-06-01,Fed Rate Hike by October 2026 Meeting?,0x059db22d,buy_yes,Bought YES (bid hit),103.28,0.25,25.82,0.235,-1.5,212.542,121.87,90.6716,8970.13,0,0
2174,2026-06-01T16:14:00+00:00,2026-06-01,Fed Rate Hike by October 2026 Meeting?,0x059db22d,sell_yes,Sold YES (ask lifted),103.28,0.24,24.7872,0.25,-1,109.262,121.87,-12.6084,8994.92,0,0
2175,2026-06-01T16:15:00+00:00,2026-06-01,Fed Rate Hike by October 2026 Meeting?,0x059db22d,buy_yes,Bought YES (bid hit),112.575,0.24,27.018,0.235,-0.5,221.837,121.87,99.9668,8967.9,0,0
2176,2026-06-01T16:18:00+00:00,2026-06-01,Fed Rate Hike by October 2026 Meeting?,0x059db22d,sell_yes,Sold YES (ask lifted),103.28,0.24,24.7872,0.25,-1,118.557,121.87,-3.31322,8992.69,0,0
2177,2026-06-01T16:27:00+00:00,2026-06-01,Will the Sweden Democrats (SD) win the second most seats in the 2026 Swedish parliamentary election?,0x9e2966ab,sell_yes,Sold YES (ask lifted),61.968,0.55,34.0824,0.565,-1.5,12.6216,67.6988,-55.0772,9026.77,0,0
2178,2026-06-01T16:42:00+00:00,2026-06-01,Fed Rate Hike by October 2026 Meeting?,0x059db22d,buy_yes,Bought YES (bid hit),47.9219,0.23,11.022,0.225,-0.5,166.479,121.87,44.6087,9015.75,0,0
2179,2026-06-01T17:16:00+00:00,2026-06-01,Will the Sweden Democrats (SD) win the second most seats in the 2026 Swedish parliamentary election?,0x9e2966ab,buy_yes,Bought YES (bid hit),61.968,0.58,35.9414,0.485,-9.5,74.5896,67.6988,6.89084,8979.81,0,0
2180,2026-06-01T17:21:00+00:00,2026-06-01,Will the Sweden Democrats (SD) win the third most seats in the 2026 Swedish parliamentary election?,0x939abe4a,sell_yes,Sold YES (ask lifted),47.8703,0.36,17.2333,0.365,-0.5,37.6456,50.1941,-12.5485,8997.04,0,0
2181,2026-06-01T17:37:00+00:00,2026-06-01,Will the Sweden Democrats (SD) win the third most seats in the 2026 Swedish parliamentary election?,0x939abe4a,buy_yes,Bought YES (bid hit),49.2646,0.34,16.75,0.325,-1.5,86.9101,50.1941,36.716,8980.29,0,0
2182,2026-06-01T17:54:00+00:00,2026-06-01,Will the Sweden Democrats (SD) win the third most seats in the 2026 Swedish parliamentary election?,0x939abe4a,sell_yes,Sold YES (ask lifted),46.476,0.36,16.7314,0.37,-1,40.4341,50.1941,-9.75996,8997.02,0,0
2183,2026-06-01T18:01:00+00:00,2026-06-01,Will the Sweden Democrats (SD) win the third most seats in the 2026 Swedish parliamentary election?,0x939abe4a,buy_yes,Bought YES (bid hit),49.2646,0.34,16.75,0.33,-1,89.6987,50.1941,39.5046,8980.27,0,0
2184,2026-06-01T18:13:00+00:00,2026-06-01,Will the Sweden Democrats (SD) win the third most seats in the 2026 Swedish parliamentary election?,0x939abe4a,sell_yes,Sold YES (ask lifted),21.5649,0.36,7.7634,0.375,-1.5,68.1338,50.1941,17.9397,8988.03,0,0
2185,2026-06-01T18:25:00+00:00,2026-06-01,Will the Moderate Party (M) win the second most seats in the 2026 Swedish parliamentary election?,0xa3d50cf0,buy_yes,Bought YES (bid hit),61.968,0.45,27.8856,0.44,-1,95.5497,94.811,0.738659,8960.15,0,0
2186,2026-06-01T18:53:00+00:00,2026-06-01,Will the Sweden Democrats (SD) win the third most seats in the 2026 Swedish parliamentary election?,0x939abe4a,sell_yes,Sold YES (ask lifted),47.8703,0.37,17.712,0.385,-1.5,20.2635,50.1941,-29.9305,8977.86,0,0
2187,2026-06-01T19:06:00+00:00,2026-06-01,Will the Sweden Democrats (SD) win the third most seats in the 2026 Swedish parliamentary election?,0x939abe4a,buy_yes,Bought YES (bid hit),49.2646,0.36,17.7352,0.35,-1,69.5281,50.1941,19.334,8960.13,0,0
2188,2026-06-01T19:11:00+00:00,2026-06-01,Clarity Act (H.R.3633) signed into law in 2026?,0x9cb23d04,sell_yes,Sold YES (ask lifted),53.1892,0.49,26.0627,0.535,-4.5,50.0908,53.1892,-3.0984,8986.19,0,0
2189,2026-06-01T19:52:00+00:00,2026-06-01,Will the Sweden Democrats (SD) win the second most seats in the 2026 Swedish parliamentary election?,0x9e2966ab,sell_yes,Sold YES (ask lifted),61.968,0.52,32.2234,0.53,-1,12.6216,67.6988,-55.0772,9018.41,0,0
2190,2026-06-01T19:55:00+00:00,2026-06-01,Fed Rate Hike by October 2026 Meeting?,0x059db22d,sell_yes,Sold YES (ask lifted),103.28,0.25,25.82,0.28,-3,63.1991,121.87,-58.6713,9044.23,0,0
2191,2026-06-01T19:55:00+00:00,2026-06-01,Will the Sweden Democrats (SD) win the third most seats in the 2026 Swedish parliamentary election?,0x939abe4a,sell_yes,Sold YES (ask lifted),46.476,0.38,17.6609,0.41,-3,23.0521,50.1941,-27.142,9061.89,0,0
2192,2026-06-01T20:10:00+00:00,2026-06-01,Will the Sweden Democrats (SD) win the third most seats in the 2026 Swedish parliamentary election?,0x939abe4a,buy_yes,Bought YES (bid hit),52.0531,0.35,18.2186,0.335,-1.5,75.1052,50.1941,24.9111,9043.67,0,0
2193,2026-06-01T20:14:00+00:00,2026-06-01,Fed Rate Hike by October 2026 Meeting?,0x059db22d,buy_yes,Bought YES (bid hit),103.28,0.23,23.7544,0.215,-1.5,166.479,121.87,44.6087,9019.92,0,0
2194,2026-06-01T20:25:00+00:00,2026-06-01,Will the Sweden Democrats (SD) win the third most seats in the 2026 Swedish parliamentary election?,0x939abe4a,sell_yes,Sold YES (ask lifted),46.476,0.35,16.2666,0.37,-2,28.6292,50.1941,-21.5649,9036.19,0,0
2195,2026-06-01T21:01:00+00:00,2026-06-01,Will the Sweden Democrats (SD) win the third most seats in the 2026 Swedish parliamentary election?,0x939abe4a,buy_yes,Bought YES (bid hit),46.476,0.35,16.2666,0.345,-0.5,75.1052,50.1941,24.9111,9019.92,0,0
2196,2026-06-01T21:30:00+00:00,2026-06-01,Will the Sweden Democrats (SD) win the third most seats in the 2026 Swedish parliamentary election?,0x939abe4a,sell_yes,Sold YES (ask lifted),46.476,0.35,16.2666,0.36,-1,28.6292,50.1941,-21.5649,9036.19,0,0
2197,2026-06-01T21:33:00+00:00,2026-06-01,Fed Rate Hike by October 2026 Meeting?,0x059db22d,sell_yes,Sold YES (ask lifted),103.28,0.25,25.82,0.255,-0.5,63.1991,121.87,-58.6713,9062.01,0,0
2198,2026-06-01T21:47:00+00:00,2026-06-01,Will the Moderate Party (M) win the second most seats in the 2026 Swedish parliamentary election?,0xa3d50cf0,sell_yes,Sold YES (ask lifted),61.968,0.43,26.6462,0.455,-2.5,33.5817,94.811,-61.2293,9088.65,0,0
2199,2026-06-01T21:51:00+00:00,2026-06-01,Fed Rate Hike by October 2026 Meeting?,0x059db22d,buy_yes,Bought YES (bid hit),47.9219,0.23,11.022,0.225,-0.5,111.121,121.87,-10.7494,9077.63,0,0
2200,2026-06-01T21:54:00+00:00,2026-06-01,Will the Sweden Democrats (SD) win the third most seats in the 2026 Swedish parliamentary election?,0x939abe4a,buy_yes,Bought YES (bid hit),47.8703,0.33,15.7972,0.32,-1,76.4995,50.1941,26.3054,9061.83,0,0
2201,2026-06-01T22:00:00+00:00,2026-06-01,Will the Sweden Democrats (SD) win the third most seats in the 2026 Swedish parliamentary election?,0x939abe4a,sell_yes,Sold YES (ask lifted),46.476,0.35,16.2666,0.36,-1,30.0235,50.1941,-20.1706,9078.1,0,0
2202,2026-06-01T22:05:00+00:00,2026-06-01,Will the Sweden Democrats (SD) win the third most seats in the 2026 Swedish parliamentary election?,0x939abe4a,buy_yes,Bought YES (bid hit),46.476,0.33,15.3371,0.32,-1,76.4995,50.1941,26.3054,9062.76,0,0
2203,2026-06-01T22:21:00+00:00,2026-06-01,Fed Rate Hike by October 2026 Meeting?,0x059db22d,buy_yes,Bought YES (bid hit),103.28,0.23,23.7544,0.22,-1,214.401,121.87,92.5306,9039.01,0,0
2204,2026-06-01T22:21:00+00:00,2026-06-01,Will the Sweden Democrats (SD) win the third most seats in the 2026 Swedish parliamentary election?,0x939abe4a,sell_yes,Sold YES (ask lifted),21.5649,0.37,7.979,0.38,-1,54.9346,50.1941,4.74055,9046.99,0,0
2205,2026-06-01T22:25:00+00:00,2026-06-01,Fed Rate Hike by October 2026 Meeting?,0x059db22d,sell_yes,Sold YES (ask lifted),47.9219,0.25,11.9805,0.255,-0.5,166.479,121.87,44.6087,9058.97,0,0
2206,2026-06-01T22:35:00+00:00,2026-06-01,Will the Sweden Democrats (SD) win the third most seats in the 2026 Swedish parliamentary election?,0x939abe4a,sell_yes,Sold YES (ask lifted),46.476,0.38,17.6609,0.39,-1,8.45863,50.1941,-41.7354,9076.63,0,0
2207,2026-06-01T22:37:00+00:00,2026-06-01,Will the Sweden Democrats (SD) win the third most seats in the 2026 Swedish parliamentary election?,0x939abe4a,buy_yes,Bought YES (bid hit),46.476,0.35,16.2666,0.335,-1.5,54.9346,50.1941,4.74055,9060.36,0,0
2208,2026-06-01T23:04:00+00:00,2026-06-01,Fed Rate Hike by October 2026 Meeting?,0x059db22d,sell_yes,Sold YES (ask lifted),103.28,0.25,25.82,0.26,-1,63.1991,121.87,-58.6713,9086.18,0,0
2209,2026-06-01T23:38:00+00:00,2026-06-01,Will the Sweden Democrats (SD) win the third most seats in the 2026 Swedish parliamentary election?,0x939abe4a,sell_yes,Sold YES (ask lifted),46.476,0.37,17.1961,0.395,-2.5,8.45863,50.1941,-41.7354,9103.38,0,0
2210,2026-06-01T23:47:00+00:00,2026-06-01,Fed Rate Hike by October 2026 Meeting?,0x059db22d,buy_yes,Bought YES (bid hit),103.28,0.23,23.7544,0.225,-0.5,166.479,121.87,44.6087,9079.62,0,0
2211,2026-06-02T00:00:00+00:00,2026-06-02,Will there be no change in Fed interest rates after the September 2026 meeting?,0xa3b36b2d,buy_yes,Bought YES (bid hit),103.28,0.78,80.5584,0.425,-35.5,120.838,64.6533,56.1843,9026.18,0,0
2212,2026-06-02T00:01:00+00:00,2026-06-02,Will Ulf Kristersson be the next Prime Minister of Sweden?,0x8a42bb4c,buy_yes,Bought YES (bid hit),51.64,0.22,11.3608,0.18,-4,51.64,3.0984,48.5416,9014.82,0,0
2213,2026-06-02T00:03:00+00:00,2026-06-02,Will Ulf Kristersson be the next Prime Minister of Sweden?,0x8a42bb4c,sell_yes,Sold YES (ask lifted),51.64,0.19,9.8116,0.255,-6.5,0,3.0984,-3.0984,9024.63,0,0
2214,2026-06-02T00:04:00+00:00,2026-06-02,Will the Moderate Party (M) win the second most seats in the 2026 Swedish parliamentary election?,0xa3d50cf0,buy_yes,Bought YES (bid hit),61.968,0.45,27.8856,0.45,-0,95.5497,94.811,0.738659,8996.74,0,0
2215,2026-06-02T00:05:00+00:00,2026-06-02,Will Harry Kane win the 2026 Ballon d'Or?,0x12dc2b61,sell_yes,Sold YES (ask lifted),25.82,0.21,5.4222,0.2675,-5.75,0,24.9679,-24.9679,9002.17,0,0
2216,2026-06-02T00:05:00+00:00,2026-06-02,Will the Sweden Democrats (SD) win the second most seats in the 2026 Swedish parliamentary election?,0x9e2966ab,buy_yes,Bought YES (bid hit),61.968,0.51,31.6037,0.5,-1,74.5896,67.6988,6.89084,8970.56,0,0
2217,2026-06-02T00:12:00+00:00,2026-06-02,Will there be no change in Fed interest rates after the September 2026 meeting?,0xa3b36b2d,sell_yes,Sold YES (ask lifted),103.28,0.44,45.4432,0.6,-16,17.5576,64.6533,-47.0957,9016,0,0
2218,2026-06-02T00:13:00+00:00,2026-06-02,Will Kimi Antonelli be the 2026 F1 Drivers' Champion?,0xcd264046,sell_yes,Sold YES (ask lifted),51.7949,0.35,18.1282,0.5115,-16.15,0,51.7949,-51.7949,9000.47,0,0
2219,2026-06-02T00:16:00+00:00,2026-06-02,Fed Rate Hike by October 2026 Meeting?,0x059db22d,sell_yes,Sold YES (ask lifted),103.28,0.24,24.7872,0.25,-1,63.1991,121.87,-58.6713,9025.25,0,0
2220,2026-06-02T00:17:00+00:00,2026-06-02,Fed Rate Hike by October 2026 Meeting?,0x059db22d,buy_yes,Bought YES (bid hit),103.28,0.24,24.7872,0.235,-0.5,166.479,121.87,44.6087,9000.47,0,0
2221,2026-06-02T00:18:00+00:00,2026-06-02,Fed Rate Hike by October 2026 Meeting?,0x059db22d,sell_yes,Sold YES (ask lifted),109.477,0.24,26.2744,0.245,-0.5,57.0023,121.87,-64.8681,9026.74,0,0
2222,2026-06-02T00:19:00+00:00,2026-06-02,Fed Rate Hike by October 2026 Meeting?,0x059db22d,buy_yes,Bought YES (bid hit),146.658,0.24,35.1978,0.23,-1,203.66,121.87,81.7895,8991.54,0,0
2223,2026-06-02T00:22:00+00:00,2026-06-02,Fed Rate Hike by October 2026 Meeting?,0x059db22d,sell_yes,Sold YES (ask lifted),112.575,0.24,27.018,0.245,-0.5,91.0847,121.87,-30.7857,9018.56,0,0
2224,2026-06-02T00:24:00+00:00,2026-06-02,Fed Rate Hike by October 2026 Meeting?,0x059db22d,buy_yes,Bought YES (bid hit),103.28,0.25,25.82,0.16,-9,194.365,121.87,72.4943,8992.74,0,0
2225,2026-06-02T00:34:00+00:00,2026-06-02,Bab el-Mandeb Strait effectively closed by September 30?,0x95fc6a4e,buy_yes,Bought YES (bid hit),103.28,0.21,21.6888,0.17,-4,103.28,112.575,-9.2952,8971.05,0,0
2226,2026-06-02T00:36:00+00:00,2026-06-02,Fed Rate Hike by October 2026 Meeting?,0x059db22d,sell_yes,Sold YES (ask lifted),103.28,0.24,24.7872,0.26,-2,91.0847,121.87,-30.7857,8995.84,0,0
2227,2026-06-02T00:36:00+00:00,2026-06-02,Will the Sweden Democrats (SD) win the third most seats in the 2026 Swedish parliamentary election?,0x939abe4a,buy_yes,Bought YES (bid hit),49.2646,0.38,18.7205,0.375,-0.5,57.7232,50.1941,7.52911,8977.12,0,0
2228,2026-06-02T00:37:00+00:00,2026-06-02,Fed Rate Hike by October 2026 Meeting?,0x059db22d,buy_yes,Bought YES (bid hit),109.477,0.25,27.3692,0.235,-1.5,200.561,121.87,78.6911,8949.75,0,0
2229,2026-06-02T00:40:00+00:00,2026-06-02,Fed Rate Hike by October 2026 Meeting?,0x059db22d,sell_yes,Sold YES (ask lifted),106.378,0.23,24.467,0.245,-1.5,94.1831,121.87,-27.6873,8974.22,0,0
2230,2026-06-02T00:41:00+00:00,2026-06-02,Fed Rate Hike by October 2026 Meeting?,0x059db22d,buy_yes,Bought YES (bid hit),103.28,0.24,24.7872,0.235,-0.5,197.463,121.87,75.5927,8949.43,0,0
2231,2026-06-02T00:44:00+00:00,2026-06-02,Fed Rate Hike by October 2026 Meeting?,0x059db22d,sell_yes,Sold YES (ask lifted),103.28,0.24,24.7872,0.26,-2,94.1831,121.87,-27.6873,8974.22,0,0
2232,2026-06-02T00:47:00+00:00,2026-06-02,Fed Rate Hike by October 2026 Meeting?,0x059db22d,buy_yes,Bought YES (bid hit),140.461,0.25,35.1152,0.22,-3,234.644,121.87,112.773,8939.1,0,0
2233,2026-06-02T00:48:00+00:00,2026-06-02,Fed Rate Hike by October 2026 Meeting?,0x059db22d,sell_yes,Sold YES (ask lifted),103.28,0.24,24.7872,0.25,-1,131.364,121.87,9.4935,8963.89,0,0
2234,2026-06-02T00:51:00+00:00,2026-06-02,Fed Rate Hike by October 2026 Meeting?,0x059db22d,sell_yes,Sold YES (ask lifted),109.477,0.23,25.1797,0.24,-1,21.8871,121.87,-99.9833,8989.07,0,0
2235,2026-06-02T00:52:00+00:00,2026-06-02,Fed Rate Hike by October 2026 Meeting?,0x059db22d,buy_yes,Bought YES (bid hit),103.28,0.22,22.7216,0.16,-6,125.167,121.87,3.2967,8966.35,0,0
2236,2026-06-02T00:55:00+00:00,2026-06-02,Will the Sweden Democrats (SD) win the third most seats in the 2026 Swedish parliamentary election?,0x939abe4a,sell_yes,Sold YES (ask lifted),21.5649,0.38,8.1946,0.39,-1,36.1583,50.1941,-14.0358,8974.54,0,0
2237,2026-06-02T01:01:00+00:00,2026-06-02,Will the Moderate Party (M) win the second most seats in the 2026 Swedish parliamentary election?,0xa3d50cf0,sell_yes,Sold YES (ask lifted),61.968,0.43,26.6462,0.44,-1,33.5817,94.811,-61.2293,9001.19,0,0
2238,2026-06-02T01:18:00+00:00,2026-06-02,Fed Rate Hike by October 2026 Meeting?,0x059db22d,buy_yes,Bought YES (bid hit),47.9219,0.23,11.022,0.23,-0,173.089,121.87,51.2186,8990.17,0,0
2239,2026-06-02T01:28:00+00:00,2026-06-02,Fed Rate Hike by October 2026 Meeting?,0x059db22d,sell_yes,Sold YES (ask lifted),47.9219,0.25,11.9805,0.26,-1,125.167,121.87,3.2967,9002.15,0,0
2240,2026-06-02T01:52:00+00:00,2026-06-02,Fed Rate Hike by October 2026 Meeting?,0x059db22d,buy_yes,Bought YES (bid hit),103.28,0.22,22.7216,0.185,-3.5,228.447,121.87,106.577,8979.42,0,0
2241,2026-06-02T01:59:00+00:00,2026-06-02,Will the Sweden Democrats (SD) win the third most seats in the 2026 Swedish parliamentary election?,0x939abe4a,buy_yes,Bought YES (bid hit),50.6588,0.36,18.2372,0.285,-7.5,86.8172,50.1941,36.6231,8961.19,0,0
2242,2026-06-02T02:19:00+00:00,2026-06-02,Fed Rate Hike by October 2026 Meeting?,0x059db22d,sell_yes,Sold YES (ask lifted),121.87,0.21,25.5928,0.22,-1,106.577,121.87,-15.2937,8986.78,0,0
2243,2026-06-02T02:37:00+00:00,2026-06-02,Will the Moderate Party (M) win the second most seats in the 2026 Swedish parliamentary election?,0xa3d50cf0,buy_yes,Bought YES (bid hit),61.968,0.43,26.6462,0.425,-0.5,95.5497,94.811,0.738659,8960.13,0,0
2244,2026-06-02T02:38:00+00:00,2026-06-02,Will the Moderate Party (M) win the third most seats in the 2026 Swedish parliamentary election?,0xbbb881b0,buy_yes,Bought YES (bid hit),46.476,0.51,23.7028,0.465,-4.5,116.283,63.2074,53.0756,8936.43,0,0
2245,2026-06-02T02:39:00+00:00,2026-06-02,Will the Sweden Democrats (SD) win the third most seats in the 2026 Swedish parliamentary election?,0x939abe4a,sell_yes,Sold YES (ask lifted),46.476,0.3,13.9428,0.36,-6,40.3412,50.1941,-9.85291,8950.37,0,0
2246,2026-06-02T02:42:00+00:00,2026-06-02,Fed Rate Hike by October 2026 Meeting?,0x059db22d,sell_yes,Sold YES (ask lifted),103.28,0.25,25.82,0.26,-1,3.2967,121.87,-118.574,8976.19,0,0
2247,2026-06-02T02:58:00+00:00,2026-06-02,Will the Moderate Party (M) win the third most seats in the 2026 Swedish parliamentary election?,0xbbb881b0,sell_yes,Sold YES (ask lifted),46.476,0.5,23.238,0.545,-4.5,69.807,63.2074,6.59959,8999.43,0,0
2248,2026-06-02T03:00:00+00:00,2026-06-02,Will the Sweden Democrats (SD) win the third most seats in the 2026 Swedish parliamentary election?,0x939abe4a,sell_yes,Sold YES (ask lifted),46.476,0.37,17.1961,0.38,-1,0,56.3289,-56.3289,9012.76,0,0
2249,2026-06-02T03:05:00+00:00,2026-06-02,Fed Rate Hike by October 2026 Meeting?,0x059db22d,buy_yes,Bought YES (bid hit),47.9219,0.23,11.022,0.2,-3,51.2186,121.87,-70.6518,9001.74,0,0
2250,2026-06-02T03:20:00+00:00,2026-06-02,Will the Sweden Democrats (SD) win the third most seats in the 2026 Swedish parliamentary election?,0x939abe4a,buy_yes,Bought YES (bid hit),46.476,0.34,15.8018,0.325,-1.5,46.476,56.3289,-9.85291,8985.94,0,0
2251,2026-06-02T03:27:00+00:00,2026-06-02,Fed Rate Hike by October 2026 Meeting?,0x059db22d,buy_yes,Bought YES (bid hit),103.28,0.21,21.6888,0.155,-5.5,154.499,121.87,32.6282,8964.25,0,0
2252,2026-06-02T03:36:00+00:00,2026-06-02,Will the Sweden Democrats (SD) win the third most seats in the 2026 Swedish parliamentary election?,0x939abe4a,sell_yes,Sold YES (ask lifted),46.476,0.35,16.2666,0.365,-1.5,0,56.3289,-56.3289,8980.52,0,0
2253,2026-06-02T03:40:00+00:00,2026-06-02,Fed Rate Hike by October 2026 Meeting?,0x059db22d,sell_yes,Sold YES (ask lifted),103.28,0.25,25.82,0.26,-1,51.2186,121.87,-70.6518,9006.34,0,0
2254,2026-06-02T03:46:00+00:00,2026-06-02,Will the Sweden Democrats (SD) win the second most seats in the 2026 Swedish parliamentary election?,0x9e2966ab,sell_yes,Sold YES (ask lifted),61.968,0.53,32.843,0.535,-0.5,12.6216,67.6988,-55.0772,9039.18,0,0
2255,2026-06-02T03:47:00+00:00,2026-06-02,Will the Sweden Democrats (SD) win the third most seats in the 2026 Swedish parliamentary election?,0x939abe4a,buy_yes,Bought YES (bid hit),49.2646,0.33,16.2573,0.325,-0.5,49.2646,56.3289,-7.06435,9022.92,0,0
2256,2026-06-02T03:51:00+00:00,2026-06-02,Fed Rate Hike by October 2026 Meeting?,0x059db22d,buy_yes,Bought YES (bid hit),47.9219,0.21,10.0636,0.15,-6,99.1405,121.87,-22.7299,9012.86,0,0
2257,2026-06-02T03:52:00+00:00,2026-06-02,Will the Sweden Democrats (SD) win the third most seats in the 2026 Swedish parliamentary election?,0x939abe4a,buy_yes,Bought YES (bid hit),47.8703,0.33,15.7972,0.315,-1.5,97.1348,56.3289,40.8059,8997.06,0,0
2258,2026-06-02T04:01:00+00:00,2026-06-02,Will the Moderate Party (M) win the second most seats in the 2026 Swedish parliamentary election?,0xa3d50cf0,buy_yes,Bought YES (bid hit),61.968,0.42,26.0266,0.4,-2,157.518,94.811,62.7067,8971.03,0,0
2259,2026-06-02T04:03:00+00:00,2026-06-02,Will the Moderate Party (M) win the second most seats in the 2026 Swedish parliamentary election?,0xa3d50cf0,sell_yes,Sold YES (ask lifted),61.968,0.44,27.2659,0.445,-0.5,95.5497,94.811,0.738659,8998.3,0,0
2260,2026-06-02T04:12:00+00:00,2026-06-02,Fed Rate Hike by October 2026 Meeting?,0x059db22d,buy_yes,Bought YES (bid hit),103.28,0.21,21.6888,0.15,-6,202.421,121.87,80.5501,8976.61,0,0
2261,2026-06-02T04:33:00+00:00,2026-06-02,Fed Rate Hike by October 2026 Meeting?,0x059db22d,sell_yes,Sold YES (ask lifted),103.28,0.23,23.7544,0.26,-3,99.1405,121.87,-22.7299,9000.37,0,0
2262,2026-06-02T04:41:00+00:00,2026-06-02,Fed Rate Hike by October 2026 Meeting?,0x059db22d,sell_yes,Sold YES (ask lifted),103.28,0.25,25.82,0.255,-0.5,0,126.01,-126.01,9023.08,0,0
2263,2026-06-02T04:58:00+00:00,2026-06-02,Will the Sweden Democrats (SD) win the third most seats in the 2026 Swedish parliamentary election?,0x939abe4a,sell_yes,Sold YES (ask lifted),46.476,0.36,16.7314,0.375,-1.5,50.6588,56.3289,-5.67007,9039.81,0,0
2264,2026-06-02T05:00:00+00:00,2026-06-02,Will the Sweden Democrats (SD) win the third most seats in the 2026 Swedish parliamentary election?,0x939abe4a,buy_yes,Bought YES (bid hit),46.476,0.34,15.8018,0.325,-1.5,97.1348,56.3289,40.8059,9024.01,0,0
2265,2026-06-02T05:11:00+00:00,2026-06-02,Fed Rate Hike by October 2026 Meeting?,0x059db22d,buy_yes,Bought YES (bid hit),103.28,0.21,21.6888,0.165,-4.5,103.28,126.01,-22.7299,9002.32,0,0
2266,2026-06-02T05:13:00+00:00,2026-06-02,Fed Rate Hike by October 2026 Meeting?,0x059db22d,sell_yes,Sold YES (ask lifted),121.87,0.19,23.1554,0.215,-2.5,0,144.6,-144.6,9010.42,0,0
2267,2026-06-02T05:28:00+00:00,2026-06-02,Will the Sweden Democrats (SD) win the third most seats in the 2026 Swedish parliamentary election?,0x939abe4a,sell_yes,Sold YES (ask lifted),46.476,0.44,20.4494,0.45,-1,50.6588,56.3289,-5.67007,9030.87,0,0
2268,2026-06-02T05:37:00+00:00,2026-06-02,Will the Sweden Democrats (SD) win the third most seats in the 2026 Swedish parliamentary election?,0x939abe4a,buy_yes,Bought YES (bid hit),46.476,0.37,17.1961,0.345,-2.5,97.1348,56.3289,40.8059,9013.67,0,0
2269,2026-06-02T05:42:00+00:00,2026-06-02,Will the Sweden Democrats (SD) win the third most seats in the 2026 Swedish parliamentary election?,0x939abe4a,sell_yes,Sold YES (ask lifted),46.476,0.39,18.1256,0.395,-0.5,50.6588,56.3289,-5.67007,9031.8,0,0
2270,2026-06-02T05:57:00+00:00,2026-06-02,Will the Fed increase interest rates by 25 bps after the September 2026 meeting?,0x876506d8,buy_yes,Bought YES (bid hit),103.28,0.12,12.3936,0.115,-0.5,106.378,106.378,0,9019.41,0,0
2271,2026-06-02T05:58:00+00:00,2026-06-02,Will the Moderate Party (M) win the second most seats in the 2026 Swedish parliamentary election?,0xa3d50cf0,buy_yes,Bought YES (bid hit),61.968,0.4,24.7872,0.395,-0.5,157.518,94.811,62.7067,8994.62,0,0
2272,2026-06-02T06:01:00+00:00,2026-06-02,Will the Sweden Democrats (SD) win the third most seats in the 2026 Swedish parliamentary election?,0x939abe4a,buy_yes,Bought YES (bid hit),46.476,0.36,16.7314,0.34,-2,97.1348,56.3289,40.8059,8977.89,0,0
2273,2026-06-02T06:09:00+00:00,2026-06-02,Will the Sweden Democrats (SD) win the third most seats in the 2026 Swedish parliamentary election?,0x939abe4a,sell_yes,Sold YES (ask lifted),46.476,0.39,18.1256,0.405,-1.5,50.6588,56.3289,-5.67007,8996.01,0,0
2274,2026-06-02T06:16:00+00:00,2026-06-02,Will the Sweden Democrats (SD) win the third most seats in the 2026 Swedish parliamentary election?,0x939abe4a,buy_yes,Bought YES (bid hit),47.8703,0.37,17.712,0.36,-1,98.5291,56.3289,42.2002,8978.3,0,0
2275,2026-06-02T06:45:00+00:00,2026-06-02,Will the Sweden Democrats (SD) win the third most seats in the 2026 Swedish parliamentary election?,0x939abe4a,sell_yes,Sold YES (ask lifted),46.476,0.39,18.1256,0.405,-1.5,52.0531,56.3289,-4.27579,8996.43,0,0
2276,2026-06-02T06:47:00+00:00,2026-06-02,Will the Sweden Democrats (SD) win the third most seats in the 2026 Swedish parliamentary election?,0x939abe4a,buy_yes,Bought YES (bid hit),46.476,0.37,17.1961,0.365,-0.5,98.5291,56.3289,42.2002,8979.23,0,0
2277,2026-06-02T06:54:00+00:00,2026-06-02,Fed Rate Hike by October 2026 Meeting?,0x059db22d,buy_yes,Bought YES (bid hit),103.28,0.25,25.82,0.24,-1,103.28,144.6,-41.3203,8953.41,0,0
2278,2026-06-02T07:03:00+00:00,2026-06-02,Will the Sweden Democrats (SD) win the third most seats in the 2026 Swedish parliamentary election?,0x939abe4a,sell_yes,Sold YES (ask lifted),46.476,0.42,19.5199,0.43,-1,52.0531,56.3289,-4.27579,8972.93,0,0
2279,2026-06-02T07:22:00+00:00,2026-06-02,Fed Rate Hike by October 2026 Meeting?,0x059db22d,buy_yes,Bought YES (bid hit),103.28,0.27,27.8856,0.265,-0.5,206.56,144.6,61.9597,8945.04,0,0
2280,2026-06-02T07:38:00+00:00,2026-06-02,Will the Sweden Democrats (SD) win the third most seats in the 2026 Swedish parliamentary election?,0x939abe4a,buy_yes,Bought YES (bid hit),46.476,0.38,17.6609,0.375,-0.5,98.5291,56.3289,42.2002,8927.38,0,0
2281,2026-06-02T08:38:00+00:00,2026-06-02,Will the Sweden Democrats (SD) win the third most seats in the 2026 Swedish parliamentary election?,0x939abe4a,sell_yes,Sold YES (ask lifted),46.476,0.41,19.0552,0.41,-0,52.0531,56.3289,-4.27579,8946.44,0,0
2282,2026-06-02T08:50:00+00:00,2026-06-02,Will the Sweden Democrats (SD) win the third most seats in the 2026 Swedish parliamentary election?,0x939abe4a,sell_yes,Sold YES (ask lifted),46.476,0.4,18.5904,0.41,-1,5.57712,56.3289,-50.7518,8965.03,0,0
2283,2026-06-02T09:02:00+00:00,2026-06-02,Will the Sweden Democrats (SD) win the third most seats in the 2026 Swedish parliamentary election?,0x939abe4a,buy_yes,Bought YES (bid hit),46.476,0.37,17.1961,0.365,-0.5,52.0531,56.3289,-4.27579,8947.83,0,0
2284,2026-06-02T09:07:00+00:00,2026-06-02,Will the Sweden Democrats (SD) win the third most seats in the 2026 Swedish parliamentary election?,0x939abe4a,sell_yes,Sold YES (ask lifted),46.476,0.4,18.5904,0.41,-1,5.57712,56.3289,-50.7518,8966.42,0,0
2285,2026-06-02T09:19:00+00:00,2026-06-02,Will the Sweden Democrats (SD) win the third most seats in the 2026 Swedish parliamentary election?,0x939abe4a,buy_yes,Bought YES (bid hit),46.476,0.39,18.1256,0.365,-2.5,52.0531,56.3289,-4.27579,8948.3,0,0
2286,2026-06-02T09:40:00+00:00,2026-06-02,Will the Sweden Democrats (SD) win the third most seats in the 2026 Swedish parliamentary election?,0x939abe4a,sell_yes,Sold YES (ask lifted),46.476,0.4,18.5904,0.41,-1,5.57712,56.3289,-50.7518,8966.89,0,0
2287,2026-06-02T09:50:00+00:00,2026-06-02,Will the Sweden Democrats (SD) win the third most seats in the 2026 Swedish parliamentary election?,0x939abe4a,buy_yes,Bought YES (bid hit),46.476,0.37,17.1961,0.365,-0.5,52.0531,56.3289,-4.27579,8949.69,0,0
2288,2026-06-02T10:07:00+00:00,2026-06-02,Will the Sweden Democrats (SD) win the third most seats in the 2026 Swedish parliamentary election?,0x939abe4a,sell_yes,Sold YES (ask lifted),46.476,0.41,19.0552,0.41,-0,5.57712,56.3289,-50.7518,8968.75,0,0
2289,2026-06-02T10:08:00+00:00,2026-06-02,Fed Rate Hike by October 2026 Meeting?,0x059db22d,sell_yes,Sold YES (ask lifted),103.28,0.29,29.9512,0.295,-0.5,103.28,144.6,-41.3203,8998.7,0,0
2290,2026-06-02T10:11:00+00:00,2026-06-02,Will the Sweden Democrats (SD) win the third most seats in the 2026 Swedish parliamentary election?,0x939abe4a,buy_yes,Bought YES (bid hit),46.476,0.37,17.1961,0.365,-0.5,52.0531,56.3289,-4.27579,8981.5,0,0
2291,2026-06-02T10:19:00+00:00,2026-06-02,Will the Sweden Democrats (SD) win the third most seats in the 2026 Swedish parliamentary election?,0x939abe4a,sell_yes,Sold YES (ask lifted),46.476,0.4,18.5904,0.415,-1.5,5.57712,56.3289,-50.7518,9000.09,0,0
2292,2026-06-02T10:29:00+00:00,2026-06-02,Will the Sweden Democrats (SD) win the third most seats in the 2026 Swedish parliamentary election?,0x939abe4a,buy_yes,Bought YES (bid hit),46.476,0.37,17.1961,0.365,-0.5,52.0531,56.3289,-4.27579,8982.9,0,0
2293,2026-06-02T10:34:00+00:00,2026-06-02,Will the Sweden Democrats (SD) win the third most seats in the 2026 Swedish parliamentary election?,0x939abe4a,sell_yes,Sold YES (ask lifted),46.476,0.41,19.0552,0.435,-2.5,5.57712,56.3289,-50.7518,9001.95,0,0
2294,2026-06-02T10:37:00+00:00,2026-06-02,Will the Sweden Democrats (SD) win the third most seats in the 2026 Swedish parliamentary election?,0x939abe4a,buy_yes,Bought YES (bid hit),46.476,0.37,17.1961,0.365,-0.5,52.0531,56.3289,-4.27579,8984.76,0,0
2295,2026-06-02T10:58:00+00:00,2026-06-02,Will the Sweden Democrats (SD) win the third most seats in the 2026 Swedish parliamentary election?,0x939abe4a,buy_yes,Bought YES (bid hit),46.476,0.37,17.1961,0.365,-0.5,98.5291,56.3289,42.2002,8967.56,0,0
2296,2026-06-02T11:14:00+00:00,2026-06-02,Will the Sweden Democrats (SD) win the third most seats in the 2026 Swedish parliamentary election?,0x939abe4a,sell_yes,Sold YES (ask lifted),21.5649,0.4,8.6259,0.41,-1,76.9643,56.3289,20.6353,8976.19,0,0
2297,2026-06-02T11:23:00+00:00,2026-06-02,Will the Sweden Democrats (SD) win the third most seats in the 2026 Swedish parliamentary election?,0x939abe4a,sell_yes,Sold YES (ask lifted),21.5649,0.39,8.4103,0.41,-2,55.3994,56.3289,-0.92952,8984.6,0,0
2298,2026-06-02T11:26:00+00:00,2026-06-02,Will the Sweden Democrats (SD) win the third most seats in the 2026 Swedish parliamentary election?,0x939abe4a,sell_yes,Sold YES (ask lifted),21.5649,0.4,8.6259,0.42,-2,33.8345,56.3289,-22.4944,8993.22,0,0
2299,2026-06-02T12:11:00+00:00,2026-06-02,Will the Moderate Party (M) win the second most seats in the 2026 Swedish parliamentary election?,0xa3d50cf0,sell_yes,Sold YES (ask lifted),61.968,0.46,28.5053,0.465,-0.5,95.5497,94.811,0.738659,9021.73,0,0
2300,2026-06-02T12:19:00+00:00,2026-06-02,Will the Sweden Democrats (SD) win the third most seats in the 2026 Swedish parliamentary election?,0x939abe4a,sell_yes,Sold YES (ask lifted),46.476,0.4,18.5904,0.415,-1.5,0,68.9704,-68.9704,9032.73,0,0
2301,2026-06-02T12:20:00+00:00,2026-06-02,Will the Moderate Party (M) win the third most seats in the 2026 Swedish parliamentary election?,0xbbb881b0,buy_yes,Bought YES (bid hit),46.476,0.5,23.238,0.48,-2,116.283,63.2074,53.0756,9009.49,0,0
2302,2026-06-02T12:32:00+00:00,2026-06-02,Will the Sweden Democrats (SD) win the third most seats in the 2026 Swedish parliamentary election?,0x939abe4a,buy_yes,Bought YES (bid hit),46.476,0.37,17.1961,0.36,-1,46.476,68.9704,-22.4944,8992.3,0,0
2303,2026-06-02T12:53:00+00:00,2026-06-02,Will the Moderate Party (M) win the second most seats in the 2026 Swedish parliamentary election?,0xa3d50cf0,buy_yes,Bought YES (bid hit),61.968,0.42,26.0266,0.41,-1,157.518,94.811,62.7067,8966.27,0,0
2304,2026-06-02T12:58:00+00:00,2026-06-02,Will the Sweden Democrats (SD) win the third most seats in the 2026 Swedish parliamentary election?,0x939abe4a,sell_yes,Sold YES (ask lifted),46.476,0.4,18.5904,0.415,-1.5,0,68.9704,-68.9704,8984.86,0,0
2305,2026-06-02T13:29:00+00:00,2026-06-02,Will the Moderate Party (M) win the second most seats in the 2026 Swedish parliamentary election?,0xa3d50cf0,sell_yes,Sold YES (ask lifted),61.968,0.43,26.6462,0.46,-3,95.5497,94.811,0.738659,9011.51,0,0
2306,2026-06-02T14:21:00+00:00,2026-06-02,Will the Moderate Party (M) win the second most seats in the 2026 Swedish parliamentary election?,0xa3d50cf0,buy_yes,Bought YES (bid hit),61.968,0.42,26.0266,0.39,-3,157.518,94.811,62.7067,8985.48,0,0
2307,2026-06-02T14:35:00+00:00,2026-06-02,Fed Rate Hike by October 2026 Meeting?,0x059db22d,buy_yes,Bought YES (bid hit),103.28,0.27,27.8856,0.265,-0.5,206.56,144.6,61.9597,8957.6,0,0
2308,2026-06-02T14:35:00+00:00,2026-06-02,Will the Sweden Democrats (SD) win the third most seats in the 2026 Swedish parliamentary election?,0x939abe4a,buy_yes,Bought YES (bid hit),46.476,0.33,15.3371,0.32,-1,46.476,68.9704,-22.4944,8942.26,0,0
2309,2026-06-02T19:05:00+00:00,2026-06-02,Fed Rate Hike by October 2026 Meeting?,0x059db22d,sell_yes,Sold YES (ask lifted),103.28,0.3,30.984,0.305,-0.5,103.28,144.6,-41.3203,8973.24,0,0
2310,2026-06-02T19:09:00+00:00,2026-06-02,Fed Rate Hike by October 2026 Meeting?,0x059db22d,buy_yes,Bought YES (bid hit),47.9219,0.28,13.4181,0.275,-0.5,151.202,144.6,6.60166,8959.82,0,0
2311,2026-06-02T21:14:00+00:00,2026-06-02,Fed Rate Hike by October 2026 Meeting?,0x059db22d,buy_yes,Bought YES (bid hit),103.28,0.25,25.82,0.24,-1,254.482,144.6,109.882,8934,0,0
2312,2026-06-02T21:54:00+00:00,2026-06-02,Bab el-Mandeb Strait effectively closed by September 30?,0x95fc6a4e,buy_yes,Bought YES (bid hit),103.28,0.19,19.6232,0.185,-0.5,206.56,112.575,93.9848,8914.38,0,0
2313,2026-06-02T23:19:00+00:00,2026-06-02,Bab el-Mandeb Strait effectively closed by September 30?,0x95fc6a4e,sell_yes,Sold YES (ask lifted),103.28,0.17,17.5576,0.175,-0.5,103.28,112.575,-9.2952,8931.94,0,0
2314,2026-06-02T23:29:00+00:00,2026-06-02,Will the Sweden Democrats (SD) win the third most seats in the 2026 Swedish parliamentary election?,0x939abe4a,buy_yes,Bought YES (bid hit),46.476,0.38,17.6609,0.36,-2,92.952,68.9704,23.9816,8914.28,0,0
2315,2026-06-03T00:00:00+00:00,2026-06-03,Will Édouard Philippe win the 2027 French presidential election?,0x46f2f457,buy_yes,Bought YES (bid hit),51.64,0.13,6.7132,0.11,-2,103.28,53.1892,50.0908,8947.26,0,0
2316,2026-06-03T00:00:00+00:00,2026-06-03,Will there be no change in Fed interest rates after the September 2026 meeting?,0xa3b36b2d,buy_yes,Bought YES (bid hit),106.378,0.79,84.0389,0.545,-24.5,123.936,64.6533,59.2827,8863.22,0,0
2317,2026-06-03T00:00:00+00:00,2026-06-03,Will Kimi Antonelli be the 2026 F1 Drivers' Champion?,0xcd264046,buy_yes,Bought YES (bid hit),51.64,0.48,24.7872,0.325,-15.5,51.64,51.7949,-0.15492,8838.43,0,0
2318,2026-06-03T00:01:00+00:00,2026-06-03,Will the Sweden Democrats (SD) win the second most seats in the 2026 Swedish parliamentary election?,0x9e2966ab,buy_yes,Bought YES (bid hit),61.968,0.47,29.125,0.39,-8,74.5896,67.6988,6.89084,8809.31,0,0
2319,2026-06-03T00:02:00+00:00,2026-06-03,Fed Rate Hike by October 2026 Meeting?,0x059db22d,sell_yes,Sold YES (ask lifted),103.28,0.27,27.8856,0.275,-0.5,151.202,144.6,6.60166,8837.19,0,0
2320,2026-06-03T00:02:00+00:00,2026-06-03,Bab el-Mandeb Strait effectively closed by September 30?,0x95fc6a4e,buy_yes,Bought YES (bid hit),103.28,0.18,18.5904,0.155,-2.5,206.56,112.575,93.9848,8818.6,0,0
2321,2026-06-03T00:04:00+00:00,2026-06-03,Will Marine Le Pen win the 2027 French presidential election?,0x8126317d,buy_yes,Bought YES (bid hit),54.7384,0.09,4.9265,0.075,-1.5,54.7384,0,54.7384,8813.68,0,0
2322,2026-06-03T00:05:00+00:00,2026-06-03,Bab el-Mandeb Strait effectively closed by September 30?,0x95fc6a4e,sell_yes,Sold YES (ask lifted),103.28,0.16,16.5248,0.185,-2.5,103.28,112.575,-9.2952,8830.2,0,0
2323,2026-06-03T00:07:00+00:00,2026-06-03,Will Édouard Philippe win the 2027 French presidential election?,0x46f2f457,sell_yes,Sold YES (ask lifted),51.64,0.12,6.1968,0.165,-4.5,51.64,53.1892,-1.5492,8836.4,0,0
2324,2026-06-03T00:09:00+00:00,2026-06-03,Will Kimi Antonelli be the 2026 F1 Drivers' Champion?,0xcd264046,sell_yes,Sold YES (ask lifted),54.7384,0.35,19.1584,0.503,-15.3,0,54.8933,-54.8933,8853.54,0,0
2325,2026-06-03T00:20:00+00:00,2026-06-03,Will Harry Kane win the 2026 Ballon d'Or?,0x12dc2b61,buy_yes,Bought YES (bid hit),25.82,0.29,7.4878,0.276,-1.4,25.82,24.9679,0.85206,8846.06,0,0
2326,2026-06-03T00:22:00+00:00,2026-06-03,Will there be no change in Fed interest rates after the September 2026 meeting?,0xa3b36b2d,sell_yes,Sold YES (ask lifted),103.28,0.53,54.7384,0.795,-26.5,20.656,64.6533,-43.9973,8900.79,0,0
2327,2026-06-03T00:30:00+00:00,2026-06-03,Will the Fed increase interest rates by 25 bps after the September 2026 meeting?,0x876506d8,sell_yes,Sold YES (ask lifted),103.28,0.11,11.3608,0.115,-0.5,3.0984,106.378,-103.28,8912.16,0,0
2328,2026-06-03T00:45:00+00:00,2026-06-03,Will the Sweden Democrats (SD) win the second most seats in the 2026 Swedish parliamentary election?,0x9e2966ab,sell_yes,Sold YES (ask lifted),61.968,0.42,26.0266,0.51,-9,12.6216,67.6988,-55.0772,8938.18,0,0
2329,2026-06-03T00:48:00+00:00,2026-06-03,Will the Moderate Party (M) win the second most seats in the 2026 Swedish parliamentary election?,0xa3d50cf0,sell_yes,Sold YES (ask lifted),61.968,0.4,24.7872,0.42,-2,95.5497,94.811,0.738659,8962.97,0,0
2330,2026-06-03T00:55:00+00:00,2026-06-03,Fed Rate Hike by October 2026 Meeting?,0x059db22d,sell_yes,Sold YES (ask lifted),103.28,0.27,27.8856,0.275,-0.5,47.9219,144.6,-96.6783,8990.85,0,0
2331,2026-06-03T01:38:00+00:00,2026-06-03,Fed Rate Hike by October 2026 Meeting?,0x059db22d,buy_yes,Bought YES (bid hit),103.28,0.28,28.9184,0.28,-0,151.202,144.6,6.60166,8961.94,0,0
2332,2026-06-03T02:02:00+00:00,2026-06-03,Fed Rate Hike by October 2026 Meeting?,0x059db22d,sell_yes,Sold YES (ask lifted),47.9219,0.3,14.3766,0.305,-0.5,103.28,144.6,-41.3203,8976.31,0,0
2333,2026-06-03T02:44:00+00:00,2026-06-03,Fed Rate Hike by October 2026 Meeting?,0x059db22d,buy_yes,Bought YES (bid hit),103.28,0.28,28.9184,0.28,-0,206.56,144.6,61.9597,8947.39,0,0
2334,2026-06-03T07:15:00+00:00,2026-06-03,Bab el-Mandeb Strait effectively closed by September 30?,0x95fc6a4e,buy_yes,Bought YES (bid hit),103.28,0.18,18.5904,0.175,-0.5,206.56,112.575,93.9848,8928.8,0,0
2335,2026-06-03T10:02:00+00:00,2026-06-03,Bab el-Mandeb Strait effectively closed by September 30?,0x95fc6a4e,sell_yes,Sold YES (ask lifted),103.28,0.19,19.6232,0.195,-0.5,103.28,112.575,-9.2952,8948.43,0,0
2336,2026-06-03T13:27:00+00:00,2026-06-03,Will the Sweden Democrats (SD) win the third most seats in the 2026 Swedish parliamentary election?,0x939abe4a,sell_yes,Sold YES (ask lifted),50.6588,0.34,17.224,0.345,-0.5,42.2932,68.9704,-26.6772,8965.65,0,0
2337,2026-06-03T13:32:00+00:00,2026-06-03,Will the Moderate Party (M) win the third most seats in the 2026 Swedish parliamentary election?,0xbbb881b0,sell_yes,Sold YES (ask lifted),46.476,0.5,23.238,0.505,-0.5,69.807,63.2074,6.59959,8988.89,0,0
2338,2026-06-03T13:40:00+00:00,2026-06-03,Will the Sweden Democrats (SD) win the third most seats in the 2026 Swedish parliamentary election?,0x939abe4a,buy_yes,Bought YES (bid hit),52.0531,0.37,19.2597,0.365,-0.5,94.3463,68.9704,25.3759,8969.63,0,0
2339,2026-06-03T13:41:00+00:00,2026-06-03,Will the Sweden Democrats (SD) win the third most seats in the 2026 Swedish parliamentary election?,0x939abe4a,sell_yes,Sold YES (ask lifted),46.476,0.37,17.1961,0.38,-1,47.8703,68.9704,-21.1001,8986.83,0,0
2340,2026-06-03T13:43:00+00:00,2026-06-03,Will the Sweden Democrats (SD) win the third most seats in the 2026 Swedish parliamentary election?,0x939abe4a,buy_yes,Bought YES (bid hit),47.8703,0.37,17.712,0.345,-2.5,95.7406,68.9704,26.7702,8969.11,0,0
2341,2026-06-03T13:52:00+00:00,2026-06-03,Will the Sweden Democrats (SD) win the third most seats in the 2026 Swedish parliamentary election?,0x939abe4a,sell_yes,Sold YES (ask lifted),46.476,0.35,16.2666,0.355,-0.5,49.2646,68.9704,-19.7058,8985.38,0,0
2342,2026-06-03T14:10:00+00:00,2026-06-03,Will the Sweden Democrats (SD) win the third most seats in the 2026 Swedish parliamentary election?,0x939abe4a,buy_yes,Bought YES (bid hit),46.476,0.37,17.1961,0.35,-2,95.7406,68.9704,26.7702,8968.18,0,0
2343,2026-06-03T14:11:00+00:00,2026-06-03,Will the Sweden Democrats (SD) win the third most seats in the 2026 Swedish parliamentary election?,0x939abe4a,sell_yes,Sold YES (ask lifted),46.476,0.36,16.7314,0.375,-1.5,49.2646,68.9704,-19.7058,8984.92,0,0
2344,2026-06-03T14:35:00+00:00,2026-06-03,Will the Sweden Democrats (SD) win the third most seats in the 2026 Swedish parliamentary election?,0x939abe4a,buy_yes,Bought YES (bid hit),46.476,0.38,17.6609,0.325,-5.5,95.7406,68.9704,26.7702,8967.25,0,0
2345,2026-06-03T14:43:00+00:00,2026-06-03,Will the Sweden Democrats (SD) win the third most seats in the 2026 Swedish parliamentary election?,0x939abe4a,sell_yes,Sold YES (ask lifted),46.476,0.33,15.3371,0.335,-0.5,49.2646,68.9704,-19.7058,8982.59,0,0
2346,2026-06-03T14:47:00+00:00,2026-06-03,Will the Moderate Party (M) win the second most seats in the 2026 Swedish parliamentary election?,0xa3d50cf0,sell_yes,Sold YES (ask lifted),61.968,0.42,26.0266,0.425,-0.5,33.5817,94.811,-61.2293,9008.62,0,0
2347,2026-06-03T14:48:00+00:00,2026-06-03,Will the Sweden Democrats (SD) win the third most seats in the 2026 Swedish parliamentary election?,0x939abe4a,buy_yes,Bought YES (bid hit),46.476,0.33,15.3371,0.31,-2,95.7406,68.9704,26.7702,8993.28,0,0
2348,2026-06-03T16:21:00+00:00,2026-06-03,Will the Sweden Democrats (SD) win the third most seats in the 2026 Swedish parliamentary election?,0x939abe4a,sell_yes,Sold YES (ask lifted),46.476,0.33,15.3371,0.335,-0.5,49.2646,68.9704,-19.7058,9008.62,0,0
2349,2026-06-03T17:31:00+00:00,2026-06-03,Bab el-Mandeb Strait effectively closed by September 30?,0x95fc6a4e,buy_yes,Bought YES (bid hit),103.28,0.23,23.7544,0.23,-0,206.56,112.575,93.9848,8984.86,0,0
2350,2026-06-03T18:19:00+00:00,2026-06-03,Will the Sweden Democrats (SD) win the third most seats in the 2026 Swedish parliamentary election?,0x939abe4a,buy_yes,Bought YES (bid hit),46.476,0.36,16.7314,0.355,-0.5,95.7406,68.9704,26.7702,8968.13,0,0
2351,2026-06-03T18:22:00+00:00,2026-06-03,Will the Sweden Democrats (SD) win the third most seats in the 2026 Swedish parliamentary election?,0x939abe4a,sell_yes,Sold YES (ask lifted),54.8417,0.36,19.743,0.365,-0.5,40.8989,68.9704,-28.0715,8987.88,0,0
2352,2026-06-03T18:44:00+00:00,2026-06-03,Will the Sweden Democrats (SD) win the third most seats in the 2026 Swedish parliamentary election?,0x939abe4a,buy_yes,Bought YES (bid hit),46.476,0.42,19.5199,0.36,-6,87.3749,68.9704,18.4045,8968.36,0,0
2353,2026-06-03T18:48:00+00:00,2026-06-03,Will the Sweden Democrats (SD) win the third most seats in the 2026 Swedish parliamentary election?,0x939abe4a,sell_yes,Sold YES (ask lifted),46.476,0.36,16.7314,0.365,-0.5,40.8989,68.9704,-28.0715,8985.09,0,0
2354,2026-06-03T18:59:00+00:00,2026-06-03,Will the Sweden Democrats (SD) win the third most seats in the 2026 Swedish parliamentary election?,0x939abe4a,buy_yes,Bought YES (bid hit),46.476,0.36,16.7314,0.35,-1,87.3749,68.9704,18.4045,8968.36,0,0
2355,2026-06-03T20:08:00+00:00,2026-06-03,Will the Sweden Democrats (SD) win the third most seats in the 2026 Swedish parliamentary election?,0x939abe4a,sell_yes,Sold YES (ask lifted),49.2646,0.37,18.2279,0.375,-0.5,38.1103,68.9704,-30.8601,8986.58,0,0
2356,2026-06-03T21:05:00+00:00,2026-06-03,Will the Sweden Democrats (SD) win the third most seats in the 2026 Swedish parliamentary election?,0x939abe4a,buy_yes,Bought YES (bid hit),49.2646,0.44,21.6764,0.36,-8,87.3749,68.9704,18.4045,8964.91,0,0
2357,2026-06-03T21:23:00+00:00,2026-06-03,Will the Sweden Democrats (SD) win the third most seats in the 2026 Swedish parliamentary election?,0x939abe4a,sell_yes,Sold YES (ask lifted),46.476,0.37,17.1961,0.375,-0.5,40.8989,68.9704,-28.0715,8982.1,0,0
2358,2026-06-03T21:42:00+00:00,2026-06-03,Will there be no change in Fed interest rates after the September 2026 meeting?,0xa3b36b2d,buy_yes,Bought YES (bid hit),103.28,0.76,78.4928,0.755,-0.5,123.936,64.6533,59.2827,8903.61,0,0
2359,2026-06-03T21:47:00+00:00,2026-06-03,Will the Sweden Democrats (SD) win the third most seats in the 2026 Swedish parliamentary election?,0x939abe4a,buy_yes,Bought YES (bid hit),46.476,0.4,18.5904,0.34,-6,87.3749,68.9704,18.4045,8885.02,0,0
2360,2026-06-03T22:05:00+00:00,2026-06-03,Will the Sweden Democrats (SD) win the third most seats in the 2026 Swedish parliamentary election?,0x939abe4a,sell_yes,Sold YES (ask lifted),46.476,0.35,16.2666,0.385,-3.5,40.8989,68.9704,-28.0715,8901.29,0,0
2361,2026-06-03T22:08:00+00:00,2026-06-03,Will the Sweden Democrats (SD) win the third most seats in the 2026 Swedish parliamentary election?,0x939abe4a,buy_yes,Bought YES (bid hit),46.476,0.38,17.6609,0.355,-2.5,87.3749,68.9704,18.4045,8883.63,0,0
2362,2026-06-03T22:09:00+00:00,2026-06-03,Will the Sweden Democrats (SD) win the third most seats in the 2026 Swedish parliamentary election?,0x939abe4a,sell_yes,Sold YES (ask lifted),50.6588,0.36,18.2372,0.385,-2.5,36.716,68.9704,-32.2543,8901.86,0,0
2363,2026-06-03T22:17:00+00:00,2026-06-03,Bab el-Mandeb Strait effectively closed by September 30?,0x95fc6a4e,sell_yes,Sold YES (ask lifted),103.28,0.17,17.5576,0.175,-0.5,103.28,112.575,-9.2952,8919.42,0,0
2364,2026-06-03T22:19:00+00:00,2026-06-03,Bab el-Mandeb Strait effectively closed by September 30?,0x95fc6a4e,buy_yes,Bought YES (bid hit),103.28,0.17,17.5576,0.17,-0,206.56,112.575,93.9848,8901.86,0,0
2365,2026-06-03T22:21:00+00:00,2026-06-03,Bab el-Mandeb Strait effectively closed by September 30?,0x95fc6a4e,sell_yes,Sold YES (ask lifted),103.28,0.17,17.5576,0.175,-0.5,103.28,112.575,-9.2952,8919.42,0,0
2366,2026-06-03T22:22:00+00:00,2026-06-03,Bab el-Mandeb Strait effectively closed by September 30?,0x95fc6a4e,buy_yes,Bought YES (bid hit),106.378,0.17,18.0843,0.17,-0,209.658,112.575,97.0832,8901.34,0,0
2367,2026-06-03T22:28:00+00:00,2026-06-03,Will the Sweden Democrats (SD) win the third most seats in the 2026 Swedish parliamentary election?,0x939abe4a,buy_yes,Bought YES (bid hit),46.476,0.41,19.0552,0.35,-6,83.192,68.9704,14.2217,8882.28,0,0
2368,2026-06-03T22:29:00+00:00,2026-06-03,Bab el-Mandeb Strait effectively closed by September 30?,0x95fc6a4e,sell_yes,Sold YES (ask lifted),103.28,0.17,17.5576,0.175,-0.5,106.378,112.575,-6.1968,8899.84,0,0
2369,2026-06-03T22:32:00+00:00,2026-06-03,Will the Sweden Democrats (SD) win the third most seats in the 2026 Swedish parliamentary election?,0x939abe4a,sell_yes,Sold YES (ask lifted),46.476,0.36,16.7314,0.365,-0.5,36.716,68.9704,-32.2543,8916.57,0,0
2370,2026-06-03T23:10:00+00:00,2026-06-03,Will the Sweden Democrats (SD) win the third most seats in the 2026 Swedish parliamentary election?,0x939abe4a,buy_yes,Bought YES (bid hit),46.476,0.4,18.5904,0.375,-2.5,83.192,68.9704,14.2217,8897.98,0,0
2371,2026-06-03T23:11:00+00:00,2026-06-03,Will the Sweden Democrats (SD) win the third most seats in the 2026 Swedish parliamentary election?,0x939abe4a,sell_yes,Sold YES (ask lifted),46.476,0.38,17.6609,0.415,-3.5,36.716,68.9704,-32.2543,8915.64,0,0
2372,2026-06-04T00:00:00+00:00,2026-06-04,Bab el-Mandeb Strait effectively closed by September 30?,0x95fc6a4e,buy_yes,Bought YES (bid hit),103.28,0.15,15.492,0.13,-2,209.658,112.575,97.0832,8922.87,0,0
2373,2026-06-04T00:00:00+00:00,2026-06-04,Will Kimi Antonelli be the 2026 F1 Drivers' Champion?,0xcd264046,buy_yes,Bought YES (bid hit),52.8794,0.47,24.8533,0.3215,-14.85,52.8794,54.8933,-2.01396,8898.02,0,0
2374,2026-06-04T00:02:00+00:00,2026-06-04,Will the Moderate Party (M) win the third most seats in the 2026 Swedish parliamentary election?,0xbbb881b0,sell_yes,Sold YES (ask lifted),46.476,0.52,24.1675,0.54,-2,23.331,63.2074,-39.8764,8922.18,0,0
2375,2026-06-04T00:03:00+00:00,2026-06-04,Will Harry Kane win the 2026 Ballon d'Or?,0x12dc2b61,sell_yes,Sold YES (ask lifted),25.82,0.25,6.455,0.2625,-1.25,0,24.9679,-24.9679,8928.64,0,0
2376,2026-06-04T00:06:00+00:00,2026-06-04,Will the Moderate Party (M) win the third most seats in the 2026 Swedish parliamentary election?,0xbbb881b0,buy_yes,Bought YES (bid hit),46.476,0.53,24.6323,0.525,-0.5,69.807,63.2074,6.59959,8904.01,0,0
2377,2026-06-04T00:10:00+00:00,2026-06-04,Will the Sweden Democrats (SD) win the second most seats in the 2026 Swedish parliamentary election?,0x9e2966ab,buy_yes,Bought YES (bid hit),61.968,0.51,31.6037,0.505,-0.5,74.5896,67.6988,6.89084,8872.4,0,0
2378,2026-06-04T00:14:00+00:00,2026-06-04,Will the Fed increase interest rates by 25 bps after the September 2026 meeting?,0x876506d8,buy_yes,Bought YES (bid hit),103.28,0.13,13.4264,0.095,-3.5,106.378,106.378,0,8858.98,0,0
2379,2026-06-04T00:26:00+00:00,2026-06-04,Fed Rate Hike by October 2026 Meeting?,0x059db22d,sell_yes,Sold YES (ask lifted),103.28,0.31,32.0168,0.435,-12.5,103.28,144.6,-41.3203,8890.99,0,0
2380,2026-06-04T00:30:00+00:00,2026-06-04,Will the Moderate Party (M) win the second most seats in the 2026 Swedish parliamentary election?,0xa3d50cf0,buy_yes,Bought YES (bid hit),65.6861,0.42,27.5882,0.41,-1,99.2678,94.811,4.45674,8863.4,0,0
2381,2026-06-04T00:35:00+00:00,2026-06-04,Fed Rate Hike by October 2026 Meeting?,0x059db22d,buy_yes,Bought YES (bid hit),103.28,0.35,36.148,0.275,-7.5,206.56,144.6,61.9597,8827.26,0,0
2382,2026-06-04T00:52:00+00:00,2026-06-04,Will the Moderate Party (M) win the second most seats in the 2026 Swedish parliamentary election?,0xa3d50cf0,sell_yes,Sold YES (ask lifted),28.7532,0.41,11.7888,0.42,-1,70.5146,94.811,-24.2964,8839.04,0,0
2383,2026-06-04T01:34:00+00:00,2026-06-04,Fed Rate Hike by October 2026 Meeting?,0x059db22d,sell_yes,Sold YES (ask lifted),103.28,0.28,28.9184,0.295,-1.5,103.28,144.6,-41.3203,8867.96,0,0
2384,2026-06-04T01:35:00+00:00,2026-06-04,Fed Rate Hike by October 2026 Meeting?,0x059db22d,buy_yes,Bought YES (bid hit),103.28,0.29,29.9512,0.28,-1,206.56,144.6,61.9597,8838.01,0,0
2385,2026-06-04T02:28:00+00:00,2026-06-04,Will the Sweden Democrats (SD) win the third most seats in the 2026 Swedish parliamentary election?,0x939abe4a,buy_yes,Bought YES (bid hit),46.476,0.41,19.0552,0.385,-2.5,83.192,68.9704,14.2217,8818.96,0,0
2386,2026-06-04T02:28:00+00:00,2026-06-04,Will the Sweden Democrats (SD) win the second most seats in the 2026 Swedish parliamentary election?,0x9e2966ab,sell_yes,Sold YES (ask lifted),61.968,0.55,34.0824,0.555,-0.5,12.6216,67.6988,-55.0772,8853.04,0,0
2387,2026-06-04T02:32:00+00:00,2026-06-04,Will the Sweden Democrats (SD) win the third most seats in the 2026 Swedish parliamentary election?,0x939abe4a,sell_yes,Sold YES (ask lifted),46.476,0.39,18.1256,0.395,-0.5,36.716,68.9704,-32.2543,8871.17,0,0
2388,2026-06-04T02:36:00+00:00,2026-06-04,Will the Sweden Democrats (SD) win the third most seats in the 2026 Swedish parliamentary election?,0x939abe4a,buy_yes,Bought YES (bid hit),46.476,0.39,18.1256,0.32,-7,83.192,68.9704,14.2217,8853.04,0,0
2389,2026-06-04T02:40:00+00:00,2026-06-04,Will the Sweden Democrats (SD) win the third most seats in the 2026 Swedish parliamentary election?,0x939abe4a,sell_yes,Sold YES (ask lifted),46.476,0.33,15.3371,0.335,-0.5,36.716,68.9704,-32.2543,8868.38,0,0
2390,2026-06-04T03:20:00+00:00,2026-06-04,Will the Sweden Democrats (SD) win the third most seats in the 2026 Swedish parliamentary election?,0x939abe4a,buy_yes,Bought YES (bid hit),46.476,0.38,17.6609,0.32,-6,83.192,68.9704,14.2217,8850.72,0,0
2391,2026-06-04T03:24:00+00:00,2026-06-04,Will the Sweden Democrats (SD) win the third most seats in the 2026 Swedish parliamentary election?,0x939abe4a,sell_yes,Sold YES (ask lifted),46.476,0.33,15.3371,0.335,-0.5,36.716,68.9704,-32.2543,8866.05,0,0
2392,2026-06-04T04:02:00+00:00,2026-06-04,Will the Sweden Democrats (SD) win the third most seats in the 2026 Swedish parliamentary election?,0x939abe4a,buy_yes,Bought YES (bid hit),46.476,0.38,17.6609,0.325,-5.5,83.192,68.9704,14.2217,8848.39,0,0
2393,2026-06-04T04:05:00+00:00,2026-06-04,Will the Sweden Democrats (SD) win the third most seats in the 2026 Swedish parliamentary election?,0x939abe4a,sell_yes,Sold YES (ask lifted),46.476,0.33,15.3371,0.335,-0.5,36.716,68.9704,-32.2543,8863.73,0,0
2394,2026-06-04T04:13:00+00:00,2026-06-04,Will the Sweden Democrats (SD) win the third most seats in the 2026 Swedish parliamentary election?,0x939abe4a,buy_yes,Bought YES (bid hit),46.476,0.33,15.3371,0.325,-0.5,83.192,68.9704,14.2217,8848.39,0,0
2395,2026-06-04T04:26:00+00:00,2026-06-04,Will the Sweden Democrats (SD) win the third most seats in the 2026 Swedish parliamentary election?,0x939abe4a,sell_yes,Sold YES (ask lifted),46.476,0.34,15.8018,0.345,-0.5,36.716,68.9704,-32.2543,8864.19,0,0
2396,2026-06-04T04:43:00+00:00,2026-06-04,Will the Sweden Democrats (SD) win the third most seats in the 2026 Swedish parliamentary election?,0x939abe4a,buy_yes,Bought YES (bid hit),46.476,0.36,16.7314,0.31,-5,83.192,68.9704,14.2217,8847.46,0,0
2397,2026-06-04T04:46:00+00:00,2026-06-04,Fed Rate Hike by October 2026 Meeting?,0x059db22d,sell_yes,Sold YES (ask lifted),103.28,0.28,28.9184,0.285,-0.5,103.28,144.6,-41.3203,8876.38,0,0
2398,2026-06-04T04:47:00+00:00,2026-06-04,Fed Rate Hike by October 2026 Meeting?,0x059db22d,buy_yes,Bought YES (bid hit),106.378,0.28,29.786,0.28,-0,209.658,144.6,65.0581,8846.59,0,0
2399,2026-06-04T06:41:00+00:00,2026-06-04,Fed Rate Hike by October 2026 Meeting?,0x059db22d,sell_yes,Sold YES (ask lifted),103.28,0.27,27.8856,0.275,-0.5,106.378,144.6,-38.2219,8874.48,0,0
2400,2026-06-04T07:04:00+00:00,2026-06-04,Fed Rate Hike by October 2026 Meeting?,0x059db22d,buy_yes,Bought YES (bid hit),103.28,0.28,28.9184,0.28,-0,209.658,144.6,65.0581,8845.56,0,0
2401,2026-06-04T07:09:00+00:00,2026-06-04,Bab el-Mandeb Strait effectively closed by September 30?,0x95fc6a4e,sell_yes,Sold YES (ask lifted),103.28,0.17,17.5576,0.18,-1,106.378,112.575,-6.1968,8863.12,0,0
2402,2026-06-04T07:12:00+00:00,2026-06-04,Fed Rate Hike by October 2026 Meeting?,0x059db22d,sell_yes,Sold YES (ask lifted),103.28,0.28,28.9184,0.29,-1,106.378,144.6,-38.2219,8892.04,0,0
2403,2026-06-04T07:13:00+00:00,2026-06-04,Fed Rate Hike by October 2026 Meeting?,0x059db22d,buy_yes,Bought YES (bid hit),103.28,0.28,28.9184,0.27,-1,209.658,144.6,65.0581,8863.12,0,0
2404,2026-06-04T07:14:00+00:00,2026-06-04,Fed Rate Hike by October 2026 Meeting?,0x059db22d,sell_yes,Sold YES (ask lifted),103.28,0.28,28.9184,0.285,-0.5,106.378,144.6,-38.2219,8892.04,0,0
2405,2026-06-04T07:15:00+00:00,2026-06-04,Fed Rate Hike by October 2026 Meeting?,0x059db22d,buy_yes,Bought YES (bid hit),103.28,0.28,28.9184,0.275,-0.5,209.658,144.6,65.0581,8863.12,0,0
2406,2026-06-04T08:03:00+00:00,2026-06-04,Fed Rate Hike by October 2026 Meeting?,0x059db22d,sell_yes,Sold YES (ask lifted),103.28,0.28,28.9184,0.285,-0.5,106.378,144.6,-38.2219,8892.04,0,0
2407,2026-06-04T08:04:00+00:00,2026-06-04,Fed Rate Hike by October 2026 Meeting?,0x059db22d,buy_yes,Bought YES (bid hit),103.28,0.28,28.9184,0.275,-0.5,209.658,144.6,65.0581,8863.12,0,0
2408,2026-06-04T08:28:00+00:00,2026-06-04,Will the Moderate Party (M) win the second most seats in the 2026 Swedish parliamentary election?,0xa3d50cf0,sell_yes,Sold YES (ask lifted),61.968,0.42,26.0266,0.42,-0,8.54663,94.811,-86.2644,8889.15,0,0
2409,2026-06-04T09:28:00+00:00,2026-06-04,Will the Sweden Democrats (SD) win the third most seats in the 2026 Swedish parliamentary election?,0x939abe4a,sell_yes,Sold YES (ask lifted),46.476,0.36,16.7314,0.365,-0.5,36.716,68.9704,-32.2543,8905.88,0,0
2410,2026-06-04T09:32:00+00:00,2026-06-04,Will the Sweden Democrats (SD) win the third most seats in the 2026 Swedish parliamentary election?,0x939abe4a,buy_yes,Bought YES (bid hit),46.476,0.36,16.7314,0.3,-6,83.192,68.9704,14.2217,8889.15,0,0
2411,2026-06-04T09:42:00+00:00,2026-06-04,Will the Sweden Democrats (SD) win the third most seats in the 2026 Swedish parliamentary election?,0x939abe4a,sell_yes,Sold YES (ask lifted),46.476,0.32,14.8723,0.325,-0.5,36.716,68.9704,-32.2543,8904.02,0,0
2412,2026-06-04T10:14:00+00:00,2026-06-04,Fed Rate Hike by October 2026 Meeting?,0x059db22d,sell_yes,Sold YES (ask lifted),103.28,0.28,28.9184,0.285,-0.5,106.378,144.6,-38.2219,8932.94,0,0
2413,2026-06-04T10:14:00+00:00,2026-06-04,Will the Sweden Democrats (SD) win the third most seats in the 2026 Swedish parliamentary election?,0x939abe4a,buy_yes,Bought YES (bid hit),46.476,0.36,16.7314,0.305,-5.5,83.192,68.9704,14.2217,8916.21,0,0
2414,2026-06-04T10:15:00+00:00,2026-06-04,Fed Rate Hike by October 2026 Meeting?,0x059db22d,buy_yes,Bought YES (bid hit),106.378,0.28,29.786,0.275,-0.5,212.757,144.6,68.1565,8886.42,0,0
2415,2026-06-04T10:18:00+00:00,2026-06-04,Will the Sweden Democrats (SD) win the third most seats in the 2026 Swedish parliamentary election?,0x939abe4a,sell_yes,Sold YES (ask lifted),46.476,0.31,14.4076,0.315,-0.5,36.716,68.9704,-32.2543,8900.83,0,0
2416,2026-06-04T10:32:00+00:00,2026-06-04,Will the Sweden Democrats (SD) win the third most seats in the 2026 Swedish parliamentary election?,0x939abe4a,buy_yes,Bought YES (bid hit),46.476,0.36,16.7314,0.34,-2,83.192,68.9704,14.2217,8884.1,0,0
2417,2026-06-04T10:34:00+00:00,2026-06-04,Will the Sweden Democrats (SD) win the third most seats in the 2026 Swedish parliamentary election?,0x939abe4a,sell_yes,Sold YES (ask lifted),46.476,0.35,16.2666,0.38,-3,36.716,68.9704,-32.2543,8900.36,0,0
2418,2026-06-04T10:36:00+00:00,2026-06-04,Will the Sweden Democrats (SD) win the third most seats in the 2026 Swedish parliamentary election?,0x939abe4a,buy_yes,Bought YES (bid hit),46.476,0.36,16.7314,0.345,-1.5,83.192,68.9704,14.2217,8883.63,0,0
2419,2026-06-04T10:37:00+00:00,2026-06-04,Will the Moderate Party (M) win the third most seats in the 2026 Swedish parliamentary election?,0xbbb881b0,buy_yes,Bought YES (bid hit),46.476,0.54,25.097,0.525,-1.5,116.283,63.2074,53.0756,8858.53,0,0
2420,2026-06-04T10:41:00+00:00,2026-06-04,Will the Sweden Democrats (SD) win the third most seats in the 2026 Swedish parliamentary election?,0x939abe4a,sell_yes,Sold YES (ask lifted),46.476,0.35,16.2666,0.385,-3.5,36.716,68.9704,-32.2543,8874.8,0,0
2421,2026-06-04T10:58:00+00:00,2026-06-04,Will the Sweden Democrats (SD) win the third most seats in the 2026 Swedish parliamentary election?,0x939abe4a,buy_yes,Bought YES (bid hit),46.476,0.37,17.1961,0.315,-5.5,83.192,68.9704,14.2217,8857.6,0,0
2422,2026-06-04T11:02:00+00:00,2026-06-04,Will the Sweden Democrats (SD) win the third most seats in the 2026 Swedish parliamentary election?,0x939abe4a,sell_yes,Sold YES (ask lifted),46.476,0.32,14.8723,0.325,-0.5,36.716,68.9704,-32.2543,8872.48,0,0
2423,2026-06-04T11:16:00+00:00,2026-06-04,Will the Sweden Democrats (SD) win the third most seats in the 2026 Swedish parliamentary election?,0x939abe4a,buy_yes,Bought YES (bid hit),46.476,0.36,16.7314,0.335,-2.5,83.192,68.9704,14.2217,8855.75,0,0
2424,2026-06-04T11:17:00+00:00,2026-06-04,Will the Sweden Democrats (SD) win the third most seats in the 2026 Swedish parliamentary election?,0x939abe4a,sell_yes,Sold YES (ask lifted),46.476,0.34,15.8018,0.36,-2,36.716,68.9704,-32.2543,8871.55,0,0
2425,2026-06-04T11:19:00+00:00,2026-06-04,Will the Sweden Democrats (SD) win the third most seats in the 2026 Swedish parliamentary election?,0x939abe4a,buy_yes,Bought YES (bid hit),46.476,0.37,17.1961,0.355,-1.5,83.192,68.9704,14.2217,8854.35,0,0
2426,2026-06-04T11:22:00+00:00,2026-06-04,Will the Sweden Democrats (SD) win the third most seats in the 2026 Swedish parliamentary election?,0x939abe4a,sell_yes,Sold YES (ask lifted),53.4474,0.35,18.7066,0.36,-1,29.7446,68.9704,-39.2257,8873.06,0,0
2427,2026-06-04T11:23:00+00:00,2026-06-04,Will the Sweden Democrats (SD) win the third most seats in the 2026 Swedish parliamentary election?,0x939abe4a,buy_yes,Bought YES (bid hit),46.476,0.35,16.2666,0.33,-2,76.2206,68.9704,7.25026,8856.79,0,0
2428,2026-06-04T11:27:00+00:00,2026-06-04,Will the Sweden Democrats (SD) win the third most seats in the 2026 Swedish parliamentary election?,0x939abe4a,sell_yes,Sold YES (ask lifted),21.5649,0.36,7.7634,0.385,-2.5,54.6558,68.9704,-14.3146,8864.55,0,0
2429,2026-06-04T11:37:00+00:00,2026-06-04,Fed Rate Hike by October 2026 Meeting?,0x059db22d,sell_yes,Sold YES (ask lifted),103.28,0.28,28.9184,0.29,-1,109.477,144.6,-35.1235,8893.47,0,0
2430,2026-06-04T11:38:00+00:00,2026-06-04,Fed Rate Hike by October 2026 Meeting?,0x059db22d,buy_yes,Bought YES (bid hit),103.28,0.28,28.9184,0.27,-1,212.757,144.6,68.1565,8864.55,0,0
2431,2026-06-04T11:39:00+00:00,2026-06-04,Fed Rate Hike by October 2026 Meeting?,0x059db22d,sell_yes,Sold YES (ask lifted),106.378,0.28,29.786,0.29,-1,106.378,144.6,-38.2219,8894.34,0,0
2432,2026-06-04T11:40:00+00:00,2026-06-04,Fed Rate Hike by October 2026 Meeting?,0x059db22d,buy_yes,Bought YES (bid hit),103.28,0.28,28.9184,0.27,-1,209.658,144.6,65.0581,8865.42,0,0
2433,2026-06-04T11:43:00+00:00,2026-06-04,Fed Rate Hike by October 2026 Meeting?,0x059db22d,sell_yes,Sold YES (ask lifted),103.28,0.28,28.9184,0.285,-0.5,106.378,144.6,-38.2219,8894.34,0,0
2434,2026-06-04T11:45:00+00:00,2026-06-04,Fed Rate Hike by October 2026 Meeting?,0x059db22d,buy_yes,Bought YES (bid hit),106.378,0.29,30.8497,0.28,-1,212.757,144.6,68.1565,8863.49,0,0
2435,2026-06-04T12:20:00+00:00,2026-06-04,Will the Sweden Democrats (SD) win the third most seats in the 2026 Swedish parliamentary election?,0x939abe4a,buy_yes,Bought YES (bid hit),46.476,0.37,17.1961,0.35,-2,101.132,68.9704,32.1614,8846.29,0,0
2436,2026-06-04T12:29:00+00:00,2026-06-04,Will the Sweden Democrats (SD) win the third most seats in the 2026 Swedish parliamentary election?,0x939abe4a,sell_yes,Sold YES (ask lifted),46.476,0.38,17.6609,0.4,-2,54.6558,68.9704,-14.3146,8863.96,0,0
2437,2026-06-04T12:32:00+00:00,2026-06-04,Will the Sweden Democrats (SD) win the third most seats in the 2026 Swedish parliamentary election?,0x939abe4a,buy_yes,Bought YES (bid hit),46.476,0.37,17.1961,0.365,-0.5,101.132,68.9704,32.1614,8846.76,0,0
2438,2026-06-04T12:54:00+00:00,2026-06-04,Will the Sweden Democrats (SD) win the third most seats in the 2026 Swedish parliamentary election?,0x939abe4a,sell_yes,Sold YES (ask lifted),21.5649,0.36,7.7634,0.395,-3.5,79.5669,68.9704,10.5965,8854.52,0,0
2439,2026-06-04T12:54:00+00:00,2026-06-04,Will the Moderate Party (M) win the second most seats in the 2026 Swedish parliamentary election?,0xa3d50cf0,buy_yes,Bought YES (bid hit),61.968,0.37,22.9282,0.36,-1,70.5146,94.811,-24.2964,8831.59,0,0
2440,2026-06-04T13:05:00+00:00,2026-06-04,Will the Sweden Democrats (SD) win the third most seats in the 2026 Swedish parliamentary election?,0x939abe4a,sell_yes,Sold YES (ask lifted),46.476,0.4,18.5904,0.405,-0.5,33.0909,68.9704,-35.8795,8850.18,0,0
2441,2026-06-04T13:08:00+00:00,2026-06-04,Fed Rate Hike by October 2026 Meeting?,0x059db22d,sell_yes,Sold YES (ask lifted),103.28,0.26,26.8528,0.265,-0.5,109.477,144.6,-35.1235,8877.04,0,0
2442,2026-06-04T13:10:00+00:00,2026-06-04,Will the Sweden Democrats (SD) win the third most seats in the 2026 Swedish parliamentary election?,0x939abe4a,buy_yes,Bought YES (bid hit),46.476,0.35,16.2666,0.335,-1.5,79.5669,68.9704,10.5965,8860.77,0,0
2443,2026-06-04T13:13:00+00:00,2026-06-04,Will the Sweden Democrats (SD) win the third most seats in the 2026 Swedish parliamentary election?,0x939abe4a,buy_yes,Bought YES (bid hit),46.476,0.35,16.2666,0.345,-0.5,126.043,68.9704,57.0725,8844.5,0,0
2444,2026-06-04T13:21:00+00:00,2026-06-04,Will the Sweden Democrats (SD) win the third most seats in the 2026 Swedish parliamentary election?,0x939abe4a,sell_yes,Sold YES (ask lifted),46.476,0.39,18.1256,0.42,-3,79.5669,68.9704,10.5965,8862.63,0,0
2445,2026-06-04T13:25:00+00:00,2026-06-04,Will the Sweden Democrats (SD) win the third most seats in the 2026 Swedish parliamentary election?,0x939abe4a,buy_yes,Bought YES (bid hit),59.0245,0.39,23.0196,0.355,-3.5,138.591,68.9704,69.621,8839.61,0,0
2446,2026-06-04T13:43:00+00:00,2026-06-04,Will the Sweden Democrats (SD) win the third most seats in the 2026 Swedish parliamentary election?,0x939abe4a,sell_yes,Sold YES (ask lifted),46.476,0.37,17.1961,0.385,-1.5,92.1154,68.9704,23.145,8856.81,0,0
2447,2026-06-04T13:55:00+00:00,2026-06-04,Will the Sweden Democrats (SD) win the third most seats in the 2026 Swedish parliamentary election?,0x939abe4a,sell_yes,Sold YES (ask lifted),50.6588,0.36,18.2372,0.37,-1,41.4566,68.9704,-27.5138,8875.04,0,0
2448,2026-06-04T14:23:00+00:00,2026-06-04,Will the Sweden Democrats (SD) win the third most seats in the 2026 Swedish parliamentary election?,0x939abe4a,buy_yes,Bought YES (bid hit),46.476,0.39,18.1256,0.385,-0.5,87.9326,68.9704,18.9622,8856.92,0,0
2449,2026-06-04T14:39:00+00:00,2026-06-04,Will the Moderate Party (M) win the second most seats in the 2026 Swedish parliamentary election?,0xa3d50cf0,sell_yes,Sold YES (ask lifted),61.968,0.42,26.0266,0.425,-0.5,8.54663,94.811,-86.2644,8882.94,0,0
2450,2026-06-04T14:54:00+00:00,2026-06-04,Will the Moderate Party (M) win the second most seats in the 2026 Swedish parliamentary election?,0xa3d50cf0,buy_yes,Bought YES (bid hit),61.968,0.38,23.5478,0.365,-1.5,70.5146,94.811,-24.2964,8859.4,0,0
2451,2026-06-04T15:00:00+00:00,2026-06-04,Will the Moderate Party (M) win the second most seats in the 2026 Swedish parliamentary election?,0xa3d50cf0,buy_yes,Bought YES (bid hit),61.968,0.38,23.5478,0.375,-0.5,132.483,94.811,37.6716,8835.85,0,0
2452,2026-06-04T15:16:00+00:00,2026-06-04,Will the Sweden Democrats (SD) win the third most seats in the 2026 Swedish parliamentary election?,0x939abe4a,sell_yes,Sold YES (ask lifted),46.476,0.45,20.9142,0.455,-0.5,41.4566,68.9704,-27.5138,8856.76,0,0
2453,2026-06-04T15:34:00+00:00,2026-06-04,Will the Sweden Democrats (SD) win the third most seats in the 2026 Swedish parliamentary election?,0x939abe4a,buy_yes,Bought YES (bid hit),21.5649,0.33,7.1164,0.3,-3,63.0215,68.9704,-5.94893,8849.65,0,0
2454,2026-06-04T15:41:00+00:00,2026-06-04,Will the Sweden Democrats (SD) win the third most seats in the 2026 Swedish parliamentary election?,0x939abe4a,buy_yes,Bought YES (bid hit),21.5649,0.33,7.1164,0.305,-2.5,84.5863,68.9704,15.6159,8842.53,0,0
2455,2026-06-04T15:44:00+00:00,2026-06-04,Will the Sweden Democrats (SD) win the third most seats in the 2026 Swedish parliamentary election?,0x939abe4a,buy_yes,Bought YES (bid hit),21.5649,0.37,7.979,0.33,-4,106.151,68.9704,37.1808,8834.55,0,0
2456,2026-06-04T16:10:00+00:00,2026-06-04,Will the Sweden Democrats (SD) win the third most seats in the 2026 Swedish parliamentary election?,0x939abe4a,sell_yes,Sold YES (ask lifted),46.476,0.38,17.6609,0.385,-0.5,59.6752,68.9704,-9.2952,8852.21,0,0
2457,2026-06-04T16:17:00+00:00,2026-06-04,Will the Sweden Democrats (SD) win the third most seats in the 2026 Swedish parliamentary election?,0x939abe4a,sell_yes,Sold YES (ask lifted),46.476,0.4,18.5904,0.41,-1,13.1992,68.9704,-55.7712,8870.8,0,0
2458,2026-06-04T16:26:00+00:00,2026-06-04,Will the Sweden Democrats (SD) win the third most seats in the 2026 Swedish parliamentary election?,0x939abe4a,buy_yes,Bought YES (bid hit),46.476,0.37,17.1961,0.345,-2.5,59.6752,68.9704,-9.2952,8853.61,0,0
2459,2026-06-04T16:32:00+00:00,2026-06-04,Will the Sweden Democrats (SD) win the third most seats in the 2026 Swedish parliamentary election?,0x939abe4a,sell_yes,Sold YES (ask lifted),60.4188,0.39,23.5633,0.405,-1.5,0,69.714,-69.714,8876.72,0,0
2460,2026-06-04T16:36:00+00:00,2026-06-04,Will the Sweden Democrats (SD) win the third most seats in the 2026 Swedish parliamentary election?,0x939abe4a,buy_yes,Bought YES (bid hit),46.476,0.4,18.5904,0.35,-5,46.476,69.714,-23.238,8858.13,0,0
2461,2026-06-04T16:51:00+00:00,2026-06-04,Will the Sweden Democrats (SD) win the third most seats in the 2026 Swedish parliamentary election?,0x939abe4a,buy_yes,Bought YES (bid hit),46.476,0.35,16.2666,0.31,-4,92.952,69.714,23.238,8841.86,0,0
2462,2026-06-04T16:56:00+00:00,2026-06-04,Will the Sweden Democrats (SD) win the third most seats in the 2026 Swedish parliamentary election?,0x939abe4a,sell_yes,Sold YES (ask lifted),46.476,0.36,16.7314,0.38,-2,46.476,69.714,-23.238,8858.59,0,0
2463,2026-06-04T17:10:00+00:00,2026-06-04,Will the Sweden Democrats (SD) win the third most seats in the 2026 Swedish parliamentary election?,0x939abe4a,buy_yes,Bought YES (bid hit),46.476,0.37,17.1961,0.365,-0.5,92.952,69.714,23.238,8841.39,0,0
2464,2026-06-04T17:19:00+00:00,2026-06-04,Will the Sweden Democrats (SD) win the third most seats in the 2026 Swedish parliamentary election?,0x939abe4a,sell_yes,Sold YES (ask lifted),21.5649,0.41,8.8416,0.41,-0,71.3871,69.714,1.67314,8850.24,0,0
2465,2026-06-04T17:27:00+00:00,2026-06-04,Will Ulf Kristersson be the next Prime Minister of Sweden?,0x8a42bb4c,buy_yes,Bought YES (bid hit),51.64,0.22,11.3608,0.205,-1.5,51.64,3.0984,48.5416,8838.88,0,0
2466,2026-06-04T17:43:00+00:00,2026-06-04,Will the Sweden Democrats (SD) win the third most seats in the 2026 Swedish parliamentary election?,0x939abe4a,sell_yes,Sold YES (ask lifted),46.476,0.35,16.2666,0.39,-4,24.9111,69.714,-44.8029,8855.14,0,0
2467,2026-06-04T17:59:00+00:00,2026-06-04,Will the Sweden Democrats (SD) win the third most seats in the 2026 Swedish parliamentary election?,0x939abe4a,buy_yes,Bought YES (bid hit),46.476,0.35,16.2666,0.32,-3,71.3871,69.714,1.67314,8838.88,0,0
2468,2026-06-04T18:04:00+00:00,2026-06-04,Will the Sweden Democrats (SD) win the third most seats in the 2026 Swedish parliamentary election?,0x939abe4a,sell_yes,Sold YES (ask lifted),49.2646,0.41,20.1985,0.41,-0,22.1226,69.714,-47.5914,8859.07,0,0
2469,2026-06-04T18:14:00+00:00,2026-06-04,Will the Sweden Democrats (SD) win the third most seats in the 2026 Swedish parliamentary election?,0x939abe4a,buy_yes,Bought YES (bid hit),52.0531,0.39,20.3007,0.385,-0.5,74.1757,69.714,4.4617,8838.77,0,0
2470,2026-06-04T18:21:00+00:00,2026-06-04,Will the Sweden Democrats (SD) win the third most seats in the 2026 Swedish parliamentary election?,0x939abe4a,buy_yes,Bought YES (bid hit),46.476,0.33,15.3371,0.305,-2.5,120.652,69.714,50.9377,8823.44,0,0
2471,2026-06-04T18:32:00+00:00,2026-06-04,Will the Sweden Democrats (SD) win the third most seats in the 2026 Swedish parliamentary election?,0x939abe4a,sell_yes,Sold YES (ask lifted),46.476,0.37,17.1961,0.395,-2.5,74.1757,69.714,4.4617,8840.63,0,0
2472,2026-06-04T18:36:00+00:00,2026-06-04,Will the Sweden Democrats (SD) win the third most seats in the 2026 Swedish parliamentary election?,0x939abe4a,sell_yes,Sold YES (ask lifted),46.476,0.4,18.5904,0.43,-3,27.6997,69.714,-42.0143,8859.22,0,0
2473,2026-06-04T18:52:00+00:00,2026-06-04,Will the Sweden Democrats (SD) win the third most seats in the 2026 Swedish parliamentary election?,0x939abe4a,buy_yes,Bought YES (bid hit),46.476,0.36,16.7314,0.355,-0.5,74.1757,69.714,4.4617,8842.49,0,0
2474,2026-06-04T19:01:00+00:00,2026-06-04,Will the Sweden Democrats (SD) win the third most seats in the 2026 Swedish parliamentary election?,0x939abe4a,buy_yes,Bought YES (bid hit),46.476,0.38,17.6609,0.36,-2,120.652,69.714,50.9377,8824.83,0,0
2475,2026-06-04T19:45:00+00:00,2026-06-04,Will the Sweden Democrats (SD) win the third most seats in the 2026 Swedish parliamentary election?,0x939abe4a,sell_yes,Sold YES (ask lifted),50.6588,0.41,20.7701,0.425,-1.5,69.9929,69.714,0.278856,8845.6,0,0
2476,2026-06-04T20:01:00+00:00,2026-06-04,Fed Rate Hike by October 2026 Meeting?,0x059db22d,buy_yes,Bought YES (bid hit),103.28,0.26,26.8528,0.255,-0.5,212.757,144.6,68.1565,8818.75,0,0
2477,2026-06-04T20:12:00+00:00,2026-06-04,Will the Sweden Democrats (SD) win the third most seats in the 2026 Swedish parliamentary election?,0x939abe4a,sell_yes,Sold YES (ask lifted),49.2646,0.41,20.1985,0.41,-0,20.7283,69.714,-48.9857,8838.95,0,0
2478,2026-06-04T20:27:00+00:00,2026-06-04,Will the Sweden Democrats (SD) win the third most seats in the 2026 Swedish parliamentary election?,0x939abe4a,buy_yes,Bought YES (bid hit),46.476,0.4,18.5904,0.36,-4,67.2043,69.714,-2.5097,8820.36,0,0
2479,2026-06-04T20:30:00+00:00,2026-06-04,Will the Moderate Party (M) win the second most seats in the 2026 Swedish parliamentary election?,0xa3d50cf0,sell_yes,Sold YES (ask lifted),61.968,0.42,26.0266,0.425,-0.5,70.5146,94.811,-24.2964,8846.38,0,0
2480,2026-06-04T20:40:00+00:00,2026-06-04,Will the Sweden Democrats (SD) win the third most seats in the 2026 Swedish parliamentary election?,0x939abe4a,buy_yes,Bought YES (bid hit),46.476,0.4,18.5904,0.36,-4,113.68,69.714,43.9663,8827.79,0,0
2481,2026-06-04T20:55:00+00:00,2026-06-04,Will the Sweden Democrats (SD) win the third most seats in the 2026 Swedish parliamentary election?,0x939abe4a,sell_yes,Sold YES (ask lifted),46.476,0.42,19.5199,0.45,-3,67.2043,69.714,-2.5097,8847.31,0,0
2482,2026-06-04T20:57:00+00:00,2026-06-04,Will the Sweden Democrats (SD) win the third most seats in the 2026 Swedish parliamentary election?,0x939abe4a,buy_yes,Bought YES (bid hit),46.476,0.42,19.5199,0.38,-4,113.68,69.714,43.9663,8827.79,0,0
2483,2026-06-04T21:02:00+00:00,2026-06-04,Will the Sweden Democrats (SD) win the third most seats in the 2026 Swedish parliamentary election?,0x939abe4a,sell_yes,Sold YES (ask lifted),46.476,0.44,20.4494,0.445,-0.5,67.2043,69.714,-2.5097,8848.24,0,0
2484,2026-06-04T21:06:00+00:00,2026-06-04,Will the Sweden Democrats (SD) win the third most seats in the 2026 Swedish parliamentary election?,0x939abe4a,buy_yes,Bought YES (bid hit),54.8417,0.42,23.0335,0.4,-2,122.046,69.714,52.332,8825.21,0,0
2485,2026-06-04T21:10:00+00:00,2026-06-04,Will the Sweden Democrats (SD) win the third most seats in the 2026 Swedish parliamentary election?,0x939abe4a,sell_yes,Sold YES (ask lifted),52.0531,0.37,19.2597,0.395,-2.5,69.9929,69.714,0.278856,8844.47,0,0
2486,2026-06-04T21:13:00+00:00,2026-06-04,Will the Sweden Democrats (SD) win the third most seats in the 2026 Swedish parliamentary election?,0x939abe4a,sell_yes,Sold YES (ask lifted),46.476,0.39,18.1256,0.41,-2,23.5169,69.714,-46.1971,8862.59,0,0
2487,2026-06-04T21:45:00+00:00,2026-06-04,Will the Sweden Democrats (SD) win the third most seats in the 2026 Swedish parliamentary election?,0x939abe4a,buy_yes,Bought YES (bid hit),46.476,0.33,15.3371,0.31,-2,69.9929,69.714,0.278856,8847.26,0,0
2488,2026-06-04T22:02:00+00:00,2026-06-04,Will the Sweden Democrats (SD) win the third most seats in the 2026 Swedish parliamentary election?,0x939abe4a,sell_yes,Sold YES (ask lifted),46.476,0.36,16.7314,0.37,-1,23.5169,69.714,-46.1971,8863.99,0,0
2489,2026-06-04T22:07:00+00:00,2026-06-04,Will the Sweden Democrats (SD) win the third most seats in the 2026 Swedish parliamentary election?,0x939abe4a,buy_yes,Bought YES (bid hit),46.476,0.34,15.8018,0.305,-3.5,69.9929,69.714,0.278856,8848.19,0,0
2490,2026-06-04T22:23:00+00:00,2026-06-04,Will the Sweden Democrats (SD) win the third most seats in the 2026 Swedish parliamentary election?,0x939abe4a,sell_yes,Sold YES (ask lifted),46.476,0.39,18.1256,0.42,-3,23.5169,69.714,-46.1971,8866.31,0,0
2491,2026-06-04T22:28:00+00:00,2026-06-04,Will the Sweden Democrats (SD) win the third most seats in the 2026 Swedish parliamentary election?,0x939abe4a,buy_yes,Bought YES (bid hit),47.8703,0.38,18.1907,0.355,-2.5,71.3871,69.714,1.67314,8848.12,0,0
2492,2026-06-04T22:35:00+00:00,2026-06-04,Will the Sweden Democrats (SD) win the third most seats in the 2026 Swedish parliamentary election?,0x939abe4a,sell_yes,Sold YES (ask lifted),46.476,0.4,18.5904,0.41,-1,24.9111,69.714,-44.8029,8866.71,0,0
2493,2026-06-04T22:38:00+00:00,2026-06-04,Will the Sweden Democrats (SD) win the third most seats in the 2026 Swedish parliamentary election?,0x939abe4a,buy_yes,Bought YES (bid hit),46.476,0.37,17.1961,0.345,-2.5,71.3871,69.714,1.67314,8849.51,0,0
2494,2026-06-04T23:11:00+00:00,2026-06-04,Will the Sweden Democrats (SD) win the third most seats in the 2026 Swedish parliamentary election?,0x939abe4a,sell_yes,Sold YES (ask lifted),52.0531,0.41,21.3418,0.41,-0,19.334,69.714,-50.38,8870.86,0,0
2495,2026-06-05T00:03:00+00:00,2026-06-05,Will Harry Kane win the 2026 Ballon d'Or?,0x12dc2b61,buy_yes,Bought YES (bid hit),25.82,0.57,14.7174,0.2675,-30.25,25.82,24.9679,0.85206,8887.68,0,0
2496,2026-06-05T00:04:00+00:00,2026-06-05,Will the Moderate Party (M) win the third most seats in the 2026 Swedish parliamentary election?,0xbbb881b0,sell_yes,Sold YES (ask lifted),46.476,0.65,30.2094,0.74,-9,69.807,63.2074,6.59959,8917.89,0,0
2497,2026-06-05T00:11:00+00:00,2026-06-05,Will the Sweden Democrats (SD) win the second most seats in the 2026 Swedish parliamentary election?,0x9e2966ab,buy_yes,Bought YES (bid hit),61.968,0.61,37.8005,0.59,-2,74.5896,67.6988,6.89084,8880.09,0,0
2498,2026-06-05T00:18:00+00:00,2026-06-05,Will the Moderate Party (M) win the second most seats in the 2026 Swedish parliamentary election?,0xa3d50cf0,buy_yes,Bought YES (bid hit),61.968,0.41,25.4069,0.405,-0.5,132.483,94.811,37.6716,8854.68,0,0
2499,2026-06-05T00:20:00+00:00,2026-06-05,Will the Sweden Democrats (SD) win the third most seats in the 2026 Swedish parliamentary election?,0x939abe4a,buy_yes,Bought YES (bid hit),46.476,0.37,17.1961,0.34,-3,65.81,69.714,-3.90398,8837.48,0,0
2500,2026-06-05T00:21:00+00:00,2026-06-05,Will the Sweden Democrats (SD) win the third most seats in the 2026 Swedish parliamentary election?,0x939abe4a,sell_yes,Sold YES (ask lifted),46.476,0.39,18.1256,0.425,-3.5,19.334,69.714,-50.38,8855.61,0,0
2501,2026-06-05T00:21:00+00:00,2026-06-05,Will the Moderate Party (M) win the second most seats in the 2026 Swedish parliamentary election?,0xa3d50cf0,sell_yes,Sold YES (ask lifted),61.968,0.41,25.4069,0.415,-0.5,70.5146,94.811,-24.2964,8881.02,0,0
2502,2026-06-05T00:32:00+00:00,2026-06-05,Will the Sweden Democrats (SD) win the third most seats in the 2026 Swedish parliamentary election?,0x939abe4a,buy_yes,Bought YES (bid hit),57.6302,0.41,23.6284,0.37,-4,76.9643,69.714,7.25026,8857.39,0,0
2503,2026-06-05T00:38:00+00:00,2026-06-05,Will the Moderate Party (M) win the third most seats in the 2026 Swedish parliamentary election?,0xbbb881b0,buy_yes,Bought YES (bid hit),46.476,0.57,26.4913,0.535,-3.5,116.283,63.2074,53.0756,8830.9,0,0
2504,2026-06-05T00:44:00+00:00,2026-06-05,Will the Moderate Party (M) win the second most seats in the 2026 Swedish parliamentary election?,0xa3d50cf0,buy_yes,Bought YES (bid hit),61.968,0.4,24.7872,0.395,-0.5,132.483,94.811,37.6716,8806.11,0,0
2505,2026-06-05T00:48:00+00:00,2026-06-05,Will the Moderate Party (M) win the second most seats in the 2026 Swedish parliamentary election?,0xa3d50cf0,sell_yes,Sold YES (ask lifted),61.968,0.41,25.4069,0.41,-0,70.5146,94.811,-24.2964,8831.52,0,0
2506,2026-06-05T00:51:00+00:00,2026-06-05,Will the Sweden Democrats (SD) win the third most seats in the 2026 Swedish parliamentary election?,0x939abe4a,sell_yes,Sold YES (ask lifted),46.476,0.38,17.6609,0.42,-4,30.4883,69.714,-39.2257,8849.18,0,0
2507,2026-06-05T01:00:00+00:00,2026-06-05,Will the Sweden Democrats (SD) win the third most seats in the 2026 Swedish parliamentary election?,0x939abe4a,buy_yes,Bought YES (bid hit),46.476,0.38,17.6609,0.33,-5,76.9643,69.714,7.25026,8831.52,0,0
2508,2026-06-05T01:03:00+00:00,2026-06-05,Will the Sweden Democrats (SD) win the third most seats in the 2026 Swedish parliamentary election?,0x939abe4a,buy_yes,Bought YES (bid hit),46.476,0.39,18.1256,0.335,-5.5,123.44,69.714,53.7263,8813.39,0,0
2509,2026-06-05T01:05:00+00:00,2026-06-05,Will the Sweden Democrats (SD) win the third most seats in the 2026 Swedish parliamentary election?,0x939abe4a,sell_yes,Sold YES (ask lifted),46.476,0.39,18.1256,0.45,-6,76.9643,69.714,7.25026,8831.52,0,0
2510,2026-06-05T01:11:00+00:00,2026-06-05,Will the Sweden Democrats (SD) win the third most seats in the 2026 Swedish parliamentary election?,0x939abe4a,buy_yes,Bought YES (bid hit),46.476,0.37,17.1961,0.36,-1,123.44,69.714,53.7263,8814.32,0,0
2511,2026-06-05T01:25:00+00:00,2026-06-05,Will the Sweden Democrats (SD) win the third most seats in the 2026 Swedish parliamentary election?,0x939abe4a,sell_yes,Sold YES (ask lifted),46.476,0.45,20.9142,0.48,-3,76.9643,69.714,7.25026,8835.23,0,0
2512,2026-06-05T01:28:00+00:00,2026-06-05,Will the Sweden Democrats (SD) win the third most seats in the 2026 Swedish parliamentary election?,0x939abe4a,buy_yes,Bought YES (bid hit),63.2074,0.43,27.1792,0.425,-0.5,140.172,69.714,70.4576,8808.05,0,0
2513,2026-06-05T01:30:00+00:00,2026-06-05,Fed Rate Hike by October 2026 Meeting?,0x059db22d,sell_yes,Sold YES (ask lifted),103.28,0.26,26.8528,0.49,-23,109.477,144.6,-35.1235,8834.91,0,0
2514,2026-06-05T01:31:00+00:00,2026-06-05,Will the Moderate Party (M) win the second most seats in the 2026 Swedish parliamentary election?,0xa3d50cf0,buy_yes,Bought YES (bid hit),61.968,0.41,25.4069,0.4,-1,132.483,94.811,37.6716,8809.5,0,0
2515,2026-06-05T01:34:00+00:00,2026-06-05,Will the Sweden Democrats (SD) win the third most seats in the 2026 Swedish parliamentary election?,0x939abe4a,sell_yes,Sold YES (ask lifted),54.8417,0.41,22.4851,0.415,-0.5,85.3299,69.714,15.6159,8831.99,0,0
2516,2026-06-05T01:36:00+00:00,2026-06-05,Will the Moderate Party (M) win the second most seats in the 2026 Swedish parliamentary election?,0xa3d50cf0,sell_yes,Sold YES (ask lifted),61.968,0.41,25.4069,0.41,-0,70.5146,94.811,-24.2964,8857.39,0,0
2517,2026-06-05T01:37:00+00:00,2026-06-05,Will the Sweden Democrats (SD) win the third most seats in the 2026 Swedish parliamentary election?,0x939abe4a,sell_yes,Sold YES (ask lifted),46.476,0.43,19.9847,0.485,-5.5,38.8539,69.714,-30.8601,8877.38,0,0
2518,2026-06-05T01:43:00+00:00,2026-06-05,Will the Sweden Democrats (SD) win the second most seats in the 2026 Swedish parliamentary election?,0x9e2966ab,sell_yes,Sold YES (ask lifted),28.7532,0.55,15.8142,0.555,-0.5,45.8365,67.6988,-21.8623,8893.19,0,0
2519,2026-06-05T01:48:00+00:00,2026-06-05,Will the Sweden Democrats (SD) win the third most seats in the 2026 Swedish parliamentary election?,0x939abe4a,buy_yes,Bought YES (bid hit),46.476,0.44,20.4494,0.4,-4,85.3299,69.714,15.6159,8872.74,0,0
2520,2026-06-05T02:04:00+00:00,2026-06-05,Will the Moderate Party (M) win the second most seats in the 2026 Swedish parliamentary election?,0xa3d50cf0,buy_yes,Bought YES (bid hit),61.968,0.4,24.7872,0.395,-0.5,132.483,94.811,37.6716,8847.95,0,0
2521,2026-06-05T02:05:00+00:00,2026-06-05,Will the Moderate Party (M) win the second most seats in the 2026 Swedish parliamentary election?,0xa3d50cf0,sell_yes,Sold YES (ask lifted),61.968,0.4,24.7872,0.405,-0.5,70.5146,94.811,-24.2964,8872.74,0,0
2522,2026-06-05T02:06:00+00:00,2026-06-05,Will the Moderate Party (M) win the second most seats in the 2026 Swedish parliamentary election?,0xa3d50cf0,buy_yes,Bought YES (bid hit),61.968,0.4,24.7872,0.39,-1,132.483,94.811,37.6716,8847.95,0,0
2523,2026-06-05T02:07:00+00:00,2026-06-05,Will the Moderate Party (M) win the second most seats in the 2026 Swedish parliamentary election?,0xa3d50cf0,sell_yes,Sold YES (ask lifted),61.968,0.4,24.7872,0.415,-1.5,70.5146,94.811,-24.2964,8872.74,0,0
2524,2026-06-05T02:10:00+00:00,2026-06-05,Will Ulf Kristersson be the next Prime Minister of Sweden?,0x8a42bb4c,sell_yes,Sold YES (ask lifted),51.64,0.21,10.8444,0.21,-0,0,3.0984,-3.0984,8883.59,0,0
2525,2026-06-05T02:33:00+00:00,2026-06-05,Will the Sweden Democrats (SD) win the third most seats in the 2026 Swedish parliamentary election?,0x939abe4a,buy_yes,Bought YES (bid hit),46.476,0.42,19.5199,0.385,-3.5,131.806,69.714,62.0919,8864.07,0,0
2526,2026-06-05T02:37:00+00:00,2026-06-05,Will the Sweden Democrats (SD) win the third most seats in the 2026 Swedish parliamentary election?,0x939abe4a,sell_yes,Sold YES (ask lifted),46.476,0.4,18.5904,0.435,-3.5,85.3299,69.714,15.6159,8882.66,0,0
2527,2026-06-05T02:39:00+00:00,2026-06-05,Will the Moderate Party (M) win the second most seats in the 2026 Swedish parliamentary election?,0xa3d50cf0,buy_yes,Bought YES (bid hit),61.968,0.4,24.7872,0.39,-1,132.483,94.811,37.6716,8857.87,0,0
2528,2026-06-05T02:41:00+00:00,2026-06-05,Will the Sweden Democrats (SD) win the third most seats in the 2026 Swedish parliamentary election?,0x939abe4a,sell_yes,Sold YES (ask lifted),47.8703,0.39,18.6694,0.415,-2.5,37.4597,69.714,-32.2543,8876.54,0,0
2529,2026-06-05T02:43:00+00:00,2026-06-05,Will the Moderate Party (M) win the second most seats in the 2026 Swedish parliamentary election?,0xa3d50cf0,sell_yes,Sold YES (ask lifted),61.968,0.41,25.4069,0.41,-0,70.5146,94.811,-24.2964,8901.95,0,0
2530,2026-06-05T02:45:00+00:00,2026-06-05,Will the Sweden Democrats (SD) win the third most seats in the 2026 Swedish parliamentary election?,0x939abe4a,sell_yes,Sold YES (ask lifted),46.476,0.4,18.5904,0.43,-3,0,78.7303,-78.7303,8915.13,0,0
2531,2026-06-05T02:51:00+00:00,2026-06-05,Will the Sweden Democrats (SD) win the third most seats in the 2026 Swedish parliamentary election?,0x939abe4a,buy_yes,Bought YES (bid hit),53.4474,0.35,18.7066,0.32,-3,53.4474,78.7303,-25.2829,8896.42,0,0
2532,2026-06-05T02:54:00+00:00,2026-06-05,Will the Sweden Democrats (SD) win the third most seats in the 2026 Swedish parliamentary election?,0x939abe4a,buy_yes,Bought YES (bid hit),46.476,0.35,16.2666,0.295,-5.5,99.9234,78.7303,21.1931,8880.15,0,0
2533,2026-06-05T03:19:00+00:00,2026-06-05,Will the Sweden Democrats (SD) win the third most seats in the 2026 Swedish parliamentary election?,0x939abe4a,buy_yes,Bought YES (bid hit),46.476,0.3,13.9428,0.255,-4.5,146.399,78.7303,67.6691,8866.21,0,0
2534,2026-06-05T03:30:00+00:00,2026-06-05,Will the Sweden Democrats (SD) win the second most seats in the 2026 Swedish parliamentary election?,0x9e2966ab,sell_yes,Sold YES (ask lifted),61.968,0.55,34.0824,0.555,-0.5,0,83.8303,-83.8303,8893.03,0,0
2535,2026-06-05T04:13:00+00:00,2026-06-05,Will there be no change in Fed interest rates after the September 2026 meeting?,0xa3b36b2d,sell_yes,Sold YES (ask lifted),103.28,0.77,79.5256,0.775,-0.5,20.656,64.6533,-43.9973,8972.56,0,0
2536,2026-06-05T05:11:00+00:00,2026-06-05,Will the Moderate Party (M) win the second most seats in the 2026 Swedish parliamentary election?,0xa3d50cf0,buy_yes,Bought YES (bid hit),61.968,0.4,24.7872,0.395,-0.5,132.483,94.811,37.6716,8947.77,0,0
2537,2026-06-05T05:12:00+00:00,2026-06-05,Will the Moderate Party (M) win the second most seats in the 2026 Swedish parliamentary election?,0xa3d50cf0,sell_yes,Sold YES (ask lifted),65.6861,0.4,26.2744,0.405,-0.5,66.7965,94.811,-28.0145,8974.05,0,0
2538,2026-06-05T05:25:00+00:00,2026-06-05,Will the Moderate Party (M) win the second most seats in the 2026 Swedish parliamentary election?,0xa3d50cf0,buy_yes,Bought YES (bid hit),61.968,0.4,24.7872,0.395,-0.5,128.765,94.811,33.9535,8949.26,0,0
2539,2026-06-05T05:28:00+00:00,2026-06-05,Will the Moderate Party (M) win the second most seats in the 2026 Swedish parliamentary election?,0xa3d50cf0,sell_yes,Sold YES (ask lifted),61.968,0.41,25.4069,0.41,-0,66.7965,94.811,-28.0145,8974.67,0,0
2540,2026-06-05T06:08:00+00:00,2026-06-05,Will the Sweden Democrats (SD) win the third most seats in the 2026 Swedish parliamentary election?,0x939abe4a,sell_yes,Sold YES (ask lifted),46.476,0.38,17.6609,0.385,-0.5,99.9234,78.7303,21.1931,8992.33,0,0
2541,2026-06-05T06:11:00+00:00,2026-06-05,Will the Sweden Democrats (SD) win the third most seats in the 2026 Swedish parliamentary election?,0x939abe4a,sell_yes,Sold YES (ask lifted),46.476,0.37,17.1961,0.385,-1.5,53.4474,78.7303,-25.2829,9009.52,0,0
2542,2026-06-05T06:34:00+00:00,2026-06-05,Will the Moderate Party (M) win the second most seats in the 2026 Swedish parliamentary election?,0xa3d50cf0,buy_yes,Bought YES (bid hit),61.968,0.4,24.7872,0.39,-1,128.765,94.811,33.9535,8984.74,0,0
2543,2026-06-05T06:36:00+00:00,2026-06-05,Will the Sweden Democrats (SD) win the third most seats in the 2026 Swedish parliamentary election?,0x939abe4a,buy_yes,Bought YES (bid hit),47.8703,0.35,16.7546,0.345,-0.5,101.318,78.7303,22.5873,8967.98,0,0
2544,2026-06-05T06:38:00+00:00,2026-06-05,Will the Moderate Party (M) win the second most seats in the 2026 Swedish parliamentary election?,0xa3d50cf0,sell_yes,Sold YES (ask lifted),61.968,0.39,24.1675,0.41,-2,66.7965,94.811,-28.0145,8992.15,0,0
2545,2026-06-05T06:49:00+00:00,2026-06-05,Will the Sweden Democrats (SD) win the third most seats in the 2026 Swedish parliamentary election?,0x939abe4a,buy_yes,Bought YES (bid hit),46.476,0.3,13.9428,0.29,-1,147.794,78.7303,69.0633,8978.21,0,0
2546,2026-06-05T06:53:00+00:00,2026-06-05,Will the Moderate Party (M) win the second most seats in the 2026 Swedish parliamentary election?,0xa3d50cf0,buy_yes,Bought YES (bid hit),61.968,0.41,25.4069,0.395,-1.5,128.765,94.811,33.9535,8952.8,0,0
2547,2026-06-05T06:54:00+00:00,2026-06-05,Will the Moderate Party (M) win the second most seats in the 2026 Swedish parliamentary election?,0xa3d50cf0,sell_yes,Sold YES (ask lifted),61.968,0.4,24.7872,0.41,-1,66.7965,94.811,-28.0145,8977.59,0,0
2548,2026-06-05T06:58:00+00:00,2026-06-05,Will the Sweden Democrats (SD) win the third most seats in the 2026 Swedish parliamentary election?,0x939abe4a,sell_yes,Sold YES (ask lifted),52.0531,0.35,18.2186,0.355,-0.5,95.7406,78.7303,17.0102,8995.8,0,0
2549,2026-06-05T07:02:00+00:00,2026-06-05,Will the Sweden Democrats (SD) win the third most seats in the 2026 Swedish parliamentary election?,0x939abe4a,sell_yes,Sold YES (ask lifted),46.476,0.37,17.1961,0.395,-2.5,49.2646,78.7303,-29.4658,9013,0,0
2550,2026-06-05T07:09:00+00:00,2026-06-05,Will the Sweden Democrats (SD) win the third most seats in the 2026 Swedish parliamentary election?,0x939abe4a,sell_yes,Sold YES (ask lifted),46.476,0.38,17.6609,0.435,-5.5,2.78856,78.7303,-75.9418,9030.66,0,0
2551,2026-06-05T07:11:00+00:00,2026-06-05,Will the Sweden Democrats (SD) win the third most seats in the 2026 Swedish parliamentary election?,0x939abe4a,buy_yes,Bought YES (bid hit),46.476,0.37,17.1961,0.34,-3,49.2646,78.7303,-29.4658,9013.47,0,0
2552,2026-06-05T07:14:00+00:00,2026-06-05,Will the Sweden Democrats (SD) win the third most seats in the 2026 Swedish parliamentary election?,0x939abe4a,buy_yes,Bought YES (bid hit),46.476,0.4,18.5904,0.365,-3.5,95.7406,78.7303,17.0102,8994.88,0,0
2553,2026-06-05T07:23:00+00:00,2026-06-05,Will the Sweden Democrats (SD) win the third most seats in the 2026 Swedish parliamentary election?,0x939abe4a,sell_yes,Sold YES (ask lifted),46.476,0.44,20.4494,0.45,-1,49.2646,78.7303,-29.4658,9015.32,0,0
2554,2026-06-05T07:44:00+00:00,2026-06-05,Will the Moderate Party (M) win the second most seats in the 2026 Swedish parliamentary election?,0xa3d50cf0,buy_yes,Bought YES (bid hit),61.968,0.4,24.7872,0.395,-0.5,128.765,94.811,33.9535,8990.54,0,0
2555,2026-06-05T07:48:00+00:00,2026-06-05,Will the Moderate Party (M) win the second most seats in the 2026 Swedish parliamentary election?,0xa3d50cf0,sell_yes,Sold YES (ask lifted),61.968,0.41,25.4069,0.415,-0.5,66.7965,94.811,-28.0145,9015.94,0,0
2556,2026-06-05T07:50:00+00:00,2026-06-05,Will the Moderate Party (M) win the second most seats in the 2026 Swedish parliamentary election?,0xa3d50cf0,buy_yes,Bought YES (bid hit),61.968,0.41,25.4069,0.395,-1.5,128.765,94.811,33.9535,8990.54,0,0
2557,2026-06-05T07:53:00+00:00,2026-06-05,Will the Sweden Democrats (SD) win the third most seats in the 2026 Swedish parliamentary election?,0x939abe4a,sell_yes,Sold YES (ask lifted),46.476,0.43,19.9847,0.445,-1.5,2.78856,78.7303,-75.9418,9010.52,0,0
2558,2026-06-05T07:55:00+00:00,2026-06-05,Will the Moderate Party (M) win the second most seats in the 2026 Swedish parliamentary election?,0xa3d50cf0,sell_yes,Sold YES (ask lifted),61.968,0.4,24.7872,0.41,-1,66.7965,94.811,-28.0145,9035.31,0,0
2559,2026-06-05T07:59:00+00:00,2026-06-05,Will the Sweden Democrats (SD) win the third most seats in the 2026 Swedish parliamentary election?,0x939abe4a,buy_yes,Bought YES (bid hit),46.476,0.35,16.2666,0.345,-0.5,49.2646,78.7303,-29.4658,9019.04,0,0
2560,2026-06-05T08:02:00+00:00,2026-06-05,Will the Sweden Democrats (SD) win the third most seats in the 2026 Swedish parliamentary election?,0x939abe4a,sell_yes,Sold YES (ask lifted),49.2646,0.4,19.7058,0.455,-5.5,0,78.7303,-78.7303,9038.75,0,0
2561,2026-06-05T08:17:00+00:00,2026-06-05,Will the Sweden Democrats (SD) win the third most seats in the 2026 Swedish parliamentary election?,0x939abe4a,buy_yes,Bought YES (bid hit),46.476,0.41,19.0552,0.405,-0.5,46.476,78.7303,-32.2543,9019.69,0,0
2562,2026-06-05T08:19:00+00:00,2026-06-05,Will the Sweden Democrats (SD) win the third most seats in the 2026 Swedish parliamentary election?,0x939abe4a,sell_yes,Sold YES (ask lifted),46.476,0.45,20.9142,0.465,-1.5,0,78.7303,-78.7303,9040.61,0,0
2563,2026-06-05T08:25:00+00:00,2026-06-05,Will the Moderate Party (M) win the second most seats in the 2026 Swedish parliamentary election?,0xa3d50cf0,buy_yes,Bought YES (bid hit),61.968,0.4,24.7872,0.395,-0.5,128.765,94.811,33.9535,9015.82,0,0
2564,2026-06-05T08:26:00+00:00,2026-06-05,Will the Moderate Party (M) win the second most seats in the 2026 Swedish parliamentary election?,0xa3d50cf0,sell_yes,Sold YES (ask lifted),63.827,0.4,25.5308,0.405,-0.5,64.9375,94.811,-29.8735,9041.35,0,0
2565,2026-06-05T08:38:00+00:00,2026-06-05,Will the Sweden Democrats (SD) win the third most seats in the 2026 Swedish parliamentary election?,0x939abe4a,buy_yes,Bought YES (bid hit),46.476,0.36,16.7314,0.32,-4,46.476,78.7303,-32.2543,9024.62,0,0
2566,2026-06-05T08:46:00+00:00,2026-06-05,Will the Sweden Democrats (SD) win the third most seats in the 2026 Swedish parliamentary election?,0x939abe4a,buy_yes,Bought YES (bid hit),46.476,0.36,16.7314,0.355,-0.5,92.952,78.7303,14.2217,9007.89,0,0
2567,2026-06-05T08:46:00+00:00,2026-06-05,Will the Moderate Party (M) win the second most seats in the 2026 Swedish parliamentary election?,0xa3d50cf0,buy_yes,Bought YES (bid hit),61.968,0.41,25.4069,0.405,-0.5,126.906,94.811,32.0945,8982.48,0,0
2568,2026-06-05T08:50:00+00:00,2026-06-05,Will the Moderate Party (M) win the second most seats in the 2026 Swedish parliamentary election?,0xa3d50cf0,sell_yes,Sold YES (ask lifted),61.968,0.41,25.4069,0.41,-0,64.9375,94.811,-29.8735,9007.89,0,0
2569,2026-06-05T08:53:00+00:00,2026-06-05,Will the Sweden Democrats (SD) win the second most seats in the 2026 Swedish parliamentary election?,0x9e2966ab,buy_yes,Bought YES (bid hit),61.968,0.51,31.6037,0.495,-1.5,61.968,83.8303,-21.8623,8976.28,0,0
2570,2026-06-05T08:56:00+00:00,2026-06-05,Will the Sweden Democrats (SD) win the second most seats in the 2026 Swedish parliamentary election?,0x9e2966ab,sell_yes,Sold YES (ask lifted),61.968,0.53,32.843,0.55,-2,0,83.8303,-83.8303,9009.13,0,0
2571,2026-06-06T23:00:00+00:00,2026-06-06,Will United Russia (ER) gain the most seats in the next Russian parliamentary election?,0x502a94e5,buy_yes,Bought YES (bid hit),51.64,0.51,26.3364,0.485,-2.5,103.28,51.64,51.64,9000.62,0,0
2572,2026-06-06T23:00:00+00:00,2026-06-06,Clarity Act (H.R.3633) signed into law in 2026?,0x9cb23d04,buy_yes,Bought YES (bid hit),51.64,0.55,28.402,0.495,-5.5,101.731,53.1892,48.5416,8972.22,0,0
2573,2026-06-06T23:00:00+00:00,2026-06-06,Will the Moderate Party (M) win the third most seats in the 2026 Swedish parliamentary election?,0xbbb881b0,sell_yes,Sold YES (ask lifted),46.476,0.61,28.3504,0.64,-3,69.807,63.2074,6.59959,9000.57,0,0
2574,2026-06-06T23:00:00+00:00,2026-06-06,Will Kimi Antonelli be the 2026 F1 Drivers' Champion?,0xcd264046,sell_yes,Sold YES (ask lifted),51.64,0.51,26.3364,0.5535,-4.35,1.23936,54.8933,-53.654,9026.91,0,0
2575,2026-06-06T23:00:00+00:00,2026-06-06,Will no Fed rate cuts happen in 2026?,0xd4e77ba6,sell_yes,Sold YES (ask lifted),25.82,0.72,18.5904,0.8095,-8.95,0,25.82,-25.82,9038.27,0,0
2576,2026-06-06T23:03:00+00:00,2026-06-06,Will Harry Kane win the 2026 Ballon d'Or?,0x12dc2b61,sell_yes,Sold YES (ask lifted),25.82,0.29,7.4878,0.3085,-1.85,0,24.9679,-24.9679,9045.76,0,0
2577,2026-06-06T23:07:00+00:00,2026-06-06,Will there be no change in Fed interest rates after the September 2026 meeting?,0xa3b36b2d,buy_yes,Bought YES (bid hit),103.28,0.76,78.4928,0.53,-23,123.936,64.6533,59.2827,8967.26,0,0
2578,2026-06-06T23:07:00+00:00,2026-06-06,Will Kimi Antonelli be the 2026 F1 Drivers' Champion?,0xcd264046,buy_yes,Bought YES (bid hit),51.64,0.55,28.402,0.547,-0.3,52.8794,54.8933,-2.01396,8938.86,0,0
2579,2026-06-06T23:08:00+00:00,2026-06-06,Will the Moderate Party (M) win the second most seats in the 2026 Swedish parliamentary election?,0xa3d50cf0,buy_yes,Bought YES (bid hit),67.5451,0.4,27.018,0.395,-0.5,132.483,94.811,37.6716,8911.84,0,0
2580,2026-06-06T23:12:00+00:00,2026-06-06,Will the Moderate Party (M) win the second most seats in the 2026 Swedish parliamentary election?,0xa3d50cf0,sell_yes,Sold YES (ask lifted),61.968,0.4,24.7872,0.405,-0.5,70.5146,94.811,-24.2964,8936.63,0,0
2581,2026-06-06T23:13:00+00:00,2026-06-06,Will the Moderate Party (M) win the second most seats in the 2026 Swedish parliamentary election?,0xa3d50cf0,buy_yes,Bought YES (bid hit),61.968,0.4,24.7872,0.38,-2,132.483,94.811,37.6716,8911.84,0,0
2582,2026-06-06T23:15:00+00:00,2026-06-06,Will the Moderate Party (M) win the second most seats in the 2026 Swedish parliamentary election?,0xa3d50cf0,sell_yes,Sold YES (ask lifted),61.968,0.4,24.7872,0.405,-0.5,70.5146,94.811,-24.2964,8936.63,0,0
2583,2026-06-06T23:16:00+00:00,2026-06-06,Will the Moderate Party (M) win the second most seats in the 2026 Swedish parliamentary election?,0xa3d50cf0,buy_yes,Bought YES (bid hit),61.968,0.4,24.7872,0.38,-2,132.483,94.811,37.6716,8911.84,0,0
2584,2026-06-06T23:19:00+00:00,2026-06-06,Will the Moderate Party (M) win the second most seats in the 2026 Swedish parliamentary election?,0xa3d50cf0,sell_yes,Sold YES (ask lifted),61.968,0.39,24.1675,0.41,-2,70.5146,94.811,-24.2964,8936.01,0,0
2585,2026-06-06T23:20:00+00:00,2026-06-06,Will Harry Kane win the 2026 Ballon d'Or?,0x12dc2b61,buy_yes,Bought YES (bid hit),25.8975,0.3,7.7692,0.2715,-2.85,25.8975,24.9679,0.92952,8928.24,0,0
2586,2026-06-06T23:21:00+00:00,2026-06-06,Will the Moderate Party (M) win the second most seats in the 2026 Swedish parliamentary election?,0xa3d50cf0,buy_yes,Bought YES (bid hit),61.968,0.4,24.7872,0.395,-0.5,132.483,94.811,37.6716,8903.45,0,0
2587,2026-06-06T23:26:00+00:00,2026-06-06,Will the Moderate Party (M) win the second most seats in the 2026 Swedish parliamentary election?,0xa3d50cf0,sell_yes,Sold YES (ask lifted),61.968,0.4,24.7872,0.405,-0.5,70.5146,94.811,-24.2964,8928.24,0,0
2588,2026-06-06T23:29:00+00:00,2026-06-06,Will the Moderate Party (M) win the second most seats in the 2026 Swedish parliamentary election?,0xa3d50cf0,buy_yes,Bought YES (bid hit),61.968,0.4,24.7872,0.39,-1,132.483,94.811,37.6716,8903.45,0,0
2589,2026-06-06T23:33:00+00:00,2026-06-06,Will the Moderate Party (M) win the second most seats in the 2026 Swedish parliamentary election?,0xa3d50cf0,sell_yes,Sold YES (ask lifted),61.968,0.4,24.7872,0.405,-0.5,70.5146,94.811,-24.2964,8928.24,0,0
2590,2026-06-06T23:36:00+00:00,2026-06-06,Will the Moderate Party (M) win the second most seats in the 2026 Swedish parliamentary election?,0xa3d50cf0,buy_yes,Bought YES (bid hit),61.968,0.4,24.7872,0.39,-1,132.483,94.811,37.6716,8903.45,0,0
2591,2026-06-06T23:38:00+00:00,2026-06-06,Will the Sweden Democrats (SD) win the third most seats in the 2026 Swedish parliamentary election?,0x939abe4a,sell_yes,Sold YES (ask lifted),46.476,0.25,11.619,0.305,-5.5,46.476,78.7303,-32.2543,8915.07,0,0
2592,2026-06-06T23:40:00+00:00,2026-06-06,Will the Moderate Party (M) win the second most seats in the 2026 Swedish parliamentary election?,0xa3d50cf0,sell_yes,Sold YES (ask lifted),61.968,0.4,24.7872,0.41,-1,70.5146,94.811,-24.2964,8939.86,0,0
2593,2026-06-06T23:45:00+00:00,2026-06-06,Will the Moderate Party (M) win the second most seats in the 2026 Swedish parliamentary election?,0xa3d50cf0,buy_yes,Bought YES (bid hit),61.968,0.4,24.7872,0.385,-1.5,132.483,94.811,37.6716,8915.07,0,0
2594,2026-06-06T23:46:00+00:00,2026-06-06,Will the Moderate Party (M) win the second most seats in the 2026 Swedish parliamentary election?,0xa3d50cf0,sell_yes,Sold YES (ask lifted),61.968,0.39,24.1675,0.405,-1.5,70.5146,94.811,-24.2964,8939.24,0,0
2595,2026-06-06T23:53:00+00:00,2026-06-06,Will the Moderate Party (M) win the second most seats in the 2026 Swedish parliamentary election?,0xa3d50cf0,buy_yes,Bought YES (bid hit),61.968,0.4,24.7872,0.39,-1,132.483,94.811,37.6716,8914.45,0,0
2596,2026-06-06T23:58:00+00:00,2026-06-06,Will the Moderate Party (M) win the second most seats in the 2026 Swedish parliamentary election?,0xa3d50cf0,sell_yes,Sold YES (ask lifted),63.827,0.39,24.8925,0.395,-0.5,68.6556,94.811,-26.1555,8939.35,0,0
2597,2026-06-07T00:01:00+00:00,2026-06-07,Will the Moderate Party (M) win the second most seats in the 2026 Swedish parliamentary election?,0xa3d50cf0,buy_yes,Bought YES (bid hit),65.6861,0.41,26.9313,0.405,-0.5,134.342,94.811,39.5306,8913.45,0,0
2598,2026-06-07T00:05:00+00:00,2026-06-07,Clarity Act (H.R.3633) signed into law in 2026?,0x9cb23d04,sell_yes,Sold YES (ask lifted),51.64,0.5,25.82,0.505,-0.5,50.0908,53.1892,-3.0984,8939.27,0,0
2599,2026-06-07T00:06:00+00:00,2026-06-07,Will the Moderate Party (M) win the second most seats in the 2026 Swedish parliamentary election?,0xa3d50cf0,sell_yes,Sold YES (ask lifted),61.968,0.39,24.1675,0.395,-0.5,72.3737,94.811,-22.4374,8963.44,0,0
2600,2026-06-07T00:08:00+00:00,2026-06-07,Will the Moderate Party (M) win the second most seats in the 2026 Swedish parliamentary election?,0xa3d50cf0,buy_yes,Bought YES (bid hit),61.968,0.4,24.7872,0.395,-0.5,134.342,94.811,39.5306,8938.65,0,0
2601,2026-06-07T00:09:00+00:00,2026-06-07,Will the Moderate Party (M) win the second most seats in the 2026 Swedish parliamentary election?,0xa3d50cf0,sell_yes,Sold YES (ask lifted),61.968,0.4,24.7872,0.405,-0.5,72.3737,94.811,-22.4374,8963.44,0,0
2602,2026-06-07T00:10:00+00:00,2026-06-07,Will the Moderate Party (M) win the second most seats in the 2026 Swedish parliamentary election?,0xa3d50cf0,buy_yes,Bought YES (bid hit),61.968,0.4,24.7872,0.395,-0.5,134.342,94.811,39.5306,8938.65,0,0
2603,2026-06-07T00:13:00+00:00,2026-06-07,Will the Moderate Party (M) win the second most seats in the 2026 Swedish parliamentary election?,0xa3d50cf0,sell_yes,Sold YES (ask lifted),61.968,0.4,24.7872,0.41,-1,72.3737,94.811,-22.4374,8963.44,0,0
2604,2026-06-07T00:15:00+00:00,2026-06-07,Will there be no change in Fed interest rates after the September 2026 meeting?,0xa3b36b2d,sell_yes,Sold YES (ask lifted),103.28,0.54,55.7712,0.755,-21.5,20.656,64.6533,-43.9973,9019.21,0,0
2605,2026-06-07T00:15:00+00:00,2026-06-07,Will the Moderate Party (M) win the second most seats in the 2026 Swedish parliamentary election?,0xa3d50cf0,buy_yes,Bought YES (bid hit),63.827,0.4,25.5308,0.395,-0.5,136.201,94.811,41.3897,8993.68,0,0
2606,2026-06-07T00:22:00+00:00,2026-06-07,Will the Moderate Party (M) win the second most seats in the 2026 Swedish parliamentary election?,0xa3d50cf0,sell_yes,Sold YES (ask lifted),61.968,0.41,25.4069,0.41,-0,74.2327,94.811,-20.5783,9019.09,0,0
2607,2026-06-07T00:28:00+00:00,2026-06-07,Will the Moderate Party (M) win the second most seats in the 2026 Swedish parliamentary election?,0xa3d50cf0,buy_yes,Bought YES (bid hit),61.968,0.38,23.5478,0.375,-0.5,136.201,94.811,41.3897,8995.54,0,0
2608,2026-06-07T00:29:00+00:00,2026-06-07,Will the Moderate Party (M) win the second most seats in the 2026 Swedish parliamentary election?,0xa3d50cf0,sell_yes,Sold YES (ask lifted),61.968,0.38,23.5478,0.405,-2.5,74.2327,94.811,-20.5783,9019.09,0,0
2609,2026-06-07T00:31:00+00:00,2026-06-07,Will the Moderate Party (M) win the second most seats in the 2026 Swedish parliamentary election?,0xa3d50cf0,buy_yes,Bought YES (bid hit),61.968,0.41,25.4069,0.405,-0.5,136.201,94.811,41.3897,8993.68,0,0
2610,2026-06-07T00:36:00+00:00,2026-06-07,Will the Moderate Party (M) win the second most seats in the 2026 Swedish parliamentary election?,0xa3d50cf0,sell_yes,Sold YES (ask lifted),61.968,0.4,24.7872,0.405,-0.5,74.2327,94.811,-20.5783,9018.47,0,0
2611,2026-06-07T00:39:00+00:00,2026-06-07,Will the Moderate Party (M) win the second most seats in the 2026 Swedish parliamentary election?,0xa3d50cf0,buy_yes,Bought YES (bid hit),61.968,0.4,24.7872,0.395,-0.5,136.201,94.811,41.3897,8993.68,0,0
2612,2026-06-07T00:41:00+00:00,2026-06-07,Will the Moderate Party (M) win the second most seats in the 2026 Swedish parliamentary election?,0xa3d50cf0,sell_yes,Sold YES (ask lifted),63.827,0.39,24.8925,0.395,-0.5,72.3737,94.811,-22.4374,9018.57,0,0
2613,2026-06-07T00:47:00+00:00,2026-06-07,Will the Moderate Party (M) win the second most seats in the 2026 Swedish parliamentary election?,0xa3d50cf0,buy_yes,Bought YES (bid hit),61.968,0.39,24.1675,0.38,-1,134.342,94.811,39.5306,8994.41,0,0
2614,2026-06-07T00:48:00+00:00,2026-06-07,Will the Moderate Party (M) win the second most seats in the 2026 Swedish parliamentary election?,0xa3d50cf0,sell_yes,Sold YES (ask lifted),63.827,0.39,24.8925,0.395,-0.5,70.5146,94.811,-24.2964,9019.3,0,0
2615,2026-06-07T00:59:00+00:00,2026-06-07,Will the Moderate Party (M) win the second most seats in the 2026 Swedish parliamentary election?,0xa3d50cf0,buy_yes,Bought YES (bid hit),61.968,0.4,24.7872,0.39,-1,132.483,94.811,37.6716,8994.51,0,0
2616,2026-06-07T01:02:00+00:00,2026-06-07,Will the Moderate Party (M) win the second most seats in the 2026 Swedish parliamentary election?,0xa3d50cf0,sell_yes,Sold YES (ask lifted),61.968,0.4,24.7872,0.41,-1,70.5146,94.811,-24.2964,9019.3,0,0
2617,2026-06-07T01:12:00+00:00,2026-06-07,Will the Moderate Party (M) win the second most seats in the 2026 Swedish parliamentary election?,0xa3d50cf0,buy_yes,Bought YES (bid hit),61.968,0.4,24.7872,0.395,-0.5,132.483,94.811,37.6716,8994.51,0,0
2618,2026-06-07T01:15:00+00:00,2026-06-07,Will the Moderate Party (M) win the second most seats in the 2026 Swedish parliamentary election?,0xa3d50cf0,sell_yes,Sold YES (ask lifted),61.968,0.4,24.7872,0.41,-1,70.5146,94.811,-24.2964,9019.3,0,0
2619,2026-06-07T01:17:00+00:00,2026-06-07,Will the Moderate Party (M) win the second most seats in the 2026 Swedish parliamentary election?,0xa3d50cf0,buy_yes,Bought YES (bid hit),61.968,0.4,24.7872,0.395,-0.5,132.483,94.811,37.6716,8994.51,0,0
2620,2026-06-07T01:19:00+00:00,2026-06-07,Will the Moderate Party (M) win the second most seats in the 2026 Swedish parliamentary election?,0xa3d50cf0,sell_yes,Sold YES (ask lifted),61.968,0.37,22.9282,0.405,-3.5,70.5146,94.811,-24.2964,9017.44,0,0
2621,2026-06-07T01:23:00+00:00,2026-06-07,Will the Moderate Party (M) win the second most seats in the 2026 Swedish parliamentary election?,0xa3d50cf0,buy_yes,Bought YES (bid hit),63.827,0.4,25.5308,0.395,-0.5,134.342,94.811,39.5306,8991.91,0,0
2622,2026-06-07T01:24:00+00:00,2026-06-07,Will the Moderate Party (M) win the second most seats in the 2026 Swedish parliamentary election?,0xa3d50cf0,sell_yes,Sold YES (ask lifted),61.968,0.4,24.7872,0.405,-0.5,72.3737,94.811,-22.4374,9016.7,0,0
2623,2026-06-07T01:33:00+00:00,2026-06-07,Will the Moderate Party (M) win the second most seats in the 2026 Swedish parliamentary election?,0xa3d50cf0,buy_yes,Bought YES (bid hit),61.968,0.4,24.7872,0.365,-3.5,134.342,94.811,39.5306,8991.91,0,0
2624,2026-06-07T01:37:00+00:00,2026-06-07,Will the Moderate Party (M) win the second most seats in the 2026 Swedish parliamentary election?,0xa3d50cf0,sell_yes,Sold YES (ask lifted),61.968,0.38,23.5478,0.405,-2.5,72.3737,94.811,-22.4374,9015.46,0,0
2625,2026-06-07T01:40:00+00:00,2026-06-07,Will the Moderate Party (M) win the second most seats in the 2026 Swedish parliamentary election?,0xa3d50cf0,buy_yes,Bought YES (bid hit),61.968,0.4,24.7872,0.39,-1,134.342,94.811,39.5306,8990.67,0,0
2626,2026-06-07T01:42:00+00:00,2026-06-07,Will the Moderate Party (M) win the second most seats in the 2026 Swedish parliamentary election?,0xa3d50cf0,sell_yes,Sold YES (ask lifted),63.827,0.39,24.8925,0.4,-1,70.5146,94.811,-24.2964,9015.56,0,0
2627,2026-06-07T01:54:00+00:00,2026-06-07,Will the Moderate Party (M) win the second most seats in the 2026 Swedish parliamentary election?,0xa3d50cf0,buy_yes,Bought YES (bid hit),61.968,0.4,24.7872,0.375,-2.5,132.483,94.811,37.6716,8990.77,0,0
2628,2026-06-07T01:57:00+00:00,2026-06-07,Will the Moderate Party (M) win the second most seats in the 2026 Swedish parliamentary election?,0xa3d50cf0,sell_yes,Sold YES (ask lifted),61.968,0.39,24.1675,0.41,-2,70.5146,94.811,-24.2964,9014.94,0,0
2629,2026-06-07T01:59:00+00:00,2026-06-07,Will the Moderate Party (M) win the second most seats in the 2026 Swedish parliamentary election?,0xa3d50cf0,buy_yes,Bought YES (bid hit),61.968,0.4,24.7872,0.395,-0.5,132.483,94.811,37.6716,8990.15,0,0
2630,2026-06-07T02:00:00+00:00,2026-06-07,Will the Moderate Party (M) win the second most seats in the 2026 Swedish parliamentary election?,0xa3d50cf0,sell_yes,Sold YES (ask lifted),61.968,0.4,24.7872,0.405,-0.5,70.5146,94.811,-24.2964,9014.94,0,0
2631,2026-06-07T02:01:00+00:00,2026-06-07,Will the Moderate Party (M) win the second most seats in the 2026 Swedish parliamentary election?,0xa3d50cf0,buy_yes,Bought YES (bid hit),61.968,0.4,24.7872,0.39,-1,132.483,94.811,37.6716,8990.15,0,0
2632,2026-06-07T02:02:00+00:00,2026-06-07,Will the Moderate Party (M) win the second most seats in the 2026 Swedish parliamentary election?,0xa3d50cf0,sell_yes,Sold YES (ask lifted),61.968,0.4,24.7872,0.405,-0.5,70.5146,94.811,-24.2964,9014.94,0,0
2633,2026-06-07T02:08:00+00:00,2026-06-07,Will the Moderate Party (M) win the second most seats in the 2026 Swedish parliamentary election?,0xa3d50cf0,buy_yes,Bought YES (bid hit),61.968,0.4,24.7872,0.395,-0.5,132.483,94.811,37.6716,8990.15,0,0
2634,2026-06-07T02:10:00+00:00,2026-06-07,Will the Moderate Party (M) win the second most seats in the 2026 Swedish parliamentary election?,0xa3d50cf0,sell_yes,Sold YES (ask lifted),61.968,0.39,24.1675,0.405,-1.5,70.5146,94.811,-24.2964,9014.32,0,0
2635,2026-06-07T02:15:00+00:00,2026-06-07,Will the Moderate Party (M) win the second most seats in the 2026 Swedish parliamentary election?,0xa3d50cf0,buy_yes,Bought YES (bid hit),61.968,0.4,24.7872,0.395,-0.5,132.483,94.811,37.6716,8989.53,0,0
2636,2026-06-07T02:17:00+00:00,2026-06-07,Will the Moderate Party (M) win the second most seats in the 2026 Swedish parliamentary election?,0xa3d50cf0,sell_yes,Sold YES (ask lifted),61.968,0.4,24.7872,0.405,-0.5,70.5146,94.811,-24.2964,9014.32,0,0
2637,2026-06-07T02:18:00+00:00,2026-06-07,Will the Sweden Democrats (SD) win the third most seats in the 2026 Swedish parliamentary election?,0x939abe4a,buy_yes,Bought YES (bid hit),46.476,0.24,11.1542,0.235,-0.5,92.952,78.7303,14.2217,9003.17,0,0
2638,2026-06-07T02:20:00+00:00,2026-06-07,Will the Moderate Party (M) win the second most seats in the 2026 Swedish parliamentary election?,0xa3d50cf0,buy_yes,Bought YES (bid hit),67.5451,0.42,28.369,0.415,-0.5,138.06,94.811,43.2487,8974.8,0,0
2639,2026-06-07T02:24:00+00:00,2026-06-07,Will the Sweden Democrats (SD) win the third most seats in the 2026 Swedish parliamentary election?,0x939abe4a,sell_yes,Sold YES (ask lifted),46.476,0.24,11.1542,0.465,-22.5,46.476,78.7303,-32.2543,8985.95,0,0
2640,2026-06-07T02:26:00+00:00,2026-06-07,Will the Moderate Party (M) win the second most seats in the 2026 Swedish parliamentary election?,0xa3d50cf0,sell_yes,Sold YES (ask lifted),61.968,0.41,25.4069,0.41,-0,76.0917,94.811,-18.7193,9011.36,0,0
2641,2026-06-07T02:37:00+00:00,2026-06-07,Will the Moderate Party (M) win the second most seats in the 2026 Swedish parliamentary election?,0xa3d50cf0,buy_yes,Bought YES (bid hit),61.968,0.4,24.7872,0.395,-0.5,138.06,94.811,43.2487,8986.57,0,0
2642,2026-06-07T02:40:00+00:00,2026-06-07,Will the Moderate Party (M) win the second most seats in the 2026 Swedish parliamentary election?,0xa3d50cf0,sell_yes,Sold YES (ask lifted),61.968,0.38,23.5478,0.405,-2.5,76.0917,94.811,-18.7193,9010.12,0,0
2643,2026-06-07T02:44:00+00:00,2026-06-07,Will the Moderate Party (M) win the second most seats in the 2026 Swedish parliamentary election?,0xa3d50cf0,buy_yes,Bought YES (bid hit),61.968,0.4,24.7872,0.375,-2.5,138.06,94.811,43.2487,8985.33,0,0
2644,2026-06-07T02:46:00+00:00,2026-06-07,Will the Sweden Democrats (SD) win the third most seats in the 2026 Swedish parliamentary election?,0x939abe4a,buy_yes,Bought YES (bid hit),47.8703,0.24,11.4889,0.225,-1.5,94.3463,78.7303,15.6159,8973.84,0,0
2645,2026-06-07T02:48:00+00:00,2026-06-07,Will the Moderate Party (M) win the second most seats in the 2026 Swedish parliamentary election?,0xa3d50cf0,sell_yes,Sold YES (ask lifted),61.968,0.38,23.5478,0.405,-2.5,76.0917,94.811,-18.7193,8997.39,0,0
2646,2026-06-07T02:50:00+00:00,2026-06-07,Will the Moderate Party (M) win the second most seats in the 2026 Swedish parliamentary election?,0xa3d50cf0,buy_yes,Bought YES (bid hit),61.968,0.4,24.7872,0.39,-1,138.06,94.811,43.2487,8972.61,0,0
2647,2026-06-07T02:51:00+00:00,2026-06-07,Will the Moderate Party (M) win the second most seats in the 2026 Swedish parliamentary election?,0xa3d50cf0,sell_yes,Sold YES (ask lifted),61.968,0.4,24.7872,0.405,-0.5,76.0917,94.811,-18.7193,8997.39,0,0
2648,2026-06-07T02:52:00+00:00,2026-06-07,Will the Moderate Party (M) win the second most seats in the 2026 Swedish parliamentary election?,0xa3d50cf0,buy_yes,Bought YES (bid hit),61.968,0.4,24.7872,0.385,-1.5,138.06,94.811,43.2487,8972.61,0,0
2649,2026-06-07T02:55:00+00:00,2026-06-07,Will the Sweden Democrats (SD) win the third most seats in the 2026 Swedish parliamentary election?,0x939abe4a,sell_yes,Sold YES (ask lifted),46.476,0.23,10.6895,0.42,-19,47.8703,78.7303,-30.8601,8983.29,0,0
2650,2026-06-07T02:55:00+00:00,2026-06-07,Will the Moderate Party (M) win the second most seats in the 2026 Swedish parliamentary election?,0xa3d50cf0,sell_yes,Sold YES (ask lifted),61.968,0.39,24.1675,0.405,-1.5,76.0917,94.811,-18.7193,9007.46,0,0
2651,2026-06-07T02:58:00+00:00,2026-06-07,Will the Moderate Party (M) win the second most seats in the 2026 Swedish parliamentary election?,0xa3d50cf0,buy_yes,Bought YES (bid hit),61.968,0.4,24.7872,0.38,-2,138.06,94.811,43.2487,8982.67,0,0
2652,2026-06-07T02:59:00+00:00,2026-06-07,Will the Moderate Party (M) win the second most seats in the 2026 Swedish parliamentary election?,0xa3d50cf0,sell_yes,Sold YES (ask lifted),65.6861,0.39,25.6176,0.395,-0.5,72.3737,94.811,-22.4374,9008.29,0,0
2653,2026-06-07T03:04:00+00:00,2026-06-07,Will the Moderate Party (M) win the second most seats in the 2026 Swedish parliamentary election?,0xa3d50cf0,buy_yes,Bought YES (bid hit),61.968,0.41,25.4069,0.405,-0.5,134.342,94.811,39.5306,8982.89,0,0
2654,2026-06-07T03:09:00+00:00,2026-06-07,Will the Moderate Party (M) win the second most seats in the 2026 Swedish parliamentary election?,0xa3d50cf0,sell_yes,Sold YES (ask lifted),61.968,0.4,24.7872,0.405,-0.5,72.3737,94.811,-22.4374,9007.67,0,0
2655,2026-06-07T03:13:00+00:00,2026-06-07,Will the Moderate Party (M) win the second most seats in the 2026 Swedish parliamentary election?,0xa3d50cf0,buy_yes,Bought YES (bid hit),61.968,0.4,24.7872,0.385,-1.5,134.342,94.811,39.5306,8982.89,0,0
2656,2026-06-07T03:14:00+00:00,2026-06-07,Will the Moderate Party (M) win the second most seats in the 2026 Swedish parliamentary election?,0xa3d50cf0,sell_yes,Sold YES (ask lifted),61.968,0.39,24.1675,0.395,-0.5,72.3737,94.811,-22.4374,9007.05,0,0
2657,2026-06-07T03:19:00+00:00,2026-06-07,Will the Moderate Party (M) win the second most seats in the 2026 Swedish parliamentary election?,0xa3d50cf0,buy_yes,Bought YES (bid hit),61.968,0.4,24.7872,0.38,-2,134.342,94.811,39.5306,8982.27,0,0
2658,2026-06-07T03:23:00+00:00,2026-06-07,Will the Moderate Party (M) win the second most seats in the 2026 Swedish parliamentary election?,0xa3d50cf0,sell_yes,Sold YES (ask lifted),61.968,0.38,23.5478,0.405,-2.5,72.3737,94.811,-22.4374,9005.81,0,0
2659,2026-06-07T03:26:00+00:00,2026-06-07,Will the Moderate Party (M) win the second most seats in the 2026 Swedish parliamentary election?,0xa3d50cf0,buy_yes,Bought YES (bid hit),61.968,0.4,24.7872,0.395,-0.5,134.342,94.811,39.5306,8981.03,0,0
2660,2026-06-07T03:30:00+00:00,2026-06-07,Will the Moderate Party (M) win the second most seats in the 2026 Swedish parliamentary election?,0xa3d50cf0,sell_yes,Sold YES (ask lifted),61.968,0.4,24.7872,0.405,-0.5,72.3737,94.811,-22.4374,9005.81,0,0
2661,2026-06-07T03:31:00+00:00,2026-06-07,Will the Moderate Party (M) win the second most seats in the 2026 Swedish parliamentary election?,0xa3d50cf0,buy_yes,Bought YES (bid hit),61.968,0.4,24.7872,0.395,-0.5,134.342,94.811,39.5306,8981.03,0,0
2662,2026-06-07T03:32:00+00:00,2026-06-07,Will the Moderate Party (M) win the second most seats in the 2026 Swedish parliamentary election?,0xa3d50cf0,sell_yes,Sold YES (ask lifted),61.968,0.4,24.7872,0.405,-0.5,72.3737,94.811,-22.4374,9005.81,0,0
2663,2026-06-07T03:33:00+00:00,2026-06-07,Will the Moderate Party (M) win the second most seats in the 2026 Swedish parliamentary election?,0xa3d50cf0,buy_yes,Bought YES (bid hit),61.968,0.4,24.7872,0.395,-0.5,134.342,94.811,39.5306,8981.03,0,0
2664,2026-06-07T03:36:00+00:00,2026-06-07,Will the Moderate Party (M) win the second most seats in the 2026 Swedish parliamentary election?,0xa3d50cf0,sell_yes,Sold YES (ask lifted),61.968,0.39,24.1675,0.4,-1,72.3737,94.811,-22.4374,9005.19,0,0
2665,2026-06-07T03:40:00+00:00,2026-06-07,Will the Sweden Democrats (SD) win the second most seats in the 2026 Swedish parliamentary election?,0x9e2966ab,buy_yes,Bought YES (bid hit),61.968,0.55,34.0824,0.54,-1,61.968,83.8303,-21.8623,8971.11,0,0
2666,2026-06-07T03:41:00+00:00,2026-06-07,Will the Moderate Party (M) win the second most seats in the 2026 Swedish parliamentary election?,0xa3d50cf0,buy_yes,Bought YES (bid hit),61.968,0.39,24.1675,0.38,-1,134.342,94.811,39.5306,8946.94,0,0
2667,2026-06-07T03:42:00+00:00,2026-06-07,Will the Moderate Party (M) win the second most seats in the 2026 Swedish parliamentary election?,0xa3d50cf0,sell_yes,Sold YES (ask lifted),61.968,0.39,24.1675,0.395,-0.5,72.3737,94.811,-22.4374,8971.11,0,0
2668,2026-06-07T03:45:00+00:00,2026-06-07,Will the Moderate Party (M) win the second most seats in the 2026 Swedish parliamentary election?,0xa3d50cf0,buy_yes,Bought YES (bid hit),61.968,0.4,24.7872,0.395,-0.5,134.342,94.811,39.5306,8946.32,0,0
2669,2026-06-07T03:46:00+00:00,2026-06-07,Will the Moderate Party (M) win the second most seats in the 2026 Swedish parliamentary election?,0xa3d50cf0,sell_yes,Sold YES (ask lifted),61.968,0.4,24.7872,0.405,-0.5,72.3737,94.811,-22.4374,8971.11,0,0
2670,2026-06-07T03:47:00+00:00,2026-06-07,Will the Moderate Party (M) win the second most seats in the 2026 Swedish parliamentary election?,0xa3d50cf0,buy_yes,Bought YES (bid hit),61.968,0.4,24.7872,0.395,-0.5,134.342,94.811,39.5306,8946.32,0,0
2671,2026-06-07T03:53:00+00:00,2026-06-07,Will the Moderate Party (M) win the second most seats in the 2026 Swedish parliamentary election?,0xa3d50cf0,sell_yes,Sold YES (ask lifted),61.968,0.41,25.4069,0.41,-0,72.3737,94.811,-22.4374,8971.73,0,0
2672,2026-06-07T03:55:00+00:00,2026-06-07,Will the Sweden Democrats (SD) win the second most seats in the 2026 Swedish parliamentary election?,0x9e2966ab,buy_yes,Bought YES (bid hit),61.968,0.55,34.0824,0.54,-1,123.936,83.8303,40.1057,8937.65,0,0
2673,2026-06-07T03:55:00+00:00,2026-06-07,Will the Moderate Party (M) win the second most seats in the 2026 Swedish parliamentary election?,0xa3d50cf0,buy_yes,Bought YES (bid hit),61.968,0.4,24.7872,0.395,-0.5,134.342,94.811,39.5306,8912.86,0,0
2674,2026-06-07T03:58:00+00:00,2026-06-07,Will the Sweden Democrats (SD) win the second most seats in the 2026 Swedish parliamentary election?,0x9e2966ab,sell_yes,Sold YES (ask lifted),61.968,0.55,34.0824,0.555,-0.5,61.968,83.8303,-21.8623,8946.94,0,0
2675,2026-06-07T03:59:00+00:00,2026-06-07,Will the Moderate Party (M) win the second most seats in the 2026 Swedish parliamentary election?,0xa3d50cf0,sell_yes,Sold YES (ask lifted),61.968,0.4,24.7872,0.405,-0.5,72.3737,94.811,-22.4374,8971.73,0,0
2676,2026-06-07T04:01:00+00:00,2026-06-07,Will the Sweden Democrats (SD) win the second most seats in the 2026 Swedish parliamentary election?,0x9e2966ab,buy_yes,Bought YES (bid hit),61.968,0.55,34.0824,0.54,-1,123.936,83.8303,40.1057,8937.65,0,0
2677,2026-06-07T04:01:00+00:00,2026-06-07,Will the Moderate Party (M) win the second most seats in the 2026 Swedish parliamentary election?,0xa3d50cf0,buy_yes,Bought YES (bid hit),61.968,0.4,24.7872,0.395,-0.5,134.342,94.811,39.5306,8912.86,0,0
2678,2026-06-07T04:04:00+00:00,2026-06-07,Will the Moderate Party (M) win the second most seats in the 2026 Swedish parliamentary election?,0xa3d50cf0,sell_yes,Sold YES (ask lifted),67.5451,0.39,26.3426,0.395,-0.5,66.7965,94.811,-28.0145,8939.2,0,0
2679,2026-06-07T04:06:00+00:00,2026-06-07,Will the Sweden Democrats (SD) win the second most seats in the 2026 Swedish parliamentary election?,0x9e2966ab,sell_yes,Sold YES (ask lifted),61.968,0.55,34.0824,0.555,-0.5,61.968,83.8303,-21.8623,8973.29,0,0
2680,2026-06-07T04:06:00+00:00,2026-06-07,Will the Moderate Party (M) win the second most seats in the 2026 Swedish parliamentary election?,0xa3d50cf0,buy_yes,Bought YES (bid hit),61.968,0.4,24.7872,0.395,-0.5,128.765,94.811,33.9535,8948.5,0,0
2681,2026-06-07T04:08:00+00:00,2026-06-07,Will the Moderate Party (M) win the second most seats in the 2026 Swedish parliamentary election?,0xa3d50cf0,sell_yes,Sold YES (ask lifted),63.827,0.41,26.1691,0.41,-0,64.9375,94.811,-29.8735,8974.67,0,0
2682,2026-06-07T04:09:00+00:00,2026-06-07,Will the Sweden Democrats (SD) win the second most seats in the 2026 Swedish parliamentary election?,0x9e2966ab,buy_yes,Bought YES (bid hit),61.968,0.55,34.0824,0.54,-1,123.936,83.8303,40.1057,8940.59,0,0
2683,2026-06-07T04:12:00+00:00,2026-06-07,Will the Sweden Democrats (SD) win the second most seats in the 2026 Swedish parliamentary election?,0x9e2966ab,sell_yes,Sold YES (ask lifted),61.968,0.53,32.843,0.54,-1,61.968,83.8303,-21.8623,8973.43,0,0
2684,2026-06-07T04:20:00+00:00,2026-06-07,Will the Moderate Party (M) win the second most seats in the 2026 Swedish parliamentary election?,0xa3d50cf0,buy_yes,Bought YES (bid hit),61.968,0.4,24.7872,0.395,-0.5,126.906,94.811,32.0945,8948.64,0,0
2685,2026-06-07T04:24:00+00:00,2026-06-07,Will the Sweden Democrats (SD) win the second most seats in the 2026 Swedish parliamentary election?,0x9e2966ab,buy_yes,Bought YES (bid hit),61.968,0.55,34.0824,0.54,-1,123.936,83.8303,40.1057,8914.56,0,0
2686,2026-06-07T04:28:00+00:00,2026-06-07,Will the Sweden Democrats (SD) win the second most seats in the 2026 Swedish parliamentary election?,0x9e2966ab,sell_yes,Sold YES (ask lifted),61.968,0.55,34.0824,0.555,-0.5,61.968,83.8303,-21.8623,8948.64,0,0
2687,2026-06-07T04:28:00+00:00,2026-06-07,Will the Moderate Party (M) win the second most seats in the 2026 Swedish parliamentary election?,0xa3d50cf0,sell_yes,Sold YES (ask lifted),61.968,0.4,24.7872,0.405,-0.5,64.9375,94.811,-29.8735,8973.43,0,0
2688,2026-06-07T04:31:00+00:00,2026-06-07,Will the Sweden Democrats (SD) win the second most seats in the 2026 Swedish parliamentary election?,0x9e2966ab,buy_yes,Bought YES (bid hit),61.968,0.55,34.0824,0.52,-3,123.936,83.8303,40.1057,8939.35,0,0
2689,2026-06-07T04:31:00+00:00,2026-06-07,Will the Moderate Party (M) win the second most seats in the 2026 Swedish parliamentary election?,0xa3d50cf0,buy_yes,Bought YES (bid hit),61.968,0.4,24.7872,0.39,-1,126.906,94.811,32.0945,8914.56,0,0
2690,2026-06-07T04:32:00+00:00,2026-06-07,Will the Sweden Democrats (SD) win the second most seats in the 2026 Swedish parliamentary election?,0x9e2966ab,sell_yes,Sold YES (ask lifted),61.968,0.53,32.843,0.55,-2,61.968,83.8303,-21.8623,8947.4,0,0
2691,2026-06-07T04:34:00+00:00,2026-06-07,Will the Moderate Party (M) win the second most seats in the 2026 Swedish parliamentary election?,0xa3d50cf0,sell_yes,Sold YES (ask lifted),61.968,0.4,24.7872,0.405,-0.5,64.9375,94.811,-29.8735,8972.19,0,0
2692,2026-06-07T04:44:00+00:00,2026-06-07,Will the Moderate Party (M) win the second most seats in the 2026 Swedish parliamentary election?,0xa3d50cf0,buy_yes,Bought YES (bid hit),61.968,0.4,24.7872,0.375,-2.5,126.906,94.811,32.0945,8947.4,0,0
2693,2026-06-07T04:45:00+00:00,2026-06-07,Will the Moderate Party (M) win the second most seats in the 2026 Swedish parliamentary election?,0xa3d50cf0,sell_yes,Sold YES (ask lifted),61.968,0.38,23.5478,0.405,-2.5,64.9375,94.811,-29.8735,8970.95,0,0
2694,2026-06-07T04:54:00+00:00,2026-06-07,Will the Moderate Party (M) win the second most seats in the 2026 Swedish parliamentary election?,0xa3d50cf0,buy_yes,Bought YES (bid hit),61.968,0.4,24.7872,0.39,-1,126.906,94.811,32.0945,8946.16,0,0
2695,2026-06-07T04:56:00+00:00,2026-06-07,Will the Moderate Party (M) win the second most seats in the 2026 Swedish parliamentary election?,0xa3d50cf0,sell_yes,Sold YES (ask lifted),61.968,0.4,24.7872,0.405,-0.5,64.9375,94.811,-29.8735,8970.95,0,0
2696,2026-06-07T04:59:00+00:00,2026-06-07,Will the Moderate Party (M) win the second most seats in the 2026 Swedish parliamentary election?,0xa3d50cf0,buy_yes,Bought YES (bid hit),61.968,0.4,24.7872,0.39,-1,126.906,94.811,32.0945,8946.16,0,0
2697,2026-06-07T05:02:00+00:00,2026-06-07,Will the Moderate Party (M) win the second most seats in the 2026 Swedish parliamentary election?,0xa3d50cf0,sell_yes,Sold YES (ask lifted),61.968,0.4,24.7872,0.405,-0.5,64.9375,94.811,-29.8735,8970.95,0,0
2698,2026-06-07T05:05:00+00:00,2026-06-07,Will the Moderate Party (M) win the second most seats in the 2026 Swedish parliamentary election?,0xa3d50cf0,buy_yes,Bought YES (bid hit),61.968,0.4,24.7872,0.38,-2,126.906,94.811,32.0945,8946.16,0,0
2699,2026-06-07T05:09:00+00:00,2026-06-07,Will the Moderate Party (M) win the second most seats in the 2026 Swedish parliamentary election?,0xa3d50cf0,sell_yes,Sold YES (ask lifted),61.968,0.39,24.1675,0.395,-0.5,64.9375,94.811,-29.8735,8970.33,0,0
2700,2026-06-07T05:14:00+00:00,2026-06-07,Will the Moderate Party (M) win the second most seats in the 2026 Swedish parliamentary election?,0xa3d50cf0,buy_yes,Bought YES (bid hit),61.968,0.39,24.1675,0.385,-0.5,126.906,94.811,32.0945,8946.16,0,0
2701,2026-06-07T05:15:00+00:00,2026-06-07,Will the Moderate Party (M) win the second most seats in the 2026 Swedish parliamentary election?,0xa3d50cf0,sell_yes,Sold YES (ask lifted),61.968,0.39,24.1675,0.405,-1.5,64.9375,94.811,-29.8735,8970.33,0,0
2702,2026-06-07T05:17:00+00:00,2026-06-07,Will the Moderate Party (M) win the second most seats in the 2026 Swedish parliamentary election?,0xa3d50cf0,buy_yes,Bought YES (bid hit),63.827,0.4,25.5308,0.395,-0.5,128.765,94.811,33.9535,8944.8,0,0
2703,2026-06-07T05:23:00+00:00,2026-06-07,Will the Moderate Party (M) win the second most seats in the 2026 Swedish parliamentary election?,0xa3d50cf0,sell_yes,Sold YES (ask lifted),61.968,0.4,24.7872,0.41,-1,66.7965,94.811,-28.0145,8969.59,0,0
2704,2026-06-07T05:25:00+00:00,2026-06-07,Will the Moderate Party (M) win the second most seats in the 2026 Swedish parliamentary election?,0xa3d50cf0,buy_yes,Bought YES (bid hit),61.968,0.4,24.7872,0.38,-2,128.765,94.811,33.9535,8944.8,0,0
2705,2026-06-07T05:29:00+00:00,2026-06-07,Will the Moderate Party (M) win the second most seats in the 2026 Swedish parliamentary election?,0xa3d50cf0,sell_yes,Sold YES (ask lifted),61.968,0.39,24.1675,0.405,-1.5,66.7965,94.811,-28.0145,8968.97,0,0
2706,2026-06-07T05:32:00+00:00,2026-06-07,Will the Moderate Party (M) win the second most seats in the 2026 Swedish parliamentary election?,0xa3d50cf0,buy_yes,Bought YES (bid hit),61.968,0.4,24.7872,0.395,-0.5,128.765,94.811,33.9535,8944.18,0,0
2707,2026-06-07T05:34:00+00:00,2026-06-07,Will the Moderate Party (M) win the second most seats in the 2026 Swedish parliamentary election?,0xa3d50cf0,sell_yes,Sold YES (ask lifted),61.968,0.39,24.1675,0.395,-0.5,66.7965,94.811,-28.0145,8968.35,0,0
2708,2026-06-07T05:38:00+00:00,2026-06-07,Will the Moderate Party (M) win the second most seats in the 2026 Swedish parliamentary election?,0xa3d50cf0,buy_yes,Bought YES (bid hit),61.968,0.4,24.7872,0.395,-0.5,128.765,94.811,33.9535,8943.56,0,0
2709,2026-06-07T05:43:00+00:00,2026-06-07,Will the Moderate Party (M) win the second most seats in the 2026 Swedish parliamentary election?,0xa3d50cf0,sell_yes,Sold YES (ask lifted),61.968,0.39,24.1675,0.41,-2,66.7965,94.811,-28.0145,8967.73,0,0
2710,2026-06-07T05:47:00+00:00,2026-06-07,Will the Moderate Party (M) win the second most seats in the 2026 Swedish parliamentary election?,0xa3d50cf0,buy_yes,Bought YES (bid hit),61.968,0.39,24.1675,0.37,-2,128.765,94.811,33.9535,8943.56,0,0
2711,2026-06-07T05:48:00+00:00,2026-06-07,Will the Moderate Party (M) win the second most seats in the 2026 Swedish parliamentary election?,0xa3d50cf0,sell_yes,Sold YES (ask lifted),61.968,0.38,23.5478,0.395,-1.5,66.7965,94.811,-28.0145,8967.11,0,0
2712,2026-06-07T05:53:00+00:00,2026-06-07,Will the Moderate Party (M) win the second most seats in the 2026 Swedish parliamentary election?,0xa3d50cf0,buy_yes,Bought YES (bid hit),61.968,0.39,24.1675,0.385,-0.5,128.765,94.811,33.9535,8942.94,0,0
2713,2026-06-07T05:56:00+00:00,2026-06-07,Will the Moderate Party (M) win the second most seats in the 2026 Swedish parliamentary election?,0xa3d50cf0,sell_yes,Sold YES (ask lifted),63.827,0.39,24.8925,0.395,-0.5,64.9375,94.811,-29.8735,8967.83,0,0
2714,2026-06-07T06:01:00+00:00,2026-06-07,Will the Moderate Party (M) win the second most seats in the 2026 Swedish parliamentary election?,0xa3d50cf0,buy_yes,Bought YES (bid hit),61.968,0.41,25.4069,0.4,-1,126.906,94.811,32.0945,8942.43,0,0
2715,2026-06-07T06:02:00+00:00,2026-06-07,Will the Sweden Democrats (SD) win the third most seats in the 2026 Swedish parliamentary election?,0x939abe4a,buy_yes,Bought YES (bid hit),46.476,0.35,16.2666,0.345,-0.5,94.3463,78.7303,15.6159,8926.16,0,0
2716,2026-06-07T06:03:00+00:00,2026-06-07,Will the Sweden Democrats (SD) win the third most seats in the 2026 Swedish parliamentary election?,0x939abe4a,sell_yes,Sold YES (ask lifted),46.476,0.35,16.2666,0.37,-2,47.8703,78.7303,-30.8601,8942.43,0,0
2717,2026-06-07T06:04:00+00:00,2026-06-07,Will the Moderate Party (M) win the second most seats in the 2026 Swedish parliamentary election?,0xa3d50cf0,sell_yes,Sold YES (ask lifted),61.968,0.4,24.7872,0.405,-0.5,64.9375,94.811,-29.8735,8967.21,0,0
2718,2026-06-07T06:05:00+00:00,2026-06-07,Will the Moderate Party (M) win the second most seats in the 2026 Swedish parliamentary election?,0xa3d50cf0,buy_yes,Bought YES (bid hit),61.968,0.4,24.7872,0.395,-0.5,126.906,94.811,32.0945,8942.43,0,0
2719,2026-06-07T06:06:00+00:00,2026-06-07,Will the Moderate Party (M) win the second most seats in the 2026 Swedish parliamentary election?,0xa3d50cf0,sell_yes,Sold YES (ask lifted),61.968,0.4,24.7872,0.405,-0.5,64.9375,94.811,-29.8735,8967.21,0,0
2720,2026-06-07T06:07:00+00:00,2026-06-07,Will the Sweden Democrats (SD) win the third most seats in the 2026 Swedish parliamentary election?,0x939abe4a,buy_yes,Bought YES (bid hit),63.2074,0.37,23.3867,0.355,-1.5,111.078,78.7303,32.3473,8943.83,0,0
2721,2026-06-07T06:08:00+00:00,2026-06-07,Will the Sweden Democrats (SD) win the third most seats in the 2026 Swedish parliamentary election?,0x939abe4a,sell_yes,Sold YES (ask lifted),46.476,0.36,16.7314,0.365,-0.5,64.6016,78.7303,-14.1287,8960.56,0,0
2722,2026-06-07T06:08:00+00:00,2026-06-07,Will the Sweden Democrats (SD) win the second most seats in the 2026 Swedish parliamentary election?,0x9e2966ab,buy_yes,Bought YES (bid hit),63.827,0.55,35.1049,0.545,-0.5,125.795,83.8303,41.9647,8925.45,0,0
2723,2026-06-07T06:09:00+00:00,2026-06-07,Will the Sweden Democrats (SD) win the third most seats in the 2026 Swedish parliamentary election?,0x939abe4a,buy_yes,Bought YES (bid hit),46.476,0.36,16.7314,0.295,-6.5,111.078,78.7303,32.3473,8908.72,0,0
2724,2026-06-07T06:11:00+00:00,2026-06-07,Will the Sweden Democrats (SD) win the third most seats in the 2026 Swedish parliamentary election?,0x939abe4a,sell_yes,Sold YES (ask lifted),46.476,0.3,13.9428,0.43,-13,64.6016,78.7303,-14.1287,8922.67,0,0
2725,2026-06-07T06:14:00+00:00,2026-06-07,Will the Moderate Party (M) win the second most seats in the 2026 Swedish parliamentary election?,0xa3d50cf0,buy_yes,Bought YES (bid hit),61.968,0.4,24.7872,0.395,-0.5,126.906,94.811,32.0945,8897.88,0,0
2726,2026-06-07T06:15:00+00:00,2026-06-07,Will the Moderate Party (M) win the second most seats in the 2026 Swedish parliamentary election?,0xa3d50cf0,sell_yes,Sold YES (ask lifted),61.968,0.4,24.7872,0.405,-0.5,64.9375,94.811,-29.8735,8922.67,0,0
2727,2026-06-07T06:16:00+00:00,2026-06-07,Will the Moderate Party (M) win the second most seats in the 2026 Swedish parliamentary election?,0xa3d50cf0,buy_yes,Bought YES (bid hit),61.968,0.4,24.7872,0.38,-2,126.906,94.811,32.0945,8897.88,0,0
2728,2026-06-07T06:19:00+00:00,2026-06-07,Will the Sweden Democrats (SD) win the second most seats in the 2026 Swedish parliamentary election?,0x9e2966ab,sell_yes,Sold YES (ask lifted),61.968,0.54,33.4627,0.555,-1.5,63.827,83.8303,-20.0033,8931.34,0,0
2729,2026-06-07T06:19:00+00:00,2026-06-07,Will the Moderate Party (M) win the second most seats in the 2026 Swedish parliamentary election?,0xa3d50cf0,sell_yes,Sold YES (ask lifted),61.968,0.38,23.5478,0.405,-2.5,64.9375,94.811,-29.8735,8954.89,0,0
2730,2026-06-07T06:19:00+00:00,2026-06-07,Will the Moderate Party (M) win the third most seats in the 2026 Swedish parliamentary election?,0xbbb881b0,buy_yes,Bought YES (bid hit),46.476,0.55,25.5618,0.545,-0.5,116.283,63.2074,53.0756,8929.33,0,0
2731,2026-06-07T06:22:00+00:00,2026-06-07,Will the Sweden Democrats (SD) win the second most seats in the 2026 Swedish parliamentary election?,0x9e2966ab,buy_yes,Bought YES (bid hit),61.968,0.55,34.0824,0.54,-1,125.795,83.8303,41.9647,8895.24,0,0
2732,2026-06-07T06:22:00+00:00,2026-06-07,Will the Moderate Party (M) win the second most seats in the 2026 Swedish parliamentary election?,0xa3d50cf0,buy_yes,Bought YES (bid hit),61.968,0.4,24.7872,0.39,-1,126.906,94.811,32.0945,8870.46,0,0
2733,2026-06-07T06:23:00+00:00,2026-06-07,Will the Sweden Democrats (SD) win the third most seats in the 2026 Swedish parliamentary election?,0x939abe4a,buy_yes,Bought YES (bid hit),47.8703,0.26,12.4463,0.255,-0.5,112.472,78.7303,33.7416,8858.01,0,0
2734,2026-06-07T06:25:00+00:00,2026-06-07,Will the Sweden Democrats (SD) win the third most seats in the 2026 Swedish parliamentary election?,0x939abe4a,sell_yes,Sold YES (ask lifted),46.476,0.26,12.0838,0.27,-1,65.9959,78.7303,-12.7344,8870.09,0,0
2735,2026-06-07T06:25:00+00:00,2026-06-07,Will the Moderate Party (M) win the second most seats in the 2026 Swedish parliamentary election?,0xa3d50cf0,sell_yes,Sold YES (ask lifted),67.5451,0.39,26.3426,0.395,-0.5,59.3604,94.811,-35.4507,8896.44,0,0
2736,2026-06-07T06:26:00+00:00,2026-06-07,Will the Sweden Democrats (SD) win the third most seats in the 2026 Swedish parliamentary election?,0x939abe4a,buy_yes,Bought YES (bid hit),49.2646,0.26,12.8088,0.25,-1,115.26,78.7303,36.5301,8883.63,0,0
2737,2026-06-07T06:31:00+00:00,2026-06-07,Will the Moderate Party (M) win the second most seats in the 2026 Swedish parliamentary election?,0xa3d50cf0,buy_yes,Bought YES (bid hit),61.968,0.4,24.7872,0.4,-0,121.328,94.811,26.5173,8858.84,0,0
2738,2026-06-07T06:33:00+00:00,2026-06-07,Will the Moderate Party (M) win the second most seats in the 2026 Swedish parliamentary election?,0xa3d50cf0,sell_yes,Sold YES (ask lifted),61.968,0.4,24.7872,0.41,-1,59.3604,94.811,-35.4507,8883.63,0,0
2739,2026-06-07T06:34:00+00:00,2026-06-07,Will the Sweden Democrats (SD) win the second most seats in the 2026 Swedish parliamentary election?,0x9e2966ab,sell_yes,Sold YES (ask lifted),61.968,0.54,33.4627,0.555,-1.5,63.827,83.8303,-20.0033,8917.09,0,0
2740,2026-06-07T06:35:00+00:00,2026-06-07,Will no Fed rate cuts happen in 2026?,0xd4e77ba6,buy_yes,Bought YES (bid hit),25.82,0.8,20.656,0.7945,-0.55,25.82,25.82,0,8896.44,0,0
2741,2026-06-07T06:36:00+00:00,2026-06-07,Will the Moderate Party (M) win the second most seats in the 2026 Swedish parliamentary election?,0xa3d50cf0,buy_yes,Bought YES (bid hit),61.968,0.41,25.4069,0.4,-1,121.328,94.811,26.5173,8871.03,0,0
2742,2026-06-07T06:37:00+00:00,2026-06-07,Will the Sweden Democrats (SD) win the second most seats in the 2026 Swedish parliamentary election?,0x9e2966ab,buy_yes,Bought YES (bid hit),61.968,0.55,34.0824,0.54,-1,125.795,83.8303,41.9647,8836.95,0,0
2743,2026-06-07T06:39:00+00:00,2026-06-07,Will the Sweden Democrats (SD) win the third most seats in the 2026 Swedish parliamentary election?,0x939abe4a,sell_yes,Sold YES (ask lifted),46.476,0.24,11.1542,0.27,-3,68.7845,78.7303,-9.94586,8848.1,0,0
2744,2026-06-07T06:39:00+00:00,2026-06-07,Will the Sweden Democrats (SD) win the second most seats in the 2026 Swedish parliamentary election?,0x9e2966ab,sell_yes,Sold YES (ask lifted),61.968,0.53,32.843,0.545,-1.5,63.827,83.8303,-20.0033,8880.94,0,0
2745,2026-06-07T06:41:00+00:00,2026-06-07,Will the Moderate Party (M) win the second most seats in the 2026 Swedish parliamentary election?,0xa3d50cf0,sell_yes,Sold YES (ask lifted),61.968,0.4,24.7872,0.405,-0.5,59.3604,94.811,-35.4507,8905.73,0,0
2746,2026-06-07T06:44:00+00:00,2026-06-07,Will the Sweden Democrats (SD) win the third most seats in the 2026 Swedish parliamentary election?,0x939abe4a,buy_yes,Bought YES (bid hit),49.2646,0.28,13.7941,0.27,-1,118.049,78.7303,39.3187,8891.94,0,0
2747,2026-06-07T06:44:00+00:00,2026-06-07,Will the Moderate Party (M) win the second most seats in the 2026 Swedish parliamentary election?,0xa3d50cf0,buy_yes,Bought YES (bid hit),61.968,0.4,24.7872,0.4,-0,121.328,94.811,26.5173,8867.15,0,0
2748,2026-06-07T06:45:00+00:00,2026-06-07,Will the Sweden Democrats (SD) win the third most seats in the 2026 Swedish parliamentary election?,0x939abe4a,sell_yes,Sold YES (ask lifted),46.476,0.28,13.0133,0.365,-8.5,71.573,78.7303,-7.1573,8880.16,0,0
2749,2026-06-07T06:49:00+00:00,2026-06-07,Will the Moderate Party (M) win the second most seats in the 2026 Swedish parliamentary election?,0xa3d50cf0,sell_yes,Sold YES (ask lifted),61.968,0.41,25.4069,0.415,-0.5,59.3604,94.811,-35.4507,8905.57,0,0
2750,2026-06-07T06:51:00+00:00,2026-06-07,Will the Moderate Party (M) win the second most seats in the 2026 Swedish parliamentary election?,0xa3d50cf0,buy_yes,Bought YES (bid hit),61.968,0.41,25.4069,0.4,-1,121.328,94.811,26.5173,8880.16,0,0
2751,2026-06-07T06:52:00+00:00,2026-06-07,Will the Sweden Democrats (SD) win the third most seats in the 2026 Swedish parliamentary election?,0x939abe4a,sell_yes,Sold YES (ask lifted),21.5649,0.3,6.4695,0.4,-10,50.0082,78.7303,-28.7222,8886.63,0,0
2752,2026-06-07T06:55:00+00:00,2026-06-07,Will the Moderate Party (M) win the second most seats in the 2026 Swedish parliamentary election?,0xa3d50cf0,sell_yes,Sold YES (ask lifted),61.968,0.4,24.7872,0.405,-0.5,59.3604,94.811,-35.4507,8911.42,0,0
2753,2026-06-07T06:59:00+00:00,2026-06-07,Will the Sweden Democrats (SD) win the third most seats in the 2026 Swedish parliamentary election?,0x939abe4a,sell_yes,Sold YES (ask lifted),21.5649,0.28,6.0382,0.43,-15,28.4433,78.7303,-50.287,8917.46,0,0
2754,2026-06-07T07:12:00+00:00,2026-06-07,Will the Moderate Party (M) win the second most seats in the 2026 Swedish parliamentary election?,0xa3d50cf0,buy_yes,Bought YES (bid hit),61.968,0.39,24.1675,0.385,-0.5,121.328,94.811,26.5173,8893.29,0,0
2755,2026-06-07T07:16:00+00:00,2026-06-07,Will the Moderate Party (M) win the second most seats in the 2026 Swedish parliamentary election?,0xa3d50cf0,sell_yes,Sold YES (ask lifted),61.968,0.39,24.1675,0.405,-1.5,59.3604,94.811,-35.4507,8917.46,0,0
2756,2026-06-07T07:20:00+00:00,2026-06-07,Will the Moderate Party (M) win the second most seats in the 2026 Swedish parliamentary election?,0xa3d50cf0,buy_yes,Bought YES (bid hit),61.968,0.4,24.7872,0.395,-0.5,121.328,94.811,26.5173,8892.67,0,0
2757,2026-06-07T07:22:00+00:00,2026-06-07,Will the Moderate Party (M) win the second most seats in the 2026 Swedish parliamentary election?,0xa3d50cf0,sell_yes,Sold YES (ask lifted),61.968,0.39,24.1675,0.4,-1,59.3604,94.811,-35.4507,8916.84,0,0
2758,2026-06-07T07:28:00+00:00,2026-06-07,Will the Moderate Party (M) win the second most seats in the 2026 Swedish parliamentary election?,0xa3d50cf0,buy_yes,Bought YES (bid hit),61.968,0.39,24.1675,0.385,-0.5,121.328,94.811,26.5173,8892.67,0,0
2759,2026-06-07T07:29:00+00:00,2026-06-07,Will the Moderate Party (M) win the second most seats in the 2026 Swedish parliamentary election?,0xa3d50cf0,sell_yes,Sold YES (ask lifted),61.968,0.39,24.1675,0.4,-1,59.3604,94.811,-35.4507,8916.84,0,0
2760,2026-06-07T07:40:00+00:00,2026-06-07,Will the Moderate Party (M) win the second most seats in the 2026 Swedish parliamentary election?,0xa3d50cf0,buy_yes,Bought YES (bid hit),61.968,0.4,24.7872,0.385,-1.5,121.328,94.811,26.5173,8892.05,0,0
2761,2026-06-07T07:41:00+00:00,2026-06-07,Will the Moderate Party (M) win the second most seats in the 2026 Swedish parliamentary election?,0xa3d50cf0,sell_yes,Sold YES (ask lifted),69.4042,0.39,27.0676,0.395,-0.5,51.9242,94.811,-42.8868,8919.12,0,0
2762,2026-06-07T07:43:00+00:00,2026-06-07,Will the Moderate Party (M) win the second most seats in the 2026 Swedish parliamentary election?,0xa3d50cf0,buy_yes,Bought YES (bid hit),61.968,0.39,24.1675,0.385,-0.5,113.892,94.811,19.0812,8894.95,0,0
2763,2026-06-07T07:44:00+00:00,2026-06-07,Will the Sweden Democrats (SD) win the second most seats in the 2026 Swedish parliamentary election?,0x9e2966ab,buy_yes,Bought YES (bid hit),61.968,0.55,34.0824,0.54,-1,125.795,83.8303,41.9647,8860.87,0,0
2764,2026-06-07T07:44:00+00:00,2026-06-07,Will the Moderate Party (M) win the second most seats in the 2026 Swedish parliamentary election?,0xa3d50cf0,sell_yes,Sold YES (ask lifted),61.968,0.39,24.1675,0.41,-2,51.9242,94.811,-42.8868,8885.04,0,0
2765,2026-06-07T07:48:00+00:00,2026-06-07,Will the Moderate Party (M) win the second most seats in the 2026 Swedish parliamentary election?,0xa3d50cf0,buy_yes,Bought YES (bid hit),61.968,0.41,25.4069,0.395,-1.5,113.892,94.811,19.0812,8859.63,0,0
2766,2026-06-07T07:52:00+00:00,2026-06-07,Will the Moderate Party (M) win the second most seats in the 2026 Swedish parliamentary election?,0xa3d50cf0,sell_yes,Sold YES (ask lifted),61.968,0.4,24.7872,0.405,-0.5,51.9242,94.811,-42.8868,8884.42,0,0
2767,2026-06-07T07:57:00+00:00,2026-06-07,Will the Moderate Party (M) win the second most seats in the 2026 Swedish parliamentary election?,0xa3d50cf0,buy_yes,Bought YES (bid hit),61.968,0.4,24.7872,0.395,-0.5,113.892,94.811,19.0812,8859.63,0,0
2768,2026-06-07T08:00:00+00:00,2026-06-07,Will the Sweden Democrats (SD) win the second most seats in the 2026 Swedish parliamentary election?,0x9e2966ab,sell_yes,Sold YES (ask lifted),61.968,0.54,33.4627,0.555,-1.5,63.827,83.8303,-20.0033,8893.09,0,0
2769,2026-06-07T08:02:00+00:00,2026-06-07,Will the Sweden Democrats (SD) win the second most seats in the 2026 Swedish parliamentary election?,0x9e2966ab,buy_yes,Bought YES (bid hit),61.968,0.55,34.0824,0.54,-1,125.795,83.8303,41.9647,8859.01,0,0
2770,2026-06-07T08:02:00+00:00,2026-06-07,Will the Moderate Party (M) win the second most seats in the 2026 Swedish parliamentary election?,0xa3d50cf0,sell_yes,Sold YES (ask lifted),61.968,0.39,24.1675,0.405,-1.5,51.9242,94.811,-42.8868,8883.18,0,0
2771,2026-06-07T08:03:00+00:00,2026-06-07,Will the Moderate Party (M) win the second most seats in the 2026 Swedish parliamentary election?,0xa3d50cf0,buy_yes,Bought YES (bid hit),61.968,0.4,24.7872,0.39,-1,113.892,94.811,19.0812,8858.39,0,0
2772,2026-06-07T08:04:00+00:00,2026-06-07,Will the Moderate Party (M) win the second most seats in the 2026 Swedish parliamentary election?,0xa3d50cf0,sell_yes,Sold YES (ask lifted),61.968,0.4,24.7872,0.405,-0.5,51.9242,94.811,-42.8868,8883.18,0,0
2773,2026-06-07T08:05:00+00:00,2026-06-07,Will the Moderate Party (M) win the second most seats in the 2026 Swedish parliamentary election?,0xa3d50cf0,buy_yes,Bought YES (bid hit),61.968,0.4,24.7872,0.39,-1,113.892,94.811,19.0812,8858.39,0,0
2774,2026-06-07T08:09:00+00:00,2026-06-07,Will the Moderate Party (M) win the second most seats in the 2026 Swedish parliamentary election?,0xa3d50cf0,sell_yes,Sold YES (ask lifted),61.968,0.4,24.7872,0.405,-0.5,51.9242,94.811,-42.8868,8883.18,0,0
2775,2026-06-07T08:13:00+00:00,2026-06-07,Will the Sweden Democrats (SD) win the second most seats in the 2026 Swedish parliamentary election?,0x9e2966ab,sell_yes,Sold YES (ask lifted),61.968,0.54,33.4627,0.555,-1.5,63.827,83.8303,-20.0033,8916.64,0,0
2776,2026-06-07T08:16:00+00:00,2026-06-07,Will the Sweden Democrats (SD) win the second most seats in the 2026 Swedish parliamentary election?,0x9e2966ab,buy_yes,Bought YES (bid hit),61.968,0.55,34.0824,0.54,-1,125.795,83.8303,41.9647,8882.56,0,0
2777,2026-06-07T08:19:00+00:00,2026-06-07,Will the Sweden Democrats (SD) win the second most seats in the 2026 Swedish parliamentary election?,0x9e2966ab,sell_yes,Sold YES (ask lifted),61.968,0.55,34.0824,0.555,-0.5,63.827,83.8303,-20.0033,8916.64,0,0
2778,2026-06-07T08:19:00+00:00,2026-06-07,Will the Moderate Party (M) win the second most seats in the 2026 Swedish parliamentary election?,0xa3d50cf0,buy_yes,Bought YES (bid hit),61.968,0.4,24.7872,0.385,-1.5,113.892,94.811,19.0812,8891.85,0,0
2779,2026-06-07T08:20:00+00:00,2026-06-07,Will the Moderate Party (M) win the second most seats in the 2026 Swedish parliamentary election?,0xa3d50cf0,sell_yes,Sold YES (ask lifted),61.968,0.39,24.1675,0.395,-0.5,51.9242,94.811,-42.8868,8916.02,0,0
2780,2026-06-07T08:23:00+00:00,2026-06-07,Will the Sweden Democrats (SD) win the second most seats in the 2026 Swedish parliamentary election?,0x9e2966ab,buy_yes,Bought YES (bid hit),61.968,0.55,34.0824,0.54,-1,125.795,83.8303,41.9647,8881.94,0,0
2781,2026-06-07T08:25:00+00:00,2026-06-07,Will the Moderate Party (M) win the second most seats in the 2026 Swedish parliamentary election?,0xa3d50cf0,buy_yes,Bought YES (bid hit),61.968,0.39,24.1675,0.38,-1,113.892,94.811,19.0812,8857.77,0,0
2782,2026-06-07T08:26:00+00:00,2026-06-07,Will the Sweden Democrats (SD) win the second most seats in the 2026 Swedish parliamentary election?,0x9e2966ab,sell_yes,Sold YES (ask lifted),61.968,0.55,34.0824,0.56,-1,63.827,83.8303,-20.0033,8891.85,0,0
2783,2026-06-07T08:26:00+00:00,2026-06-07,Will the Moderate Party (M) win the second most seats in the 2026 Swedish parliamentary election?,0xa3d50cf0,sell_yes,Sold YES (ask lifted),63.827,0.39,24.8925,0.405,-1.5,50.0652,94.811,-44.7459,8916.74,0,0
2784,2026-06-07T08:28:00+00:00,2026-06-07,Will the Moderate Party (M) win the second most seats in the 2026 Swedish parliamentary election?,0xa3d50cf0,buy_yes,Bought YES (bid hit),61.968,0.4,24.7872,0.395,-0.5,112.033,94.811,17.2221,8891.96,0,0
2785,2026-06-07T08:29:00+00:00,2026-06-07,Will the Moderate Party (M) win the second most seats in the 2026 Swedish parliamentary election?,0xa3d50cf0,sell_yes,Sold YES (ask lifted),61.968,0.4,24.7872,0.405,-0.5,50.0652,94.811,-44.7459,8916.74,0,0
2786,2026-06-07T08:30:00+00:00,2026-06-07,Will the Sweden Democrats (SD) win the second most seats in the 2026 Swedish parliamentary election?,0x9e2966ab,buy_yes,Bought YES (bid hit),61.968,0.55,34.0824,0.54,-1,125.795,83.8303,41.9647,8882.66,0,0
2787,2026-06-07T08:33:00+00:00,2026-06-07,Will United Russia (ER) gain the most seats in the next Russian parliamentary election?,0x502a94e5,sell_yes,Sold YES (ask lifted),51.64,0.54,27.8856,0.545,-0.5,51.64,51.64,0,8910.55,0,0
2788,2026-06-07T08:40:00+00:00,2026-06-07,Will the Sweden Democrats (SD) win the second most seats in the 2026 Swedish parliamentary election?,0x9e2966ab,sell_yes,Sold YES (ask lifted),61.968,0.54,33.4627,0.56,-2,63.827,83.8303,-20.0033,8944.01,0,0
2789,2026-06-07T08:44:00+00:00,2026-06-07,Will the Sweden Democrats (SD) win the second most seats in the 2026 Swedish parliamentary election?,0x9e2966ab,buy_yes,Bought YES (bid hit),61.968,0.55,34.0824,0.54,-1,125.795,83.8303,41.9647,8909.93,0,0
2790,2026-06-07T08:47:00+00:00,2026-06-07,Will the Moderate Party (M) win the second most seats in the 2026 Swedish parliamentary election?,0xa3d50cf0,buy_yes,Bought YES (bid hit),63.827,0.4,25.5308,0.39,-1,113.892,94.811,19.0812,8884.4,0,0
2791,2026-06-07T08:53:00+00:00,2026-06-07,Will the Moderate Party (M) win the second most seats in the 2026 Swedish parliamentary election?,0xa3d50cf0,sell_yes,Sold YES (ask lifted),61.968,0.39,24.1675,0.405,-1.5,51.9242,94.811,-42.8868,8908.56,0,0
2792,2026-06-07T08:55:00+00:00,2026-06-07,Will the Sweden Democrats (SD) win the second most seats in the 2026 Swedish parliamentary election?,0x9e2966ab,sell_yes,Sold YES (ask lifted),61.968,0.54,33.4627,0.555,-1.5,63.827,83.8303,-20.0033,8942.03,0,0
2793,2026-06-07T08:55:00+00:00,2026-06-07,Will the Moderate Party (M) win the second most seats in the 2026 Swedish parliamentary election?,0xa3d50cf0,buy_yes,Bought YES (bid hit),61.968,0.4,24.7872,0.385,-1.5,113.892,94.811,19.0812,8917.24,0,0
2794,2026-06-07T08:56:00+00:00,2026-06-07,Will the Moderate Party (M) win the second most seats in the 2026 Swedish parliamentary election?,0xa3d50cf0,sell_yes,Sold YES (ask lifted),65.6861,0.39,25.6176,0.395,-0.5,48.2061,94.811,-46.6049,8942.86,0,0
2795,2026-06-07T08:59:00+00:00,2026-06-07,Will the Sweden Democrats (SD) win the second most seats in the 2026 Swedish parliamentary election?,0x9e2966ab,buy_yes,Bought YES (bid hit),61.968,0.55,34.0824,0.54,-1,125.795,83.8303,41.9647,8908.78,0,0
2796,2026-06-07T09:03:00+00:00,2026-06-07,Will the Moderate Party (M) win the second most seats in the 2026 Swedish parliamentary election?,0xa3d50cf0,buy_yes,Bought YES (bid hit),61.968,0.4,24.7872,0.39,-1,110.174,94.811,15.3631,8883.99,0,0
2797,2026-06-07T09:09:00+00:00,2026-06-07,Will the Sweden Democrats (SD) win the second most seats in the 2026 Swedish parliamentary election?,0x9e2966ab,sell_yes,Sold YES (ask lifted),61.968,0.54,33.4627,0.555,-1.5,63.827,83.8303,-20.0033,8917.45,0,0
2798,2026-06-07T09:09:00+00:00,2026-06-07,Will the Moderate Party (M) win the second most seats in the 2026 Swedish parliamentary election?,0xa3d50cf0,sell_yes,Sold YES (ask lifted),61.968,0.4,24.7872,0.405,-0.5,48.2061,94.811,-46.6049,8942.24,0,0
2799,2026-06-07T09:13:00+00:00,2026-06-07,Will the Sweden Democrats (SD) win the second most seats in the 2026 Swedish parliamentary election?,0x9e2966ab,buy_yes,Bought YES (bid hit),61.968,0.55,34.0824,0.54,-1,125.795,83.8303,41.9647,8908.16,0,0
2800,2026-06-07T09:13:00+00:00,2026-06-07,Will the Moderate Party (M) win the second most seats in the 2026 Swedish parliamentary election?,0xa3d50cf0,buy_yes,Bought YES (bid hit),61.968,0.4,24.7872,0.375,-2.5,110.174,94.811,15.3631,8883.37,0,0
2801,2026-06-07T09:16:00+00:00,2026-06-07,Will the Sweden Democrats (SD) win the second most seats in the 2026 Swedish parliamentary election?,0x9e2966ab,sell_yes,Sold YES (ask lifted),61.968,0.54,33.4627,0.555,-1.5,63.827,83.8303,-20.0033,8916.83,0,0
2802,2026-06-07T09:16:00+00:00,2026-06-07,Will the Moderate Party (M) win the second most seats in the 2026 Swedish parliamentary election?,0xa3d50cf0,sell_yes,Sold YES (ask lifted),61.968,0.38,23.5478,0.41,-3,48.2061,94.811,-46.6049,8940.38,0,0
2803,2026-06-07T09:18:00+00:00,2026-06-07,Will the Moderate Party (M) win the second most seats in the 2026 Swedish parliamentary election?,0xa3d50cf0,buy_yes,Bought YES (bid hit),61.968,0.4,24.7872,0.395,-0.5,110.174,94.811,15.3631,8915.59,0,0
2804,2026-06-07T09:20:00+00:00,2026-06-07,Will the Sweden Democrats (SD) win the second most seats in the 2026 Swedish parliamentary election?,0x9e2966ab,buy_yes,Bought YES (bid hit),61.968,0.55,34.0824,0.54,-1,125.795,83.8303,41.9647,8881.51,0,0
2805,2026-06-07T09:23:00+00:00,2026-06-07,Will the Moderate Party (M) win the second most seats in the 2026 Swedish parliamentary election?,0xa3d50cf0,sell_yes,Sold YES (ask lifted),65.6861,0.39,25.6176,0.395,-0.5,44.4881,94.811,-50.323,8907.13,0,0
2806,2026-06-07T09:24:00+00:00,2026-06-07,Will the Sweden Democrats (SD) win the second most seats in the 2026 Swedish parliamentary election?,0x9e2966ab,sell_yes,Sold YES (ask lifted),61.968,0.55,34.0824,0.555,-0.5,63.827,83.8303,-20.0033,8941.21,0,0
2807,2026-06-07T09:25:00+00:00,2026-06-07,Will the Moderate Party (M) win the second most seats in the 2026 Swedish parliamentary election?,0xa3d50cf0,buy_yes,Bought YES (bid hit),61.968,0.4,24.7872,0.39,-1,106.456,94.811,11.645,8916.42,0,0
2808,2026-06-07T09:26:00+00:00,2026-06-07,Will the Sweden Democrats (SD) win the second most seats in the 2026 Swedish parliamentary election?,0x9e2966ab,buy_yes,Bought YES (bid hit),65.6861,0.55,36.1273,0.54,-1,129.513,83.8303,45.6828,8880.29,0,0
2809,2026-06-07T09:28:00+00:00,2026-06-07,Will the Moderate Party (M) win the second most seats in the 2026 Swedish parliamentary election?,0xa3d50cf0,sell_yes,Sold YES (ask lifted),61.968,0.4,24.7872,0.405,-0.5,44.4881,94.811,-50.323,8905.08,0,0
2810,2026-06-07T09:31:00+00:00,2026-06-07,Will the Moderate Party (M) win the second most seats in the 2026 Swedish parliamentary election?,0xa3d50cf0,buy_yes,Bought YES (bid hit),61.968,0.4,24.7872,0.395,-0.5,106.456,94.811,11.645,8880.29,0,0
2811,2026-06-07T09:34:00+00:00,2026-06-07,Will the Sweden Democrats (SD) win the third most seats in the 2026 Swedish parliamentary election?,0x939abe4a,buy_yes,Bought YES (bid hit),53.4474,0.32,17.1032,0.285,-3.5,81.8907,78.7303,3.16037,8863.19,0,0
2812,2026-06-07T09:37:00+00:00,2026-06-07,Will the Sweden Democrats (SD) win the second most seats in the 2026 Swedish parliamentary election?,0x9e2966ab,sell_yes,Sold YES (ask lifted),61.968,0.53,32.843,0.555,-2.5,67.5451,83.8303,-16.2852,8896.03,0,0
2813,2026-06-07T09:38:00+00:00,2026-06-07,Will the Moderate Party (M) win the second most seats in the 2026 Swedish parliamentary election?,0xa3d50cf0,sell_yes,Sold YES (ask lifted),61.968,0.39,24.1675,0.41,-2,44.4881,94.811,-50.323,8920.2,0,0
2814,2026-06-07T09:40:00+00:00,2026-06-07,Will the Sweden Democrats (SD) win the third most seats in the 2026 Swedish parliamentary election?,0x939abe4a,sell_yes,Sold YES (ask lifted),46.476,0.3,13.9428,0.38,-8,35.4147,78.7303,-43.3156,8934.15,0,0
2815,2026-06-07T09:43:00+00:00,2026-06-07,Will the Moderate Party (M) win the second most seats in the 2026 Swedish parliamentary election?,0xa3d50cf0,buy_yes,Bought YES (bid hit),61.968,0.39,24.1675,0.38,-1,106.456,94.811,11.645,8909.98,0,0
2816,2026-06-07T09:44:00+00:00,2026-06-07,Will the Moderate Party (M) win the second most seats in the 2026 Swedish parliamentary election?,0xa3d50cf0,sell_yes,Sold YES (ask lifted),61.968,0.39,24.1675,0.405,-1.5,44.4881,94.811,-50.323,8934.15,0,0
2817,2026-06-07T09:46:00+00:00,2026-06-07,Will the Moderate Party (M) win the second most seats in the 2026 Swedish parliamentary election?,0xa3d50cf0,buy_yes,Bought YES (bid hit),61.968,0.4,24.7872,0.39,-1,106.456,94.811,11.645,8909.36,0,0
2818,2026-06-07T09:50:00+00:00,2026-06-07,Will the Moderate Party (M) win the second most seats in the 2026 Swedish parliamentary election?,0xa3d50cf0,sell_yes,Sold YES (ask lifted),61.968,0.39,24.1675,0.405,-1.5,44.4881,94.811,-50.323,8933.53,0,0
2819,2026-06-07T09:50:00+00:00,2026-06-07,Will the Moderate Party (M) win the third most seats in the 2026 Swedish parliamentary election?,0xbbb881b0,sell_yes,Sold YES (ask lifted),50.6588,0.59,29.8887,0.6,-1,65.6241,63.2074,2.41675,8963.41,0,0
2820,2026-06-07T09:52:00+00:00,2026-06-07,Will the Sweden Democrats (SD) win the third most seats in the 2026 Swedish parliamentary election?,0x939abe4a,buy_yes,Bought YES (bid hit),53.4474,0.31,16.5687,0.27,-4,88.8621,78.7303,10.1318,8946.85,0,0
2821,2026-06-07T09:53:00+00:00,2026-06-07,Will the Sweden Democrats (SD) win the second most seats in the 2026 Swedish parliamentary election?,0x9e2966ab,buy_yes,Bought YES (bid hit),61.968,0.55,34.0824,0.54,-1,129.513,83.8303,45.6828,8912.76,0,0
2822,2026-06-07T09:54:00+00:00,2026-06-07,Will the Moderate Party (M) win the second most seats in the 2026 Swedish parliamentary election?,0xa3d50cf0,buy_yes,Bought YES (bid hit),61.968,0.39,24.1675,0.385,-0.5,106.456,94.811,11.645,8888.6,0,0
2823,2026-06-07T09:55:00+00:00,2026-06-07,Will the Moderate Party (M) win the second most seats in the 2026 Swedish parliamentary election?,0xa3d50cf0,sell_yes,Sold YES (ask lifted),63.827,0.39,24.8925,0.4,-1,42.629,94.811,-52.182,8913.49,0,0
2824,2026-06-07T09:57:00+00:00,2026-06-07,Will the Moderate Party (M) win the second most seats in the 2026 Swedish parliamentary election?,0xa3d50cf0,buy_yes,Bought YES (bid hit),61.968,0.39,24.1675,0.37,-2,104.597,94.811,9.78599,8889.32,0,0
2825,2026-06-07T09:58:00+00:00,2026-06-07,Will the Moderate Party (M) win the second most seats in the 2026 Swedish parliamentary election?,0xa3d50cf0,sell_yes,Sold YES (ask lifted),61.968,0.38,23.5478,0.405,-2.5,42.629,94.811,-52.182,8912.87,0,0
2826,2026-06-07T10:01:00+00:00,2026-06-07,Will the Moderate Party (M) win the second most seats in the 2026 Swedish parliamentary election?,0xa3d50cf0,buy_yes,Bought YES (bid hit),61.968,0.4,24.7872,0.39,-1,104.597,94.811,9.78599,8888.08,0,0
2827,2026-06-07T10:05:00+00:00,2026-06-07,Will the Sweden Democrats (SD) win the second most seats in the 2026 Swedish parliamentary election?,0x9e2966ab,sell_yes,Sold YES (ask lifted),61.968,0.54,33.4627,0.555,-1.5,67.5451,83.8303,-16.2852,8921.54,0,0
2828,2026-06-07T10:06:00+00:00,2026-06-07,Will the Moderate Party (M) win the second most seats in the 2026 Swedish parliamentary election?,0xa3d50cf0,sell_yes,Sold YES (ask lifted),61.968,0.39,24.1675,0.4,-1,42.629,94.811,-52.182,8945.71,0,0
2829,2026-06-07T10:08:00+00:00,2026-06-07,Will the Sweden Democrats (SD) win the second most seats in the 2026 Swedish parliamentary election?,0x9e2966ab,buy_yes,Bought YES (bid hit),61.968,0.55,34.0824,0.54,-1,129.513,83.8303,45.6828,8911.63,0,0
2830,2026-06-07T10:08:00+00:00,2026-06-07,Will the Moderate Party (M) win the second most seats in the 2026 Swedish parliamentary election?,0xa3d50cf0,buy_yes,Bought YES (bid hit),71.2632,0.4,28.5053,0.39,-1,113.892,94.811,19.0812,8883.12,0,0
2831,2026-06-07T10:12:00+00:00,2026-06-07,Will the Moderate Party (M) win the second most seats in the 2026 Swedish parliamentary election?,0xa3d50cf0,sell_yes,Sold YES (ask lifted),61.968,0.39,24.1675,0.4,-1,51.9242,94.811,-42.8868,8907.29,0,0
2832,2026-06-07T10:13:00+00:00,2026-06-07,Will the Moderate Party (M) win the second most seats in the 2026 Swedish parliamentary election?,0xa3d50cf0,buy_yes,Bought YES (bid hit),61.968,0.39,24.1675,0.365,-2.5,113.892,94.811,19.0812,8883.12,0,0
2833,2026-06-07T10:14:00+00:00,2026-06-07,Will the Moderate Party (M) win the second most seats in the 2026 Swedish parliamentary election?,0xa3d50cf0,sell_yes,Sold YES (ask lifted),61.968,0.37,22.9282,0.405,-3.5,51.9242,94.811,-42.8868,8906.05,0,0
2834,2026-06-07T10:19:00+00:00,2026-06-07,Will the Sweden Democrats (SD) win the second most seats in the 2026 Swedish parliamentary election?,0x9e2966ab,sell_yes,Sold YES (ask lifted),61.968,0.54,33.4627,0.555,-1.5,67.5451,83.8303,-16.2852,8939.51,0,0
2835,2026-06-07T10:22:00+00:00,2026-06-07,Will the Sweden Democrats (SD) win the second most seats in the 2026 Swedish parliamentary election?,0x9e2966ab,buy_yes,Bought YES (bid hit),61.968,0.55,34.0824,0.54,-1,129.513,83.8303,45.6828,8905.43,0,0
2836,2026-06-07T10:22:00+00:00,2026-06-07,Will the Moderate Party (M) win the second most seats in the 2026 Swedish parliamentary election?,0xa3d50cf0,buy_yes,Bought YES (bid hit),61.968,0.4,24.7872,0.39,-1,113.892,94.811,19.0812,8880.65,0,0
2837,2026-06-07T10:27:00+00:00,2026-06-07,Will the Moderate Party (M) win the second most seats in the 2026 Swedish parliamentary election?,0xa3d50cf0,sell_yes,Sold YES (ask lifted),61.968,0.4,24.7872,0.405,-0.5,51.9242,94.811,-42.8868,8905.43,0,0
2838,2026-06-07T10:28:00+00:00,2026-06-07,Will the Moderate Party (M) win the second most seats in the 2026 Swedish parliamentary election?,0xa3d50cf0,buy_yes,Bought YES (bid hit),61.968,0.4,24.7872,0.39,-1,113.892,94.811,19.0812,8880.65,0,0
2839,2026-06-07T10:33:00+00:00,2026-06-07,Will the Sweden Democrats (SD) win the second most seats in the 2026 Swedish parliamentary election?,0x9e2966ab,sell_yes,Sold YES (ask lifted),61.968,0.54,33.4627,0.555,-1.5,67.5451,83.8303,-16.2852,8914.11,0,0
2840,2026-06-07T10:33:00+00:00,2026-06-07,Will the Moderate Party (M) win the second most seats in the 2026 Swedish parliamentary election?,0xa3d50cf0,sell_yes,Sold YES (ask lifted),61.968,0.39,24.1675,0.405,-1.5,51.9242,94.811,-42.8868,8938.28,0,0
2841,2026-06-07T10:36:00+00:00,2026-06-07,Will the Sweden Democrats (SD) win the second most seats in the 2026 Swedish parliamentary election?,0x9e2966ab,buy_yes,Bought YES (bid hit),63.827,0.55,35.1049,0.54,-1,131.372,83.8303,47.5418,8903.17,0,0
2842,2026-06-07T10:38:00+00:00,2026-06-07,Will the Moderate Party (M) win the second most seats in the 2026 Swedish parliamentary election?,0xa3d50cf0,buy_yes,Bought YES (bid hit),61.968,0.39,24.1675,0.37,-2,113.892,94.811,19.0812,8879,0,0
2843,2026-06-07T10:39:00+00:00,2026-06-07,Will the Moderate Party (M) win the second most seats in the 2026 Swedish parliamentary election?,0xa3d50cf0,sell_yes,Sold YES (ask lifted),61.968,0.38,23.5478,0.395,-1.5,51.9242,94.811,-42.8868,8902.55,0,0
2844,2026-06-07T10:43:00+00:00,2026-06-07,Will the Moderate Party (M) win the second most seats in the 2026 Swedish parliamentary election?,0xa3d50cf0,buy_yes,Bought YES (bid hit),61.968,0.39,24.1675,0.385,-0.5,113.892,94.811,19.0812,8878.38,0,0
2845,2026-06-07T10:46:00+00:00,2026-06-07,Will the Sweden Democrats (SD) win the second most seats in the 2026 Swedish parliamentary election?,0x9e2966ab,sell_yes,Sold YES (ask lifted),61.968,0.54,33.4627,0.555,-1.5,69.4042,83.8303,-14.4261,8911.85,0,0
2846,2026-06-07T10:46:00+00:00,2026-06-07,Will the Moderate Party (M) win the second most seats in the 2026 Swedish parliamentary election?,0xa3d50cf0,sell_yes,Sold YES (ask lifted),63.827,0.39,24.8925,0.395,-0.5,50.0652,94.811,-44.7459,8936.74,0,0
2847,2026-06-07T10:47:00+00:00,2026-06-07,Will the Moderate Party (M) win the second most seats in the 2026 Swedish parliamentary election?,0xa3d50cf0,buy_yes,Bought YES (bid hit),61.968,0.39,24.1675,0.375,-1.5,112.033,94.811,17.2221,8912.57,0,0
2848,2026-06-07T10:48:00+00:00,2026-06-07,Will the Moderate Party (M) win the second most seats in the 2026 Swedish parliamentary election?,0xa3d50cf0,sell_yes,Sold YES (ask lifted),61.968,0.38,23.5478,0.4,-2,50.0652,94.811,-44.7459,8936.12,0,0
2849,2026-06-07T10:50:00+00:00,2026-06-07,Will the Sweden Democrats (SD) win the second most seats in the 2026 Swedish parliamentary election?,0x9e2966ab,buy_yes,Bought YES (bid hit),61.968,0.55,34.0824,0.54,-1,131.372,83.8303,47.5418,8902.04,0,0
2850,2026-06-07T10:50:00+00:00,2026-06-07,Will the Moderate Party (M) win the second most seats in the 2026 Swedish parliamentary election?,0xa3d50cf0,buy_yes,Bought YES (bid hit),61.968,0.4,24.7872,0.395,-0.5,112.033,94.811,17.2221,8877.25,0,0
2851,2026-06-07T10:54:00+00:00,2026-06-07,Will the Moderate Party (M) win the second most seats in the 2026 Swedish parliamentary election?,0xa3d50cf0,sell_yes,Sold YES (ask lifted),61.968,0.41,25.4069,0.41,-0,50.0652,94.811,-44.7459,8902.66,0,0
2852,2026-06-07T10:55:00+00:00,2026-06-07,Will the Sweden Democrats (SD) win the second most seats in the 2026 Swedish parliamentary election?,0x9e2966ab,sell_yes,Sold YES (ask lifted),61.968,0.55,34.0824,0.555,-0.5,69.4042,83.8303,-14.4261,8936.74,0,0
2853,2026-06-07T10:58:00+00:00,2026-06-07,Will the Sweden Democrats (SD) win the second most seats in the 2026 Swedish parliamentary election?,0x9e2966ab,buy_yes,Bought YES (bid hit),61.968,0.55,34.0824,0.54,-1,131.372,83.8303,47.5418,8902.66,0,0
2854,2026-06-07T10:58:00+00:00,2026-06-07,Will the Moderate Party (M) win the second most seats in the 2026 Swedish parliamentary election?,0xa3d50cf0,buy_yes,Bought YES (bid hit),61.968,0.4,24.7872,0.39,-1,112.033,94.811,17.2221,8877.87,0,0
2855,2026-06-07T10:59:00+00:00,2026-06-07,Will the Moderate Party (M) win the second most seats in the 2026 Swedish parliamentary election?,0xa3d50cf0,sell_yes,Sold YES (ask lifted),61.968,0.4,24.7872,0.405,-0.5,50.0652,94.811,-44.7459,8902.66,0,0
2856,2026-06-07T11:07:00+00:00,2026-06-07,Will the Moderate Party (M) win the second most seats in the 2026 Swedish parliamentary election?,0xa3d50cf0,buy_yes,Bought YES (bid hit),61.968,0.4,24.7872,0.395,-0.5,112.033,94.811,17.2221,8877.87,0,0
2857,2026-06-07T11:08:00+00:00,2026-06-07,Will the Moderate Party (M) win the second most seats in the 2026 Swedish parliamentary election?,0xa3d50cf0,sell_yes,Sold YES (ask lifted),61.968,0.4,24.7872,0.405,-0.5,50.0652,94.811,-44.7459,8902.66,0,0
2858,2026-06-07T11:10:00+00:00,2026-06-07,Will the Moderate Party (M) win the second most seats in the 2026 Swedish parliamentary election?,0xa3d50cf0,buy_yes,Bought YES (bid hit),61.968,0.4,24.7872,0.385,-1.5,112.033,94.811,17.2221,8877.87,0,0
2859,2026-06-07T11:11:00+00:00,2026-06-07,Will the Sweden Democrats (SD) win the second most seats in the 2026 Swedish parliamentary election?,0x9e2966ab,sell_yes,Sold YES (ask lifted),61.968,0.54,33.4627,0.56,-2,69.4042,83.8303,-14.4261,8911.33,0,0
2860,2026-06-07T11:11:00+00:00,2026-06-07,Will the Moderate Party (M) win the second most seats in the 2026 Swedish parliamentary election?,0xa3d50cf0,sell_yes,Sold YES (ask lifted),61.968,0.39,24.1675,0.405,-1.5,50.0652,94.811,-44.7459,8935.5,0,0
2861,2026-06-07T11:16:00+00:00,2026-06-07,Will the Sweden Democrats (SD) win the second most seats in the 2026 Swedish parliamentary election?,0x9e2966ab,buy_yes,Bought YES (bid hit),61.968,0.54,33.4627,0.53,-1,131.372,83.8303,47.5418,8902.04,0,0
2862,2026-06-07T11:17:00+00:00,2026-06-07,Will the Moderate Party (M) win the second most seats in the 2026 Swedish parliamentary election?,0xa3d50cf0,buy_yes,Bought YES (bid hit),61.968,0.39,24.1675,0.385,-0.5,112.033,94.811,17.2221,8877.87,0,0
2863,2026-06-07T11:19:00+00:00,2026-06-07,Will the Sweden Democrats (SD) win the second most seats in the 2026 Swedish parliamentary election?,0x9e2966ab,sell_yes,Sold YES (ask lifted),61.968,0.54,33.4627,0.55,-1,69.4042,83.8303,-14.4261,8911.33,0,0
2864,2026-06-07T11:19:00+00:00,2026-06-07,Will the Moderate Party (M) win the second most seats in the 2026 Swedish parliamentary election?,0xa3d50cf0,sell_yes,Sold YES (ask lifted),61.968,0.39,24.1675,0.395,-0.5,50.0652,94.811,-44.7459,8935.5,0,0
2865,2026-06-07T11:21:00+00:00,2026-06-07,Will the Moderate Party (M) win the second most seats in the 2026 Swedish parliamentary election?,0xa3d50cf0,buy_yes,Bought YES (bid hit),61.968,0.39,24.1675,0.385,-0.5,112.033,94.811,17.2221,8911.33,0,0
2866,2026-06-07T11:22:00+00:00,2026-06-07,Will the Sweden Democrats (SD) win the second most seats in the 2026 Swedish parliamentary election?,0x9e2966ab,buy_yes,Bought YES (bid hit),63.827,0.54,34.4666,0.535,-0.5,133.231,83.8303,49.4009,8876.86,0,0
2867,2026-06-07T11:22:00+00:00,2026-06-07,Will the Moderate Party (M) win the second most seats in the 2026 Swedish parliamentary election?,0xa3d50cf0,sell_yes,Sold YES (ask lifted),65.6861,0.39,25.6176,0.395,-0.5,46.3471,94.811,-48.4639,8902.48,0,0
2868,2026-06-07T11:23:00+00:00,2026-06-07,Will the Sweden Democrats (SD) win the second most seats in the 2026 Swedish parliamentary election?,0x9e2966ab,sell_yes,Sold YES (ask lifted),61.968,0.54,33.4627,0.545,-0.5,71.2632,83.8303,-12.5671,8935.95,0,0
2869,2026-06-07T11:24:00+00:00,2026-06-07,Will the Sweden Democrats (SD) win the second most seats in the 2026 Swedish parliamentary election?,0x9e2966ab,buy_yes,Bought YES (bid hit),65.6861,0.54,35.4705,0.53,-1,136.949,83.8303,53.119,8900.47,0,0
2870,2026-06-07T11:29:00+00:00,2026-06-07,Will the Moderate Party (M) win the second most seats in the 2026 Swedish parliamentary election?,0xa3d50cf0,buy_yes,Bought YES (bid hit),61.968,0.39,24.1675,0.365,-2.5,108.315,94.811,13.5041,8876.31,0,0
2871,2026-06-07T11:30:00+00:00,2026-06-07,Will the Moderate Party (M) win the second most seats in the 2026 Swedish parliamentary election?,0xa3d50cf0,sell_yes,Sold YES (ask lifted),61.968,0.37,22.9282,0.395,-2.5,46.3471,94.811,-48.4639,8899.24,0,0
2872,2026-06-07T11:32:00+00:00,2026-06-07,Will the Sweden Democrats (SD) win the second most seats in the 2026 Swedish parliamentary election?,0x9e2966ab,sell_yes,Sold YES (ask lifted),61.968,0.53,32.843,0.555,-2.5,74.9813,83.8303,-8.84903,8932.08,0,0
2873,2026-06-07T11:35:00+00:00,2026-06-07,Will the Sweden Democrats (SD) win the second most seats in the 2026 Swedish parliamentary election?,0x9e2966ab,buy_yes,Bought YES (bid hit),65.6861,0.55,36.1273,0.54,-1,140.667,83.8303,56.837,8895.95,0,0
2874,2026-06-07T11:35:00+00:00,2026-06-07,Will the Moderate Party (M) win the second most seats in the 2026 Swedish parliamentary election?,0xa3d50cf0,buy_yes,Bought YES (bid hit),61.968,0.39,24.1675,0.38,-1,108.315,94.811,13.5041,8871.78,0,0
2875,2026-06-07T11:38:00+00:00,2026-06-07,Will the Moderate Party (M) win the second most seats in the 2026 Swedish parliamentary election?,0xa3d50cf0,sell_yes,Sold YES (ask lifted),61.968,0.39,24.1675,0.405,-1.5,46.3471,94.811,-48.4639,8895.95,0,0
2876,2026-06-07T11:41:00+00:00,2026-06-07,Will the Moderate Party (M) win the second most seats in the 2026 Swedish parliamentary election?,0xa3d50cf0,buy_yes,Bought YES (bid hit),61.968,0.4,24.7872,0.395,-0.5,108.315,94.811,13.5041,8871.16,0,0
2877,2026-06-07T11:45:00+00:00,2026-06-07,Will the Moderate Party (M) win the second most seats in the 2026 Swedish parliamentary election?,0xa3d50cf0,sell_yes,Sold YES (ask lifted),61.968,0.4,24.7872,0.405,-0.5,46.3471,94.811,-48.4639,8895.95,0,0
2878,2026-06-07T11:46:00+00:00,2026-06-07,Will the Sweden Democrats (SD) win the second most seats in the 2026 Swedish parliamentary election?,0x9e2966ab,sell_yes,Sold YES (ask lifted),61.968,0.54,33.4627,0.555,-1.5,78.6994,83.8303,-5.13095,8929.41,0,0
2879,2026-06-07T11:49:00+00:00,2026-06-07,Will the Moderate Party (M) win the second most seats in the 2026 Swedish parliamentary election?,0xa3d50cf0,buy_yes,Bought YES (bid hit),61.968,0.4,24.7872,0.395,-0.5,108.315,94.811,13.5041,8904.63,0,0
2880,2026-06-07T11:53:00+00:00,2026-06-07,Will the Moderate Party (M) win the second most seats in the 2026 Swedish parliamentary election?,0xa3d50cf0,sell_yes,Sold YES (ask lifted),61.968,0.39,24.1675,0.4,-1,46.3471,94.811,-48.4639,8928.79,0,0
2881,2026-06-07T12:01:00+00:00,2026-06-07,Will the Moderate Party (M) win the second most seats in the 2026 Swedish parliamentary election?,0xa3d50cf0,buy_yes,Bought YES (bid hit),61.968,0.4,24.7872,0.395,-0.5,108.315,94.811,13.5041,8904.01,0,0
2882,2026-06-07T12:06:00+00:00,2026-06-07,Will the Moderate Party (M) win the second most seats in the 2026 Swedish parliamentary election?,0xa3d50cf0,sell_yes,Sold YES (ask lifted),61.968,0.4,24.7872,0.41,-1,46.3471,94.811,-48.4639,8928.79,0,0
2883,2026-06-07T12:17:00+00:00,2026-06-07,Will the Moderate Party (M) win the second most seats in the 2026 Swedish parliamentary election?,0xa3d50cf0,buy_yes,Bought YES (bid hit),61.968,0.4,24.7872,0.385,-1.5,108.315,94.811,13.5041,8904.01,0,0
2884,2026-06-07T12:21:00+00:00,2026-06-07,Will the Moderate Party (M) win the second most seats in the 2026 Swedish parliamentary election?,0xa3d50cf0,sell_yes,Sold YES (ask lifted),61.968,0.39,24.1675,0.405,-1.5,46.3471,94.811,-48.4639,8928.17,0,0
2885,2026-06-07T12:24:00+00:00,2026-06-07,Will the Moderate Party (M) win the second most seats in the 2026 Swedish parliamentary election?,0xa3d50cf0,buy_yes,Bought YES (bid hit),61.968,0.4,24.7872,0.39,-1,108.315,94.811,13.5041,8903.39,0,0
2886,2026-06-07T12:29:00+00:00,2026-06-07,Will the Moderate Party (M) win the second most seats in the 2026 Swedish parliamentary election?,0xa3d50cf0,sell_yes,Sold YES (ask lifted),61.968,0.39,24.1675,0.405,-1.5,46.3471,94.811,-48.4639,8927.55,0,0
2887,2026-06-07T12:33:00+00:00,2026-06-07,Will the Moderate Party (M) win the second most seats in the 2026 Swedish parliamentary election?,0xa3d50cf0,buy_yes,Bought YES (bid hit),65.6861,0.4,26.2744,0.39,-1,112.033,94.811,17.2221,8901.28,0,0
2888,2026-06-07T12:37:00+00:00,2026-06-07,Will the Moderate Party (M) win the second most seats in the 2026 Swedish parliamentary election?,0xa3d50cf0,sell_yes,Sold YES (ask lifted),61.968,0.4,24.7872,0.405,-0.5,50.0652,94.811,-44.7459,8926.07,0,0
2889,2026-06-07T12:38:00+00:00,2026-06-07,Will the Moderate Party (M) win the second most seats in the 2026 Swedish parliamentary election?,0xa3d50cf0,buy_yes,Bought YES (bid hit),61.968,0.4,24.7872,0.38,-2,112.033,94.811,17.2221,8901.28,0,0
2890,2026-06-07T12:39:00+00:00,2026-06-07,Will the Moderate Party (M) win the second most seats in the 2026 Swedish parliamentary election?,0xa3d50cf0,sell_yes,Sold YES (ask lifted),63.827,0.39,24.8925,0.405,-1.5,48.2061,94.811,-46.6049,8926.17,0,0
2891,2026-06-07T12:48:00+00:00,2026-06-07,Will the Moderate Party (M) win the third most seats in the 2026 Swedish parliamentary election?,0xbbb881b0,buy_yes,Bought YES (bid hit),46.476,0.6,27.8856,0.595,-0.5,112.1,63.2074,48.8928,8898.29,0,0
2892,2026-06-07T13:08:00+00:00,2026-06-07,Will the Moderate Party (M) win the second most seats in the 2026 Swedish parliamentary election?,0xa3d50cf0,buy_yes,Bought YES (bid hit),61.968,0.4,24.7872,0.385,-1.5,110.174,94.811,15.3631,8873.5,0,0
2893,2026-06-07T13:12:00+00:00,2026-06-07,Will the Moderate Party (M) win the second most seats in the 2026 Swedish parliamentary election?,0xa3d50cf0,sell_yes,Sold YES (ask lifted),63.827,0.39,24.8925,0.405,-1.5,46.3471,94.811,-48.4639,8898.39,0,0
2894,2026-06-07T13:16:00+00:00,2026-06-07,Will the Moderate Party (M) win the second most seats in the 2026 Swedish parliamentary election?,0xa3d50cf0,buy_yes,Bought YES (bid hit),61.968,0.4,24.7872,0.39,-1,108.315,94.811,13.5041,8873.61,0,0
2895,2026-06-07T13:17:00+00:00,2026-06-07,Will the Moderate Party (M) win the second most seats in the 2026 Swedish parliamentary election?,0xa3d50cf0,sell_yes,Sold YES (ask lifted),61.968,0.4,24.7872,0.41,-1,46.3471,94.811,-48.4639,8898.39,0,0
2896,2026-06-07T13:19:00+00:00,2026-06-07,Will the Moderate Party (M) win the second most seats in the 2026 Swedish parliamentary election?,0xa3d50cf0,buy_yes,Bought YES (bid hit),61.968,0.4,24.7872,0.39,-1,108.315,94.811,13.5041,8873.61,0,0
2897,2026-06-07T13:27:00+00:00,2026-06-07,Will the Moderate Party (M) win the second most seats in the 2026 Swedish parliamentary election?,0xa3d50cf0,sell_yes,Sold YES (ask lifted),61.968,0.4,24.7872,0.405,-0.5,46.3471,94.811,-48.4639,8898.39,0,0
2898,2026-06-07T13:32:00+00:00,2026-06-07,Will Kimi Antonelli be the 2026 F1 Drivers' Champion?,0xcd264046,buy_yes,Bought YES (bid hit),51.64,0.63,32.5332,0.6265,-0.35,104.519,54.8933,49.626,8865.86,0,0
2899,2026-06-07T13:40:00+00:00,2026-06-07,Will the Moderate Party (M) win the second most seats in the 2026 Swedish parliamentary election?,0xa3d50cf0,buy_yes,Bought YES (bid hit),61.968,0.4,24.7872,0.38,-2,108.315,94.811,13.5041,8841.07,0,0
2900,2026-06-07T13:41:00+00:00,2026-06-07,Will the Moderate Party (M) win the second most seats in the 2026 Swedish parliamentary election?,0xa3d50cf0,sell_yes,Sold YES (ask lifted),63.827,0.39,24.8925,0.4,-1,44.4881,94.811,-50.323,8865.96,0,0
2901,2026-06-07T13:47:00+00:00,2026-06-07,Will the Moderate Party (M) win the second most seats in the 2026 Swedish parliamentary election?,0xa3d50cf0,buy_yes,Bought YES (bid hit),61.968,0.4,24.7872,0.395,-0.5,106.456,94.811,11.645,8841.18,0,0
2902,2026-06-07T13:51:00+00:00,2026-06-07,Will the Moderate Party (M) win the second most seats in the 2026 Swedish parliamentary election?,0xa3d50cf0,sell_yes,Sold YES (ask lifted),61.968,0.39,24.1675,0.41,-2,44.4881,94.811,-50.323,8865.35,0,0
2903,2026-06-07T13:53:00+00:00,2026-06-07,Will the Moderate Party (M) win the second most seats in the 2026 Swedish parliamentary election?,0xa3d50cf0,buy_yes,Bought YES (bid hit),61.968,0.4,24.7872,0.39,-1,106.456,94.811,11.645,8840.56,0,0
2904,2026-06-07T13:58:00+00:00,2026-06-07,Will the Moderate Party (M) win the second most seats in the 2026 Swedish parliamentary election?,0xa3d50cf0,sell_yes,Sold YES (ask lifted),61.968,0.39,24.1675,0.395,-0.5,44.4881,94.811,-50.323,8864.73,0,0
2905,2026-06-07T14:00:00+00:00,2026-06-07,Will the Moderate Party (M) win the second most seats in the 2026 Swedish parliamentary election?,0xa3d50cf0,buy_yes,Bought YES (bid hit),61.968,0.4,24.7872,0.39,-1,106.456,94.811,11.645,8839.94,0,0
2906,2026-06-07T14:05:00+00:00,2026-06-07,Will the Moderate Party (M) win the second most seats in the 2026 Swedish parliamentary election?,0xa3d50cf0,sell_yes,Sold YES (ask lifted),61.968,0.38,23.5478,0.4,-2,44.4881,94.811,-50.323,8863.49,0,0
2907,2026-06-07T14:08:00+00:00,2026-06-07,Will the Moderate Party (M) win the second most seats in the 2026 Swedish parliamentary election?,0xa3d50cf0,buy_yes,Bought YES (bid hit),61.968,0.4,24.7872,0.39,-1,106.456,94.811,11.645,8838.7,0,0
2908,2026-06-07T15:06:00+00:00,2026-06-07,Will the Moderate Party (M) win the second most seats in the 2026 Swedish parliamentary election?,0xa3d50cf0,sell_yes,Sold YES (ask lifted),61.968,0.4,24.7872,0.405,-0.5,44.4881,94.811,-50.323,8863.49,0,0
2909,2026-06-07T15:11:00+00:00,2026-06-07,Will the Moderate Party (M) win the second most seats in the 2026 Swedish parliamentary election?,0xa3d50cf0,buy_yes,Bought YES (bid hit),61.968,0.4,24.7872,0.365,-3.5,106.456,94.811,11.645,8838.7,0,0
2910,2026-06-07T15:16:00+00:00,2026-06-07,Will the Moderate Party (M) win the second most seats in the 2026 Swedish parliamentary election?,0xa3d50cf0,sell_yes,Sold YES (ask lifted),61.968,0.37,22.9282,0.4,-3,44.4881,94.811,-50.323,8861.63,0,0
2911,2026-06-07T15:20:00+00:00,2026-06-07,Will the Moderate Party (M) win the second most seats in the 2026 Swedish parliamentary election?,0xa3d50cf0,buy_yes,Bought YES (bid hit),61.968,0.4,24.7872,0.39,-1,106.456,94.811,11.645,8836.84,0,0
2912,2026-06-07T15:26:00+00:00,2026-06-07,Will the Moderate Party (M) win the second most seats in the 2026 Swedish parliamentary election?,0xa3d50cf0,sell_yes,Sold YES (ask lifted),61.968,0.4,24.7872,0.405,-0.5,44.4881,94.811,-50.323,8861.63,0,0
2913,2026-06-07T15:35:00+00:00,2026-06-07,Will the Moderate Party (M) win the second most seats in the 2026 Swedish parliamentary election?,0xa3d50cf0,buy_yes,Bought YES (bid hit),63.827,0.4,25.5308,0.395,-0.5,108.315,94.811,13.5041,8836.1,0,0
2914,2026-06-07T15:49:00+00:00,2026-06-07,Will the Moderate Party (M) win the second most seats in the 2026 Swedish parliamentary election?,0xa3d50cf0,sell_yes,Sold YES (ask lifted),65.6861,0.39,25.6176,0.395,-0.5,42.629,94.811,-52.182,8861.71,0,0
2915,2026-06-07T15:55:00+00:00,2026-06-07,Will the Moderate Party (M) win the second most seats in the 2026 Swedish parliamentary election?,0xa3d50cf0,buy_yes,Bought YES (bid hit),63.827,0.4,25.5308,0.38,-2,106.456,94.811,11.645,8836.18,0,0
2916,2026-06-07T16:01:00+00:00,2026-06-07,Will the Moderate Party (M) win the second most seats in the 2026 Swedish parliamentary election?,0xa3d50cf0,sell_yes,Sold YES (ask lifted),61.968,0.38,23.5478,0.41,-3,44.4881,94.811,-50.323,8859.73,0,0
2917,2026-06-07T16:05:00+00:00,2026-06-07,Will the Moderate Party (M) win the second most seats in the 2026 Swedish parliamentary election?,0xa3d50cf0,buy_yes,Bought YES (bid hit),61.968,0.4,24.7872,0.39,-1,106.456,94.811,11.645,8834.94,0,0
2918,2026-06-07T16:13:00+00:00,2026-06-07,Will the Moderate Party (M) win the second most seats in the 2026 Swedish parliamentary election?,0xa3d50cf0,sell_yes,Sold YES (ask lifted),61.968,0.38,23.5478,0.405,-2.5,44.4881,94.811,-50.323,8858.49,0,0
2919,2026-06-07T16:28:00+00:00,2026-06-07,Will the Moderate Party (M) win the second most seats in the 2026 Swedish parliamentary election?,0xa3d50cf0,buy_yes,Bought YES (bid hit),61.968,0.39,24.1675,0.385,-0.5,106.456,94.811,11.645,8834.32,0,0
2920,2026-06-07T16:30:00+00:00,2026-06-07,Will the Moderate Party (M) win the second most seats in the 2026 Swedish parliamentary election?,0xa3d50cf0,sell_yes,Sold YES (ask lifted),61.968,0.39,24.1675,0.395,-0.5,44.4881,94.811,-50.323,8858.49,0,0
2921,2026-06-07T16:34:00+00:00,2026-06-07,Will the Moderate Party (M) win the second most seats in the 2026 Swedish parliamentary election?,0xa3d50cf0,buy_yes,Bought YES (bid hit),61.968,0.4,24.7872,0.38,-2,106.456,94.811,11.645,8833.7,0,0
2922,2026-06-07T16:38:00+00:00,2026-06-07,Will the Moderate Party (M) win the second most seats in the 2026 Swedish parliamentary election?,0xa3d50cf0,sell_yes,Sold YES (ask lifted),61.968,0.39,24.1675,0.4,-1,44.4881,94.811,-50.323,8857.87,0,0
2923,2026-06-07T17:10:00+00:00,2026-06-07,Will the Moderate Party (M) win the second most seats in the 2026 Swedish parliamentary election?,0xa3d50cf0,buy_yes,Bought YES (bid hit),61.968,0.39,24.1675,0.375,-1.5,106.456,94.811,11.645,8833.7,0,0
2924,2026-06-07T17:14:00+00:00,2026-06-07,Will the Moderate Party (M) win the second most seats in the 2026 Swedish parliamentary election?,0xa3d50cf0,sell_yes,Sold YES (ask lifted),61.968,0.38,23.5478,0.405,-2.5,44.4881,94.811,-50.323,8857.25,0,0
2925,2026-06-07T17:48:00+00:00,2026-06-07,Will the Moderate Party (M) win the second most seats in the 2026 Swedish parliamentary election?,0xa3d50cf0,buy_yes,Bought YES (bid hit),65.6861,0.4,26.2744,0.385,-1.5,110.174,94.811,15.3631,8830.98,0,0
2926,2026-06-07T17:58:00+00:00,2026-06-07,Will the Moderate Party (M) win the second most seats in the 2026 Swedish parliamentary election?,0xa3d50cf0,sell_yes,Sold YES (ask lifted),61.968,0.38,23.5478,0.405,-2.5,48.2061,94.811,-46.6049,8854.53,0,0
2927,2026-06-07T18:00:00+00:00,2026-06-07,Will the Moderate Party (M) win the second most seats in the 2026 Swedish parliamentary election?,0xa3d50cf0,buy_yes,Bought YES (bid hit),61.968,0.4,24.7872,0.39,-1,110.174,94.811,15.3631,8829.74,0,0
2928,2026-06-07T18:05:00+00:00,2026-06-07,Will the Moderate Party (M) win the second most seats in the 2026 Swedish parliamentary election?,0xa3d50cf0,sell_yes,Sold YES (ask lifted),61.968,0.38,23.5478,0.405,-2.5,48.2061,94.811,-46.6049,8853.29,0,0
2929,2026-06-07T18:10:00+00:00,2026-06-07,Will the Moderate Party (M) win the third most seats in the 2026 Swedish parliamentary election?,0xbbb881b0,sell_yes,Sold YES (ask lifted),47.8703,0.65,31.1157,0.675,-2.5,64.2298,63.2074,1.02247,8884.4,0,0
2930,2026-06-07T18:15:00+00:00,2026-06-07,Will the Moderate Party (M) win the second most seats in the 2026 Swedish parliamentary election?,0xa3d50cf0,buy_yes,Bought YES (bid hit),61.968,0.4,24.7872,0.39,-1,110.174,94.811,15.3631,8859.61,0,0
2931,2026-06-07T18:21:00+00:00,2026-06-07,Will the Moderate Party (M) win the second most seats in the 2026 Swedish parliamentary election?,0xa3d50cf0,sell_yes,Sold YES (ask lifted),65.6861,0.37,24.3038,0.4,-3,44.4881,94.811,-50.323,8883.92,0,0
2932,2026-06-07T18:29:00+00:00,2026-06-07,Will the Moderate Party (M) win the second most seats in the 2026 Swedish parliamentary election?,0xa3d50cf0,buy_yes,Bought YES (bid hit),61.968,0.4,24.7872,0.355,-4.5,106.456,94.811,11.645,8859.13,0,0
2933,2026-06-07T18:34:00+00:00,2026-06-07,Will the Moderate Party (M) win the second most seats in the 2026 Swedish parliamentary election?,0xa3d50cf0,sell_yes,Sold YES (ask lifted),61.968,0.36,22.3085,0.395,-3.5,44.4881,94.811,-50.323,8881.44,0,0
2934,2026-06-07T18:42:00+00:00,2026-06-07,Will the Moderate Party (M) win the second most seats in the 2026 Swedish parliamentary election?,0xa3d50cf0,buy_yes,Bought YES (bid hit),61.968,0.4,24.7872,0.385,-1.5,106.456,94.811,11.645,8856.65,0,0
2935,2026-06-07T18:45:00+00:00,2026-06-07,Will the Moderate Party (M) win the second most seats in the 2026 Swedish parliamentary election?,0xa3d50cf0,sell_yes,Sold YES (ask lifted),61.968,0.39,24.1675,0.4,-1,44.4881,94.811,-50.323,8880.82,0,0
2936,2026-06-07T18:50:00+00:00,2026-06-07,Will the Moderate Party (M) win the second most seats in the 2026 Swedish parliamentary election?,0xa3d50cf0,buy_yes,Bought YES (bid hit),61.968,0.4,24.7872,0.395,-0.5,106.456,94.811,11.645,8856.03,0,0
2937,2026-06-07T18:55:00+00:00,2026-06-07,Will the Moderate Party (M) win the second most seats in the 2026 Swedish parliamentary election?,0xa3d50cf0,sell_yes,Sold YES (ask lifted),61.968,0.4,24.7872,0.405,-0.5,44.4881,94.811,-50.323,8880.82,0,0
2938,2026-06-07T19:01:00+00:00,2026-06-07,Will the Moderate Party (M) win the second most seats in the 2026 Swedish parliamentary election?,0xa3d50cf0,buy_yes,Bought YES (bid hit),61.968,0.4,24.7872,0.39,-1,106.456,94.811,11.645,8856.03,0,0
2939,2026-06-07T19:11:00+00:00,2026-06-07,Will the Moderate Party (M) win the second most seats in the 2026 Swedish parliamentary election?,0xa3d50cf0,sell_yes,Sold YES (ask lifted),61.968,0.4,24.7872,0.405,-0.5,44.4881,94.811,-50.323,8880.82,0,0
2940,2026-06-07T19:13:00+00:00,2026-06-07,Will the Moderate Party (M) win the second most seats in the 2026 Swedish parliamentary election?,0xa3d50cf0,buy_yes,Bought YES (bid hit),65.6861,0.39,25.6176,0.385,-0.5,110.174,94.811,15.3631,8855.2,0,0
2941,2026-06-07T19:29:00+00:00,2026-06-07,Will the Moderate Party (M) win the second most seats in the 2026 Swedish parliamentary election?,0xa3d50cf0,sell_yes,Sold YES (ask lifted),61.968,0.38,23.5478,0.4,-2,48.2061,94.811,-46.6049,8878.75,0,0
2942,2026-06-07T19:31:00+00:00,2026-06-07,Will the Sweden Democrats (SD) win the second most seats in the 2026 Swedish parliamentary election?,0x9e2966ab,buy_yes,Bought YES (bid hit),61.968,0.52,32.2234,0.515,-0.5,140.667,83.8303,56.837,8846.53,0,0
2943,2026-06-07T19:32:00+00:00,2026-06-07,Iran leadership change by December 31?,0x377e7fe6,sell_yes,Sold YES (ask lifted),103.28,0.29,29.9512,0.305,-1.5,0,103.28,-103.28,8876.48,0,0
2944,2026-06-07T19:32:00+00:00,2026-06-07,Will the Moderate Party (M) win the second most seats in the 2026 Swedish parliamentary election?,0xa3d50cf0,buy_yes,Bought YES (bid hit),61.968,0.39,24.1675,0.385,-0.5,110.174,94.811,15.3631,8852.31,0,0
2945,2026-06-07T19:33:00+00:00,2026-06-07,Will the Moderate Party (M) win the second most seats in the 2026 Swedish parliamentary election?,0xa3d50cf0,sell_yes,Sold YES (ask lifted),67.5451,0.39,26.3426,0.395,-0.5,42.629,94.811,-52.182,8878.65,0,0
2946,2026-06-07T19:34:00+00:00,2026-06-07,Will the Moderate Party (M) win the second most seats in the 2026 Swedish parliamentary election?,0xa3d50cf0,buy_yes,Bought YES (bid hit),61.968,0.39,24.1675,0.385,-0.5,104.597,94.811,9.78599,8854.49,0,0
2947,2026-06-07T19:35:00+00:00,2026-06-07,Will the Moderate Party (M) win the second most seats in the 2026 Swedish parliamentary election?,0xa3d50cf0,sell_yes,Sold YES (ask lifted),65.6861,0.39,25.6176,0.4,-1,38.9109,94.811,-55.9001,8880.1,0,0
2948,2026-06-07T19:42:00+00:00,2026-06-07,Will the Moderate Party (M) win the second most seats in the 2026 Swedish parliamentary election?,0xa3d50cf0,buy_yes,Bought YES (bid hit),61.968,0.4,24.7872,0.395,-0.5,100.879,94.811,6.06791,8855.32,0,0
2949,2026-06-07T22:16:00+00:00,2026-06-07,Will the Sweden Democrats (SD) win the second most seats in the 2026 Swedish parliamentary election?,0x9e2966ab,sell_yes,Sold YES (ask lifted),61.968,0.53,32.843,0.54,-1,78.6994,83.8303,-5.13095,8888.16,0,0
2950,2026-06-07T22:28:00+00:00,2026-06-07,Will the Sweden Democrats (SD) win the second most seats in the 2026 Swedish parliamentary election?,0x9e2966ab,sell_yes,Sold YES (ask lifted),61.968,0.55,34.0824,0.555,-0.5,16.7314,83.8303,-67.099,8922.24,0,0
2951,2026-06-07T23:23:00+00:00,2026-06-07,Will the Moderate Party (M) win the second most seats in the 2026 Swedish parliamentary election?,0xa3d50cf0,sell_yes,Sold YES (ask lifted),61.968,0.41,25.4069,0.41,-0,38.9109,94.811,-55.9001,8947.65,0,0
2952,2026-06-08T00:00:00+00:00,2026-06-08,Will Édouard Philippe win the 2027 French presidential election?,0x46f2f457,buy_yes,Bought YES (bid hit),51.64,0.13,6.7132,0.105,-2.5,103.28,53.1892,50.0908,8989.61,0,0
2953,2026-06-08T00:00:00+00:00,2026-06-08,Will there be no change in Fed interest rates after the September 2026 meeting?,0xa3b36b2d,buy_yes,Bought YES (bid hit),103.28,0.78,80.5584,0.445,-33.5,123.936,64.6533,59.2827,8909.05,0,0
2954,2026-06-08T00:02:00+00:00,2026-06-08,Will Édouard Philippe win the 2027 French presidential election?,0x46f2f457,sell_yes,Sold YES (ask lifted),51.64,0.11,5.6804,0.115,-0.5,51.64,53.1892,-1.5492,8914.73,0,0
2955,2026-06-08T00:02:00+00:00,2026-06-08,Will the Moderate Party (M) win the second most seats in the 2026 Swedish parliamentary election?,0xa3d50cf0,buy_yes,Bought YES (bid hit),61.968,0.38,23.5478,0.375,-0.5,100.879,94.811,6.06791,8891.18,0,0
2956,2026-06-08T00:09:00+00:00,2026-06-08,Will Kimi Antonelli be the 2026 F1 Drivers' Champion?,0xcd264046,sell_yes,Sold YES (ask lifted),52.2597,0.71,37.1044,0.714,-0.4,52.2597,54.8933,-2.63364,8928.29,0,0
2957,2026-06-08T00:13:00+00:00,2026-06-08,Will the Sweden Democrats (SD) win the second most seats in the 2026 Swedish parliamentary election?,0x9e2966ab,buy_yes,Bought YES (bid hit),63.827,0.54,34.4666,0.535,-0.5,80.5584,83.8303,-3.27191,8893.82,0,0
2958,2026-06-08T01:12:00+00:00,2026-06-08,Will the Sweden Democrats (SD) win the third most seats in the 2026 Swedish parliamentary election?,0x939abe4a,sell_yes,Sold YES (ask lifted),46.476,0.21,9.76,0.22,-1,42.3861,78.7303,-36.3442,8903.58,0,0
2959,2026-06-08T01:13:00+00:00,2026-06-08,Will the Sweden Democrats (SD) win the third most seats in the 2026 Swedish parliamentary election?,0x939abe4a,buy_yes,Bought YES (bid hit),46.476,0.21,9.76,0.205,-0.5,88.8621,78.7303,10.1318,8893.82,0,0
2960,2026-06-08T01:20:00+00:00,2026-06-08,Will the Moderate Party (M) win the second most seats in the 2026 Swedish parliamentary election?,0xa3d50cf0,buy_yes,Bought YES (bid hit),61.968,0.37,22.9282,0.365,-0.5,162.847,94.811,68.0359,8870.89,0,0
2961,2026-06-08T01:21:00+00:00,2026-06-08,Will there be no change in Fed interest rates after the September 2026 meeting?,0xa3b36b2d,sell_yes,Sold YES (ask lifted),103.28,0.79,81.5912,0.795,-0.5,20.656,64.6533,-43.9973,8952.49,0,0
2962,2026-06-08T02:25:00+00:00,2026-06-08,Clarity Act (H.R.3633) signed into law in 2026?,0x9cb23d04,sell_yes,Sold YES (ask lifted),51.64,0.49,25.3036,0.495,-0.5,0,54.7384,-54.7384,8977,0,0
2963,2026-06-08T03:01:00+00:00,2026-06-08,Iran leadership change by December 31?,0x377e7fe6,buy_yes,Bought YES (bid hit),103.28,0.31,32.0168,0.305,-0.5,103.28,103.28,0,8944.98,0,0
2964,2026-06-08T04:03:00+00:00,2026-06-08,Will the Sweden Democrats (SD) win the second most seats in the 2026 Swedish parliamentary election?,0x9e2966ab,buy_yes,Bought YES (bid hit),61.968,0.51,31.6037,0.505,-0.5,142.526,83.8303,58.6961,8913.38,0,0
2965,2026-06-08T05:55:00+00:00,2026-06-08,Will the Sweden Democrats (SD) win the third most seats in the 2026 Swedish parliamentary election?,0x939abe4a,sell_yes,Sold YES (ask lifted),46.476,0.2,9.2952,0.21,-1,42.3861,78.7303,-36.3442,8922.67,0,0
2966,2026-06-08T06:15:00+00:00,2026-06-08,Will the Fed increase interest rates by 25 bps after the September 2026 meeting?,0x876506d8,sell_yes,Sold YES (ask lifted),106.378,0.18,19.1481,0.185,-0.5,0,106.378,-106.378,8941.82,0,0
2967,2026-06-08T06:15:00+00:00,2026-06-08,Will there be no change in Fed interest rates after the September 2026 meeting?,0xa3b36b2d,buy_yes,Bought YES (bid hit),103.28,0.79,81.5912,0.76,-3,123.936,64.6533,59.2827,8860.23,0,0
2968,2026-06-08T06:22:00+00:00,2026-06-08,Bab el-Mandeb Strait effectively closed by September 30?,0x95fc6a4e,buy_yes,Bought YES (bid hit),103.28,0.28,28.9184,0.265,-1.5,209.658,112.575,97.0832,8831.31,0,0
2969,2026-06-08T06:29:00+00:00,2026-06-08,Bab el-Mandeb Strait effectively closed by September 30?,0x95fc6a4e,sell_yes,Sold YES (ask lifted),103.28,0.31,32.0168,0.31,-0,106.378,112.575,-6.1968,8863.33,0,0
2970,2026-06-08T08:37:00+00:00,2026-06-08,Fed Rate Hike by October 2026 Meeting?,0x059db22d,buy_yes,Bought YES (bid hit),106.378,0.39,41.4876,0.385,-0.5,215.855,144.6,71.2549,8821.84,0,0
2971,2026-06-08T11:24:00+00:00,2026-06-08,Fed Rate Hike by October 2026 Meeting?,0x059db22d,sell_yes,Sold YES (ask lifted),190.035,0.39,74.1137,0.415,-2.5,25.82,144.6,-118.78,8895.96,0,0
2972,2026-06-08T11:30:00+00:00,2026-06-08,Fed Rate Hike by October 2026 Meeting?,0x059db22d,buy_yes,Bought YES (bid hit),103.28,0.55,56.804,0.545,-0.5,129.1,144.6,-15.5003,8839.15,0,0
2973,2026-06-08T11:46:00+00:00,2026-06-08,Fed Rate Hike by October 2026 Meeting?,0x059db22d,buy_yes,Bought YES (bid hit),115.674,0.54,62.4637,0.53,-1,244.774,144.6,100.173,8776.69,0,0
2974,2026-06-08T11:52:00+00:00,2026-06-08,Fed Rate Hike by October 2026 Meeting?,0x059db22d,sell_yes,Sold YES (ask lifted),103.28,0.53,54.7384,0.56,-3,141.494,144.6,-3.10666,8831.43,0,0
2975,2026-06-08T13:32:00+00:00,2026-06-08,Will the Sweden Democrats (SD) win the second most seats in the 2026 Swedish parliamentary election?,0x9e2966ab,sell_yes,Sold YES (ask lifted),61.968,0.54,33.4627,0.555,-1.5,80.5584,83.8303,-3.27191,8864.89,0,0
2976,2026-06-08T14:24:00+00:00,2026-06-08,Will the Sweden Democrats (SD) win the second most seats in the 2026 Swedish parliamentary election?,0x9e2966ab,buy_yes,Bought YES (bid hit),61.968,0.51,31.6037,0.5,-1,142.526,83.8303,58.6961,8833.29,0,0
2977,2026-06-08T15:01:00+00:00,2026-06-08,Will the Sweden Democrats (SD) win the second most seats in the 2026 Swedish parliamentary election?,0x9e2966ab,sell_yes,Sold YES (ask lifted),61.968,0.59,36.5611,0.645,-5.5,80.5584,83.8303,-3.27191,8869.85,0,0
2978,2026-06-08T15:03:00+00:00,2026-06-08,Will the Moderate Party (M) win the second most seats in the 2026 Swedish parliamentary election?,0xa3d50cf0,sell_yes,Sold YES (ask lifted),61.968,0.42,26.0266,0.42,-0,100.879,94.811,6.06791,8895.87,0,0
2979,2026-06-08T15:34:00+00:00,2026-06-08,Will the Sweden Democrats (SD) win the third most seats in the 2026 Swedish parliamentary election?,0x939abe4a,buy_yes,Bought YES (bid hit),47.8703,0.22,10.5315,0.215,-0.5,90.2564,78.7303,11.526,8885.34,0,0
2980,2026-06-08T17:39:00+00:00,2026-06-08,Will the Sweden Democrats (SD) win the third most seats in the 2026 Swedish parliamentary election?,0x939abe4a,sell_yes,Sold YES (ask lifted),46.476,0.22,10.2247,0.225,-0.5,43.7804,78.7303,-34.95,8895.57,0,0
2981,2026-06-08T18:44:00+00:00,2026-06-08,Fed Rate Hike by October 2026 Meeting?,0x059db22d,buy_yes,Bought YES (bid hit),103.28,0.47,48.5416,0.455,-1.5,244.774,144.6,100.173,8847.02,0,0
2982,2026-06-08T22:34:00+00:00,2026-06-08,Will the Sweden Democrats (SD) win the third most seats in the 2026 Swedish parliamentary election?,0x939abe4a,buy_yes,Bought YES (bid hit),46.476,0.22,10.2247,0.215,-0.5,90.2564,78.7303,11.526,8836.8,0,0
2983,2026-06-09T00:00:00+00:00,2026-06-09,Will Édouard Philippe win the 2027 French presidential election?,0x46f2f457,buy_yes,Bought YES (bid hit),51.64,0.14,7.2296,0.115,-2.5,103.28,53.1892,50.0908,8856.23,0,0
2984,2026-06-09T00:06:00+00:00,2026-06-09,Will the Sweden Democrats (SD) win the third most seats in the 2026 Swedish parliamentary election?,0x939abe4a,sell_yes,Sold YES (ask lifted),46.476,0.22,10.2247,0.23,-1,43.7804,78.7303,-34.95,8866.46,0,0
2985,2026-06-09T00:06:00+00:00,2026-06-09,Will the Moderate Party (M) win the third most seats in the 2026 Swedish parliamentary election?,0xbbb881b0,sell_yes,Sold YES (ask lifted),46.476,0.49,22.7732,0.665,-17.5,17.7538,63.2074,-45.4535,8889.23,0,0
2986,2026-06-09T00:11:00+00:00,2026-06-09,Will the Fed increase interest rates by 25 bps after the September 2026 meeting?,0x876506d8,buy_yes,Bought YES (bid hit),103.28,0.2,20.656,0.195,-0.5,103.28,106.378,-3.0984,8868.57,0,0
2987,2026-06-09T03:21:00+00:00,2026-06-09,Bab el-Mandeb Strait effectively closed by September 30?,0x95fc6a4e,buy_yes,Bought YES (bid hit),106.378,0.34,36.1687,0.315,-2.5,212.757,112.575,100.182,8832.41,0,0
2988,2026-06-09T03:26:00+00:00,2026-06-09,Will the Sweden Democrats (SD) win the third most seats in the 2026 Swedish parliamentary election?,0x939abe4a,buy_yes,Bought YES (bid hit),46.476,0.23,10.6895,0.22,-1,90.2564,78.7303,11.526,8821.72,0,0
2989,2026-06-09T03:57:00+00:00,2026-06-09,Clarity Act (H.R.3633) signed into law in 2026?,0x9cb23d04,buy_yes,Bought YES (bid hit),51.64,0.47,24.2708,0.465,-0.5,51.64,54.7384,-3.0984,8797.44,0,0
2990,2026-06-09T04:14:00+00:00,2026-06-09,Will the Sweden Democrats (SD) win the third most seats in the 2026 Swedish parliamentary election?,0x939abe4a,sell_yes,Sold YES (ask lifted),46.476,0.23,10.6895,0.235,-0.5,43.7804,78.7303,-34.95,8808.13,0,0
2991,2026-06-09T05:18:00+00:00,2026-06-09,Will the Sweden Democrats (SD) win the second most seats in the 2026 Swedish parliamentary election?,0x9e2966ab,buy_yes,Bought YES (bid hit),61.968,0.56,34.7021,0.495,-6.5,142.526,83.8303,58.6961,8773.43,0,0
2992,2026-06-09T06:02:00+00:00,2026-06-09,Will the Sweden Democrats (SD) win the second most seats in the 2026 Swedish parliamentary election?,0x9e2966ab,sell_yes,Sold YES (ask lifted),61.968,0.52,32.2234,0.555,-3.5,80.5584,83.8303,-3.27191,8805.66,0,0
2993,2026-06-09T07:20:00+00:00,2026-06-09,Will the Sweden Democrats (SD) win the third most seats in the 2026 Swedish parliamentary election?,0x939abe4a,buy_yes,Bought YES (bid hit),46.476,0.22,10.2247,0.215,-0.5,90.2564,78.7303,11.526,8795.43,0,0
2994,2026-06-09T10:00:00+00:00,2026-06-09,Will the Sweden Democrats (SD) win the third most seats in the 2026 Swedish parliamentary election?,0x939abe4a,sell_yes,Sold YES (ask lifted),46.476,0.22,10.2247,0.225,-0.5,43.7804,78.7303,-34.95,8805.66,0,0
2995,2026-06-09T14:58:00+00:00,2026-06-09,Will Marine Le Pen win the 2027 French presidential election?,0x8126317d,sell_yes,Sold YES (ask lifted),40,0.06,2.4,0.06,-0,14.7384,0,14.7384,8808.06,0,0
2996,2026-06-09T22:16:00+00:00,2026-06-09,Will the Sweden Democrats (SD) win the third most seats in the 2026 Swedish parliamentary election?,0x939abe4a,buy_yes,Bought YES (bid hit),46.476,0.23,10.6895,0.225,-0.5,90.2564,78.7303,11.526,8797.37,0,0
2997,2026-06-10T00:00:00+00:00,2026-06-10,Will Harry Kane win the 2026 Ballon d'Or?,0x12dc2b61,sell_yes,Sold YES (ask lifted),25.8975,0.29,7.5103,0.299,-0.9,0,24.9679,-24.9679,8825.93,0,0
2998,2026-06-10T00:00:00+00:00,2026-06-10,Will there be no change in Fed interest rates after the September 2026 meeting?,0xa3b36b2d,sell_yes,Sold YES (ask lifted),103.28,0.74,76.4272,0.76,-2,20.656,64.6533,-43.9973,8902.35,0,0
2999,2026-06-10T00:01:00+00:00,2026-06-10,Will there be no change in Fed interest rates after the September 2026 meeting?,0xa3b36b2d,buy_yes,Bought YES (bid hit),103.28,0.75,77.46,0.71,-4,123.936,64.6533,59.2827,8824.89,0,0
3000,2026-06-10T00:03:00+00:00,2026-06-10,Will there be no change in Fed interest rates after the September 2026 meeting?,0xa3b36b2d,sell_yes,Sold YES (ask lifted),103.28,0.71,73.3288,0.735,-2.5,20.656,64.6533,-43.9973,8898.22,0,0
3001,2026-06-10T00:06:00+00:00,2026-06-10,Will Édouard Philippe win the 2027 French presidential election?,0x46f2f457,sell_yes,Sold YES (ask lifted),59.386,0.12,7.1263,0.15,-3,43.894,53.1892,-9.2952,8905.35,0,0
3002,2026-06-10T00:08:00+00:00,2026-06-10,Will Harry Kane win the 2026 Ballon d'Or?,0x12dc2b61,buy_yes,Bought YES (bid hit),25.82,0.29,7.4878,0.2615,-2.85,25.82,24.9679,0.85206,8897.86,0,0
3003,2026-06-10T00:14:00+00:00,2026-06-10,Fed Rate Hike by October 2026 Meeting?,0x059db22d,sell_yes,Sold YES (ask lifted),103.28,0.4,41.312,0.56,-16,141.494,144.6,-3.10666,8939.17,0,0
3004,2026-06-10T00:33:00+00:00,2026-06-10,Bab el-Mandeb Strait effectively closed by September 30?,0x95fc6a4e,sell_yes,Sold YES (ask lifted),109.477,0.23,25.1797,0.235,-0.5,103.28,112.575,-9.2952,8964.35,0,0
3005,2026-06-10T00:58:00+00:00,2026-06-10,Fed Rate Hike by October 2026 Meeting?,0x059db22d,buy_yes,Bought YES (bid hit),149.756,0.52,77.8731,0.455,-6.5,291.25,144.6,146.649,8886.48,0,0
3006,2026-06-10T01:17:00+00:00,2026-06-10,Will the Moderate Party (M) win the third most seats in the 2026 Swedish parliamentary election?,0xbbb881b0,buy_yes,Bought YES (bid hit),46.476,0.65,30.2094,0.645,-0.5,64.2298,63.2074,1.02247,8856.27,0,0
3007,2026-06-10T03:14:00+00:00,2026-06-10,Bab el-Mandeb Strait effectively closed by September 30?,0x95fc6a4e,buy_yes,Bought YES (bid hit),103.28,0.29,29.9512,0.285,-0.5,206.56,112.575,93.9848,8826.32,0,0
3008,2026-06-10T03:58:00+00:00,2026-06-10,Will the Sweden Democrats (SD) win the third most seats in the 2026 Swedish parliamentary election?,0x939abe4a,sell_yes,Sold YES (ask lifted),46.476,0.23,10.6895,0.235,-0.5,43.7804,78.7303,-34.95,8837.01,0,0
3009,2026-06-10T04:32:00+00:00,2026-06-10,Will the Sweden Democrats (SD) win the second most seats in the 2026 Swedish parliamentary election?,0x9e2966ab,buy_yes,Bought YES (bid hit),61.968,0.56,34.7021,0.5,-6,142.526,83.8303,58.6961,8802.31,0,0
3010,2026-06-10T04:45:00+00:00,2026-06-10,Will the Sweden Democrats (SD) win the second most seats in the 2026 Swedish parliamentary election?,0x9e2966ab,sell_yes,Sold YES (ask lifted),61.968,0.55,34.0824,0.595,-4.5,80.5584,83.8303,-3.27191,8836.39,0,0
3011,2026-06-10T07:09:00+00:00,2026-06-10,Will the Sweden Democrats (SD) win the third most seats in the 2026 Swedish parliamentary election?,0x939abe4a,buy_yes,Bought YES (bid hit),46.476,0.22,10.2247,0.21,-1,90.2564,78.7303,11.526,8826.16,0,0
3012,2026-06-10T11:42:00+00:00,2026-06-10,Bab el-Mandeb Strait effectively closed by September 30?,0x95fc6a4e,sell_yes,Sold YES (ask lifted),103.28,0.27,27.8856,0.275,-0.5,103.28,112.575,-9.2952,8854.05,0,0
3013,2026-06-10T12:11:00+00:00,2026-06-10,Will there be no change in Fed interest rates after the September 2026 meeting?,0xa3b36b2d,buy_yes,Bought YES (bid hit),103.28,0.72,74.3616,0.705,-1.5,123.936,64.6533,59.2827,8779.69,0,0
3014,2026-06-10T12:39:00+00:00,2026-06-10,Fed Rate Hike by October 2026 Meeting?,0x059db22d,sell_yes,Sold YES (ask lifted),103.28,0.41,42.3448,0.445,-3.5,187.97,144.6,43.3693,8822.03,0,0
3015,2026-06-10T13:18:00+00:00,2026-06-10,Will there be no change in Fed interest rates after the September 2026 meeting?,0xa3b36b2d,sell_yes,Sold YES (ask lifted),106.378,0.7,74.4649,0.705,-0.5,17.5576,64.6533,-47.0957,8896.5,0,0
3016,2026-06-10T14:38:00+00:00,2026-06-10,Will there be no change in Fed interest rates after the September 2026 meeting?,0xa3b36b2d,buy_yes,Bought YES (bid hit),106.378,0.74,78.72,0.725,-1.5,123.936,64.6533,59.2827,8817.78,0,0
3017,2026-06-10T15:06:00+00:00,2026-06-10,Will there be no change in Fed interest rates after the September 2026 meeting?,0xa3b36b2d,sell_yes,Sold YES (ask lifted),103.28,0.73,75.3944,0.735,-0.5,20.656,64.6533,-43.9973,8893.17,0,0
3018,2026-06-10T15:54:00+00:00,2026-06-10,Will the Sweden Democrats (SD) win the third most seats in the 2026 Swedish parliamentary election?,0x939abe4a,sell_yes,Sold YES (ask lifted),46.476,0.23,10.6895,0.235,-0.5,43.7804,78.7303,-34.95,8903.86,0,0
3019,2026-06-10T15:54:00+00:00,2026-06-10,Will the Moderate Party (M) win the third most seats in the 2026 Swedish parliamentary election?,0xbbb881b0,buy_yes,Bought YES (bid hit),46.476,0.62,28.8151,0.515,-10.5,110.706,63.2074,47.4985,8875.05,0,0
3020,2026-06-10T15:55:00+00:00,2026-06-10,Will the Sweden Democrats (SD) win the third most seats in the 2026 Swedish parliamentary election?,0x939abe4a,buy_yes,Bought YES (bid hit),47.8703,0.23,11.0102,0.225,-0.5,91.6507,78.7303,12.9203,8864.04,0,0
3021,2026-06-10T19:35:00+00:00,2026-06-10,Will the Sweden Democrats (SD) win the third most seats in the 2026 Swedish parliamentary election?,0x939abe4a,sell_yes,Sold YES (ask lifted),46.476,0.22,10.2247,0.225,-0.5,45.1747,78.7303,-33.5557,8874.26,0,0
3022,2026-06-10T20:52:00+00:00,2026-06-10,Will the Sweden Democrats (SD) win the third most seats in the 2026 Swedish parliamentary election?,0x939abe4a,buy_yes,Bought YES (bid hit),46.476,0.34,15.8018,0.31,-3,91.6507,78.7303,12.9203,8858.46,0,0
3023,2026-06-10T20:59:00+00:00,2026-06-10,Will the Sweden Democrats (SD) win the third most seats in the 2026 Swedish parliamentary election?,0x939abe4a,sell_yes,Sold YES (ask lifted),46.476,0.32,14.8723,0.345,-2.5,45.1747,78.7303,-33.5557,8873.33,0,0
3024,2026-06-10T21:00:00+00:00,2026-06-10,Will the Sweden Democrats (SD) win the third most seats in the 2026 Swedish parliamentary election?,0x939abe4a,buy_yes,Bought YES (bid hit),53.4474,0.34,18.1721,0.335,-0.5,98.6221,78.7303,19.8917,8855.16,0,0
3025,2026-06-10T21:11:00+00:00,2026-06-10,Will the Sweden Democrats (SD) win the third most seats in the 2026 Swedish parliamentary election?,0x939abe4a,sell_yes,Sold YES (ask lifted),46.476,0.32,14.8723,0.365,-4.5,52.1461,78.7303,-26.5843,8870.03,0,0
3026,2026-06-10T21:14:00+00:00,2026-06-10,Will the Sweden Democrats (SD) win the third most seats in the 2026 Swedish parliamentary election?,0x939abe4a,buy_yes,Bought YES (bid hit),50.6588,0.35,17.7306,0.325,-2.5,102.805,78.7303,24.0746,8852.3,0,0
3027,2026-06-10T21:17:00+00:00,2026-06-10,Will the Sweden Democrats (SD) win the third most seats in the 2026 Swedish parliamentary election?,0x939abe4a,sell_yes,Sold YES (ask lifted),46.476,0.3,13.9428,0.325,-2.5,56.3289,78.7303,-22.4014,8866.24,0,0
3028,2026-06-10T21:31:00+00:00,2026-06-10,Will the Sweden Democrats (SD) win the third most seats in the 2026 Swedish parliamentary election?,0x939abe4a,buy_yes,Bought YES (bid hit),57.6302,0.36,20.7469,0.355,-0.5,113.959,78.7303,35.2288,8845.5,0,0
3029,2026-06-10T21:43:00+00:00,2026-06-10,Will the Sweden Democrats (SD) win the third most seats in the 2026 Swedish parliamentary election?,0x939abe4a,sell_yes,Sold YES (ask lifted),46.476,0.32,14.8723,0.365,-4.5,67.4832,78.7303,-11.2472,8860.37,0,0
3030,2026-06-10T21:52:00+00:00,2026-06-10,Will the Sweden Democrats (SD) win the third most seats in the 2026 Swedish parliamentary election?,0x939abe4a,buy_yes,Bought YES (bid hit),50.6588,0.35,17.7306,0.345,-0.5,118.142,78.7303,39.4116,8842.64,0,0
3031,2026-06-10T21:54:00+00:00,2026-06-10,Will the Sweden Democrats (SD) win the third most seats in the 2026 Swedish parliamentary election?,0x939abe4a,sell_yes,Sold YES (ask lifted),46.476,0.34,15.8018,0.35,-1,71.666,78.7303,-7.06435,8858.44,0,0
3032,2026-06-10T21:55:00+00:00,2026-06-10,Bab el-Mandeb Strait effectively closed by September 30?,0x95fc6a4e,buy_yes,Bought YES (bid hit),115.674,0.34,39.329,0.335,-0.5,218.954,112.575,106.378,8819.11,0,0
3033,2026-06-10T21:56:00+00:00,2026-06-10,Will Benjamin Netanyahu be the next Prime Minister of Israel?,0x7586a965,sell_yes,Sold YES (ask lifted),54.7384,0.38,20.8006,0.395,-1.5,0,54.7384,-54.7384,8805.97,0,0
3034,2026-06-10T22:14:00+00:00,2026-06-10,Will the Moderate Party (M) win the second most seats in the 2026 Swedish parliamentary election?,0xa3d50cf0,sell_yes,Sold YES (ask lifted),61.968,0.3,18.5904,0.305,-0.5,38.9109,94.811,-55.9001,8824.57,0,0
3035,2026-06-10T22:30:00+00:00,2026-06-10,Will the Sweden Democrats (SD) win the third most seats in the 2026 Swedish parliamentary election?,0x939abe4a,sell_yes,Sold YES (ask lifted),46.476,0.34,15.8018,0.365,-2.5,25.19,78.7303,-53.5404,8840.37,0,0
3036,2026-06-10T22:52:00+00:00,2026-06-10,Bab el-Mandeb Strait effectively closed by September 30?,0x95fc6a4e,sell_yes,Sold YES (ask lifted),112.575,0.32,36.0241,0.335,-1.5,106.378,112.575,-6.1968,8876.39,0,0
3037,2026-06-10T23:01:00+00:00,2026-06-10,Will the Sweden Democrats (SD) win the second most seats in the 2026 Swedish parliamentary election?,0x9e2966ab,buy_yes,Bought YES (bid hit),61.968,0.59,36.5611,0.565,-2.5,142.526,83.8303,58.6961,8839.83,0,0
3038,2026-06-10T23:19:00+00:00,2026-06-10,Will the Sweden Democrats (SD) win the third most seats in the 2026 Swedish parliamentary election?,0x939abe4a,buy_yes,Bought YES (bid hit),47.8703,0.32,15.3185,0.315,-0.5,73.0603,78.7303,-5.67007,8824.51,0,0
3039,2026-06-10T23:24:00+00:00,2026-06-10,Will the U.S. invade Iran before 2027?,0x5db999fa,buy_yes,Bought YES (bid hit),103.28,0.2,20.656,0.195,-0.5,103.28,0,103.28,8803.86,0,0
3040,2026-06-10T23:42:00+00:00,2026-06-10,Will the Sweden Democrats (SD) win the third most seats in the 2026 Swedish parliamentary election?,0x939abe4a,buy_yes,Bought YES (bid hit),46.476,0.28,13.0133,0.26,-2,119.536,78.7303,40.8059,8790.84,0,0
3041,2026-06-10T23:51:00+00:00,2026-06-10,Will the Sweden Democrats (SD) win the third most seats in the 2026 Swedish parliamentary election?,0x939abe4a,sell_yes,Sold YES (ask lifted),46.476,0.3,13.9428,0.315,-1.5,73.0603,78.7303,-5.67007,8804.78,0,0
3042,2026-06-11T00:00:00+00:00,2026-06-11,Will there be no change in Fed interest rates after the September 2026 meeting?,0xa3b36b2d,buy_yes,Bought YES (bid hit),103.28,0.74,76.4272,0.7,-4,123.936,64.6533,59.2827,8774.78,0,0
3043,2026-06-11T00:00:00+00:00,2026-06-11,Will Kimi Antonelli be the 2026 F1 Drivers' Champion?,0xcd264046,buy_yes,Bought YES (bid hit),51.64,0.67,34.5988,0.4515,-21.85,103.9,54.8933,49.0064,8740.18,0,0
3044,2026-06-11T00:10:00+00:00,2026-06-11,Will there be no change in Fed interest rates after the September 2026 meeting?,0xa3b36b2d,sell_yes,Sold YES (ask lifted),103.28,0.71,73.3288,0.745,-3.5,20.656,64.6533,-43.9973,8813.51,0,0
3045,2026-06-11T00:27:00+00:00,2026-06-11,Will the Moderate Party (M) win the second most seats in the 2026 Swedish parliamentary election?,0xa3d50cf0,buy_yes,Bought YES (bid hit),61.968,0.27,16.7314,0.26,-1,100.879,94.811,6.06791,8796.77,0,0
3046,2026-06-11T00:33:00+00:00,2026-06-11,Will the Sweden Democrats (SD) win the third most seats in the 2026 Swedish parliamentary election?,0x939abe4a,buy_yes,Bought YES (bid hit),46.476,0.26,12.0838,0.25,-1,119.536,78.7303,40.8059,8784.69,0,0
3047,2026-06-11T01:10:00+00:00,2026-06-11,Will the Sweden Democrats (SD) win the third most seats in the 2026 Swedish parliamentary election?,0x939abe4a,sell_yes,Sold YES (ask lifted),46.476,0.3,13.9428,0.305,-0.5,73.0603,78.7303,-5.67007,8798.63,0,0
3048,2026-06-11T01:14:00+00:00,2026-06-11,Will the Sweden Democrats (SD) win the third most seats in the 2026 Swedish parliamentary election?,0x939abe4a,buy_yes,Bought YES (bid hit),46.476,0.27,12.5485,0.26,-1,119.536,78.7303,40.8059,8786.08,0,0
3049,2026-06-11T02:50:00+00:00,2026-06-11,Will the U.S. invade Iran before 2027?,0x5db999fa,sell_yes,Sold YES (ask lifted),103.28,0.2,20.656,0.205,-0.5,0,0,0,8806.74,0,0
3050,2026-06-11T03:04:00+00:00,2026-06-11,Will the Sweden Democrats (SD) win the third most seats in the 2026 Swedish parliamentary election?,0x939abe4a,sell_yes,Sold YES (ask lifted),46.476,0.3,13.9428,0.305,-0.5,73.0603,78.7303,-5.67007,8820.68,0,0
3051,2026-06-11T03:11:00+00:00,2026-06-11,Will the Sweden Democrats (SD) win the third most seats in the 2026 Swedish parliamentary election?,0x939abe4a,buy_yes,Bought YES (bid hit),47.8703,0.27,12.925,0.26,-1,120.931,78.7303,42.2002,8807.76,0,0
3052,2026-06-11T03:25:00+00:00,2026-06-11,Will the Sweden Democrats (SD) win the third most seats in the 2026 Swedish parliamentary election?,0x939abe4a,sell_yes,Sold YES (ask lifted),21.5649,0.3,6.4695,0.305,-0.5,99.3657,78.7303,20.6353,8814.23,0,0
3053,2026-06-18T00:00:00+00:00,2026-06-18,Will Harry Kane win the 2026 Ballon d'Or?,0x12dc2b61,sell_yes,Sold YES (ask lifted),25.82,0.29,7.4878,0.3005,-1.05,0,24.9679,-24.9679,8826.11,0,0
3054,2026-06-18T00:00:00+00:00,2026-06-18,Will Flávio Bolsonaro win the 2026 Brazilian presidential election?,0x1a01bf78,buy_yes,Bought YES (bid hit),51.64,0.25,12.91,0.24,-1,51.64,0,51.64,8813.2,0,0
3055,2026-06-18T00:00:00+00:00,2026-06-18,Iran leadership change by December 31?,0x377e7fe6,buy_yes,Bought YES (bid hit),103.28,0.27,27.8856,0.165,-10.5,206.56,103.28,103.28,8785.32,0,0
3056,2026-06-18T00:00:00+00:00,2026-06-18,Strait of Hormuz traffic returns to normal by December 31?,0x5c79dfde,sell_yes,Sold YES (ask lifted),103.28,0.75,77.46,0.895,-14.5,0,103.28,-103.28,8836.96,0,0
3057,2026-06-18T00:00:00+00:00,2026-06-18,Will the U.S. invade Iran before 2027?,0x5db999fa,buy_yes,Bought YES (bid hit),106.378,0.18,19.1481,0.125,-5.5,106.378,0,106.378,8817.81,0,0
3058,2026-06-18T00:00:00+00:00,2026-06-18,Will Benjamin Netanyahu be the next Prime Minister of Israel?,0x7586a965,buy_yes,Bought YES (bid hit),51.64,0.39,20.1396,0.335,-5.5,51.64,54.7384,-3.0984,8797.67,0,0
3059,2026-06-18T00:00:00+00:00,2026-06-18,Will the Fed increase interest rates by 25 bps after the September 2026 meeting?,0x876506d8,sell_yes,Sold YES (ask lifted),103.28,0.22,22.7216,0.39,-17,0,106.378,-106.378,8820.39,0,0
3060,2026-06-18T00:00:00+00:00,2026-06-18,Will the Sweden Democrats (SD) win the third most seats in the 2026 Swedish parliamentary election?,0x939abe4a,sell_yes,Sold YES (ask lifted),21.5649,0.29,6.2538,0.325,-3.5,77.8008,78.7303,-0.92952,8826.65,0,0
3061,2026-06-18T00:00:00+00:00,2026-06-18,Bab el-Mandeb Strait effectively closed by September 30?,0x95fc6a4e,buy_yes,Bought YES (bid hit),134.264,0.31,41.6218,0.24,-7,240.642,112.575,128.067,8785.02,0,0
3062,2026-06-18T00:00:00+00:00,2026-06-18,Clarity Act (H.R.3633) signed into law in 2026?,0x9cb23d04,buy_yes,Bought YES (bid hit),51.64,0.43,22.2052,0.425,-0.5,103.28,54.7384,48.5416,8762.82,0,0
3063,2026-06-18T00:00:00+00:00,2026-06-18,Will the Sweden Democrats (SD) win the second most seats in the 2026 Swedish parliamentary election?,0x9e2966ab,sell_yes,Sold YES (ask lifted),61.968,0.63,39.0398,0.635,-0.5,80.5584,83.8303,-3.27191,8801.86,0,0
3064,2026-06-18T00:00:00+00:00,2026-06-18,Will there be no change in Fed interest rates after the September 2026 meeting?,0xa3b36b2d,buy_yes,Bought YES (bid hit),103.28,0.74,76.4272,0.545,-19.5,123.936,64.6533,59.2827,8725.43,0,0
3065,2026-06-18T00:00:00+00:00,2026-06-18,Will the Moderate Party (M) win the third most seats in the 2026 Swedish parliamentary election?,0xbbb881b0,sell_yes,Sold YES (ask lifted),46.476,0.52,24.1675,0.65,-13,64.2298,63.2074,1.02247,8749.6,0,0
3066,2026-06-18T00:00:00+00:00,2026-06-18,Will Spider-Man: Brand New Day be the top grossing movie of 2026?,0xc4b07998,buy_yes,Bought YES (bid hit),25.82,0.53,13.6846,0.48,-5,52.4146,25.82,26.5946,8735.91,0,0
3067,2026-06-18T00:00:00+00:00,2026-06-18,Will Gadi Eizenkot be the next Prime Minister of Israel?,0xdbe93b5a,sell_yes,Sold YES (ask lifted),51.64,0.31,16.0084,0.377,-6.7,0,51.64,-51.64,8716.29,0,0
3068,2026-06-18T00:00:00+00:00,2026-06-18,Will Luiz Inácio Lula da Silva win the 2026 Brazilian presidential election?,0xdf8e2dc5,sell_yes,Sold YES (ask lifted),51.64,0.48,24.7872,0.51,-3,0,51.64,-51.64,8714.22,0,0
3069,2026-06-18T00:01:00+00:00,2026-06-18,Will Harry Kane win the 2026 Ballon d'Or?,0x12dc2b61,buy_yes,Bought YES (bid hit),25.82,0.29,7.4878,0.2845,-0.55,25.82,24.9679,0.85206,8706.74,0,0
3070,2026-06-18T00:01:00+00:00,2026-06-18,Will Ulf Kristersson be the next Prime Minister of Sweden?,0x8a42bb4c,buy_yes,Bought YES (bid hit),51.64,0.18,9.2952,0.17,-1,51.64,3.0984,48.5416,8697.44,0,0
3071,2026-06-18T00:01:00+00:00,2026-06-18,Clarity Act (H.R.3633) signed into law in 2026?,0x9cb23d04,sell_yes,Sold YES (ask lifted),51.64,0.43,22.2052,0.505,-7.5,51.64,54.7384,-3.0984,8719.65,0,0
3072,2026-06-18T00:06:00+00:00,2026-06-18,Will Kimi Antonelli be the 2026 F1 Drivers' Champion?,0xcd264046,sell_yes,Sold YES (ask lifted),51.64,0.43,22.2052,0.608,-17.8,52.2597,54.8933,-2.63364,8741.85,0,0
3073,2026-06-18T00:19:00+00:00,2026-06-18,Fed Rate Hike by October 2026 Meeting?,0x059db22d,sell_yes,Sold YES (ask lifted),106.378,0.37,39.36,0.375,-0.5,81.5912,144.6,-63.0091,8781.21,0,0
3074,2026-06-18T00:40:00+00:00,2026-06-18,Bab el-Mandeb Strait effectively closed by September 30?,0x95fc6a4e,sell_yes,Sold YES (ask lifted),103.28,0.17,17.5576,0.175,-0.5,137.362,112.575,24.7872,8798.77,0,0
3075,2026-06-18T00:51:00+00:00,2026-06-18,Will there be no change in Fed interest rates after the September 2026 meeting?,0xa3b36b2d,sell_yes,Sold YES (ask lifted),103.28,0.55,56.804,0.555,-0.5,20.656,64.6533,-43.9973,8855.57,0,0
3076,2026-06-18T04:44:00+00:00,2026-06-18,Will the Fed increase interest rates by 25 bps after the September 2026 meeting?,0x876506d8,buy_yes,Bought YES (bid hit),103.28,0.38,39.2464,0.375,-0.5,103.28,106.378,-3.0984,8816.33,0,0
3077,2026-06-18T08:23:00+00:00,2026-06-18,Will there be no change in Fed interest rates after the September 2026 meeting?,0xa3b36b2d,buy_yes,Bought YES (bid hit),103.28,0.57,58.8696,0.565,-0.5,123.936,64.6533,59.2827,8757.46,0,0
3078,2026-06-18T10:44:00+00:00,2026-06-18,Will Gadi Eizenkot be the next Prime Minister of Israel?,0xdbe93b5a,buy_yes,Bought YES (bid hit),51.64,0.39,20.1396,0.389,-0.1,51.64,51.64,0,8737.32,0,0
3079,2026-06-18T11:30:00+00:00,2026-06-18,Will Luiz Inácio Lula da Silva win the 2026 Brazilian presidential election?,0xdf8e2dc5,buy_yes,Bought YES (bid hit),51.64,0.5,25.82,0.495,-0.5,51.64,51.64,0,8711.5,0,0
3080,2026-06-18T11:47:00+00:00,2026-06-18,Will there be no change in Fed interest rates after the September 2026 meeting?,0xa3b36b2d,sell_yes,Sold YES (ask lifted),103.28,0.57,58.8696,0.575,-0.5,20.656,64.6533,-43.9973,8770.37,0,0
3081,2026-06-18T12:15:00+00:00,2026-06-18,Fed Rate Hike by October 2026 Meeting?,0x059db22d,buy_yes,Bought YES (bid hit),103.28,0.39,40.2792,0.375,-1.5,184.871,144.6,40.2709,8730.09,0,0
3082,2026-06-18T12:16:00+00:00,2026-06-18,Fed Rate Hike by October 2026 Meeting?,0x059db22d,sell_yes,Sold YES (ask lifted),109.477,0.38,41.6012,0.385,-0.5,75.3944,144.6,-69.2059,8771.69,0,0
3083,2026-06-18T12:31:00+00:00,2026-06-18,Fed Rate Hike by October 2026 Meeting?,0x059db22d,buy_yes,Bought YES (bid hit),103.28,0.39,40.2792,0.38,-1,178.674,144.6,34.0741,8731.41,0,0
3084,2026-06-18T12:38:00+00:00,2026-06-18,Fed Rate Hike by October 2026 Meeting?,0x059db22d,sell_yes,Sold YES (ask lifted),103.28,0.39,40.2792,0.4,-1,75.3944,144.6,-69.2059,8771.69,0,0
3085,2026-06-18T12:40:00+00:00,2026-06-18,Fed Rate Hike by October 2026 Meeting?,0x059db22d,buy_yes,Bought YES (bid hit),103.28,0.39,40.2792,0.385,-0.5,178.674,144.6,34.0741,8731.41,0,0
3086,2026-06-18T12:43:00+00:00,2026-06-18,Fed Rate Hike by October 2026 Meeting?,0x059db22d,sell_yes,Sold YES (ask lifted),103.28,0.39,40.2792,0.395,-0.5,75.3944,144.6,-69.2059,8771.69,0,0
3087,2026-06-18T12:44:00+00:00,2026-06-18,Fed Rate Hike by October 2026 Meeting?,0x059db22d,buy_yes,Bought YES (bid hit),103.28,0.39,40.2792,0.385,-0.5,178.674,144.6,34.0741,8731.41,0,0
3088,2026-06-18T12:46:00+00:00,2026-06-18,Fed Rate Hike by October 2026 Meeting?,0x059db22d,sell_yes,Sold YES (ask lifted),159.051,0.39,62.03,0.395,-0.5,19.6232,144.6,-124.977,8793.44,0,0
3089,2026-06-18T12:54:00+00:00,2026-06-18,Fed Rate Hike by October 2026 Meeting?,0x059db22d,buy_yes,Bought YES (bid hit),121.87,0.45,54.8417,0.445,-0.5,141.494,144.6,-3.10666,8738.6,0,0
3090,2026-06-18T12:58:00+00:00,2026-06-18,Fed Rate Hike by October 2026 Meeting?,0x059db22d,buy_yes,Bought YES (bid hit),50.7972,0.42,21.3348,0.415,-0.5,192.291,144.6,47.6906,8717.26,0,0
3091,2026-06-18T13:41:00+00:00,2026-06-18,Will there be no change in Fed interest rates after the September 2026 meeting?,0xa3b36b2d,buy_yes,Bought YES (bid hit),103.28,0.57,58.8696,0.565,-0.5,123.936,64.6533,59.2827,8658.39,0,0
3092,2026-06-18T14:16:00+00:00,2026-06-18,Will there be no change in Fed interest rates after the September 2026 meeting?,0xa3b36b2d,sell_yes,Sold YES (ask lifted),103.28,0.57,58.8696,0.57,-0,20.656,64.6533,-43.9973,8717.26,0,0
3093,2026-06-18T14:29:00+00:00,2026-06-18,Strait of Hormuz traffic returns to normal by December 31?,0x5c79dfde,buy_yes,Bought YES (bid hit),103.28,0.9,92.952,0.895,-0.5,103.28,103.28,0,8624.31,0,0
3094,2026-06-18T15:44:00+00:00,2026-06-18,Bab el-Mandeb Strait effectively closed by September 30?,0x95fc6a4e,sell_yes,Sold YES (ask lifted),106.378,0.11,11.7016,0.13,-2,30.984,112.575,-81.5912,8636.01,0,0
3095,2026-06-18T15:56:00+00:00,2026-06-18,Bab el-Mandeb Strait effectively closed by September 30?,0x95fc6a4e,buy_yes,Bought YES (bid hit),103.28,0.13,13.4264,0.125,-0.5,134.264,112.575,21.6888,8622.59,0,0
3096,2026-06-18T15:58:00+00:00,2026-06-18,Bab el-Mandeb Strait effectively closed by September 30?,0x95fc6a4e,sell_yes,Sold YES (ask lifted),103.28,0.13,13.4264,0.135,-0.5,30.984,112.575,-81.5912,8636.01,0,0
3097,2026-06-18T16:07:00+00:00,2026-06-18,Fed Rate Hike by October 2026 Meeting?,0x059db22d,sell_yes,Sold YES (ask lifted),103.28,0.42,43.3776,0.425,-0.5,89.0108,144.6,-55.5894,8679.39,0,0
3098,2026-06-18T16:12:00+00:00,2026-06-18,Fed Rate Hike by October 2026 Meeting?,0x059db22d,buy_yes,Bought YES (bid hit),47.9219,0.39,18.6895,0.385,-0.5,136.933,144.6,-7.66751,8660.7,0,0
3099,2026-06-18T17:09:00+00:00,2026-06-18,Will Spider-Man: Brand New Day be the top grossing movie of 2026?,0xc4b07998,sell_yes,Sold YES (ask lifted),25.82,0.52,13.4264,0.525,-0.5,26.5946,25.82,0.7746,8674.13,0,0
3100,2026-06-18T19:10:00+00:00,2026-06-18,Will there be no change in Fed interest rates after the September 2026 meeting?,0xa3b36b2d,buy_yes,Bought YES (bid hit),103.28,0.57,58.8696,0.27,-30,123.936,64.6533,59.2827,8615.26,0,0
3101,2026-06-18T19:12:00+00:00,2026-06-18,Will there be no change in Fed interest rates after the September 2026 meeting?,0xa3b36b2d,sell_yes,Sold YES (ask lifted),103.28,0.31,32.0168,0.435,-12.5,20.656,64.6533,-43.9973,8647.28,0,0
3102,2026-06-18T19:14:00+00:00,2026-06-18,Bab el-Mandeb Strait effectively closed by September 30?,0x95fc6a4e,buy_yes,Bought YES (bid hit),106.378,0.12,12.7654,0.115,-0.5,137.362,112.575,24.7872,8634.51,0,0
3103,2026-06-18T20:55:00+00:00,2026-06-18,Will there be no change in Fed interest rates after the September 2026 meeting?,0xa3b36b2d,buy_yes,Bought YES (bid hit),103.28,0.44,45.4432,0.435,-0.5,123.936,64.6533,59.2827,8589.07,0,0
3104,2026-06-18T21:42:00+00:00,2026-06-18,Clarity Act (H.R.3633) signed into law in 2026?,0x9cb23d04,buy_yes,Bought YES (bid hit),51.64,0.47,24.2708,0.44,-3,103.28,54.7384,48.5416,8564.8,0,0
3105,2026-06-18T21:46:00+00:00,2026-06-18,Bab el-Mandeb Strait effectively closed by September 30?,0x95fc6a4e,sell_yes,Sold YES (ask lifted),103.28,0.12,12.3936,0.125,-0.5,34.0824,112.575,-78.4928,8577.19,0,0
3106,2026-06-18T22:25:00+00:00,2026-06-18,Will there be no change in Fed interest rates after the September 2026 meeting?,0xa3b36b2d,sell_yes,Sold YES (ask lifted),109.477,0.44,48.1698,0.465,-2.5,14.4592,64.6533,-50.1941,8625.36,0,0
3107,2026-06-19T00:00:00+00:00,2026-06-19,Will Harry Kane win the 2026 Ballon d'Or?,0x12dc2b61,sell_yes,Sold YES (ask lifted),25.82,0.36,9.2952,0.3985,-3.85,0,24.9679,-24.9679,8675.02,0,0
3108,2026-06-19T00:00:00+00:00,2026-06-19,Will Ulf Kristersson be the next Prime Minister of Sweden?,0x8a42bb4c,sell_yes,Sold YES (ask lifted),51.64,0.26,13.4264,0.49,-23,0,3.0984,-3.0984,8688.45,0,0
3109,2026-06-19T00:02:00+00:00,2026-06-19,Will Harry Kane win the 2026 Ballon d'Or?,0x12dc2b61,buy_yes,Bought YES (bid hit),25.82,0.4,10.328,0.3625,-3.75,25.82,24.9679,0.85206,8678.12,0,0
3110,2026-06-19T00:02:00+00:00,2026-06-19,Bab el-Mandeb Strait effectively closed by September 30?,0x95fc6a4e,buy_yes,Bought YES (bid hit),103.28,0.12,12.3936,0.105,-1.5,137.362,112.575,24.7872,8665.73,0,0
3111,2026-06-19T00:07:00+00:00,2026-06-19,Bab el-Mandeb Strait effectively closed by September 30?,0x95fc6a4e,sell_yes,Sold YES (ask lifted),103.28,0.1,10.328,0.11,-1,34.0824,112.575,-78.4928,8676.05,0,0
3112,2026-06-19T03:52:00+00:00,2026-06-19,Fed Rate Hike by October 2026 Meeting?,0x059db22d,buy_yes,Bought YES (bid hit),103.28,0.44,45.4432,0.435,-0.5,240.213,144.6,95.6125,8630.61,0,0
3113,2026-06-19T07:38:00+00:00,2026-06-19,Clarity Act (H.R.3633) signed into law in 2026?,0x9cb23d04,sell_yes,Sold YES (ask lifted),51.64,0.44,22.7216,0.445,-0.5,51.64,54.7384,-3.0984,8653.33,0,0
3114,2026-06-19T10:36:00+00:00,2026-06-19,Will the U.S. invade Iran before 2027?,0x5db999fa,sell_yes,Sold YES (ask lifted),103.28,0.13,13.4264,0.135,-0.5,3.0984,0,3.0984,8666.76,0,0
3115,2026-06-19T14:34:00+00:00,2026-06-19,Fed Rate Hike by October 2026 Meeting?,0x059db22d,sell_yes,Sold YES (ask lifted),106.378,0.5,53.1892,0.505,-0.5,133.834,144.6,-10.7659,8719.95,0,0
3116,2026-06-19T17:15:00+00:00,2026-06-19,Will Spider-Man: Brand New Day be the top grossing movie of 2026?,0xc4b07998,sell_yes,Sold YES (ask lifted),25.82,0.64,16.5248,0.645,-0.5,0.7746,25.82,-25.0454,8736.47,0,0
3117,2026-06-19T17:27:00+00:00,2026-06-19,Will Flávio Bolsonaro win the 2026 Brazilian presidential election?,0x1a01bf78,sell_yes,Sold YES (ask lifted),53.8089,0.25,13.4522,0.2515,-0.15,0,2.16888,-2.16888,8748.3,0,0
3118,2026-06-20T00:00:00+00:00,2026-06-20,Will Harry Kane win the 2026 Ballon d'Or?,0x12dc2b61,buy_yes,Bought YES (bid hit),25.82,0.29,7.4878,0.2205,-6.95,51.64,24.9679,26.6721,8786.74,0,0
3119,2026-06-20T00:00:00+00:00,2026-06-20,Will the U.S. invade Iran before 2027?,0x5db999fa,sell_yes,Sold YES (ask lifted),103.28,0.16,16.5248,0.36,-20,0,100.182,-100.182,8719.11,0,0
3120,2026-06-20T00:00:00+00:00,2026-06-20,Clarity Act (H.R.3633) signed into law in 2026?,0x9cb23d04,sell_yes,Sold YES (ask lifted),51.64,0.5,25.82,0.585,-8.5,0,54.7384,-54.7384,8744.93,0,0
3121,2026-06-20T00:02:00+00:00,2026-06-20,Will the U.S. invade Iran before 2027?,0x5db999fa,buy_yes,Bought YES (bid hit),140.461,0.35,49.1613,0.195,-15.5,140.461,100.182,40.2792,8695.77,0,0
3122,2026-06-20T00:05:00+00:00,2026-06-20,Will Spider-Man: Brand New Day be the top grossing movie of 2026?,0xc4b07998,buy_yes,Bought YES (bid hit),25.82,0.62,16.0084,0.615,-0.5,26.5946,25.82,0.7746,8679.76,0,0
3123,2026-06-20T00:32:00+00:00,2026-06-20,Will Harry Kane win the 2026 Ballon d'Or?,0x12dc2b61,sell_yes,Sold YES (ask lifted),25.82,0.23,5.9386,0.318,-8.8,25.82,24.9679,0.85206,8685.7,0,0
3124,2026-06-20T05:36:00+00:00,2026-06-20,Fed Rate Hike by October 2026 Meeting?,0x059db22d,buy_yes,Bought YES (bid hit),121.87,0.84,102.371,0.815,-2.5,255.705,144.6,111.104,8583.33,0,0
3125,2026-06-20T05:45:00+00:00,2026-06-20,Fed Rate Hike by October 2026 Meeting?,0x059db22d,sell_yes,Sold YES (ask lifted),103.28,0.7,72.296,0.705,-0.5,152.425,144.6,7.82449,8655.62,0,0
3126,2026-06-20T05:57:00+00:00,2026-06-20,Fed Rate Hike by October 2026 Meeting?,0x059db22d,sell_yes,Sold YES (ask lifted),47.9219,0.7,33.5453,0.755,-5.5,104.503,144.6,-40.0974,8689.17,0,0
3127,2026-06-20T06:52:00+00:00,2026-06-20,Fed Rate Hike by October 2026 Meeting?,0x059db22d,buy_yes,Bought YES (bid hit),103.28,0.7,72.296,0.695,-0.5,207.783,144.6,63.1826,8616.87,0,0
3128,2026-06-20T07:52:00+00:00,2026-06-20,Fed Rate Hike by October 2026 Meeting?,0x059db22d,sell_yes,Sold YES (ask lifted),106.378,0.72,76.5924,0.745,-2.5,101.404,144.6,-43.1958,8693.47,0,0
3129,2026-06-20T08:17:00+00:00,2026-06-20,Fed Rate Hike by October 2026 Meeting?,0x059db22d,buy_yes,Bought YES (bid hit),143.559,0.72,103.363,0.715,-0.5,244.964,144.6,100.363,8590.1,0,0
3130,2026-06-20T11:35:00+00:00,2026-06-20,Fed Rate Hike by October 2026 Meeting?,0x059db22d,sell_yes,Sold YES (ask lifted),103.28,0.56,57.8368,0.58,-2,141.684,144.6,-2.91663,8647.94,0,0
3131,2026-06-20T13:41:00+00:00,2026-06-20,Fed Rate Hike by October 2026 Meeting?,0x059db22d,sell_yes,Sold YES (ask lifted),103.28,0.6,61.968,0.615,-1.5,38.4036,144.6,-106.197,8709.91,0,0
3132,2026-06-20T14:23:00+00:00,2026-06-20,Will the U.S. invade Iran before 2027?,0x5db999fa,sell_yes,Sold YES (ask lifted),103.28,0.14,14.4592,0.145,-0.5,37.1808,100.182,-63.0008,8724.37,0,0
3133,2026-06-20T14:32:00+00:00,2026-06-20,Will the U.S. invade Iran before 2027?,0x5db999fa,buy_yes,Bought YES (bid hit),103.28,0.14,14.4592,0.135,-0.5,140.461,100.182,40.2792,8709.91,0,0
3134,2026-06-21T00:02:00+00:00,2026-06-21,Will Harry Kane win the 2026 Ballon d'Or?,0x12dc2b61,sell_yes,Sold YES (ask lifted),25.82,0.26,6.7132,0.32,-6,0,24.9679,-24.9679,8762.13,0,0
3135,2026-06-21T00:07:00+00:00,2026-06-21,Fed Rate Hike by October 2026 Meeting?,0x059db22d,buy_yes,Bought YES (bid hit),103.28,0.66,68.1648,0.655,-0.5,141.684,144.6,-2.91663,8693.97,0,0
3136,2026-06-21T00:09:00+00:00,2026-06-21,Clarity Act (H.R.3633) signed into law in 2026?,0x9cb23d04,buy_yes,Bought YES (bid hit),51.64,0.65,33.566,0.63,-2,51.64,54.7384,-3.0984,8660.4,0,0
3137,2026-06-21T00:17:00+00:00,2026-06-21,Clarity Act (H.R.3633) signed into law in 2026?,0x9cb23d04,buy_yes,Bought YES (bid hit),84.1732,0.6,50.5039,0.59,-1,135.813,54.7384,81.0748,8609.9,0,0
3138,2026-06-21T00:52:00+00:00,2026-06-21,Fed Rate Hike by October 2026 Meeting?,0x059db22d,buy_yes,Bought YES (bid hit),103.28,0.63,65.0664,0.55,-8,244.964,144.6,100.363,8544.83,0,0
3139,2026-06-21T05:08:00+00:00,2026-06-21,Will the U.S. invade Iran before 2027?,0x5db999fa,sell_yes,Sold YES (ask lifted),103.28,0.13,13.4264,0.135,-0.5,37.1808,100.182,-63.0008,8558.26,0,0
3140,2026-06-21T05:21:00+00:00,2026-06-21,Will the U.S. invade Iran before 2027?,0x5db999fa,buy_yes,Bought YES (bid hit),103.28,0.13,13.4264,0.125,-0.5,140.461,100.182,40.2792,8544.83,0,0
3141,2026-06-21T13:49:00+00:00,2026-06-21,Will the U.S. invade Iran before 2027?,0x5db999fa,sell_yes,Sold YES (ask lifted),103.28,0.12,12.3936,0.125,-0.5,37.1808,100.182,-63.0008,8557.22,0,0
3142,2026-06-21T16:57:00+00:00,2026-06-21,Will the U.S. invade Iran before 2027?,0x5db999fa,buy_yes,Bought YES (bid hit),109.477,0.15,16.4215,0.145,-0.5,146.658,100.182,46.476,8540.8,0,0
3143,2026-06-21T19:47:00+00:00,2026-06-21,Will there be no change in Fed interest rates after the September 2026 meeting?,0xa3b36b2d,buy_yes,Bought YES (bid hit),103.28,0.52,53.7056,0.515,-0.5,117.739,64.6533,53.0859,8487.1,0,0
3144,2026-06-22T00:01:00+00:00,2026-06-22,Iran leadership change by December 31?,0x377e7fe6,sell_yes,Sold YES (ask lifted),103.28,0.13,13.4264,0.165,-3.5,103.28,103.28,-0,8534.11,0,0
3145,2026-06-22T00:06:00+00:00,2026-06-22,Will Harry Kane win the 2026 Ballon d'Or?,0x12dc2b61,buy_yes,Bought YES (bid hit),25.82,0.34,8.7788,0.337,-0.3,25.82,24.9679,0.85206,8525.33,0,0
3146,2026-06-22T00:16:00+00:00,2026-06-22,Will the U.S. invade Iran before 2027?,0x5db999fa,sell_yes,Sold YES (ask lifted),103.28,0.14,14.4592,0.145,-0.5,43.3776,100.182,-56.804,8539.79,0,0
3147,2026-06-22T06:53:00+00:00,2026-06-22,Bab el-Mandeb Strait effectively closed by September 30?,0x95fc6a4e,buy_yes,Bought YES (bid hit),103.28,0.13,13.4264,0.125,-0.5,137.362,112.575,24.7872,8526.36,0,0
3148,2026-06-22T09:59:00+00:00,2026-06-22,Fed Rate Hike by October 2026 Meeting?,0x059db22d,sell_yes,Sold YES (ask lifted),103.28,0.58,59.9024,0.61,-3,141.684,144.6,-2.91663,8586.27,0,0
3149,2026-06-22T10:09:00+00:00,2026-06-22,Fed Rate Hike by October 2026 Meeting?,0x059db22d,sell_yes,Sold YES (ask lifted),131.166,0.64,83.946,0.665,-2.5,10.518,144.6,-134.082,8670.21,0,0
3150,2026-06-22T10:15:00+00:00,2026-06-22,Fed Rate Hike by October 2026 Meeting?,0x059db22d,buy_yes,Bought YES (bid hit),152.854,0.68,103.941,0.63,-5,163.372,144.6,18.7722,8566.27,0,0
3151,2026-06-22T10:52:00+00:00,2026-06-22,Fed Rate Hike by October 2026 Meeting?,0x059db22d,sell_yes,Sold YES (ask lifted),103.28,0.59,60.9352,0.65,-6,60.0924,144.6,-84.5078,8627.21,0,0
3152,2026-06-22T11:07:00+00:00,2026-06-22,Fed Rate Hike by October 2026 Meeting?,0x059db22d,buy_yes,Bought YES (bid hit),103.28,0.61,63.0008,0.595,-1.5,163.372,144.6,18.7722,8564.21,0,0
3153,2026-06-22T14:58:00+00:00,2026-06-22,Clarity Act (H.R.3633) signed into law in 2026?,0x9cb23d04,sell_yes,Sold YES (ask lifted),51.64,0.4,20.656,0.405,-0.5,84.1732,54.7384,29.4348,8584.86,0,0
3154,2026-06-22T15:12:00+00:00,2026-06-22,Clarity Act (H.R.3633) signed into law in 2026?,0x9cb23d04,sell_yes,Sold YES (ask lifted),51.64,0.41,21.1724,0.425,-1.5,32.5332,54.7384,-22.2052,8606.03,0,0
3155,2026-06-22T16:08:00+00:00,2026-06-22,Will there be no change in Fed interest rates after the September 2026 meeting?,0xa3b36b2d,sell_yes,Sold YES (ask lifted),103.28,0.52,53.7056,0.525,-0.5,14.4592,64.6533,-50.1941,8659.74,0,0
3156,2026-06-22T17:10:00+00:00,2026-06-22,Bab el-Mandeb Strait effectively closed by September 30?,0x95fc6a4e,sell_yes,Sold YES (ask lifted),103.28,0.12,12.3936,0.13,-1,34.0824,112.575,-78.4928,8672.13,0,0
3157,2026-06-23T00:00:00+00:00,2026-06-23,Will Harry Kane win the 2026 Ballon d'Or?,0x12dc2b61,buy_yes,Bought YES (bid hit),25.82,0.29,7.4878,0.24,-5,51.64,24.9679,26.6721,8719.75,0,0
3158,2026-06-23T00:00:00+00:00,2026-06-23,Clarity Act (H.R.3633) signed into law in 2026?,0x9cb23d04,buy_yes,Bought YES (bid hit),51.64,0.44,22.7216,0.315,-12.5,84.1732,54.7384,29.4348,8697.03,0,0
3159,2026-06-23T00:01:00+00:00,2026-06-23,Will Kimi Antonelli be the 2026 F1 Drivers' Champion?,0xcd264046,buy_yes,Bought YES (bid hit),51.64,0.58,29.9512,0.428,-15.2,103.9,54.8933,49.0064,8667.08,0,0
3160,2026-06-23T00:02:00+00:00,2026-06-23,Will Harry Kane win the 2026 Ballon d'Or?,0x12dc2b61,sell_yes,Sold YES (ask lifted),25.82,0.25,6.455,0.3295,-7.95,25.82,24.9679,0.85206,8673.53,0,0
3161,2026-06-23T00:14:00+00:00,2026-06-23,Will Kimi Antonelli be the 2026 F1 Drivers' Champion?,0xcd264046,sell_yes,Sold YES (ask lifted),51.64,0.42,21.6888,0.6065,-18.65,52.2597,54.8933,-2.63364,8695.22,0,0
3162,2026-06-23T11:11:00+00:00,2026-06-23,Fed Rate Hike by October 2026 Meeting?,0x059db22d,sell_yes,Sold YES (ask lifted),103.28,0.54,55.7712,0.545,-0.5,60.0924,144.6,-84.5078,8750.99,0,0
3163,2026-06-24T00:59:00+00:00,2026-06-24,Will Magdalena Andersson be the next Prime Minister of Sweden?,0x58d5cc2b,buy_yes,Bought YES (bid hit),51.64,0.7,36.148,0.56,-14,51.64,0,51.64,8748.49,0,0
3164,2026-06-24T00:59:00+00:00,2026-06-24,Clarity Act (H.R.3633) signed into law in 2026?,0x9cb23d04,sell_yes,Sold YES (ask lifted),51.64,0.43,22.2052,0.545,-11.5,32.5332,54.7384,-22.2052,8770.69,0,0
3165,2026-06-24T01:00:00+00:00,2026-06-24,Will Harry Kane win the 2026 Ballon d'Or?,0x12dc2b61,sell_yes,Sold YES (ask lifted),25.82,0.33,8.5206,0.405,-7.5,0,24.9679,-24.9679,8779.22,0,0
3166,2026-06-24T01:00:00+00:00,2026-06-24,Iran leadership change by December 31?,0x377e7fe6,sell_yes,Sold YES (ask lifted),103.28,0.19,19.6232,0.43,-24,0,103.28,-103.28,8798.84,0,0
3167,2026-06-24T01:00:00+00:00,2026-06-24,Will United Russia (ER) gain the most seats in the next Russian parliamentary election?,0x502a94e5,buy_yes,Bought YES (bid hit),51.64,0.58,29.9512,0.48,-10,103.28,51.64,51.64,8768.89,0,0
3168,2026-06-24T01:00:00+00:00,2026-06-24,Will the Moderate Party (M) win the third most seats in the 2026 Swedish parliamentary election?,0xbbb881b0,sell_yes,Sold YES (ask lifted),46.476,0.73,33.9275,0.83,-10,17.7538,63.2074,-45.4535,8802.81,0,0
3169,2026-06-24T01:01:00+00:00,2026-06-24,Will Magdalena Andersson be the next Prime Minister of Sweden?,0x58d5cc2b,sell_yes,Sold YES (ask lifted),51.64,0.55,28.402,0.735,-18.5,0,0,0,8831.22,0,0
3170,2026-06-24T01:01:00+00:00,2026-06-24,Will Kimi Antonelli be the 2026 F1 Drivers' Champion?,0xcd264046,buy_yes,Bought YES (bid hit),51.64,0.57,29.4348,0.332,-23.8,103.9,54.8933,49.0064,8801.78,0,0
3171,2026-06-24T01:03:00+00:00,2026-06-24,Will Harry Kane win the 2026 Ballon d'Or?,0x12dc2b61,buy_yes,Bought YES (bid hit),25.82,0.32,8.2624,0.2175,-10.25,25.82,24.9679,0.85206,8793.52,0,0
3172,2026-06-24T01:06:00+00:00,2026-06-24,Will Kimi Antonelli be the 2026 F1 Drivers' Champion?,0xcd264046,sell_yes,Sold YES (ask lifted),51.64,0.33,17.0412,0.5885,-25.85,52.2597,54.8933,-2.63364,8810.56,0,0
3173,2026-06-24T01:09:00+00:00,2026-06-24,Will Harry Kane win the 2026 Ballon d'Or?,0x12dc2b61,sell_yes,Sold YES (ask lifted),25.82,0.26,6.7132,0.2895,-2.95,0,24.9679,-24.9679,8817.27,0,0
3174,2026-06-24T01:22:00+00:00,2026-06-24,Will Harry Kane win the 2026 Ballon d'Or?,0x12dc2b61,buy_yes,Bought YES (bid hit),25.82,0.26,6.7132,0.231,-2.9,25.82,24.9679,0.85206,8810.56,0,0
3175,2026-06-24T05:56:00+00:00,2026-06-24,Will United Russia (ER) gain the most seats in the next Russian parliamentary election?,0x502a94e5,sell_yes,Sold YES (ask lifted),51.64,0.63,32.5332,0.635,-0.5,51.64,51.64,0,8843.09,0,0
3176,2026-06-24T12:18:00+00:00,2026-06-24,Will Édouard Philippe win the 2027 French presidential election?,0x46f2f457,buy_yes,Bought YES (bid hit),51.64,0.19,9.8116,0.185,-0.5,95.534,53.1892,42.3448,8833.28,0,0
3177,2026-06-24T16:40:00+00:00,2026-06-24,Will there be no change in Fed interest rates after the September 2026 meeting?,0xa3b36b2d,buy_yes,Bought YES (bid hit),103.28,0.57,58.8696,0.565,-0.5,117.739,64.6533,53.0859,8774.41,0,0
3178,2026-06-25T00:00:00+00:00,2026-06-25,Will Kimi Antonelli be the 2026 F1 Drivers' Champion?,0xcd264046,buy_yes,Bought YES (bid hit),51.64,0.56,28.9184,0.342,-21.8,103.9,54.8933,49.0064,8785.01,0,0
3179,2026-06-25T00:02:00+00:00,2026-06-25,Will Kimi Antonelli be the 2026 F1 Drivers' Champion?,0xcd264046,sell_yes,Sold YES (ask lifted),83.3986,0.35,29.1895,0.5035,-15.35,20.5011,54.8933,-34.3922,8814.2,0,0
3180,2026-06-25T00:09:00+00:00,2026-06-25,Will Kimi Antonelli be the 2026 F1 Drivers' Champion?,0xcd264046,buy_yes,Bought YES (bid hit),51.64,0.6,30.984,0.5885,-1.15,72.1411,54.8933,17.2478,8783.22,0,0
3181,2026-06-25T00:23:00+00:00,2026-06-25,Will Harry Kane win the 2026 Ballon d'Or?,0x12dc2b61,sell_yes,Sold YES (ask lifted),25.9749,0.19,4.9352,0.2445,-5.45,0,25.1229,-25.1229,8788.02,0,0
3182,2026-06-25T06:32:00+00:00,2026-06-25,Bab el-Mandeb Strait effectively closed by September 30?,0x95fc6a4e,buy_yes,Bought YES (bid hit),103.28,0.12,12.3936,0.115,-0.5,137.362,112.575,24.7872,8775.63,0,0
3183,2026-06-25T12:48:00+00:00,2026-06-25,Fed Rate Hike by October 2026 Meeting?,0x059db22d,buy_yes,Bought YES (bid hit),103.28,0.52,53.7056,0.51,-1,163.372,144.6,18.7722,8721.93,0,0
3184,2026-06-25T13:06:00+00:00,2026-06-25,Clarity Act (H.R.3633) signed into law in 2026?,0x9cb23d04,buy_yes,Bought YES (bid hit),57.8368,0.46,26.6049,0.435,-2.5,90.37,54.7384,35.6316,8695.32,0,0
3185,2026-06-25T13:11:00+00:00,2026-06-25,Will there be no change in Fed interest rates after the September 2026 meeting?,0xa3b36b2d,sell_yes,Sold YES (ask lifted),103.28,0.57,58.8696,0.575,-0.5,14.4592,64.6533,-50.1941,8754.19,0,0
3186,2026-06-25T14:15:00+00:00,2026-06-25,Clarity Act (H.R.3633) signed into law in 2026?,0x9cb23d04,sell_yes,Sold YES (ask lifted),51.64,0.42,21.6888,0.425,-0.5,38.73,54.7384,-16.0084,8775.88,0,0
3187,2026-06-25T14:38:00+00:00,2026-06-25,Will Benjamin Netanyahu be the next Prime Minister of Israel?,0x7586a965,buy_yes,Bought YES (bid hit),51.64,0.31,16.0084,0.265,-4.5,103.28,54.7384,48.5416,8759.87,0,0
3188,2026-06-25T15:35:00+00:00,2026-06-25,Fed Rate Hike by October 2026 Meeting?,0x059db22d,sell_yes,Sold YES (ask lifted),103.28,0.48,49.5744,0.495,-1.5,60.0924,144.6,-84.5078,8809.45,0,0
3189,2026-06-25T17:12:00+00:00,2026-06-25,Will Édouard Philippe win the 2027 French presidential election?,0x46f2f457,sell_yes,Sold YES (ask lifted),51.64,0.19,9.8116,0.195,-0.5,43.894,53.1892,-9.2952,8819.26,0,0
3190,2026-06-25T17:14:00+00:00,2026-06-25,Will the U.S. invade Iran before 2027?,0x5db999fa,buy_yes,Bought YES (bid hit),103.28,0.13,13.4264,0.125,-0.5,146.658,100.182,46.476,8805.83,0,0
3191,2026-06-25T17:22:00+00:00,2026-06-25,Will the U.S. invade Iran before 2027?,0x5db999fa,sell_yes,Sold YES (ask lifted),103.28,0.13,13.4264,0.135,-0.5,43.3776,100.182,-56.804,8819.26,0,0
3192,2026-06-25T19:16:00+00:00,2026-06-25,Fed Rate Hike by October 2026 Meeting?,0x059db22d,buy_yes,Bought YES (bid hit),103.28,0.49,50.6072,0.48,-1,163.372,144.6,18.7722,8768.65,0,0
3193,2026-06-25T20:39:00+00:00,2026-06-25,Iran leadership change by December 31?,0x377e7fe6,buy_yes,Bought YES (bid hit),103.28,0.17,17.5576,0.17,-0,103.28,103.28,-0,8751.09,0,0
3194,2026-06-25T20:54:00+00:00,2026-06-25,Bab el-Mandeb Strait effectively closed by September 30?,0x95fc6a4e,sell_yes,Sold YES (ask lifted),103.28,0.12,12.3936,0.125,-0.5,34.0824,112.575,-78.4928,8763.49,0,0
3195,2026-06-26T00:08:00+00:00,2026-06-26,Will Harry Kane win the 2026 Ballon d'Or?,0x12dc2b61,buy_yes,Bought YES (bid hit),25.82,0.25,6.455,0.249,-0.1,25.82,25.1229,0.69714,8799.74,0,0
3196,2026-06-26T00:21:00+00:00,2026-06-26,Will Kimi Antonelli be the 2026 F1 Drivers' Champion?,0xcd264046,sell_yes,Sold YES (ask lifted),51.64,0.57,29.4348,0.5845,-1.45,20.5011,54.8933,-34.3922,8829.18,0,0
3197,2026-06-26T01:25:00+00:00,2026-06-26,Will Harry Kane win the 2026 Ballon d'Or?,0x12dc2b61,sell_yes,Sold YES (ask lifted),25.82,0.23,5.9386,0.2335,-0.35,0,25.1229,-25.1229,8835.11,0,0
3198,2026-06-26T07:58:00+00:00,2026-06-26,Will the Fed increase interest rates by 25 bps after the September 2026 meeting?,0x876506d8,buy_yes,Bought YES (bid hit),109.477,0.29,31.7483,0.285,-0.5,212.757,106.378,106.378,8803.37,0,0
3199,2026-06-26T09:40:00+00:00,2026-06-26,Will Édouard Philippe win the 2027 French presidential election?,0x46f2f457,buy_yes,Bought YES (bid hit),51.64,0.19,9.8116,0.185,-0.5,95.534,53.1892,42.3448,8793.56,0,0
3200,2026-06-26T12:33:00+00:00,2026-06-26,Will Benjamin Netanyahu be the next Prime Minister of Israel?,0x7586a965,sell_yes,Sold YES (ask lifted),51.64,0.33,17.0412,0.335,-0.5,51.64,54.7384,-3.0984,8810.6,0,0
3201,2026-06-26T19:14:00+00:00,2026-06-26,Clarity Act (H.R.3633) signed into law in 2026?,0x9cb23d04,buy_yes,Bought YES (bid hit),51.64,0.43,22.2052,0.41,-2,90.37,54.7384,35.6316,8788.39,0,0
3202,2026-06-27T00:00:00+00:00,2026-06-27,Will Harry Kane win the 2026 Ballon d'Or?,0x12dc2b61,buy_yes,Bought YES (bid hit),25.82,0.18,4.6476,0.149,-3.1,25.82,25.1229,0.69714,8825.97,0,0
3203,2026-06-27T00:00:00+00:00,2026-06-27,Will Kimi Antonelli be the 2026 F1 Drivers' Champion?,0xcd264046,buy_yes,Bought YES (bid hit),51.64,0.58,29.9512,0.508,-7.2,72.1411,54.8933,17.2478,8796.02,0,0
3204,2026-06-27T00:02:00+00:00,2026-06-27,Will Harry Kane win the 2026 Ballon d'Or?,0x12dc2b61,sell_yes,Sold YES (ask lifted),26.2848,0.18,4.7313,0.209,-2.9,0,25.5876,-25.5876,8800.37,0,0
3205,2026-06-27T00:09:00+00:00,2026-06-27,Will Kimi Antonelli be the 2026 F1 Drivers' Champion?,0xcd264046,sell_yes,Sold YES (ask lifted),53.1892,0.51,27.1265,0.543,-3.3,18.9519,54.8933,-35.9414,8827.49,0,0
3206,2026-06-27T12:43:00+00:00,2026-06-27,Will Kimi Antonelli be the 2026 F1 Drivers' Champion?,0xcd264046,buy_yes,Bought YES (bid hit),51.64,0.6,30.984,0.5995,-0.05,70.5919,54.8933,15.6986,8796.51,0,0
3207,2026-06-27T14:17:00+00:00,2026-06-27,Will Kimi Antonelli be the 2026 F1 Drivers' Champion?,0xcd264046,sell_yes,Sold YES (ask lifted),51.64,0.6,30.984,0.601,-0.1,18.9519,54.8933,-35.9414,8827.49,0,0
3208,2026-06-27T14:29:00+00:00,2026-06-27,Will Kimi Antonelli be the 2026 F1 Drivers' Champion?,0xcd264046,buy_yes,Bought YES (bid hit),51.9498,0.6,31.1699,0.5995,-0.05,70.9017,54.8933,16.0084,8796.32,0,0
3209,2026-06-27T15:58:00+00:00,2026-06-27,Will Kimi Antonelli be the 2026 F1 Drivers' Champion?,0xcd264046,sell_yes,Sold YES (ask lifted),51.9498,0.61,31.6894,0.614,-0.4,18.9519,54.8933,-35.9414,8828.01,0,0
3210,2026-06-27T16:07:00+00:00,2026-06-27,Will Kimi Antonelli be the 2026 F1 Drivers' Champion?,0xcd264046,buy_yes,Bought YES (bid hit),53.9638,0.61,32.9179,0.606,-0.4,72.9157,54.8933,18.0224,8795.09,0,0
3211,2026-06-27T19:45:00+00:00,2026-06-27,Will Kimi Antonelli be the 2026 F1 Drivers' Champion?,0xcd264046,sell_yes,Sold YES (ask lifted),51.64,0.56,28.9184,0.564,-0.4,21.2757,54.8933,-33.6176,8824.01,0,0
3212,2026-06-27T19:46:00+00:00,2026-06-27,Will Kimi Antonelli be the 2026 F1 Drivers' Champion?,0xcd264046,buy_yes,Bought YES (bid hit),51.64,0.56,28.9184,0.558,-0.2,72.9157,54.8933,18.0224,8795.09,0,0
3213,2026-06-27T20:28:00+00:00,2026-06-27,Will Kimi Antonelli be the 2026 F1 Drivers' Champion?,0xcd264046,sell_yes,Sold YES (ask lifted),51.64,0.56,28.9184,0.566,-0.6,21.2757,54.8933,-33.6176,8824.01,0,0
3214,2026-06-28T00:00:00+00:00,2026-06-28,Will Harry Kane win the 2026 Ballon d'Or?,0x12dc2b61,buy_yes,Bought YES (bid hit),26.5171,0.18,4.7731,0.153,-2.7,26.5171,25.5876,0.92952,8868.11,0,0
3215,2026-06-28T00:00:00+00:00,2026-06-28,Will Kimi Antonelli be the 2026 F1 Drivers' Champion?,0xcd264046,buy_yes,Bought YES (bid hit),51.64,0.56,28.9184,0.328,-23.2,72.9157,54.8933,18.0224,8839.19,0,0
3216,2026-06-28T00:02:00+00:00,2026-06-28,Will Kimi Antonelli be the 2026 F1 Drivers' Champion?,0xcd264046,sell_yes,Sold YES (ask lifted),51.64,0.33,17.0412,0.5705,-24.05,21.2757,54.8933,-33.6176,8856.23,0,0
3217,2026-06-28T00:06:00+00:00,2026-06-28,Fed Rate Hike by October 2026 Meeting?,0x059db22d,sell_yes,Sold YES (ask lifted),103.28,0.42,43.3776,0.42,-0,60.0924,144.6,-84.5078,8899.61,0,0
3218,2026-06-28T00:41:00+00:00,2026-06-28,Fed Rate Hike by October 2026 Meeting?,0x059db22d,buy_yes,Bought YES (bid hit),103.28,0.45,46.476,0.415,-3.5,163.372,144.6,18.7722,8853.13,0,0
3219,2026-06-28T00:44:00+00:00,2026-06-28,Fed Rate Hike by October 2026 Meeting?,0x059db22d,sell_yes,Sold YES (ask lifted),103.28,0.42,43.3776,0.445,-2.5,60.0924,144.6,-84.5078,8896.51,0,0
3220,2026-06-28T01:14:00+00:00,2026-06-28,Fed Rate Hike by October 2026 Meeting?,0x059db22d,buy_yes,Bought YES (bid hit),103.28,0.44,45.4432,0.41,-3,163.372,144.6,18.7722,8851.07,0,0
3221,2026-06-28T01:15:00+00:00,2026-06-28,Fed Rate Hike by October 2026 Meeting?,0x059db22d,sell_yes,Sold YES (ask lifted),103.28,0.42,43.3776,0.435,-1.5,60.0924,144.6,-84.5078,8894.45,0,0
3222,2026-06-28T02:10:00+00:00,2026-06-28,Fed Rate Hike by October 2026 Meeting?,0x059db22d,buy_yes,Bought YES (bid hit),103.28,0.43,44.4104,0.38,-5,163.372,144.6,18.7722,8850.04,0,0
3223,2026-06-28T03:18:00+00:00,2026-06-28,Will Harry Kane win the 2026 Ballon d'Or?,0x12dc2b61,sell_yes,Sold YES (ask lifted),25.82,0.19,4.9058,0.2035,-1.35,0.69714,25.5876,-24.8905,8854.94,0,0
3224,2026-06-28T03:58:00+00:00,2026-06-28,Fed Rate Hike by October 2026 Meeting?,0x059db22d,sell_yes,Sold YES (ask lifted),106.378,0.37,39.36,0.38,-1,56.994,144.6,-87.6062,8894.3,0,0
3225,2026-06-28T04:07:00+00:00,2026-06-28,Fed Rate Hike by October 2026 Meeting?,0x059db22d,buy_yes,Bought YES (bid hit),103.28,0.38,39.2464,0.375,-0.5,160.274,144.6,15.6738,8855.06,0,0
3226,2026-06-28T05:30:00+00:00,2026-06-28,Fed Rate Hike by October 2026 Meeting?,0x059db22d,sell_yes,Sold YES (ask lifted),103.28,0.39,40.2792,0.4,-1,56.994,144.6,-87.6062,8895.33,0,0
3227,2026-06-28T05:32:00+00:00,2026-06-28,Fed Rate Hike by October 2026 Meeting?,0x059db22d,buy_yes,Bought YES (bid hit),103.28,0.4,41.312,0.395,-0.5,160.274,144.6,15.6738,8854.02,0,0
3228,2026-06-28T05:38:00+00:00,2026-06-28,Fed Rate Hike by October 2026 Meeting?,0x059db22d,sell_yes,Sold YES (ask lifted),112.575,0.41,46.1558,0.42,-1,47.6988,144.6,-96.9014,8900.18,0,0
3229,2026-06-28T05:40:00+00:00,2026-06-28,Fed Rate Hike by October 2026 Meeting?,0x059db22d,buy_yes,Bought YES (bid hit),103.28,0.43,44.4104,0.425,-0.5,150.979,144.6,6.37857,8855.77,0,0
3230,2026-06-28T09:02:00+00:00,2026-06-28,Bab el-Mandeb Strait effectively closed by September 30?,0x95fc6a4e,buy_yes,Bought YES (bid hit),103.28,0.12,12.3936,0.115,-0.5,137.362,112.575,24.7872,8843.37,0,0
3231,2026-06-28T10:39:00+00:00,2026-06-28,Will Kimi Antonelli be the 2026 F1 Drivers' Champion?,0xcd264046,buy_yes,Bought YES (bid hit),51.64,0.56,28.9184,0.5595,-0.05,72.9157,54.8933,18.0224,8814.46,0,0
3232,2026-06-28T12:48:00+00:00,2026-06-28,Will Kimi Antonelli be the 2026 F1 Drivers' Champion?,0xcd264046,sell_yes,Sold YES (ask lifted),51.64,0.57,29.4348,0.573,-0.3,21.2757,54.8933,-33.6176,8843.89,0,0
3233,2026-06-28T12:51:00+00:00,2026-06-28,Will Kimi Antonelli be the 2026 F1 Drivers' Champion?,0xcd264046,buy_yes,Bought YES (bid hit),52.1048,0.57,29.6997,0.527,-4.3,73.3804,54.8933,18.4871,8814.19,0,0
3234,2026-06-28T12:58:00+00:00,2026-06-28,Will Kimi Antonelli be the 2026 F1 Drivers' Champion?,0xcd264046,sell_yes,Sold YES (ask lifted),51.64,0.53,27.3692,0.5315,-0.15,21.7404,54.8933,-33.1529,8841.56,0,0
3235,2026-06-28T13:06:00+00:00,2026-06-28,Will Kimi Antonelli be the 2026 F1 Drivers' Champion?,0xcd264046,buy_yes,Bought YES (bid hit),52.1048,0.53,27.6155,0.5175,-1.25,73.8452,54.8933,18.9519,8813.94,0,0
3236,2026-06-28T15:10:00+00:00,2026-06-28,Will Spider-Man: Brand New Day be the top grossing movie of 2026?,0xc4b07998,sell_yes,Sold YES (ask lifted),28.9184,0.7,20.2429,0.725,-2.5,0,28.1438,-28.1438,8833.49,0,0
3237,2026-06-28T15:34:00+00:00,2026-06-28,Clarity Act (H.R.3633) signed into law in 2026?,0x9cb23d04,sell_yes,Sold YES (ask lifted),51.64,0.41,21.1724,0.415,-0.5,38.73,54.7384,-16.0084,8854.66,0,0
3238,2026-06-28T15:34:00+00:00,2026-06-28,Will Kimi Antonelli be the 2026 F1 Drivers' Champion?,0xcd264046,sell_yes,Sold YES (ask lifted),51.64,0.52,26.8528,0.5445,-2.45,22.2052,54.8933,-32.6881,8881.52,0,0
3239,2026-06-28T15:39:00+00:00,2026-06-28,Will Kimi Antonelli be the 2026 F1 Drivers' Champion?,0xcd264046,buy_yes,Bought YES (bid hit),51.64,0.54,27.8856,0.538,-0.2,73.8452,54.8933,18.9519,8853.63,0,0
3240,2026-06-28T22:25:00+00:00,2026-06-28,Fed Rate Hike by October 2026 Meeting?,0x059db22d,sell_yes,Sold YES (ask lifted),112.575,0.39,43.9043,0.4,-1,38.4036,144.6,-106.197,8897.53,0,0
3241,2026-06-29T00:00:00+00:00,2026-06-29,Will Harry Kane win the 2026 Ballon d'Or?,0x12dc2b61,buy_yes,Bought YES (bid hit),25.9749,0.19,4.9352,0.17,-2,26.6721,25.5876,1.08444,8940.97,0,0
3242,2026-06-29T00:00:00+00:00,2026-06-29,Will Ulf Kristersson be the next Prime Minister of Sweden?,0x8a42bb4c,buy_yes,Bought YES (bid hit),51.64,0.17,8.7788,0.14,-3,51.64,3.0984,48.5416,8932.19,0,0
3243,2026-06-29T00:03:00+00:00,2026-06-29,Will Kimi Antonelli be the 2026 F1 Drivers' Champion?,0xcd264046,sell_yes,Sold YES (ask lifted),52.8794,0.35,18.5078,0.5195,-16.95,20.9658,54.8933,-33.9275,8950.7,0,0
3244,2026-06-29T00:16:00+00:00,2026-06-29,Will Harry Kane win the 2026 Ballon d'Or?,0x12dc2b61,sell_yes,Sold YES (ask lifted),25.82,0.2,5.164,0.217,-1.7,0.85206,25.5876,-24.7356,8955.86,0,0
3245,2026-06-29T02:47:00+00:00,2026-06-29,Will Kimi Antonelli be the 2026 F1 Drivers' Champion?,0xcd264046,buy_yes,Bought YES (bid hit),51.64,0.52,26.8528,0.5195,-0.05,72.6058,54.8933,17.7125,8929.01,0,0
3246,2026-06-29T03:54:00+00:00,2026-06-29,Bab el-Mandeb Strait effectively closed by September 30?,0x95fc6a4e,sell_yes,Sold YES (ask lifted),103.28,0.11,11.3608,0.115,-0.5,34.0824,112.575,-78.4928,8940.37,0,0
3247,2026-06-29T10:13:00+00:00,2026-06-29,Will Kimi Antonelli be the 2026 F1 Drivers' Champion?,0xcd264046,sell_yes,Sold YES (ask lifted),51.64,0.53,27.3692,0.531,-0.1,20.9658,54.8933,-33.9275,8967.74,0,0
3248,2026-06-29T15:22:00+00:00,2026-06-29,Clarity Act (H.R.3633) signed into law in 2026?,0x9cb23d04,buy_yes,Bought YES (bid hit),51.64,0.49,25.3036,0.485,-0.5,90.37,54.7384,35.6316,8942.44,0,0
3249,2026-06-29T18:35:00+00:00,2026-06-29,Fed Rate Hike by October 2026 Meeting?,0x059db22d,buy_yes,Bought YES (bid hit),103.28,0.44,45.4432,0.435,-0.5,141.684,144.6,-2.91663,8896.99,0,0
3250,2026-06-29T18:55:00+00:00,2026-06-29,Will Kimi Antonelli be the 2026 F1 Drivers' Champion?,0xcd264046,buy_yes,Bought YES (bid hit),51.64,0.53,27.3692,0.529,-0.1,72.6058,54.8933,17.7125,8869.63,0,0
3251,2026-06-29T19:34:00+00:00,2026-06-29,Will Ulf Kristersson be the next Prime Minister of Sweden?,0x8a42bb4c,sell_yes,Sold YES (ask lifted),51.64,0.21,10.8444,0.21,-0,0,3.0984,-3.0984,8880.47,0,0
3252,2026-06-29T22:57:00+00:00,2026-06-29,Will Kimi Antonelli be the 2026 F1 Drivers' Champion?,0xcd264046,sell_yes,Sold YES (ask lifted),51.9498,0.53,27.5334,0.5315,-0.15,20.656,54.8933,-34.2373,8908,0,0
3253,2026-06-30T00:00:00+00:00,2026-06-30,Will Harry Kane win the 2026 Ballon d'Or?,0x12dc2b61,buy_yes,Bought YES (bid hit),26.3622,0.24,6.3269,0.197,-4.3,27.2143,25.5876,1.62666,8959.21,0,0
3254,2026-06-30T00:02:00+00:00,2026-06-30,Will Kimi Antonelli be the 2026 F1 Drivers' Champion?,0xcd264046,buy_yes,Bought YES (bid hit),51.64,0.53,27.3692,0.5265,-0.35,72.296,54.8933,17.4027,8931.84,0,0
3255,2026-06-30T00:06:00+00:00,2026-06-30,Will Harry Kane win the 2026 Ballon d'Or?,0x12dc2b61,sell_yes,Sold YES (ask lifted),25.82,0.22,5.6804,0.2665,-4.65,1.39428,25.5876,-24.1933,8937.52,0,0
3256,2026-07-01T00:08:00+00:00,2026-07-01,Will Kimi Antonelli be the 2026 F1 Drivers' Champion?,0xcd264046,sell_yes,Sold YES (ask lifted),51.64,0.52,26.8528,0.5555,-3.55,20.656,54.8933,-34.2373,9011.21,0,0
3257,2026-07-01T00:09:00+00:00,2026-07-01,Will Kimi Antonelli be the 2026 F1 Drivers' Champion?,0xcd264046,buy_yes,Bought YES (bid hit),51.7949,0.55,28.4872,0.515,-3.5,72.4509,54.8933,17.5576,8982.72,0,0
3258,2026-07-01T11:05:00+00:00,2026-07-01,Will Harry Kane win the 2026 Ballon d'Or?,0x12dc2b61,buy_yes,Bought YES (bid hit),25.82,0.19,4.9058,0.187,-0.3,27.2143,25.5876,1.62666,8977.82,0,0
3259,2026-07-01T13:15:00+00:00,2026-07-01,Clarity Act (H.R.3633) signed into law in 2026?,0x9cb23d04,sell_yes,Sold YES (ask lifted),51.64,0.4,20.656,0.405,-0.5,38.73,54.7384,-16.0084,8998.48,0,0
3260,2026-07-01T15:10:00+00:00,2026-07-01,Clarity Act (H.R.3633) signed into law in 2026?,0x9cb23d04,buy_yes,Bought YES (bid hit),51.64,0.39,20.1396,0.385,-0.5,90.37,54.7384,35.6316,8978.34,0,0
3261,2026-07-01T17:38:00+00:00,2026-07-01,Will Harry Kane win the 2026 Ballon d'Or?,0x12dc2b61,sell_yes,Sold YES (ask lifted),25.82,0.17,4.3894,0.179,-0.9,1.39428,25.5876,-24.1933,8982.72,0,0
3262,2026-07-01T18:53:00+00:00,2026-07-01,Will Kimi Antonelli be the 2026 F1 Drivers' Champion?,0xcd264046,sell_yes,Sold YES (ask lifted),52.4146,0.52,27.2556,0.5325,-1.25,20.0363,54.8933,-34.857,9009.98,0,0
3263,2026-07-01T18:55:00+00:00,2026-07-01,Will Édouard Philippe win the 2027 French presidential election?,0x46f2f457,sell_yes,Sold YES (ask lifted),54.7384,0.19,10.4003,0.195,-0.5,40.7956,53.1892,-12.3936,9020.38,0,0
3264,2026-07-01T19:47:00+00:00,2026-07-01,Bab el-Mandeb Strait effectively closed by September 30?,0x95fc6a4e,buy_yes,Bought YES (bid hit),103.28,0.09,9.2952,0.085,-0.5,137.362,112.575,24.7872,9011.09,0,0
3265,2026-07-01T20:42:00+00:00,2026-07-01,Will Kimi Antonelli be the 2026 F1 Drivers' Champion?,0xcd264046,buy_yes,Bought YES (bid hit),51.64,0.54,27.8856,0.537,-0.3,71.6763,54.8933,16.783,8983.2,0,0
3266,2026-07-01T20:59:00+00:00,2026-07-01,Will Kimi Antonelli be the 2026 F1 Drivers' Champion?,0xcd264046,sell_yes,Sold YES (ask lifted),51.7949,0.54,27.9693,0.5405,-0.05,19.8814,54.8933,-35.0119,9011.17,0,0
3267,2026-07-01T22:13:00+00:00,2026-07-01,Will Kimi Antonelli be the 2026 F1 Drivers' Champion?,0xcd264046,buy_yes,Bought YES (bid hit),51.64,0.56,28.9184,0.5495,-1.05,71.5214,54.8933,16.6281,8982.25,0,0
3268,2026-07-01T22:16:00+00:00,2026-07-01,Will Kimi Antonelli be the 2026 F1 Drivers' Champion?,0xcd264046,sell_yes,Sold YES (ask lifted),51.64,0.56,28.9184,0.565,-0.5,19.8814,54.8933,-35.0119,9011.17,0,0
3269,2026-07-01T22:18:00+00:00,2026-07-01,Will Kimi Antonelli be the 2026 F1 Drivers' Champion?,0xcd264046,buy_yes,Bought YES (bid hit),52.8794,0.56,29.6124,0.556,-0.4,72.7608,54.8933,17.8674,8981.56,0,0
3270,2026-07-02T00:00:00+00:00,2026-07-02,Will Harry Kane win the 2026 Ballon d'Or?,0x12dc2b61,buy_yes,Bought YES (bid hit),25.82,0.21,5.4222,0.1695,-4.05,27.2143,25.5876,1.62666,9018.84,0,0
3271,2026-07-02T00:00:00+00:00,2026-07-02,Will Kimi Antonelli be the 2026 F1 Drivers' Champion?,0xcd264046,sell_yes,Sold YES (ask lifted),51.64,0.56,28.9184,0.5755,-1.55,21.1208,54.8933,-33.7726,9047.76,0,0
3272,2026-07-02T00:04:00+00:00,2026-07-02,Will Kimi Antonelli be the 2026 F1 Drivers' Champion?,0xcd264046,buy_yes,Bought YES (bid hit),51.64,0.57,29.4348,0.547,-2.3,72.7608,54.8933,17.8674,9018.33,0,0
3273,2026-07-02T00:05:00+00:00,2026-07-02,Will Kimi Antonelli be the 2026 F1 Drivers' Champion?,0xcd264046,sell_yes,Sold YES (ask lifted),51.64,0.55,28.402,0.551,-0.1,21.1208,54.8933,-33.7726,9046.73,0,0
3274,2026-07-02T03:30:00+00:00,2026-07-02,Will Kimi Antonelli be the 2026 F1 Drivers' Champion?,0xcd264046,buy_yes,Bought YES (bid hit),51.64,0.55,28.402,0.5365,-1.35,72.7608,54.8933,17.8674,9018.33,0,0
3275,2026-07-02T13:01:00+00:00,2026-07-02,Will there be no change in Fed interest rates after the September 2026 meeting?,0xa3b36b2d,buy_yes,Bought YES (bid hit),103.28,0.65,67.132,0.645,-0.5,117.739,64.6533,53.0859,8951.19,0,0
3276,2026-07-02T16:49:00+00:00,2026-07-02,Bab el-Mandeb Strait effectively closed by September 30?,0x95fc6a4e,sell_yes,Sold YES (ask lifted),103.28,0.09,9.2952,0.095,-0.5,34.0824,112.575,-78.4928,8960.49,0,0
3277,2026-07-02T18:59:00+00:00,2026-07-02,Will Kimi Antonelli be the 2026 F1 Drivers' Champion?,0xcd264046,sell_yes,Sold YES (ask lifted),51.64,0.56,28.9184,0.563,-0.3,21.1208,54.8933,-33.7726,8989.41,0,0
3278,2026-07-02T23:26:00+00:00,2026-07-02,Will Kimi Antonelli be the 2026 F1 Drivers' Champion?,0xcd264046,buy_yes,Bought YES (bid hit),51.64,0.57,29.4348,0.5695,-0.05,72.7608,54.8933,17.8674,8959.97,0,0
3279,2026-07-03T00:00:00+00:00,2026-07-03,Will Harry Kane win the 2026 Ballon d'Or?,0x12dc2b61,sell_yes,Sold YES (ask lifted),25.82,0.25,6.455,0.4365,-18.65,1.39428,25.5876,-24.1933,9010.29,0,0
3280,2026-07-03T00:03:00+00:00,2026-07-03,Will Harry Kane win the 2026 Ballon d'Or?,0x12dc2b61,buy_yes,Bought YES (bid hit),25.82,0.19,4.9058,0.1405,-4.95,27.2143,25.5876,1.62666,9005.38,0,0
3281,2026-07-03T00:05:00+00:00,2026-07-03,Will Kimi Antonelli be the 2026 F1 Drivers' Champion?,0xcd264046,sell_yes,Sold YES (ask lifted),51.64,0.31,16.0084,0.5695,-25.95,21.1208,54.8933,-33.7726,9021.39,0,0
3282,2026-07-03T00:23:00+00:00,2026-07-03,Will Harry Kane win the 2026 Ballon d'Or?,0x12dc2b61,sell_yes,Sold YES (ask lifted),25.82,0.2,5.164,0.223,-2.3,1.39428,25.5876,-24.1933,9026.55,0,0
3283,2026-07-03T02:09:00+00:00,2026-07-03,Will there be no change in Fed interest rates after the September 2026 meeting?,0xa3b36b2d,sell_yes,Sold YES (ask lifted),112.575,0.66,74.2996,0.665,-0.5,5.164,64.6533,-59.4893,9100.85,0,0
3284,2026-07-03T14:23:00+00:00,2026-07-03,Clarity Act (H.R.3633) signed into law in 2026?,0x9cb23d04,sell_yes,Sold YES (ask lifted),51.64,0.4,20.656,0.405,-0.5,38.73,54.7384,-16.0084,9121.51,0,0
3285,2026-07-03T18:30:00+00:00,2026-07-03,Will the U.S. invade Iran before 2027?,0x5db999fa,buy_yes,Bought YES (bid hit),103.28,0.13,13.4264,0.125,-0.5,146.658,100.182,46.476,9108.08,0,0
3286,2026-07-04T00:02:00+00:00,2026-07-04,Will Harry Kane win the 2026 Ballon d'Or?,0x12dc2b61,buy_yes,Bought YES (bid hit),26.2073,0.23,6.0277,0.218,-1.2,27.6016,25.5876,2.01396,9147.33,0,0
3287,2026-07-04T12:23:00+00:00,2026-07-04,Clarity Act (H.R.3633) signed into law in 2026?,0x9cb23d04,buy_yes,Bought YES (bid hit),51.64,0.54,27.8856,0.53,-1,90.37,54.7384,35.6316,9119.44,0,0
3288,2026-07-04T12:56:00+00:00,2026-07-04,Clarity Act (H.R.3633) signed into law in 2026?,0x9cb23d04,sell_yes,Sold YES (ask lifted),51.64,0.54,27.8856,0.545,-0.5,38.73,54.7384,-16.0084,9147.33,0,0
3289,2026-07-04T13:23:00+00:00,2026-07-04,Clarity Act (H.R.3633) signed into law in 2026?,0x9cb23d04,buy_yes,Bought YES (bid hit),51.64,0.54,27.8856,0.525,-1.5,90.37,54.7384,35.6316,9119.44,0,0
3290,2026-07-04T15:41:00+00:00,2026-07-04,Will Kimi Antonelli be the 2026 F1 Drivers' Champion?,0xcd264046,buy_yes,Bought YES (bid hit),51.9498,0.64,33.2479,0.639,-0.1,73.0706,54.8933,18.1773,9086.19,0,0
3291,2026-07-04T16:01:00+00:00,2026-07-04,Will Kimi Antonelli be the 2026 F1 Drivers' Champion?,0xcd264046,sell_yes,Sold YES (ask lifted),54.7384,0.63,34.4852,0.633,-0.3,18.3322,54.8933,-36.5611,9120.68,0,0
3292,2026-07-04T16:26:00+00:00,2026-07-04,Will Kimi Antonelli be the 2026 F1 Drivers' Champion?,0xcd264046,buy_yes,Bought YES (bid hit),51.64,0.69,35.6316,0.6845,-0.55,69.9722,54.8933,15.0789,9085.05,0,0
3293,2026-07-04T17:08:00+00:00,2026-07-04,Clarity Act (H.R.3633) signed into law in 2026?,0x9cb23d04,sell_yes,Sold YES (ask lifted),51.64,0.5,25.82,0.505,-0.5,38.73,54.7384,-16.0084,9110.87,0,0
3294,2026-07-04T19:38:00+00:00,2026-07-04,Clarity Act (H.R.3633) signed into law in 2026?,0x9cb23d04,buy_yes,Bought YES (bid hit),51.64,0.53,27.3692,0.525,-0.5,90.37,54.7384,35.6316,9083.5,0,0
3295,2026-07-04T21:02:00+00:00,2026-07-04,Clarity Act (H.R.3633) signed into law in 2026?,0x9cb23d04,sell_yes,Sold YES (ask lifted),51.64,0.53,27.3692,0.535,-0.5,38.73,54.7384,-16.0084,9110.87,0,0
3296,2026-07-04T22:09:00+00:00,2026-07-04,Clarity Act (H.R.3633) signed into law in 2026?,0x9cb23d04,buy_yes,Bought YES (bid hit),54.7384,0.53,29.0114,0.5,-3,93.4684,54.7384,38.73,9081.86,0,0
3297,2026-07-04T23:13:00+00:00,2026-07-04,Clarity Act (H.R.3633) signed into law in 2026?,0x9cb23d04,sell_yes,Sold YES (ask lifted),51.64,0.5,25.82,0.515,-1.5,41.8284,54.7384,-12.91,9107.68,0,0
3298,2026-07-05T00:21:00+00:00,2026-07-05,Will Kimi Antonelli be the 2026 F1 Drivers' Champion?,0xcd264046,sell_yes,Sold YES (ask lifted),53.1892,0.64,34.0411,0.642,-0.2,16.783,54.8933,-38.1103,9187.03,0,0
3299,2026-07-05T07:03:00+00:00,2026-07-05,Clarity Act (H.R.3633) signed into law in 2026?,0x9cb23d04,buy_yes,Bought YES (bid hit),51.64,0.54,27.8856,0.535,-0.5,93.4684,54.7384,38.73,9159.14,0,0
3300,2026-07-05T07:27:00+00:00,2026-07-05,Clarity Act (H.R.3633) signed into law in 2026?,0x9cb23d04,sell_yes,Sold YES (ask lifted),51.64,0.54,27.8856,0.545,-0.5,41.8284,54.7384,-12.91,9187.03,0,0
3301,2026-07-05T07:52:00+00:00,2026-07-05,Clarity Act (H.R.3633) signed into law in 2026?,0x9cb23d04,buy_yes,Bought YES (bid hit),51.64,0.54,27.8856,0.535,-0.5,93.4684,54.7384,38.73,9159.14,0,0
3302,2026-07-05T13:55:00+00:00,2026-07-05,Will Kimi Antonelli be the 2026 F1 Drivers' Champion?,0xcd264046,buy_yes,Bought YES (bid hit),51.64,0.72,37.1808,0.7165,-0.35,68.423,54.8933,13.5297,9121.96,0,0
3303,2026-07-05T14:16:00+00:00,2026-07-05,Will Kimi Antonelli be the 2026 F1 Drivers' Champion?,0xcd264046,sell_yes,Sold YES (ask lifted),52.2597,0.72,37.627,0.7245,-0.45,16.1633,54.8933,-38.73,9159.59,0,0
3304,2026-07-05T14:57:00+00:00,2026-07-05,Will Kimi Antonelli be the 2026 F1 Drivers' Champion?,0xcd264046,buy_yes,Bought YES (bid hit),51.64,0.72,37.1808,0.7195,-0.05,67.8033,54.8933,12.91,9122.41,0,0
3305,2026-07-05T15:03:00+00:00,2026-07-05,Will Kimi Antonelli be the 2026 F1 Drivers' Champion?,0xcd264046,sell_yes,Sold YES (ask lifted),53.8089,0.73,39.2805,0.7355,-0.55,13.9944,54.8933,-40.8989,9161.69,0,0
3306,2026-07-05T15:09:00+00:00,2026-07-05,Will Kimi Antonelli be the 2026 F1 Drivers' Champion?,0xcd264046,buy_yes,Bought YES (bid hit),87.4265,0.74,64.6956,0.6905,-4.95,101.421,54.8933,46.5276,9097,0,0
3307,2026-07-05T15:18:00+00:00,2026-07-05,Will Kimi Antonelli be the 2026 F1 Drivers' Champion?,0xcd264046,sell_yes,Sold YES (ask lifted),51.64,0.57,29.4348,0.5825,-1.25,49.781,54.8933,-5.11236,9126.43,0,0
3308,2026-07-05T19:53:00+00:00,2026-07-05,Clarity Act (H.R.3633) signed into law in 2026?,0x9cb23d04,sell_yes,Sold YES (ask lifted),51.64,0.47,24.2708,0.475,-0.5,41.8284,54.7384,-12.91,9150.7,0,0
3309,2026-07-05T23:42:00+00:00,2026-07-05,Will Spider-Man: Brand New Day be the top grossing movie of 2026?,0xc4b07998,buy_yes,Bought YES (bid hit),25.82,0.76,19.6232,0.745,-1.5,25.82,28.1438,-2.3238,9131.08,0,0
3310,2026-07-06T00:06:00+00:00,2026-07-06,Will Harry Kane win the 2026 Ballon d'Or?,0x12dc2b61,sell_yes,Sold YES (ask lifted),26.2073,0.19,4.9794,0.215,-2.5,1.39428,25.5876,-24.1933,9180.06,0,0
3311,2026-07-06T01:39:00+00:00,2026-07-06,Clarity Act (H.R.3633) signed into law in 2026?,0x9cb23d04,buy_yes,Bought YES (bid hit),51.64,0.49,25.3036,0.485,-0.5,93.4684,54.7384,38.73,9154.75,0,0
3312,2026-07-06T03:33:00+00:00,2026-07-06,Will there be no change in Fed interest rates after the September 2026 meeting?,0xa3b36b2d,buy_yes,Bought YES (bid hit),103.28,0.71,73.3288,0.705,-0.5,108.444,64.6533,43.7907,9081.42,0,0
3313,2026-07-06T07:46:00+00:00,2026-07-06,Clarity Act (H.R.3633) signed into law in 2026?,0x9cb23d04,sell_yes,Sold YES (ask lifted),51.64,0.48,24.7872,0.485,-0.5,41.8284,54.7384,-12.91,9106.21,0,0
3314,2026-07-06T07:47:00+00:00,2026-07-06,Clarity Act (H.R.3633) signed into law in 2026?,0x9cb23d04,buy_yes,Bought YES (bid hit),51.64,0.48,24.7872,0.475,-0.5,93.4684,54.7384,38.73,9081.42,0,0
3315,2026-07-06T11:10:00+00:00,2026-07-06,Will the Fed increase interest rates by 25 bps after the September 2026 meeting?,0x876506d8,sell_yes,Sold YES (ask lifted),106.378,0.21,22.3395,0.215,-0.5,106.378,106.378,0,9103.76,0,0
3316,2026-07-06T11:22:00+00:00,2026-07-06,Clarity Act (H.R.3633) signed into law in 2026?,0x9cb23d04,sell_yes,Sold YES (ask lifted),53.1892,0.45,23.9351,0.46,-1,40.2792,54.7384,-14.4592,9127.7,0,0
3317,2026-07-06T12:00:00+00:00,2026-07-06,Clarity Act (H.R.3633) signed into law in 2026?,0x9cb23d04,buy_yes,Bought YES (bid hit),51.64,0.47,24.2708,0.465,-0.5,91.9192,54.7384,37.1808,9103.43,0,0
3318,2026-07-06T12:04:00+00:00,2026-07-06,Clarity Act (H.R.3633) signed into law in 2026?,0x9cb23d04,sell_yes,Sold YES (ask lifted),51.64,0.47,24.2708,0.475,-0.5,40.2792,54.7384,-14.4592,9127.7,0,0
3319,2026-07-06T12:22:00+00:00,2026-07-06,Clarity Act (H.R.3633) signed into law in 2026?,0x9cb23d04,buy_yes,Bought YES (bid hit),54.7384,0.47,25.727,0.465,-0.5,95.0176,54.7384,40.2792,9101.97,0,0
3320,2026-07-06T12:32:00+00:00,2026-07-06,Clarity Act (H.R.3633) signed into law in 2026?,0x9cb23d04,sell_yes,Sold YES (ask lifted),51.64,0.46,23.7544,0.465,-0.5,43.3776,54.7384,-11.3608,9125.72,0,0
3321,2026-07-06T12:53:00+00:00,2026-07-06,Clarity Act (H.R.3633) signed into law in 2026?,0x9cb23d04,buy_yes,Bought YES (bid hit),51.64,0.46,23.7544,0.46,-0,95.0176,54.7384,40.2792,9101.97,0,0
3322,2026-07-06T12:58:00+00:00,2026-07-06,Clarity Act (H.R.3633) signed into law in 2026?,0x9cb23d04,sell_yes,Sold YES (ask lifted),51.64,0.46,23.7544,0.47,-1,43.3776,54.7384,-11.3608,9125.72,0,0
3323,2026-07-06T13:11:00+00:00,2026-07-06,Clarity Act (H.R.3633) signed into law in 2026?,0x9cb23d04,buy_yes,Bought YES (bid hit),51.64,0.46,23.7544,0.46,-0,95.0176,54.7384,40.2792,9101.97,0,0
3324,2026-07-06T13:12:00+00:00,2026-07-06,Clarity Act (H.R.3633) signed into law in 2026?,0x9cb23d04,sell_yes,Sold YES (ask lifted),51.64,0.47,24.2708,0.475,-0.5,43.3776,54.7384,-11.3608,9126.24,0,0
3325,2026-07-06T13:13:00+00:00,2026-07-06,Clarity Act (H.R.3633) signed into law in 2026?,0x9cb23d04,buy_yes,Bought YES (bid hit),51.64,0.47,24.2708,0.465,-0.5,95.0176,54.7384,40.2792,9101.97,0,0
3326,2026-07-06T13:32:00+00:00,2026-07-06,Clarity Act (H.R.3633) signed into law in 2026?,0x9cb23d04,sell_yes,Sold YES (ask lifted),51.64,0.47,24.2708,0.475,-0.5,43.3776,54.7384,-11.3608,9126.24,0,0
3327,2026-07-06T13:33:00+00:00,2026-07-06,Clarity Act (H.R.3633) signed into law in 2026?,0x9cb23d04,buy_yes,Bought YES (bid hit),51.64,0.47,24.2708,0.465,-0.5,95.0176,54.7384,40.2792,9101.97,0,0
3328,2026-07-06T13:37:00+00:00,2026-07-06,Clarity Act (H.R.3633) signed into law in 2026?,0x9cb23d04,sell_yes,Sold YES (ask lifted),54.7384,0.46,25.1797,0.465,-0.5,40.2792,54.7384,-14.4592,9127.15,0,0
3329,2026-07-06T13:40:00+00:00,2026-07-06,Clarity Act (H.R.3633) signed into law in 2026?,0x9cb23d04,buy_yes,Bought YES (bid hit),51.64,0.46,23.7544,0.46,-0,91.9192,54.7384,37.1808,9103.4,0,0
3330,2026-07-06T13:42:00+00:00,2026-07-06,Clarity Act (H.R.3633) signed into law in 2026?,0x9cb23d04,sell_yes,Sold YES (ask lifted),51.64,0.47,24.2708,0.475,-0.5,40.2792,54.7384,-14.4592,9127.67,0,0
3331,2026-07-06T13:54:00+00:00,2026-07-06,Clarity Act (H.R.3633) signed into law in 2026?,0x9cb23d04,buy_yes,Bought YES (bid hit),51.64,0.48,24.7872,0.47,-1,91.9192,54.7384,37.1808,9102.88,0,0
3332,2026-07-06T21:53:00+00:00,2026-07-06,Will Harry Kane win the 2026 Ballon d'Or?,0x12dc2b61,sell_yes,Sold YES (ask lifted),26.2073,0.27,7.076,0.2765,-0.65,0,50.4006,-50.4006,9091.84,0,0
3333,2026-07-06T23:21:00+00:00,2026-07-06,Strait of Hormuz traffic returns to normal by December 31?,0x5c79dfde,buy_yes,Bought YES (bid hit),103.28,0.6,61.968,0.595,-0.5,206.56,103.28,103.28,9029.87,0,0
3334,2026-07-07T00:00:00+00:00,2026-07-07,Will Harry Kane win the 2026 Ballon d'Or?,0x12dc2b61,buy_yes,Bought YES (bid hit),25.82,0.21,5.4222,0.1725,-3.75,25.82,50.4006,-24.5806,9077.23,0,0
3335,2026-07-07T00:00:00+00:00,2026-07-07,Will Édouard Philippe win the 2027 French presidential election?,0x46f2f457,buy_yes,Bought YES (bid hit),51.64,0.23,11.8772,0.23,-0,92.4356,53.1892,39.2464,9065.35,0,0
3336,2026-07-07T01:40:00+00:00,2026-07-07,Strait of Hormuz traffic returns to normal by December 31?,0x5c79dfde,sell_yes,Sold YES (ask lifted),106.378,0.59,62.7633,0.605,-1.5,100.182,103.28,-3.0984,9128.12,0,0
3337,2026-07-07T01:59:00+00:00,2026-07-07,Will there be no change in Fed interest rates after the September 2026 meeting?,0xa3b36b2d,sell_yes,Sold YES (ask lifted),103.28,0.7,72.296,0.705,-0.5,5.164,64.6533,-59.4893,9200.41,0,0
3338,2026-07-07T02:00:00+00:00,2026-07-07,Will there be no change in Fed interest rates after the September 2026 meeting?,0xa3b36b2d,buy_yes,Bought YES (bid hit),103.28,0.7,72.296,0.695,-0.5,108.444,64.6533,43.7907,9128.12,0,0
3339,2026-07-07T02:25:00+00:00,2026-07-07,Will there be no change in Fed interest rates after the September 2026 meeting?,0xa3b36b2d,sell_yes,Sold YES (ask lifted),103.28,0.7,72.296,0.705,-0.5,5.164,64.6533,-59.4893,9200.41,0,0
3340,2026-07-07T02:44:00+00:00,2026-07-07,Will there be no change in Fed interest rates after the September 2026 meeting?,0xa3b36b2d,buy_yes,Bought YES (bid hit),103.28,0.7,72.296,0.695,-0.5,108.444,64.6533,43.7907,9128.12,0,0
3341,2026-07-07T06:57:00+00:00,2026-07-07,Clarity Act (H.R.3633) signed into law in 2026?,0x9cb23d04,sell_yes,Sold YES (ask lifted),51.64,0.46,23.7544,0.465,-0.5,40.2792,54.7384,-14.4592,9151.87,0,0
3342,2026-07-07T12:00:00+00:00,2026-07-07,Will Marine Le Pen win the 2027 French presidential election?,0x8126317d,sell_yes,Sold YES (ask lifted),51.64,0.09,4.6476,0.103,-1.3,0,36.9016,-36.9016,9122.94,0,0
3343,2026-07-07T12:01:00+00:00,2026-07-07,Will Marine Le Pen win the 2027 French presidential election?,0x8126317d,buy_yes,Bought YES (bid hit),54.4286,0.1,5.4429,0.0965,-0.35,54.4286,36.9016,17.527,9117.5,0,0
3344,2026-07-07T12:03:00+00:00,2026-07-07,Will Marine Le Pen win the 2027 French presidential election?,0x8126317d,sell_yes,Sold YES (ask lifted),51.64,0.09,4.6476,0.0955,-0.55,2.78856,36.9016,-34.113,9122.14,0,0
3345,2026-07-07T12:04:00+00:00,2026-07-07,Will Marine Le Pen win the 2027 French presidential election?,0x8126317d,buy_yes,Bought YES (bid hit),55.0482,0.09,4.9543,0.0855,-0.45,57.8368,36.9016,20.9352,9117.19,0,0
3346,2026-07-07T12:05:00+00:00,2026-07-07,Will Marine Le Pen win the 2027 French presidential election?,0x8126317d,sell_yes,Sold YES (ask lifted),51.64,0.09,4.6476,0.0955,-0.55,6.1968,36.9016,-30.7048,9121.84,0,0
3347,2026-07-07T12:06:00+00:00,2026-07-07,Will Marine Le Pen win the 2027 French presidential election?,0x8126317d,buy_yes,Bought YES (bid hit),60.6254,0.09,5.4563,0.0875,-0.25,66.8222,36.9016,29.9206,9116.38,0,0
3348,2026-07-07T12:18:00+00:00,2026-07-07,Will Marine Le Pen win the 2027 French presidential election?,0x8126317d,sell_yes,Sold YES (ask lifted),40.84,0.07,2.8588,0.084,-1.4,25.9822,36.9016,-10.9194,9119.24,0,0
3349,2026-07-07T12:20:00+00:00,2026-07-07,Will Marine Le Pen win the 2027 French presidential election?,0x8126317d,buy_yes,Bought YES (bid hit),51.64,0.08,4.1312,0.0795,-0.05,77.6222,36.9016,40.7206,9115.11,0,0
3350,2026-07-07T12:21:00+00:00,2026-07-07,Will Marine Le Pen win the 2027 French presidential election?,0x8126317d,sell_yes,Sold YES (ask lifted),42.04,0.09,3.7836,0.092,-0.2,35.5822,36.9016,-1.31944,9118.89,0,0
3351,2026-07-07T14:31:00+00:00,2026-07-07,Will Marine Le Pen win the 2027 French presidential election?,0x8126317d,sell_yes,Sold YES (ask lifted),51.64,0.16,8.2624,0.1655,-0.55,0,52.9594,-52.9594,9113.67,0,0
3352,2026-07-07T17:59:00+00:00,2026-07-07,Will Harry Kane win the 2026 Ballon d'Or?,0x12dc2b61,buy_yes,Bought YES (bid hit),25.8975,0.28,7.2513,0.2775,-0.25,51.7175,50.4006,1.31682,9106.41,0,0
3353,2026-07-07T18:18:00+00:00,2026-07-07,Will Édouard Philippe win the 2027 French presidential election?,0x46f2f457,sell_yes,Sold YES (ask lifted),51.64,0.23,11.8772,0.235,-0.5,40.7956,53.1892,-12.3936,9118.29,0,0
3354,2026-07-07T19:33:00+00:00,2026-07-07,Will the U.S. invade Iran before 2027?,0x5db999fa,sell_yes,Sold YES (ask lifted),103.28,0.13,13.4264,0.135,-0.5,43.3776,100.182,-56.804,9131.72,0,0
3355,2026-07-07T19:52:00+00:00,2026-07-07,Will the U.S. invade Iran before 2027?,0x5db999fa,buy_yes,Bought YES (bid hit),103.28,0.13,13.4264,0.125,-0.5,146.658,100.182,46.476,9118.29,0,0
3356,2026-07-07T22:15:00+00:00,2026-07-07,Bab el-Mandeb Strait effectively closed by September 30?,0x95fc6a4e,buy_yes,Bought YES (bid hit),103.28,0.09,9.2952,0.085,-0.5,137.362,112.575,24.7872,9109,0,0
3357,2026-07-08T00:00:00+00:00,2026-07-08,Will Harry Kane win the 2026 Ballon d'Or?,0x12dc2b61,buy_yes,Bought YES (bid hit),25.82,0.24,6.1968,0.2045,-3.55,77.5375,50.4006,27.1368,9166.61,0,0
3358,2026-07-08T00:02:00+00:00,2026-07-08,Will Harry Kane win the 2026 Ballon d'Or?,0x12dc2b61,sell_yes,Sold YES (ask lifted),25.82,0.19,4.9058,0.285,-9.5,51.7175,50.4006,1.31682,9171.51,0,0
3359,2026-07-08T00:03:00+00:00,2026-07-08,Clarity Act (H.R.3633) signed into law in 2026?,0x9cb23d04,buy_yes,Bought YES (bid hit),51.64,0.46,23.7544,0.46,-0,91.9192,54.7384,37.1808,9147.76,0,0
3360,2026-07-08T00:14:00+00:00,2026-07-08,Will Harry Kane win the 2026 Ballon d'Or?,0x12dc2b61,buy_yes,Bought YES (bid hit),25.82,0.26,6.7132,0.2045,-5.55,77.5375,50.4006,27.1368,9141.05,0,0
3361,2026-07-08T00:16:00+00:00,2026-07-08,Will Harry Kane win the 2026 Ballon d'Or?,0x12dc2b61,sell_yes,Sold YES (ask lifted),25.8975,0.23,5.9564,0.285,-5.5,51.64,50.4006,1.23936,9147,0,0
3362,2026-07-08T00:48:00+00:00,2026-07-08,Will the U.S. invade Iran before 2027?,0x5db999fa,sell_yes,Sold YES (ask lifted),103.28,0.14,14.4592,0.145,-0.5,43.3776,100.182,-56.804,9161.46,0,0
3363,2026-07-08T02:23:00+00:00,2026-07-08,Strait of Hormuz traffic returns to normal by December 31?,0x5c79dfde,sell_yes,Sold YES (ask lifted),103.28,0.63,65.0664,0.645,-1.5,0,106.378,-106.378,9225.38,0,0
3364,2026-07-08T09:05:00+00:00,2026-07-08,Will Marine Le Pen win the 2027 French presidential election?,0x8126317d,buy_yes,Bought YES (bid hit),52.2597,0.28,14.6327,0.2775,-0.25,52.2597,52.9594,-0.69976,9210.75,0,0
3365,2026-07-08T11:24:00+00:00,2026-07-08,Will there be no change in Fed interest rates after the September 2026 meeting?,0xa3b36b2d,sell_yes,Sold YES (ask lifted),103.28,0.6,61.968,0.605,-0.5,5.164,64.6533,-59.4893,9272.72,0,0
3366,2026-07-08T12:03:00+00:00,2026-07-08,Will the U.S. invade Iran before 2027?,0x5db999fa,buy_yes,Bought YES (bid hit),103.28,0.15,15.492,0.145,-0.5,146.658,100.182,46.476,9257.23,0,0
3367,2026-07-08T12:05:00+00:00,2026-07-08,Bab el-Mandeb Strait effectively closed by September 30?,0x95fc6a4e,sell_yes,Sold YES (ask lifted),103.28,0.11,11.3608,0.125,-1.5,34.0824,112.575,-78.4928,9268.59,0,0
3368,2026-07-08T12:09:00+00:00,2026-07-08,Will there be no change in Fed interest rates after the September 2026 meeting?,0xa3b36b2d,buy_yes,Bought YES (bid hit),115.674,0.6,69.4042,0.585,-1.5,120.838,64.6533,56.1843,9199.18,0,0
3369,2026-07-08T12:19:00+00:00,2026-07-08,Bab el-Mandeb Strait effectively closed by September 30?,0x95fc6a4e,buy_yes,Bought YES (bid hit),103.28,0.12,12.3936,0.115,-0.5,137.362,112.575,24.7872,9186.79,0,0
3370,2026-07-08T13:25:00+00:00,2026-07-08,Fed Rate Hike by October 2026 Meeting?,0x059db22d,sell_yes,Sold YES (ask lifted),109.477,0.44,48.1698,0.465,-2.5,32.2068,144.6,-112.393,9234.96,0,0
3371,2026-07-08T13:36:00+00:00,2026-07-08,Will the U.S. invade Iran before 2027?,0x5db999fa,sell_yes,Sold YES (ask lifted),103.28,0.15,15.492,0.155,-0.5,43.3776,100.182,-56.804,9250.45,0,0
3372,2026-07-08T14:32:00+00:00,2026-07-08,Will the U.S. invade Iran before 2027?,0x5db999fa,buy_yes,Bought YES (bid hit),103.28,0.15,15.492,0.145,-0.5,146.658,100.182,46.476,9234.96,0,0
3373,2026-07-08T14:34:00+00:00,2026-07-08,Will the U.S. invade Iran before 2027?,0x5db999fa,sell_yes,Sold YES (ask lifted),103.28,0.15,15.492,0.155,-0.5,43.3776,100.182,-56.804,9250.45,0,0
3374,2026-07-08T14:49:00+00:00,2026-07-08,Will the U.S. invade Iran before 2027?,0x5db999fa,buy_yes,Bought YES (bid hit),103.28,0.15,15.492,0.145,-0.5,146.658,100.182,46.476,9234.96,0,0
3375,2026-07-08T15:02:00+00:00,2026-07-08,Will the U.S. invade Iran before 2027?,0x5db999fa,sell_yes,Sold YES (ask lifted),103.28,0.15,15.492,0.15,-0,43.3776,100.182,-56.804,9250.45,0,0
3376,2026-07-08T15:04:00+00:00,2026-07-08,Will the U.S. invade Iran before 2027?,0x5db999fa,buy_yes,Bought YES (bid hit),103.28,0.15,15.492,0.145,-0.5,146.658,100.182,46.476,9234.96,0,0
3377,2026-07-08T15:10:00+00:00,2026-07-08,Will the U.S. invade Iran before 2027?,0x5db999fa,sell_yes,Sold YES (ask lifted),106.378,0.15,15.9568,0.15,-0,40.2792,100.182,-59.9024,9250.92,0,0
3378,2026-07-08T15:11:00+00:00,2026-07-08,Bab el-Mandeb Strait effectively closed by September 30?,0x95fc6a4e,sell_yes,Sold YES (ask lifted),103.28,0.12,12.3936,0.125,-0.5,34.0824,112.575,-78.4928,9263.31,0,0
3379,2026-07-08T15:22:00+00:00,2026-07-08,Will the U.S. invade Iran before 2027?,0x5db999fa,buy_yes,Bought YES (bid hit),103.28,0.15,15.492,0.145,-0.5,143.559,100.182,43.3776,9247.82,0,0
3380,2026-07-08T16:04:00+00:00,2026-07-08,Bab el-Mandeb Strait effectively closed by September 30?,0x95fc6a4e,buy_yes,Bought YES (bid hit),103.28,0.12,12.3936,0.115,-0.5,137.362,112.575,24.7872,9235.42,0,0
3381,2026-07-08T16:32:00+00:00,2026-07-08,Bab el-Mandeb Strait effectively closed by September 30?,0x95fc6a4e,sell_yes,Sold YES (ask lifted),103.28,0.12,12.3936,0.125,-0.5,34.0824,112.575,-78.4928,9247.82,0,0
3382,2026-07-08T17:08:00+00:00,2026-07-08,Will there be no change in Fed interest rates after the September 2026 meeting?,0xa3b36b2d,sell_yes,Sold YES (ask lifted),103.28,0.56,57.8368,0.565,-0.5,17.5576,64.6533,-47.0957,9305.65,0,0
3383,2026-07-08T18:46:00+00:00,2026-07-08,Bab el-Mandeb Strait effectively closed by September 30?,0x95fc6a4e,buy_yes,Bought YES (bid hit),103.28,0.14,14.4592,0.135,-0.5,137.362,112.575,24.7872,9291.2,0,0
3384,2026-07-08T19:01:00+00:00,2026-07-08,Bab el-Mandeb Strait effectively closed by September 30?,0x95fc6a4e,sell_yes,Sold YES (ask lifted),103.28,0.14,14.4592,0.145,-0.5,34.0824,112.575,-78.4928,9305.65,0,0
3385,2026-07-08T20:06:00+00:00,2026-07-08,Bab el-Mandeb Strait effectively closed by September 30?,0x95fc6a4e,buy_yes,Bought YES (bid hit),103.28,0.14,14.4592,0.13,-1,137.362,112.575,24.7872,9291.2,0,0
3386,2026-07-08T20:23:00+00:00,2026-07-08,Bab el-Mandeb Strait effectively closed by September 30?,0x95fc6a4e,sell_yes,Sold YES (ask lifted),103.28,0.14,14.4592,0.145,-0.5,34.0824,112.575,-78.4928,9305.65,0,0
3387,2026-07-08T20:43:00+00:00,2026-07-08,Bab el-Mandeb Strait effectively closed by September 30?,0x95fc6a4e,buy_yes,Bought YES (bid hit),103.28,0.16,16.5248,0.15,-1,137.362,112.575,24.7872,9289.13,0,0
3388,2026-07-08T20:44:00+00:00,2026-07-08,Bab el-Mandeb Strait effectively closed by September 30?,0x95fc6a4e,sell_yes,Sold YES (ask lifted),103.28,0.16,16.5248,0.195,-3.5,34.0824,112.575,-78.4928,9305.65,0,0
3389,2026-07-08T20:47:00+00:00,2026-07-08,Bab el-Mandeb Strait effectively closed by September 30?,0x95fc6a4e,buy_yes,Bought YES (bid hit),109.477,0.19,20.8006,0.18,-1,143.559,112.575,30.984,9284.85,0,0
3390,2026-07-08T21:06:00+00:00,2026-07-08,Bab el-Mandeb Strait effectively closed by September 30?,0x95fc6a4e,sell_yes,Sold YES (ask lifted),103.28,0.18,18.5904,0.185,-0.5,40.2792,112.575,-72.296,9303.44,0,0
3391,2026-07-08T21:22:00+00:00,2026-07-08,Bab el-Mandeb Strait effectively closed by September 30?,0x95fc6a4e,buy_yes,Bought YES (bid hit),103.28,0.17,17.5576,0.165,-0.5,143.559,112.575,30.984,9285.89,0,0
3392,2026-07-08T21:31:00+00:00,2026-07-08,Bab el-Mandeb Strait effectively closed by September 30?,0x95fc6a4e,sell_yes,Sold YES (ask lifted),103.28,0.17,17.5576,0.18,-1,40.2792,112.575,-72.296,9303.44,0,0
3393,2026-07-08T21:36:00+00:00,2026-07-08,Will the U.S. invade Iran before 2027?,0x5db999fa,sell_yes,Sold YES (ask lifted),103.28,0.15,15.492,0.155,-0.5,40.2792,100.182,-59.9024,9318.94,0,0
3394,2026-07-08T21:40:00+00:00,2026-07-08,Bab el-Mandeb Strait effectively closed by September 30?,0x95fc6a4e,buy_yes,Bought YES (bid hit),103.28,0.18,18.5904,0.175,-0.5,143.559,112.575,30.984,9300.35,0,0
3395,2026-07-08T21:59:00+00:00,2026-07-08,Will the U.S. invade Iran before 2027?,0x5db999fa,buy_yes,Bought YES (bid hit),103.28,0.18,18.5904,0.175,-0.5,143.559,100.182,43.3776,9281.76,0,0
3396,2026-07-08T22:59:00+00:00,2026-07-08,Bab el-Mandeb Strait effectively closed by September 30?,0x95fc6a4e,sell_yes,Sold YES (ask lifted),103.28,0.15,15.492,0.155,-0.5,40.2792,112.575,-72.296,9297.25,0,0
3397,2026-07-08T23:29:00+00:00,2026-07-08,Bab el-Mandeb Strait effectively closed by September 30?,0x95fc6a4e,buy_yes,Bought YES (bid hit),103.28,0.15,15.492,0.145,-0.5,143.559,112.575,30.984,9281.76,0,0
3398,2026-07-08T23:43:00+00:00,2026-07-08,Will the U.S. invade Iran before 2027?,0x5db999fa,sell_yes,Sold YES (ask lifted),103.28,0.15,15.492,0.155,-0.5,40.2792,100.182,-59.9024,9297.25,0,0
3399,2026-07-08T23:58:00+00:00,2026-07-08,Will there be no change in Fed interest rates after the September 2026 meeting?,0xa3b36b2d,buy_yes,Bought YES (bid hit),103.28,0.58,59.9024,0.565,-1.5,120.838,64.6533,56.1843,9237.34,0,0
3400,2026-07-09T00:00:00+00:00,2026-07-09,Bab el-Mandeb Strait effectively closed by September 30?,0x95fc6a4e,sell_yes,Sold YES (ask lifted),103.28,0.15,15.492,0.31,-16,40.2792,112.575,-72.296,9296.29,0,0
3401,2026-07-09T00:03:00+00:00,2026-07-09,Bab el-Mandeb Strait effectively closed by September 30?,0x95fc6a4e,buy_yes,Bought YES (bid hit),103.28,0.15,15.492,0.135,-1.5,143.559,112.575,30.984,9280.8,0,0
3402,2026-07-09T00:04:00+00:00,2026-07-09,Will Harry Kane win the 2026 Ballon d'Or?,0x12dc2b61,sell_yes,Sold YES (ask lifted),25.82,0.19,4.9058,0.2455,-5.55,25.82,50.4006,-24.5806,9285.71,0,0
3403,2026-07-09T00:36:00+00:00,2026-07-09,Bab el-Mandeb Strait effectively closed by September 30?,0x95fc6a4e,sell_yes,Sold YES (ask lifted),103.28,0.13,13.4264,0.145,-1.5,40.2792,112.575,-72.296,9299.13,0,0
3404,2026-07-09T03:21:00+00:00,2026-07-09,Bab el-Mandeb Strait effectively closed by September 30?,0x95fc6a4e,buy_yes,Bought YES (bid hit),103.28,0.15,15.492,0.145,-0.5,143.559,112.575,30.984,9283.64,0,0
3405,2026-07-09T03:22:00+00:00,2026-07-09,Bab el-Mandeb Strait effectively closed by September 30?,0x95fc6a4e,sell_yes,Sold YES (ask lifted),106.378,0.15,15.9568,0.15,-0,37.1808,112.575,-75.3944,9299.6,0,0
3406,2026-07-09T03:28:00+00:00,2026-07-09,Bab el-Mandeb Strait effectively closed by September 30?,0x95fc6a4e,buy_yes,Bought YES (bid hit),103.28,0.15,15.492,0.145,-0.5,140.461,112.575,27.8856,9284.11,0,0
3407,2026-07-09T03:31:00+00:00,2026-07-09,Bab el-Mandeb Strait effectively closed by September 30?,0x95fc6a4e,sell_yes,Sold YES (ask lifted),103.28,0.15,15.492,0.15,-0,37.1808,112.575,-75.3944,9299.6,0,0
3408,2026-07-09T03:34:00+00:00,2026-07-09,Bab el-Mandeb Strait effectively closed by September 30?,0x95fc6a4e,buy_yes,Bought YES (bid hit),103.28,0.15,15.492,0.145,-0.5,140.461,112.575,27.8856,9284.11,0,0
3409,2026-07-09T03:36:00+00:00,2026-07-09,Bab el-Mandeb Strait effectively closed by September 30?,0x95fc6a4e,sell_yes,Sold YES (ask lifted),106.378,0.15,15.9568,0.15,-0,34.0824,112.575,-78.4928,9300.06,0,0
3410,2026-07-09T03:39:00+00:00,2026-07-09,Bab el-Mandeb Strait effectively closed by September 30?,0x95fc6a4e,buy_yes,Bought YES (bid hit),103.28,0.15,15.492,0.145,-0.5,137.362,112.575,24.7872,9284.57,0,0
3411,2026-07-09T03:40:00+00:00,2026-07-09,Bab el-Mandeb Strait effectively closed by September 30?,0x95fc6a4e,sell_yes,Sold YES (ask lifted),103.28,0.15,15.492,0.15,-0,34.0824,112.575,-78.4928,9300.06,0,0
3412,2026-07-09T03:42:00+00:00,2026-07-09,Bab el-Mandeb Strait effectively closed by September 30?,0x95fc6a4e,buy_yes,Bought YES (bid hit),103.28,0.15,15.492,0.145,-0.5,137.362,112.575,24.7872,9284.57,0,0
3413,2026-07-09T03:46:00+00:00,2026-07-09,Bab el-Mandeb Strait effectively closed by September 30?,0x95fc6a4e,sell_yes,Sold YES (ask lifted),103.28,0.15,15.492,0.155,-0.5,34.0824,112.575,-78.4928,9300.06,0,0
3414,2026-07-09T03:48:00+00:00,2026-07-09,Bab el-Mandeb Strait effectively closed by September 30?,0x95fc6a4e,buy_yes,Bought YES (bid hit),103.28,0.15,15.492,0.14,-1,137.362,112.575,24.7872,9284.57,0,0
3415,2026-07-09T07:33:00+00:00,2026-07-09,Bab el-Mandeb Strait effectively closed by September 30?,0x95fc6a4e,sell_yes,Sold YES (ask lifted),103.28,0.13,13.4264,0.135,-0.5,34.0824,112.575,-78.4928,9298,0,0
3416,2026-07-09T07:35:00+00:00,2026-07-09,Strait of Hormuz traffic returns to normal by December 31?,0x5c79dfde,buy_yes,Bought YES (bid hit),103.28,0.61,63.0008,0.605,-0.5,103.28,106.378,-3.0984,9235,0,0
3417,2026-07-09T08:11:00+00:00,2026-07-09,Will Édouard Philippe win the 2027 French presidential election?,0x46f2f457,buy_yes,Bought YES (bid hit),51.64,0.26,13.4264,0.255,-0.5,92.4356,53.1892,39.2464,9221.57,0,0
3418,2026-07-09T09:38:00+00:00,2026-07-09,Will there be no change in Fed interest rates after the September 2026 meeting?,0xa3b36b2d,sell_yes,Sold YES (ask lifted),106.378,0.57,60.6357,0.57,-0,14.4592,64.6533,-50.1941,9282.21,0,0
3419,2026-07-09T09:57:00+00:00,2026-07-09,Fed Rate Hike by October 2026 Meeting?,0x059db22d,buy_yes,Bought YES (bid hit),109.477,0.5,54.7384,0.475,-2.5,141.684,144.6,-2.91663,9227.47,0,0
3420,2026-07-09T14:48:00+00:00,2026-07-09,Will Édouard Philippe win the 2027 French presidential election?,0x46f2f457,sell_yes,Sold YES (ask lifted),51.64,0.26,13.4264,0.265,-0.5,40.7956,53.1892,-12.3936,9240.89,0,0
3421,2026-07-09T15:55:00+00:00,2026-07-09,Will the U.S. invade Iran before 2027?,0x5db999fa,buy_yes,Bought YES (bid hit),103.28,0.16,16.5248,0.155,-0.5,143.559,100.182,43.3776,9224.37,0,0
3422,2026-07-09T16:42:00+00:00,2026-07-09,Bab el-Mandeb Strait effectively closed by September 30?,0x95fc6a4e,buy_yes,Bought YES (bid hit),103.28,0.12,12.3936,0.115,-0.5,137.362,112.575,24.7872,9211.98,0,0
3423,2026-07-09T17:21:00+00:00,2026-07-09,Bab el-Mandeb Strait effectively closed by September 30?,0x95fc6a4e,sell_yes,Sold YES (ask lifted),106.378,0.12,12.7654,0.135,-1.5,30.984,112.575,-81.5912,9224.74,0,0
3424,2026-07-09T17:39:00+00:00,2026-07-09,Will there be no change in Fed interest rates after the September 2026 meeting?,0xa3b36b2d,buy_yes,Bought YES (bid hit),103.28,0.57,58.8696,0.565,-0.5,117.739,64.6533,53.0859,9165.87,0,0
3425,2026-07-10T00:01:00+00:00,2026-07-10,Will Harry Kane win the 2026 Ballon d'Or?,0x12dc2b61,buy_yes,Bought YES (bid hit),25.82,0.2,5.164,0.1425,-5.75,51.64,50.4006,1.23936,9216.4,0,0
3426,2026-07-10T00:01:00+00:00,2026-07-10,Bab el-Mandeb Strait effectively closed by September 30?,0x95fc6a4e,buy_yes,Bought YES (bid hit),103.28,0.13,13.4264,0.125,-0.5,134.264,112.575,21.6888,9202.98,0,0
3427,2026-07-10T00:04:00+00:00,2026-07-10,Will Harry Kane win the 2026 Ballon d'Or?,0x12dc2b61,sell_yes,Sold YES (ask lifted),25.82,0.17,4.3894,0.243,-7.3,25.82,50.4006,-24.5806,9207.36,0,0
3428,2026-07-10T00:09:00+00:00,2026-07-10,Will there be no change in Fed interest rates after the September 2026 meeting?,0xa3b36b2d,sell_yes,Sold YES (ask lifted),103.28,0.57,58.8696,0.57,-0,14.4592,64.6533,-50.1941,9266.23,0,0
3429,2026-07-10T00:36:00+00:00,2026-07-10,Bab el-Mandeb Strait effectively closed by September 30?,0x95fc6a4e,sell_yes,Sold YES (ask lifted),103.28,0.13,13.4264,0.135,-0.5,30.984,112.575,-81.5912,9279.66,0,0
3430,2026-07-10T00:54:00+00:00,2026-07-10,Will the U.S. invade Iran before 2027?,0x5db999fa,sell_yes,Sold YES (ask lifted),103.28,0.16,16.5248,0.165,-0.5,40.2792,100.182,-59.9024,9296.19,0,0
3431,2026-07-10T03:32:00+00:00,2026-07-10,Clarity Act (H.R.3633) signed into law in 2026?,0x9cb23d04,sell_yes,Sold YES (ask lifted),56.2876,0.41,23.0779,0.41,-0,35.6316,54.7384,-19.1068,9319.26,0,0
3432,2026-07-10T03:41:00+00:00,2026-07-10,Clarity Act (H.R.3633) signed into law in 2026?,0x9cb23d04,buy_yes,Bought YES (bid hit),53.1892,0.42,22.3395,0.415,-0.5,88.8208,54.7384,34.0824,9296.92,0,0
3433,2026-07-10T04:34:00+00:00,2026-07-10,Iran leadership change by December 31?,0x377e7fe6,buy_yes,Bought YES (bid hit),103.28,0.16,16.5248,0.155,-0.5,206.56,103.28,103.28,9280.4,0,0
3434,2026-07-10T05:56:00+00:00,2026-07-10,Clarity Act (H.R.3633) signed into law in 2026?,0x9cb23d04,sell_yes,Sold YES (ask lifted),57.8368,0.43,24.8698,0.435,-0.5,30.984,54.7384,-23.7544,9305.27,0,0
3435,2026-07-10T07:04:00+00:00,2026-07-10,Will Édouard Philippe win the 2027 French presidential election?,0x46f2f457,buy_yes,Bought YES (bid hit),51.64,0.26,13.4264,0.255,-0.5,92.4356,53.1892,39.2464,9291.84,0,0
3436,2026-07-10T08:49:00+00:00,2026-07-10,Clarity Act (H.R.3633) signed into law in 2026?,0x9cb23d04,buy_yes,Bought YES (bid hit),53.1892,0.44,23.4032,0.415,-2.5,84.1732,54.7384,29.4348,9268.44,0,0
3437,2026-07-10T09:05:00+00:00,2026-07-10,Will Édouard Philippe win the 2027 French presidential election?,0x46f2f457,sell_yes,Sold YES (ask lifted),51.64,0.26,13.4264,0.265,-0.5,40.7956,53.1892,-12.3936,9281.87,0,0
3438,2026-07-10T10:01:00+00:00,2026-07-10,Will the U.S. invade Iran before 2027?,0x5db999fa,buy_yes,Bought YES (bid hit),103.28,0.16,16.5248,0.155,-0.5,143.559,100.182,43.3776,9265.34,0,0
3439,2026-07-10T11:35:00+00:00,2026-07-10,Clarity Act (H.R.3633) signed into law in 2026?,0x9cb23d04,sell_yes,Sold YES (ask lifted),51.64,0.39,20.1396,0.4,-1,32.5332,54.7384,-22.2052,9285.48,0,0
3440,2026-07-10T14:25:00+00:00,2026-07-10,Will the U.S. invade Iran before 2027?,0x5db999fa,sell_yes,Sold YES (ask lifted),103.28,0.16,16.5248,0.165,-0.5,40.2792,100.182,-59.9024,9302.01,0,0
3441,2026-07-10T16:58:00+00:00,2026-07-10,Clarity Act (H.R.3633) signed into law in 2026?,0x9cb23d04,buy_yes,Bought YES (bid hit),51.64,0.38,19.6232,0.375,-0.5,84.1732,54.7384,29.4348,9282.38,0,0
3442,2026-07-10T19:04:00+00:00,2026-07-10,Clarity Act (H.R.3633) signed into law in 2026?,0x9cb23d04,sell_yes,Sold YES (ask lifted),51.64,0.38,19.6232,0.385,-0.5,32.5332,54.7384,-22.2052,9302.01,0,0
3443,2026-07-10T20:22:00+00:00,2026-07-10,Will the U.S. invade Iran before 2027?,0x5db999fa,buy_yes,Bought YES (bid hit),103.28,0.16,16.5248,0.155,-0.5,143.559,100.182,43.3776,9285.48,0,0
3444,2026-07-10T20:51:00+00:00,2026-07-10,Bab el-Mandeb Strait effectively closed by September 30?,0x95fc6a4e,buy_yes,Bought YES (bid hit),103.28,0.13,13.4264,0.125,-0.5,134.264,112.575,21.6888,9272.05,0,0
3445,2026-07-10T23:42:00+00:00,2026-07-10,Will the U.S. invade Iran before 2027?,0x5db999fa,sell_yes,Sold YES (ask lifted),103.28,0.16,16.5248,0.165,-0.5,40.2792,100.182,-59.9024,9288.58,0,0
3446,2026-07-11T00:00:00+00:00,2026-07-11,Will Ulf Kristersson be the next Prime Minister of Sweden?,0x8a42bb4c,buy_yes,Bought YES (bid hit),51.64,0.12,6.1968,0.1,-2,51.64,3.0984,48.5416,9327.91,0,0
3447,2026-07-11T01:14:00+00:00,2026-07-11,Will the U.S. invade Iran before 2027?,0x5db999fa,buy_yes,Bought YES (bid hit),103.28,0.16,16.5248,0.155,-0.5,143.559,100.182,43.3776,9311.39,0,0
3448,2026-07-11T05:00:00+00:00,2026-07-11,Will Ulf Kristersson be the next Prime Minister of Sweden?,0x8a42bb4c,sell_yes,Sold YES (ask lifted),51.64,0.15,7.746,0.15,-0,0,3.0984,-3.0984,9319.13,0,0
3449,2026-07-11T11:15:00+00:00,2026-07-11,Iran leadership change by December 31?,0x377e7fe6,sell_yes,Sold YES (ask lifted),103.28,0.17,17.5576,0.175,-0.5,103.28,103.28,-0,9336.69,0,0
3450,2026-07-11T17:21:00+00:00,2026-07-11,Will the U.S. invade Iran before 2027?,0x5db999fa,sell_yes,Sold YES (ask lifted),103.28,0.15,15.492,0.155,-0.5,40.2792,100.182,-59.9024,9352.18,0,0
3451,2026-07-11T17:34:00+00:00,2026-07-11,Bab el-Mandeb Strait effectively closed by September 30?,0x95fc6a4e,sell_yes,Sold YES (ask lifted),103.28,0.12,12.3936,0.15,-3,30.984,112.575,-81.5912,9364.57,0,0
3452,2026-07-11T17:54:00+00:00,2026-07-11,Will the U.S. invade Iran before 2027?,0x5db999fa,buy_yes,Bought YES (bid hit),103.28,0.15,15.492,0.145,-0.5,143.559,100.182,43.3776,9349.08,0,0
3453,2026-07-11T17:58:00+00:00,2026-07-11,Bab el-Mandeb Strait effectively closed by September 30?,0x95fc6a4e,buy_yes,Bought YES (bid hit),109.477,0.15,16.4215,0.14,-1,140.461,112.575,27.8856,9332.66,0,0
3454,2026-07-11T18:08:00+00:00,2026-07-11,Will the U.S. invade Iran before 2027?,0x5db999fa,sell_yes,Sold YES (ask lifted),106.378,0.15,15.9568,0.15,-0,37.1808,100.182,-63.0008,9348.62,0,0
3455,2026-07-11T18:36:00+00:00,2026-07-11,Clarity Act (H.R.3633) signed into law in 2026?,0x9cb23d04,buy_yes,Bought YES (bid hit),51.64,0.43,22.2052,0.425,-0.5,84.1732,54.7384,29.4348,9326.41,0,0
3456,2026-07-11T21:53:00+00:00,2026-07-11,Clarity Act (H.R.3633) signed into law in 2026?,0x9cb23d04,sell_yes,Sold YES (ask lifted),51.64,0.41,21.1724,0.41,-0,32.5332,54.7384,-22.2052,9347.58,0,0
3457,2026-07-11T22:01:00+00:00,2026-07-11,Will Harry Kane win the 2026 Ballon d'Or?,0x12dc2b61,buy_yes,Bought YES (bid hit),25.82,0.27,6.9714,0.2685,-0.15,51.64,50.4006,1.23936,9340.61,0,0
3458,2026-07-11T23:51:00+00:00,2026-07-11,Clarity Act (H.R.3633) signed into law in 2026?,0x9cb23d04,buy_yes,Bought YES (bid hit),51.64,0.42,21.6888,0.415,-0.5,84.1732,54.7384,29.4348,9318.92,0,0
3459,2026-07-12T00:00:00+00:00,2026-07-12,Iran leadership change by December 31?,0x377e7fe6,sell_yes,Sold YES (ask lifted),103.28,0.2,20.656,0.245,-4.5,0,103.28,-103.28,9405.86,0,0
3460,2026-07-12T00:18:00+00:00,2026-07-12,Bab el-Mandeb Strait effectively closed by September 30?,0x95fc6a4e,sell_yes,Sold YES (ask lifted),115.674,0.13,15.0376,0.155,-2.5,24.7872,112.575,-87.788,9420.89,0,0
3461,2026-07-12T00:39:00+00:00,2026-07-12,Will the U.S. invade Iran before 2027?,0x5db999fa,buy_yes,Bought YES (bid hit),103.28,0.17,17.5576,0.165,-0.5,140.461,100.182,40.2792,9403.34,0,0
3462,2026-07-12T00:50:00+00:00,2026-07-12,Bab el-Mandeb Strait effectively closed by September 30?,0x95fc6a4e,buy_yes,Bought YES (bid hit),103.28,0.17,17.5576,0.16,-1,128.067,112.575,15.492,9385.78,0,0
3463,2026-07-12T02:20:00+00:00,2026-07-12,Iran leadership change by December 31?,0x377e7fe6,buy_yes,Bought YES (bid hit),109.477,0.22,24.0849,0.215,-0.5,109.477,103.28,6.1968,9361.69,0,0
3464,2026-07-12T03:46:00+00:00,2026-07-12,Will the U.S. invade Iran before 2027?,0x5db999fa,sell_yes,Sold YES (ask lifted),103.28,0.17,17.5576,0.19,-2,37.1808,100.182,-63.0008,9379.25,0,0
3465,2026-07-12T03:47:00+00:00,2026-07-12,Clarity Act (H.R.3633) signed into law in 2026?,0x9cb23d04,sell_yes,Sold YES (ask lifted),51.64,0.41,21.1724,0.41,-0,32.5332,54.7384,-22.2052,9400.42,0,0
3466,2026-07-12T03:49:00+00:00,2026-07-12,Will the U.S. invade Iran before 2027?,0x5db999fa,buy_yes,Bought YES (bid hit),115.674,0.19,21.978,0.185,-0.5,152.854,100.182,52.6728,9378.45,0,0
3467,2026-07-12T03:57:00+00:00,2026-07-12,Will the U.S. invade Iran before 2027?,0x5db999fa,sell_yes,Sold YES (ask lifted),103.28,0.17,17.5576,0.175,-0.5,49.5744,100.182,-50.6072,9396,0,0
3468,2026-07-12T07:55:00+00:00,2026-07-12,Will the U.S. invade Iran before 2027?,0x5db999fa,buy_yes,Bought YES (bid hit),103.28,0.17,17.5576,0.17,-0,152.854,100.182,52.6728,9378.45,0,0
3469,2026-07-12T08:09:00+00:00,2026-07-12,Clarity Act (H.R.3633) signed into law in 2026?,0x9cb23d04,buy_yes,Bought YES (bid hit),51.64,0.46,23.7544,0.455,-0.5,84.1732,54.7384,29.4348,9354.69,0,0
3470,2026-07-12T08:38:00+00:00,2026-07-12,Will the U.S. invade Iran before 2027?,0x5db999fa,sell_yes,Sold YES (ask lifted),103.28,0.17,17.5576,0.175,-0.5,49.5744,100.182,-50.6072,9372.25,0,0
3471,2026-07-12T08:42:00+00:00,2026-07-12,Will the U.S. invade Iran before 2027?,0x5db999fa,buy_yes,Bought YES (bid hit),106.378,0.17,18.0843,0.17,-0,155.953,100.182,55.7712,9354.16,0,0
3472,2026-07-12T10:50:00+00:00,2026-07-12,Will the U.S. invade Iran before 2027?,0x5db999fa,sell_yes,Sold YES (ask lifted),103.28,0.17,17.5576,0.175,-0.5,52.6728,100.182,-47.5088,9371.72,0,0
3473,2026-07-12T10:58:00+00:00,2026-07-12,Will the U.S. invade Iran before 2027?,0x5db999fa,buy_yes,Bought YES (bid hit),103.28,0.17,17.5576,0.17,-0,155.953,100.182,55.7712,9354.16,0,0
3474,2026-07-12T11:02:00+00:00,2026-07-12,Will the U.S. invade Iran before 2027?,0x5db999fa,sell_yes,Sold YES (ask lifted),103.28,0.17,17.5576,0.175,-0.5,52.6728,100.182,-47.5088,9371.72,0,0
3475,2026-07-12T11:11:00+00:00,2026-07-12,Will the U.S. invade Iran before 2027?,0x5db999fa,buy_yes,Bought YES (bid hit),103.28,0.17,17.5576,0.165,-0.5,155.953,100.182,55.7712,9354.16,0,0
3476,2026-07-12T15:46:00+00:00,2026-07-12,Will the U.S. invade Iran before 2027?,0x5db999fa,sell_yes,Sold YES (ask lifted),103.28,0.17,17.5576,0.175,-0.5,52.6728,100.182,-47.5088,9371.72,0,0
3477,2026-07-12T16:06:00+00:00,2026-07-12,Will the U.S. invade Iran before 2027?,0x5db999fa,buy_yes,Bought YES (bid hit),103.28,0.17,17.5576,0.165,-0.5,155.953,100.182,55.7712,9354.16,0,0
3478,2026-07-12T17:49:00+00:00,2026-07-12,Will the U.S. invade Iran before 2027?,0x5db999fa,sell_yes,Sold YES (ask lifted),103.28,0.17,17.5576,0.175,-0.5,52.6728,100.182,-47.5088,9371.72,0,0
3479,2026-07-12T18:44:00+00:00,2026-07-12,Will the U.S. invade Iran before 2027?,0x5db999fa,buy_yes,Bought YES (bid hit),106.378,0.17,18.0843,0.17,-0,159.051,100.182,58.8696,9353.64,0,0
3480,2026-07-12T18:57:00+00:00,2026-07-12,Clarity Act (H.R.3633) signed into law in 2026?,0x9cb23d04,sell_yes,Sold YES (ask lifted),51.64,0.45,23.238,0.455,-0.5,32.5332,54.7384,-22.2052,9376.88,0,0
3481,2026-07-12T19:05:00+00:00,2026-07-12,Will the U.S. invade Iran before 2027?,0x5db999fa,sell_yes,Sold YES (ask lifted),103.28,0.17,17.5576,0.175,-0.5,55.7712,100.182,-44.4104,9394.43,0,0
3482,2026-07-12T19:15:00+00:00,2026-07-12,Will the U.S. invade Iran before 2027?,0x5db999fa,buy_yes,Bought YES (bid hit),103.28,0.17,17.5576,0.165,-0.5,159.051,100.182,58.8696,9376.88,0,0
3483,2026-07-12T21:02:00+00:00,2026-07-12,Bab el-Mandeb Strait effectively closed by September 30?,0x95fc6a4e,sell_yes,Sold YES (ask lifted),103.28,0.15,15.492,0.16,-1,24.7872,112.575,-87.788,9392.37,0,0
3484,2026-07-12T21:29:00+00:00,2026-07-12,Clarity Act (H.R.3633) signed into law in 2026?,0x9cb23d04,buy_yes,Bought YES (bid hit),51.64,0.46,23.7544,0.46,-0,84.1732,54.7384,29.4348,9368.61,0,0
3485,2026-07-12T22:09:00+00:00,2026-07-12,Will the U.S. invade Iran before 2027?,0x5db999fa,sell_yes,Sold YES (ask lifted),103.28,0.17,17.5576,0.175,-0.5,55.7712,100.182,-44.4104,9386.17,0,0
3486,2026-07-12T22:24:00+00:00,2026-07-12,Will the U.S. invade Iran before 2027?,0x5db999fa,buy_yes,Bought YES (bid hit),106.378,0.17,18.0843,0.17,-0,162.15,100.182,61.968,9368.09,0,0
3487,2026-07-12T23:04:00+00:00,2026-07-12,Will the U.S. invade Iran before 2027?,0x5db999fa,sell_yes,Sold YES (ask lifted),103.28,0.17,17.5576,0.175,-0.5,58.8696,100.182,-41.312,9385.64,0,0
3488,2026-07-13T00:00:00+00:00,2026-07-13,Will the Sweden Democrats (SD) win the second most seats in the 2026 Swedish parliamentary election?,0x9e2966ab,buy_yes,Bought YES (bid hit),61.968,0.77,47.7154,0.415,-35.5,142.526,83.8303,58.6961,9405.5,0,0
3489,2026-07-13T00:00:00+00:00,2026-07-13,Will the Moderate Party (M) win the third most seats in the 2026 Swedish parliamentary election?,0xbbb881b0,buy_yes,Bought YES (bid hit),46.476,0.79,36.716,0.78,-1,64.2298,63.2074,1.02247,9368.79,0,0
3490,2026-07-13T00:07:00+00:00,2026-07-13,Bab el-Mandeb Strait effectively closed by September 30?,0x95fc6a4e,buy_yes,Bought YES (bid hit),106.378,0.19,20.2119,0.155,-3.5,131.166,112.575,18.5904,9348.57,0,0
3491,2026-07-13T01:27:00+00:00,2026-07-13,Bab el-Mandeb Strait effectively closed by September 30?,0x95fc6a4e,sell_yes,Sold YES (ask lifted),103.28,0.16,16.5248,0.165,-0.5,27.8856,112.575,-84.6896,9365.1,0,0
3492,2026-07-13T06:41:00+00:00,2026-07-13,Fed Rate Hike by October 2026 Meeting?,0x059db22d,sell_yes,Sold YES (ask lifted),103.28,0.57,58.8696,0.575,-0.5,38.4036,144.6,-106.197,9423.97,0,0
3493,2026-07-13T09:49:00+00:00,2026-07-13,Bab el-Mandeb Strait effectively closed by September 30?,0x95fc6a4e,buy_yes,Bought YES (bid hit),103.28,0.16,16.5248,0.14,-2,131.166,112.575,18.5904,9407.44,0,0
3494,2026-07-13T09:51:00+00:00,2026-07-13,Bab el-Mandeb Strait effectively closed by September 30?,0x95fc6a4e,sell_yes,Sold YES (ask lifted),103.28,0.15,15.492,0.15,-0,27.8856,112.575,-84.6896,9422.94,0,0
3495,2026-07-13T10:34:00+00:00,2026-07-13,Will the U.S. invade Iran before 2027?,0x5db999fa,buy_yes,Bought YES (bid hit),103.28,0.17,17.5576,0.165,-0.5,162.15,100.182,61.968,9405.38,0,0
3496,2026-07-13T10:42:00+00:00,2026-07-13,Clarity Act (H.R.3633) signed into law in 2026?,0x9cb23d04,sell_yes,Sold YES (ask lifted),51.64,0.45,23.238,0.455,-0.5,32.5332,54.7384,-22.2052,9428.62,0,0
3497,2026-07-13T10:54:00+00:00,2026-07-13,Will there be no change in Fed interest rates after the September 2026 meeting?,0xa3b36b2d,buy_yes,Bought YES (bid hit),103.28,0.55,56.804,0.545,-0.5,117.739,64.6533,53.0859,9371.81,0,0
3498,2026-07-13T11:42:00+00:00,2026-07-13,Bab el-Mandeb Strait effectively closed by September 30?,0x95fc6a4e,buy_yes,Bought YES (bid hit),103.28,0.17,17.5576,0.165,-0.5,131.166,112.575,18.5904,9354.25,0,0
3499,2026-07-13T12:00:00+00:00,2026-07-13,Will the U.S. invade Iran before 2027?,0x5db999fa,sell_yes,Sold YES (ask lifted),103.28,0.19,19.6232,0.195,-0.5,58.8696,100.182,-41.312,9373.88,0,0
3500,2026-07-13T12:04:00+00:00,2026-07-13,Will the U.S. invade Iran before 2027?,0x5db999fa,buy_yes,Bought YES (bid hit),103.28,0.19,19.6232,0.185,-0.5,162.15,100.182,61.968,9354.25,0,0
3501,2026-07-13T12:08:00+00:00,2026-07-13,Bab el-Mandeb Strait effectively closed by September 30?,0x95fc6a4e,sell_yes,Sold YES (ask lifted),103.28,0.15,15.492,0.155,-0.5,27.8856,112.575,-84.6896,9369.75,0,0
3502,2026-07-13T12:09:00+00:00,2026-07-13,Will the U.S. invade Iran before 2027?,0x5db999fa,sell_yes,Sold YES (ask lifted),103.28,0.19,19.6232,0.195,-0.5,58.8696,100.182,-41.312,9389.37,0,0
3503,2026-07-13T12:22:00+00:00,2026-07-13,Bab el-Mandeb Strait effectively closed by September 30?,0x95fc6a4e,buy_yes,Bought YES (bid hit),103.28,0.15,15.492,0.145,-0.5,131.166,112.575,18.5904,9373.88,0,0
3504,2026-07-13T12:28:00+00:00,2026-07-13,Bab el-Mandeb Strait effectively closed by September 30?,0x95fc6a4e,sell_yes,Sold YES (ask lifted),103.28,0.15,15.492,0.15,-0,27.8856,112.575,-84.6896,9389.37,0,0
3505,2026-07-13T12:36:00+00:00,2026-07-13,Will the U.S. invade Iran before 2027?,0x5db999fa,buy_yes,Bought YES (bid hit),103.28,0.19,19.6232,0.185,-0.5,162.15,100.182,61.968,9369.75,0,0
3506,2026-07-13T12:46:00+00:00,2026-07-13,Bab el-Mandeb Strait effectively closed by September 30?,0x95fc6a4e,buy_yes,Bought YES (bid hit),106.378,0.16,17.0205,0.145,-1.5,134.264,112.575,21.6888,9352.73,0,0
3507,2026-07-13T12:55:00+00:00,2026-07-13,Bab el-Mandeb Strait effectively closed by September 30?,0x95fc6a4e,sell_yes,Sold YES (ask lifted),106.378,0.15,15.9568,0.165,-1.5,27.8856,112.575,-84.6896,9368.68,0,0
3508,2026-07-13T13:06:00+00:00,2026-07-13,Will the U.S. invade Iran before 2027?,0x5db999fa,sell_yes,Sold YES (ask lifted),103.28,0.19,19.6232,0.195,-0.5,58.8696,100.182,-41.312,9388.31,0,0
3509,2026-07-13T13:23:00+00:00,2026-07-13,Clarity Act (H.R.3633) signed into law in 2026?,0x9cb23d04,buy_yes,Bought YES (bid hit),51.64,0.46,23.7544,0.44,-2,84.1732,54.7384,29.4348,9364.55,0,0
3510,2026-07-13T14:29:00+00:00,2026-07-13,Clarity Act (H.R.3633) signed into law in 2026?,0x9cb23d04,sell_yes,Sold YES (ask lifted),51.64,0.38,19.6232,0.385,-0.5,32.5332,54.7384,-22.2052,9384.18,0,0
3511,2026-07-13T14:39:00+00:00,2026-07-13,Iran leadership change by December 31?,0x377e7fe6,sell_yes,Sold YES (ask lifted),103.28,0.23,23.7544,0.24,-1,6.1968,103.28,-97.0832,9407.93,0,0
3512,2026-07-13T15:55:00+00:00,2026-07-13,Bab el-Mandeb Strait effectively closed by September 30?,0x95fc6a4e,buy_yes,Bought YES (bid hit),103.28,0.21,21.6888,0.205,-0.5,131.166,112.575,18.5904,9386.24,0,0
3513,2026-07-13T16:08:00+00:00,2026-07-13,Clarity Act (H.R.3633) signed into law in 2026?,0x9cb23d04,buy_yes,Bought YES (bid hit),91.9192,0.36,33.0909,0.335,-2.5,124.452,54.7384,69.714,9353.15,0,0
3514,2026-07-13T16:17:00+00:00,2026-07-13,Clarity Act (H.R.3633) signed into law in 2026?,0x9cb23d04,sell_yes,Sold YES (ask lifted),51.64,0.22,11.3608,0.24,-2,72.8124,54.7384,18.074,9364.51,0,0
3515,2026-07-13T16:33:00+00:00,2026-07-13,Clarity Act (H.R.3633) signed into law in 2026?,0x9cb23d04,sell_yes,Sold YES (ask lifted),60.9352,0.25,15.2338,0.285,-3.5,11.8772,54.7384,-42.8612,9379.74,0,0
3516,2026-07-13T16:51:00+00:00,2026-07-13,Clarity Act (H.R.3633) signed into law in 2026?,0x9cb23d04,buy_yes,Bought YES (bid hit),51.64,0.38,19.6232,0.365,-1.5,63.5172,54.7384,8.7788,9360.12,0,0
3517,2026-07-13T16:52:00+00:00,2026-07-13,Clarity Act (H.R.3633) signed into law in 2026?,0x9cb23d04,sell_yes,Sold YES (ask lifted),51.64,0.37,19.1068,0.395,-2.5,11.8772,54.7384,-42.8612,9379.23,0,0
3518,2026-07-13T16:58:00+00:00,2026-07-13,Fed Rate Hike by October 2026 Meeting?,0x059db22d,buy_yes,Bought YES (bid hit),106.378,0.69,73.4011,0.68,-1,144.782,144.6,0.181773,9305.83,0,0
3519,2026-07-13T17:14:00+00:00,2026-07-13,Bab el-Mandeb Strait effectively closed by September 30?,0x95fc6a4e,sell_yes,Sold YES (ask lifted),103.28,0.18,18.5904,0.19,-1,27.8856,112.575,-84.6896,9324.42,0,0
3520,2026-07-13T17:15:00+00:00,2026-07-13,Will there be no change in Fed interest rates after the September 2026 meeting?,0xa3b36b2d,sell_yes,Sold YES (ask lifted),103.28,0.45,46.476,0.455,-0.5,14.4592,64.6533,-50.1941,9370.89,0,0
3521,2026-07-13T17:16:00+00:00,2026-07-13,Will there be no change in Fed interest rates after the September 2026 meeting?,0xa3b36b2d,buy_yes,Bought YES (bid hit),103.28,0.45,46.476,0.445,-0.5,117.739,64.6533,53.0859,9324.42,0,0
3522,2026-07-13T17:23:00+00:00,2026-07-13,Will there be no change in Fed interest rates after the September 2026 meeting?,0xa3b36b2d,sell_yes,Sold YES (ask lifted),103.28,0.45,46.476,0.455,-0.5,14.4592,64.6533,-50.1941,9370.89,0,0
3523,2026-07-13T17:27:00+00:00,2026-07-13,Will there be no change in Fed interest rates after the September 2026 meeting?,0xa3b36b2d,buy_yes,Bought YES (bid hit),103.28,0.45,46.476,0.405,-4.5,117.739,64.6533,53.0859,9324.42,0,0
3524,2026-07-13T17:46:00+00:00,2026-07-13,Bab el-Mandeb Strait effectively closed by September 30?,0x95fc6a4e,buy_yes,Bought YES (bid hit),103.28,0.19,19.6232,0.185,-0.5,131.166,112.575,18.5904,9304.79,0,0
3525,2026-07-13T17:52:00+00:00,2026-07-13,Will there be no change in Fed interest rates after the September 2026 meeting?,0xa3b36b2d,sell_yes,Sold YES (ask lifted),106.378,0.43,45.7427,0.435,-0.5,11.3608,64.6533,-53.2925,9350.54,0,0
3526,2026-07-13T18:41:00+00:00,2026-07-13,Clarity Act (H.R.3633) signed into law in 2026?,0x9cb23d04,buy_yes,Bought YES (bid hit),51.64,0.39,20.1396,0.355,-3.5,63.5172,54.7384,8.7788,9330.4,0,0
3527,2026-07-13T18:48:00+00:00,2026-07-13,Will the U.S. invade Iran before 2027?,0x5db999fa,buy_yes,Bought YES (bid hit),103.28,0.21,21.6888,0.205,-0.5,162.15,100.182,61.968,9308.71,0,0
3528,2026-07-13T18:49:00+00:00,2026-07-13,Clarity Act (H.R.3633) signed into law in 2026?,0x9cb23d04,sell_yes,Sold YES (ask lifted),53.1892,0.36,19.1481,0.365,-0.5,10.328,54.7384,-44.4104,9327.86,0,0
3529,2026-07-13T18:52:00+00:00,2026-07-13,Will the U.S. invade Iran before 2027?,0x5db999fa,sell_yes,Sold YES (ask lifted),103.28,0.2,20.656,0.205,-0.5,58.8696,100.182,-41.312,9348.51,0,0
3530,2026-07-13T19:10:00+00:00,2026-07-13,Will the Fed increase interest rates by 25 bps after the September 2026 meeting?,0x876506d8,sell_yes,Sold YES (ask lifted),112.575,0.51,57.4134,0.52,-1,0,112.575,-112.575,9402.89,0,0
3531,2026-07-13T19:12:00+00:00,2026-07-13,Will there be no change in Fed interest rates after the September 2026 meeting?,0xa3b36b2d,buy_yes,Bought YES (bid hit),103.28,0.42,43.3776,0.415,-0.5,114.641,64.6533,49.9875,9359.51,0,0
3532,2026-07-13T19:14:00+00:00,2026-07-13,Will the U.S. invade Iran before 2027?,0x5db999fa,buy_yes,Bought YES (bid hit),103.28,0.22,22.7216,0.215,-0.5,162.15,100.182,61.968,9336.79,0,0
3533,2026-07-13T19:30:00+00:00,2026-07-13,Will the U.S. invade Iran before 2027?,0x5db999fa,sell_yes,Sold YES (ask lifted),103.28,0.22,22.7216,0.225,-0.5,58.8696,100.182,-41.312,9359.51,0,0
3534,2026-07-13T19:32:00+00:00,2026-07-13,Will the U.S. invade Iran before 2027?,0x5db999fa,buy_yes,Bought YES (bid hit),106.378,0.23,24.467,0.22,-1,165.248,100.182,65.0664,9335.04,0,0
3535,2026-07-13T19:35:00+00:00,2026-07-13,Bab el-Mandeb Strait effectively closed by September 30?,0x95fc6a4e,sell_yes,Sold YES (ask lifted),103.28,0.17,17.5576,0.18,-1,27.8856,112.575,-84.6896,9352.6,0,0
3536,2026-07-13T19:38:00+00:00,2026-07-13,Will the U.S. invade Iran before 2027?,0x5db999fa,sell_yes,Sold YES (ask lifted),103.28,0.22,22.7216,0.225,-0.5,61.968,100.182,-38.2136,9375.32,0,0
3537,2026-07-13T19:44:00+00:00,2026-07-13,Will the U.S. invade Iran before 2027?,0x5db999fa,buy_yes,Bought YES (bid hit),103.28,0.22,22.7216,0.195,-2.5,165.248,100.182,65.0664,9352.6,0,0
3538,2026-07-13T19:52:00+00:00,2026-07-13,Will there be no change in Fed interest rates after the September 2026 meeting?,0xa3b36b2d,sell_yes,Sold YES (ask lifted),103.28,0.34,35.1152,0.35,-1,11.3608,64.6533,-53.2925,9387.72,0,0
3539,2026-07-13T20:03:00+00:00,2026-07-13,Fed Rate Hike by October 2026 Meeting?,0x059db22d,sell_yes,Sold YES (ask lifted),103.28,0.67,69.1976,0.68,-1,41.502,144.6,-103.098,9456.92,0,0
3540,2026-07-13T20:10:00+00:00,2026-07-13,Will the Fed increase interest rates by 25 bps after the September 2026 meeting?,0x876506d8,buy_yes,Bought YES (bid hit),128.067,0.56,71.7176,0.555,-0.5,128.067,112.575,15.492,9385.2,0,0
3541,2026-07-13T20:15:00+00:00,2026-07-13,Bab el-Mandeb Strait effectively closed by September 30?,0x95fc6a4e,buy_yes,Bought YES (bid hit),103.28,0.17,17.5576,0.17,-0,131.166,112.575,18.5904,9367.64,0,0
3542,2026-07-13T20:26:00+00:00,2026-07-13,Will the Fed increase interest rates by 25 bps after the September 2026 meeting?,0x876506d8,sell_yes,Sold YES (ask lifted),50.7972,0.52,26.4146,0.53,-1,77.27,112.575,-35.3052,9394.05,0,0
3543,2026-07-13T20:26:00+00:00,2026-07-13,Bab el-Mandeb Strait effectively closed by September 30?,0x95fc6a4e,sell_yes,Sold YES (ask lifted),106.378,0.17,18.0843,0.18,-1,24.7872,112.575,-87.788,9412.14,0,0
3544,2026-07-13T21:01:00+00:00,2026-07-13,Bab el-Mandeb Strait effectively closed by September 30?,0x95fc6a4e,buy_yes,Bought YES (bid hit),103.28,0.18,18.5904,0.175,-0.5,128.067,112.575,15.492,9393.55,0,0
3545,2026-07-13T21:22:00+00:00,2026-07-13,Will there be no change in Fed interest rates after the September 2026 meeting?,0xa3b36b2d,buy_yes,Bought YES (bid hit),103.28,0.43,44.4104,0.425,-0.5,114.641,64.6533,49.9875,9349.14,0,0
3546,2026-07-13T21:52:00+00:00,2026-07-13,Clarity Act (H.R.3633) signed into law in 2026?,0x9cb23d04,buy_yes,Bought YES (bid hit),57.8368,0.39,22.5564,0.385,-0.5,68.1648,54.7384,13.4264,9326.58,0,0
3547,2026-07-14T00:06:00+00:00,2026-07-14,Will the Fed increase interest rates by 25 bps after the September 2026 meeting?,0x876506d8,buy_yes,Bought YES (bid hit),103.28,0.5,51.64,0.495,-0.5,180.55,112.575,67.9748,9324.23,0,0
3548,2026-07-14T00:10:00+00:00,2026-07-14,Fed Rate Hike by October 2026 Meeting?,0x059db22d,buy_yes,Bought YES (bid hit),106.378,0.67,71.2735,0.66,-1,147.88,144.6,3.28017,9252.95,0,0
3549,2026-07-14T00:10:00+00:00,2026-07-14,Clarity Act (H.R.3633) signed into law in 2026?,0x9cb23d04,sell_yes,Sold YES (ask lifted),56.2876,0.37,20.8264,0.375,-0.5,11.8772,54.7384,-42.8612,9273.78,0,0
3550,2026-07-14T00:58:00+00:00,2026-07-14,Will the Fed increase interest rates by 25 bps after the September 2026 meeting?,0x876506d8,sell_yes,Sold YES (ask lifted),103.28,0.5,51.64,0.525,-2.5,77.27,112.575,-35.3052,9325.42,0,0
3551,2026-07-14T02:26:00+00:00,2026-07-14,Clarity Act (H.R.3633) signed into law in 2026?,0x9cb23d04,buy_yes,Bought YES (bid hit),54.7384,0.39,21.348,0.365,-2.5,66.6156,54.7384,11.8772,9304.07,0,0
3552,2026-07-14T02:41:00+00:00,2026-07-14,Clarity Act (H.R.3633) signed into law in 2026?,0x9cb23d04,sell_yes,Sold YES (ask lifted),51.64,0.35,18.074,0.36,-1,14.9756,54.7384,-39.7628,9322.15,0,0
3553,2026-07-14T03:20:00+00:00,2026-07-14,Clarity Act (H.R.3633) signed into law in 2026?,0x9cb23d04,buy_yes,Bought YES (bid hit),51.64,0.37,19.1068,0.365,-0.5,66.6156,54.7384,11.8772,9303.04,0,0
3554,2026-07-14T03:57:00+00:00,2026-07-14,Clarity Act (H.R.3633) signed into law in 2026?,0x9cb23d04,sell_yes,Sold YES (ask lifted),51.64,0.37,19.1068,0.375,-0.5,14.9756,54.7384,-39.7628,9322.15,0,0
3555,2026-07-14T05:10:00+00:00,2026-07-14,Iran leadership change by December 31?,0x377e7fe6,buy_yes,Bought YES (bid hit),103.28,0.24,24.7872,0.235,-0.5,109.477,103.28,6.1968,9297.36,0,0
3556,2026-07-14T05:22:00+00:00,2026-07-14,Will the U.S. invade Iran before 2027?,0x5db999fa,sell_yes,Sold YES (ask lifted),103.28,0.19,19.6232,0.195,-0.5,61.968,100.182,-38.2136,9316.98,0,0
3557,2026-07-14T05:41:00+00:00,2026-07-14,Will the Fed increase interest rates by 25 bps after the September 2026 meeting?,0x876506d8,buy_yes,Bought YES (bid hit),112.575,0.53,59.6649,0.525,-0.5,189.845,112.575,77.27,9257.32,0,0
3558,2026-07-14T06:00:00+00:00,2026-07-14,Will there be no change in Fed interest rates after the September 2026 meeting?,0xa3b36b2d,sell_yes,Sold YES (ask lifted),106.378,0.42,44.6789,0.425,-0.5,8.2624,64.6533,-56.3909,9302,0,0
3559,2026-07-14T06:08:00+00:00,2026-07-14,Will the U.S. invade Iran before 2027?,0x5db999fa,buy_yes,Bought YES (bid hit),103.28,0.19,19.6232,0.185,-0.5,165.248,100.182,65.0664,9282.37,0,0
3560,2026-07-14T08:00:00+00:00,2026-07-14,Clarity Act (H.R.3633) signed into law in 2026?,0x9cb23d04,buy_yes,Bought YES (bid hit),51.64,0.38,19.6232,0.375,-0.5,66.6156,54.7384,11.8772,9262.75,0,0
3561,2026-07-14T08:13:00+00:00,2026-07-14,Will the Fed increase interest rates by 25 bps after the September 2026 meeting?,0x876506d8,sell_yes,Sold YES (ask lifted),103.28,0.52,53.7056,0.525,-0.5,86.5652,112.575,-26.01,9316.46,0,0
3562,2026-07-14T10:12:00+00:00,2026-07-14,Will the U.S. invade Iran before 2027?,0x5db999fa,sell_yes,Sold YES (ask lifted),103.28,0.19,19.6232,0.195,-0.5,61.968,100.182,-38.2136,9336.08,0,0
3563,2026-07-14T10:49:00+00:00,2026-07-14,Clarity Act (H.R.3633) signed into law in 2026?,0x9cb23d04,sell_yes,Sold YES (ask lifted),51.64,0.33,17.0412,0.335,-0.5,14.9756,54.7384,-39.7628,9353.12,0,0
3564,2026-07-14T12:30:00+00:00,2026-07-14,Will the Fed increase interest rates by 25 bps after the September 2026 meeting?,0x876506d8,buy_yes,Bought YES (bid hit),140.461,0.52,73.0396,0.495,-2.5,227.026,112.575,114.451,9280.08,0,0
3565,2026-07-14T12:34:00+00:00,2026-07-14,Will there be no change in Fed interest rates after the September 2026 meeting?,0xa3b36b2d,buy_yes,Bought YES (bid hit),103.28,0.53,54.7384,0.525,-0.5,111.542,64.6533,46.8891,9225.34,0,0
3566,2026-07-14T12:35:00+00:00,2026-07-14,Fed Rate Hike by October 2026 Meeting?,0x059db22d,buy_yes,Bought YES (bid hit),115.674,0.58,67.0907,0.565,-1.5,263.554,144.6,118.954,9158.25,0,0
3567,2026-07-14T12:35:00+00:00,2026-07-14,Will the Fed increase interest rates by 25 bps after the October 2026 meeting?,0x12aa13b3,sell_yes,Sold YES (ask lifted),51.64,0.21,10.8444,0.21,-0,0,51.64,-51.64,9128.3,0,0
3568,2026-07-14T12:38:00+00:00,2026-07-14,Clarity Act (H.R.3633) signed into law in 2026?,0x9cb23d04,buy_yes,Bought YES (bid hit),51.64,0.34,17.5576,0.34,-0,66.6156,54.7384,11.8772,9110.74,0,0
3569,2026-07-14T12:39:00+00:00,2026-07-14,Will there be no change in Fed interest rates after the September 2026 meeting?,0xa3b36b2d,sell_yes,Sold YES (ask lifted),106.378,0.53,56.3806,0.535,-0.5,5.164,64.6533,-59.4893,9167.12,0,0
3570,2026-07-14T12:40:00+00:00,2026-07-14,Will the Fed increase interest rates by 25 bps after the September 2026 meeting?,0x876506d8,sell_yes,Sold YES (ask lifted),106.378,0.41,43.6151,0.415,-0.5,120.648,112.575,8.07236,9210.74,0,0
3571,2026-07-14T12:47:00+00:00,2026-07-14,Will there be no change in Fed interest rates after the September 2026 meeting?,0xa3b36b2d,buy_yes,Bought YES (bid hit),103.28,0.53,54.7384,0.525,-0.5,108.444,64.6533,43.7907,9156,0,0
3572,2026-07-14T12:51:00+00:00,2026-07-14,Will the Fed increase interest rates by 25 bps after the September 2026 meeting?,0x876506d8,sell_yes,Sold YES (ask lifted),103.28,0.43,44.4104,0.435,-0.5,17.3676,112.575,-95.2076,9200.41,0,0
3573,2026-07-14T12:51:00+00:00,2026-07-14,Will there be no change in Fed interest rates after the October 2026 meeting?,0xdf9bf27e,buy_yes,Bought YES (bid hit),53.1892,0.62,32.9773,0.615,-0.5,53.1892,0,53.1892,9167.43,0,0
3574,2026-07-14T13:02:00+00:00,2026-07-14,Will there be no change in Fed interest rates after the September 2026 meeting?,0xa3b36b2d,sell_yes,Sold YES (ask lifted),103.28,0.53,54.7384,0.535,-0.5,5.164,64.6533,-59.4893,9222.17,0,0
3575,2026-07-14T13:40:00+00:00,2026-07-14,Will the Fed increase interest rates by 25 bps after the September 2026 meeting?,0x876506d8,buy_yes,Bought YES (bid hit),115.674,0.42,48.5829,0.415,-0.5,133.041,112.575,20.466,9173.59,0,0
3576,2026-07-14T13:52:00+00:00,2026-07-14,Bab el-Mandeb Strait effectively closed by September 30?,0x95fc6a4e,sell_yes,Sold YES (ask lifted),103.28,0.17,17.5576,0.175,-0.5,24.7872,112.575,-87.788,9191.15,0,0
3577,2026-07-14T14:00:00+00:00,2026-07-14,Will the Fed increase interest rates by 25 bps after the September 2026 meeting?,0x876506d8,sell_yes,Sold YES (ask lifted),103.28,0.37,38.2136,0.375,-0.5,29.7612,112.575,-82.814,9229.36,0,0
3578,2026-07-14T14:00:00+00:00,2026-07-14,Will there be no change in Fed interest rates after the September 2026 meeting?,0xa3b36b2d,buy_yes,Bought YES (bid hit),103.28,0.59,60.9352,0.585,-0.5,108.444,64.6533,43.7907,9168.42,0,0
3579,2026-07-14T14:04:00+00:00,2026-07-14,Clarity Act (H.R.3633) signed into law in 2026?,0x9cb23d04,sell_yes,Sold YES (ask lifted),54.7384,0.35,19.1584,0.36,-1,11.8772,54.7384,-42.8612,9187.58,0,0
3580,2026-07-14T14:05:00+00:00,2026-07-14,Bab el-Mandeb Strait effectively closed by September 30?,0x95fc6a4e,buy_yes,Bought YES (bid hit),106.378,0.17,18.0843,0.17,-0,131.166,112.575,18.5904,9169.5,0,0
3581,2026-07-14T14:08:00+00:00,2026-07-14,Will the Fed increase interest rates by 25 bps after the September 2026 meeting?,0x876506d8,buy_yes,Bought YES (bid hit),103.28,0.37,38.2136,0.365,-0.5,133.041,112.575,20.466,9131.29,0,0
3582,2026-07-14T14:08:00+00:00,2026-07-14,Will there be no change in Fed interest rates after the September 2026 meeting?,0xa3b36b2d,sell_yes,Sold YES (ask lifted),103.28,0.59,60.9352,0.595,-0.5,5.164,64.6533,-59.4893,9192.22,0,0
3583,2026-07-14T14:31:00+00:00,2026-07-14,Will the Fed increase interest rates by 25 bps after the September 2026 meeting?,0x876506d8,sell_yes,Sold YES (ask lifted),103.28,0.34,35.1152,0.36,-2,29.7612,112.575,-82.814,9227.34,0,0
3584,2026-07-14T14:31:00+00:00,2026-07-14,Will there be no change in Fed interest rates after the September 2026 meeting?,0xa3b36b2d,buy_yes,Bought YES (bid hit),103.28,0.61,63.0008,0.6,-1,108.444,64.6533,43.7907,9164.33,0,0
3585,2026-07-14T14:34:00+00:00,2026-07-14,Will there be no change in Fed interest rates after the September 2026 meeting?,0xa3b36b2d,sell_yes,Sold YES (ask lifted),103.28,0.6,61.968,0.605,-0.5,5.164,64.6533,-59.4893,9226.3,0,0
3586,2026-07-14T14:35:00+00:00,2026-07-14,Will the Fed increase interest rates by 25 bps after the September 2026 meeting?,0x876506d8,buy_yes,Bought YES (bid hit),103.28,0.35,36.148,0.335,-1.5,133.041,112.575,20.466,9190.15,0,0
3587,2026-07-14T14:36:00+00:00,2026-07-14,Will the Fed increase interest rates by 25 bps after the September 2026 meeting?,0x876506d8,sell_yes,Sold YES (ask lifted),109.477,0.34,37.2221,0.345,-0.5,23.5644,112.575,-89.0108,9227.38,0,0
3588,2026-07-14T14:38:00+00:00,2026-07-14,Will there be no change in Fed interest rates after the September 2026 meeting?,0xa3b36b2d,buy_yes,Bought YES (bid hit),103.28,0.61,63.0008,0.605,-0.5,108.444,64.6533,43.7907,9164.38,0,0
3589,2026-07-14T17:00:00+00:00,2026-07-14,Will there be no change in Fed interest rates after the September 2026 meeting?,0xa3b36b2d,sell_yes,Sold YES (ask lifted),103.28,0.56,57.8368,0.565,-0.5,5.164,64.6533,-59.4893,9222.21,0,0
3590,2026-07-14T17:36:00+00:00,2026-07-14,Clarity Act (H.R.3633) signed into law in 2026?,0x9cb23d04,buy_yes,Bought YES (bid hit),51.64,0.37,19.1068,0.365,-0.5,63.5172,54.7384,8.7788,9203.11,0,0
3591,2026-07-14T18:32:00+00:00,2026-07-14,Clarity Act (H.R.3633) signed into law in 2026?,0x9cb23d04,sell_yes,Sold YES (ask lifted),51.64,0.37,19.1068,0.385,-1.5,11.8772,54.7384,-42.8612,9222.21,0,0
3592,2026-07-14T22:05:00+00:00,2026-07-14,Clarity Act (H.R.3633) signed into law in 2026?,0x9cb23d04,buy_yes,Bought YES (bid hit),51.64,0.37,19.1068,0.365,-0.5,63.5172,54.7384,8.7788,9203.11,0,0
3593,2026-07-14T22:08:00+00:00,2026-07-14,Clarity Act (H.R.3633) signed into law in 2026?,0x9cb23d04,sell_yes,Sold YES (ask lifted),51.64,0.37,19.1068,0.38,-1,11.8772,54.7384,-42.8612,9222.21,0,0
3594,2026-07-14T23:30:00+00:00,2026-07-14,Clarity Act (H.R.3633) signed into law in 2026?,0x9cb23d04,buy_yes,Bought YES (bid hit),51.64,0.37,19.1068,0.365,-0.5,63.5172,54.7384,8.7788,9203.11,0,0
3595,2026-07-15T00:01:00+00:00,2026-07-15,Bab el-Mandeb Strait effectively closed by September 30?,0x95fc6a4e,sell_yes,Sold YES (ask lifted),103.28,0.16,16.5248,0.36,-20,27.8856,112.575,-84.6896,9277.16,0,0
3596,2026-07-15T05:53:00+00:00,2026-07-15,Will the U.S. invade Iran before 2027?,0x5db999fa,buy_yes,Bought YES (bid hit),103.28,0.19,19.6232,0.185,-0.5,165.248,100.182,65.0664,9257.54,0,0
3597,2026-07-15T07:44:00+00:00,2026-07-15,Clarity Act (H.R.3633) signed into law in 2026?,0x9cb23d04,sell_yes,Sold YES (ask lifted),51.64,0.37,19.1068,0.375,-0.5,11.8772,54.7384,-42.8612,9276.65,0,0
3598,2026-07-15T10:01:00+00:00,2026-07-15,Will Spider-Man: Brand New Day be the top grossing movie of 2026?,0xc4b07998,buy_yes,Bought YES (bid hit),32.7914,0.69,22.6261,0.68,-1,58.6114,28.1438,30.4676,9254.02,0,0
3599,2026-07-15T10:59:00+00:00,2026-07-15,Will the Fed increase interest rates by 25 bps after the September 2026 meeting?,0x876506d8,buy_yes,Bought YES (bid hit),103.28,0.36,37.1808,0.345,-1.5,126.844,112.575,14.2692,9216.84,0,0
3600,2026-07-15T11:31:00+00:00,2026-07-15,Will the Fed increase interest rates by 25 bps after the September 2026 meeting?,0x876506d8,sell_yes,Sold YES (ask lifted),103.28,0.35,36.148,0.355,-0.5,23.5644,112.575,-89.0108,9252.99,0,0
3601,2026-07-15T11:31:00+00:00,2026-07-15,Will there be no change in Fed interest rates after the September 2026 meeting?,0xa3b36b2d,buy_yes,Bought YES (bid hit),103.28,0.61,63.0008,0.605,-0.5,108.444,64.6533,43.7907,9189.99,0,0
3602,2026-07-15T11:57:00+00:00,2026-07-15,Will Spider-Man: Brand New Day be the top grossing movie of 2026?,0xc4b07998,sell_yes,Sold YES (ask lifted),28.9184,0.59,17.0619,0.62,-3,29.693,28.1438,1.5492,9207.05,0,0
3603,2026-07-15T12:09:00+00:00,2026-07-15,Bab el-Mandeb Strait effectively closed by September 30?,0x95fc6a4e,buy_yes,Bought YES (bid hit),103.28,0.15,15.492,0.145,-0.5,131.166,112.575,18.5904,9191.56,0,0
3604,2026-07-15T12:32:00+00:00,2026-07-15,Will the Fed increase interest rates by 25 bps after the September 2026 meeting?,0x876506d8,buy_yes,Bought YES (bid hit),112.575,0.35,39.4013,0.34,-1,136.14,112.575,23.5644,9152.15,0,0
3605,2026-07-15T12:32:00+00:00,2026-07-15,Will there be no change in Fed interest rates after the October 2026 meeting?,0xdf9bf27e,sell_yes,Sold YES (ask lifted),51.64,0.59,30.4676,0.595,-0.5,1.5492,0,1.5492,9182.62,0,0
3606,2026-07-15T12:43:00+00:00,2026-07-15,Will there be no change in Fed interest rates after the September 2026 meeting?,0xa3b36b2d,sell_yes,Sold YES (ask lifted),103.28,0.61,63.0008,0.615,-0.5,5.164,64.6533,-59.4893,9245.62,0,0
3607,2026-07-15T12:59:00+00:00,2026-07-15,Bab el-Mandeb Strait effectively closed by September 30?,0x95fc6a4e,sell_yes,Sold YES (ask lifted),103.28,0.15,15.492,0.15,-0,27.8856,112.575,-84.6896,9261.12,0,0
3608,2026-07-15T13:04:00+00:00,2026-07-15,Bab el-Mandeb Strait effectively closed by September 30?,0x95fc6a4e,buy_yes,Bought YES (bid hit),103.28,0.15,15.492,0.145,-0.5,131.166,112.575,18.5904,9245.62,0,0
3609,2026-07-15T13:16:00+00:00,2026-07-15,Fed Rate Hike by October 2026 Meeting?,0x059db22d,sell_yes,Sold YES (ask lifted),103.28,0.46,47.5088,0.465,-0.5,160.274,144.6,15.6738,9293.13,0,0
3610,2026-07-15T13:43:00+00:00,2026-07-15,Will Spider-Man: Brand New Day be the top grossing movie of 2026?,0xc4b07998,buy_yes,Bought YES (bid hit),25.82,0.66,17.0412,0.65,-1,55.513,28.1438,27.3692,9276.09,0,0
3611,2026-07-15T15:26:00+00:00,2026-07-15,Will Spider-Man: Brand New Day be the top grossing movie of 2026?,0xc4b07998,sell_yes,Sold YES (ask lifted),26.5946,0.71,18.8822,0.715,-0.5,28.9184,28.1438,0.7746,9294.97,0,0
3612,2026-07-15T16:01:00+00:00,2026-07-15,Will the Fed increase interest rates by 25 bps after the September 2026 meeting?,0x876506d8,sell_yes,Sold YES (ask lifted),103.28,0.29,29.9512,0.295,-0.5,32.8596,112.575,-79.7156,9324.92,0,0
3613,2026-07-15T16:03:00+00:00,2026-07-15,Will the Fed increase interest rates by 25 bps after the September 2026 meeting?,0x876506d8,buy_yes,Bought YES (bid hit),103.28,0.29,29.9512,0.255,-3.5,136.14,112.575,23.5644,9294.97,0,0
3614,2026-07-15T16:11:00+00:00,2026-07-15,Will there be no change in Fed interest rates after the September 2026 meeting?,0xa3b36b2d,buy_yes,Bought YES (bid hit),109.477,0.7,76.6338,0.695,-0.5,114.641,64.6533,49.9875,9218.34,0,0
3615,2026-07-15T16:33:00+00:00,2026-07-15,Bab el-Mandeb Strait effectively closed by September 30?,0x95fc6a4e,sell_yes,Sold YES (ask lifted),103.28,0.15,15.492,0.155,-0.5,27.8856,112.575,-84.6896,9233.83,0,0
3616,2026-07-15T16:38:00+00:00,2026-07-15,Will the Fed increase interest rates by 25 bps after the September 2026 meeting?,0x876506d8,sell_yes,Sold YES (ask lifted),103.28,0.27,27.8856,0.275,-0.5,32.8596,112.575,-79.7156,9261.72,0,0
3617,2026-07-15T18:28:00+00:00,2026-07-15,Will the U.S. invade Iran before 2027?,0x5db999fa,sell_yes,Sold YES (ask lifted),103.28,0.17,17.5576,0.175,-0.5,61.968,100.182,-38.2136,9279.27,0,0
3618,2026-07-15T18:29:00+00:00,2026-07-15,Clarity Act (H.R.3633) signed into law in 2026?,0x9cb23d04,buy_yes,Bought YES (bid hit),51.64,0.39,20.1396,0.375,-1.5,63.5172,54.7384,8.7788,9259.13,0,0
3619,2026-07-15T18:57:00+00:00,2026-07-15,Will the U.S. invade Iran before 2027?,0x5db999fa,buy_yes,Bought YES (bid hit),103.28,0.17,17.5576,0.165,-0.5,165.248,100.182,65.0664,9241.58,0,0
3620,2026-07-15T19:33:00+00:00,2026-07-15,Will the U.S. invade Iran before 2027?,0x5db999fa,sell_yes,Sold YES (ask lifted),109.477,0.17,18.6111,0.205,-3.5,55.7712,100.182,-44.4104,9260.19,0,0
3621,2026-07-15T19:39:00+00:00,2026-07-15,Will the U.S. invade Iran before 2027?,0x5db999fa,buy_yes,Bought YES (bid hit),103.28,0.21,21.6888,0.205,-0.5,159.051,100.182,58.8696,9238.5,0,0
3622,2026-07-15T19:41:00+00:00,2026-07-15,Will the U.S. invade Iran before 2027?,0x5db999fa,sell_yes,Sold YES (ask lifted),103.28,0.2,20.656,0.205,-0.5,55.7712,100.182,-44.4104,9259.16,0,0
3623,2026-07-15T19:45:00+00:00,2026-07-15,Will the U.S. invade Iran before 2027?,0x5db999fa,buy_yes,Bought YES (bid hit),103.28,0.2,20.656,0.195,-0.5,159.051,100.182,58.8696,9238.5,0,0
3624,2026-07-15T20:17:00+00:00,2026-07-15,Will Harry Kane win the 2026 Ballon d'Or?,0x12dc2b61,sell_yes,Sold YES (ask lifted),26.827,0.49,13.1452,0.5785,-8.85,24.813,50.4006,-25.5876,9251.64,0,0
3625,2026-07-15T20:23:00+00:00,2026-07-15,Will Harry Kane win the 2026 Ballon d'Or?,0x12dc2b61,buy_yes,Bought YES (bid hit),25.82,0.56,14.4592,0.5445,-1.55,50.633,50.4006,0.23238,9237.19,0,0
3626,2026-07-15T20:33:00+00:00,2026-07-15,Clarity Act (H.R.3633) signed into law in 2026?,0x9cb23d04,sell_yes,Sold YES (ask lifted),51.64,0.38,19.6232,0.39,-1,11.8772,54.7384,-42.8612,9256.81,0,0
3627,2026-07-15T20:40:00+00:00,2026-07-15,Will the U.S. invade Iran before 2027?,0x5db999fa,sell_yes,Sold YES (ask lifted),109.477,0.2,21.8954,0.205,-0.5,49.5744,100.182,-50.6072,9278.7,0,0
3628,2026-07-15T20:57:00+00:00,2026-07-15,Will Harry Kane win the 2026 Ballon d'Or?,0x12dc2b61,sell_yes,Sold YES (ask lifted),25.82,0.27,6.9714,0.2735,-0.35,24.813,50.4006,-25.5876,9285.68,0,0
3629,2026-07-15T20:58:00+00:00,2026-07-15,Will Harry Kane win the 2026 Ballon d'Or?,0x12dc2b61,buy_yes,Bought YES (bid hit),17.0482,0.23,3.9211,0.228,-0.2,41.8612,50.4006,-8.5394,9281.75,0,0
3630,2026-07-15T21:01:00+00:00,2026-07-15,Will Harry Kane win the 2026 Ballon d'Or?,0x12dc2b61,buy_yes,Bought YES (bid hit),13.4181,0.17,2.2811,0.1565,-1.35,55.2794,50.4006,4.87874,9279.47,0,0
3631,2026-07-15T21:10:00+00:00,2026-07-15,Will the U.S. invade Iran before 2027?,0x5db999fa,buy_yes,Bought YES (bid hit),103.28,0.21,21.6888,0.205,-0.5,152.854,100.182,52.6728,9257.78,0,0
3632,2026-07-15T21:37:00+00:00,2026-07-15,Will the U.S. invade Iran before 2027?,0x5db999fa,sell_yes,Sold YES (ask lifted),106.378,0.21,22.3395,0.21,-0,46.476,100.182,-53.7056,9280.12,0,0
3633,2026-07-15T22:14:00+00:00,2026-07-15,Will the U.S. invade Iran before 2027?,0x5db999fa,buy_yes,Bought YES (bid hit),103.28,0.22,22.7216,0.215,-0.5,149.756,100.182,49.5744,9257.4,0,0
3634,2026-07-15T22:20:00+00:00,2026-07-15,Will the U.S. invade Iran before 2027?,0x5db999fa,sell_yes,Sold YES (ask lifted),103.28,0.22,22.7216,0.225,-0.5,46.476,100.182,-53.7056,9280.12,0,0
3635,2026-07-15T22:54:00+00:00,2026-07-15,Will the U.S. invade Iran before 2027?,0x5db999fa,buy_yes,Bought YES (bid hit),103.28,0.22,22.7216,0.215,-0.5,149.756,100.182,49.5744,9257.4,0,0
3636,2026-07-15T22:59:00+00:00,2026-07-15,Will the U.S. invade Iran before 2027?,0x5db999fa,sell_yes,Sold YES (ask lifted),103.28,0.21,21.6888,0.215,-0.5,46.476,100.182,-53.7056,9279.09,0,0
3637,2026-07-16T00:00:00+00:00,2026-07-16,Iran leadership change by December 31?,0x377e7fe6,sell_yes,Sold YES (ask lifted),103.28,0.23,23.7544,0.375,-14.5,6.1968,103.28,-97.0832,9358.38,0,0
3638,2026-07-16T00:01:00+00:00,2026-07-16,Will Harry Kane win the 2026 Ballon d'Or?,0x12dc2b61,sell_yes,Sold YES (ask lifted),25.82,0.19,4.9058,0.199,-0.9,29.4594,50.4006,-20.9413,9363.29,0,0
3639,2026-07-16T00:03:00+00:00,2026-07-16,Will Harry Kane win the 2026 Ballon d'Or?,0x12dc2b61,buy_yes,Bought YES (bid hit),26.827,0.18,4.8289,0.169,-1.1,56.2864,50.4006,5.88572,9358.46,0,0
3640,2026-07-16T00:03:00+00:00,2026-07-16,Iran leadership change by December 31?,0x377e7fe6,buy_yes,Bought YES (bid hit),103.28,0.37,38.2136,0.2,-17,109.477,103.28,6.1968,9320.24,0,0
3641,2026-07-16T00:14:00+00:00,2026-07-16,Will the U.S. invade Iran before 2027?,0x5db999fa,buy_yes,Bought YES (bid hit),103.28,0.21,21.6888,0.205,-0.5,149.756,100.182,49.5744,9298.55,0,0
3642,2026-07-16T00:17:00+00:00,2026-07-16,Will the U.S. invade Iran before 2027?,0x5db999fa,sell_yes,Sold YES (ask lifted),103.28,0.21,21.6888,0.215,-0.5,46.476,100.182,-53.7056,9320.24,0,0
3643,2026-07-16T01:05:00+00:00,2026-07-16,Will the U.S. invade Iran before 2027?,0x5db999fa,buy_yes,Bought YES (bid hit),103.28,0.23,23.7544,0.23,-0,149.756,100.182,49.5744,9296.49,0,0
3644,2026-07-16T01:08:00+00:00,2026-07-16,Will the U.S. invade Iran before 2027?,0x5db999fa,sell_yes,Sold YES (ask lifted),103.28,0.23,23.7544,0.235,-0.5,46.476,100.182,-53.7056,9320.24,0,0
3645,2026-07-16T01:18:00+00:00,2026-07-16,Will the U.S. invade Iran before 2027?,0x5db999fa,buy_yes,Bought YES (bid hit),103.28,0.25,25.82,0.245,-0.5,149.756,100.182,49.5744,9294.42,0,0
3646,2026-07-16T01:21:00+00:00,2026-07-16,Will the U.S. invade Iran before 2027?,0x5db999fa,sell_yes,Sold YES (ask lifted),103.28,0.25,25.82,0.255,-0.5,46.476,100.182,-53.7056,9320.24,0,0
3647,2026-07-16T01:31:00+00:00,2026-07-16,Will the U.S. invade Iran before 2027?,0x5db999fa,buy_yes,Bought YES (bid hit),103.28,0.25,25.82,0.245,-0.5,149.756,100.182,49.5744,9294.42,0,0
3648,2026-07-16T04:07:00+00:00,2026-07-16,Bab el-Mandeb Strait effectively closed by September 30?,0x95fc6a4e,buy_yes,Bought YES (bid hit),103.28,0.17,17.5576,0.17,-0,131.166,112.575,18.5904,9276.86,0,0
3649,2026-07-16T04:31:00+00:00,2026-07-16,Will the Fed increase interest rates by 25 bps after the September 2026 meeting?,0x876506d8,buy_yes,Bought YES (bid hit),103.28,0.3,30.984,0.295,-0.5,136.14,112.575,23.5644,9245.88,0,0
3650,2026-07-16T04:31:00+00:00,2026-07-16,Will there be no change in Fed interest rates after the September 2026 meeting?,0xa3b36b2d,sell_yes,Sold YES (ask lifted),103.28,0.65,67.132,0.655,-0.5,11.3608,64.6533,-53.2925,9313.01,0,0
3651,2026-07-16T05:17:00+00:00,2026-07-16,Clarity Act (H.R.3633) signed into law in 2026?,0x9cb23d04,buy_yes,Bought YES (bid hit),53.1892,0.38,20.2119,0.37,-1,65.0664,54.7384,10.328,9292.8,0,0
3652,2026-07-16T05:44:00+00:00,2026-07-16,Will Kate O’Flynn – “Widow’s Bay” win Emmys 2026: Outstanding supporting actress in a comedy series?,0x9b9a651f,sell_yes,Sold YES (ask lifted),54.8933,0.53,29.0935,0.558,-2.8,0,54.8933,-54.8933,9296.09,0,0
3653,2026-07-16T08:25:00+00:00,2026-07-16,Will Katherine LaNasa – “The Pitt” win Emmys 2026: Outstanding supporting actress in a drama series?,0xc46b0990,sell_yes,Sold YES (ask lifted),53.1892,0.73,38.8281,0.735,-0.5,0,53.1892,-53.1892,9320.56,0,0
3654,2026-07-16T08:37:00+00:00,2026-07-16,Will the U.S. invade Iran before 2027?,0x5db999fa,sell_yes,Sold YES (ask lifted),103.28,0.24,24.7872,0.245,-0.5,46.476,100.182,-53.7056,9345.35,0,0
3655,2026-07-16T08:53:00+00:00,2026-07-16,Will the U.S. invade Iran before 2027?,0x5db999fa,buy_yes,Bought YES (bid hit),103.28,0.24,24.7872,0.235,-0.5,149.756,100.182,49.5744,9320.56,0,0
3656,2026-07-16T09:11:00+00:00,2026-07-16,Clarity Act (H.R.3633) signed into law in 2026?,0x9cb23d04,sell_yes,Sold YES (ask lifted),51.64,0.35,18.074,0.355,-0.5,13.4264,54.7384,-41.312,9338.64,0,0
3657,2026-07-16T09:59:00+00:00,2026-07-16,Clarity Act (H.R.3633) signed into law in 2026?,0x9cb23d04,buy_yes,Bought YES (bid hit),51.64,0.35,18.074,0.345,-0.5,65.0664,54.7384,10.328,9320.56,0,0
3658,2026-07-16T10:03:00+00:00,2026-07-16,Clarity Act (H.R.3633) signed into law in 2026?,0x9cb23d04,sell_yes,Sold YES (ask lifted),51.64,0.35,18.074,0.355,-0.5,13.4264,54.7384,-41.312,9338.64,0,0
3659,2026-07-16T10:07:00+00:00,2026-07-16,Bab el-Mandeb Strait effectively closed by September 30?,0x95fc6a4e,sell_yes,Sold YES (ask lifted),103.28,0.16,16.5248,0.165,-0.5,27.8856,112.575,-84.6896,9355.16,0,0
3660,2026-07-16T10:18:00+00:00,2026-07-16,Clarity Act (H.R.3633) signed into law in 2026?,0x9cb23d04,buy_yes,Bought YES (bid hit),51.64,0.35,18.074,0.345,-0.5,65.0664,54.7384,10.328,9337.09,0,0
3661,2026-07-16T10:19:00+00:00,2026-07-16,Clarity Act (H.R.3633) signed into law in 2026?,0x9cb23d04,sell_yes,Sold YES (ask lifted),51.64,0.35,18.074,0.355,-0.5,13.4264,54.7384,-41.312,9355.16,0,0
3662,2026-07-16T11:15:00+00:00,2026-07-16,Will the Fed increase interest rates by 25 bps after the October 2026 meeting?,0x12aa13b3,buy_yes,Bought YES (bid hit),57.8368,0.23,13.3025,0.205,-2.5,57.8368,51.64,6.1968,9341.86,0,0
3663,2026-07-16T11:31:00+00:00,2026-07-16,Bab el-Mandeb Strait effectively closed by September 30?,0x95fc6a4e,buy_yes,Bought YES (bid hit),103.28,0.17,17.5576,0.17,-0,131.166,112.575,18.5904,9324.3,0,0
3664,2026-07-16T11:50:00+00:00,2026-07-16,Bab el-Mandeb Strait effectively closed by September 30?,0x95fc6a4e,sell_yes,Sold YES (ask lifted),106.378,0.17,18.0843,0.185,-1.5,24.7872,112.575,-87.788,9342.38,0,0
3665,2026-07-16T11:51:00+00:00,2026-07-16,Bab el-Mandeb Strait effectively closed by September 30?,0x95fc6a4e,buy_yes,Bought YES (bid hit),103.28,0.18,18.5904,0.175,-0.5,128.067,112.575,15.492,9323.79,0,0
3666,2026-07-16T11:52:00+00:00,2026-07-16,Bab el-Mandeb Strait effectively closed by September 30?,0x95fc6a4e,sell_yes,Sold YES (ask lifted),106.378,0.18,19.1481,0.19,-1,21.6888,112.575,-90.8864,9342.94,0,0
3667,2026-07-16T12:08:00+00:00,2026-07-16,Will the Fed increase interest rates by 25 bps after the September 2026 meeting?,0x876506d8,sell_yes,Sold YES (ask lifted),103.28,0.28,28.9184,0.285,-0.5,32.8596,112.575,-79.7156,9371.86,0,0
3668,2026-07-16T12:25:00+00:00,2026-07-16,Bab el-Mandeb Strait effectively closed by September 30?,0x95fc6a4e,buy_yes,Bought YES (bid hit),103.28,0.21,21.6888,0.205,-0.5,124.969,112.575,12.3936,9350.17,0,0
3669,2026-07-16T12:27:00+00:00,2026-07-16,Bab el-Mandeb Strait effectively closed by September 30?,0x95fc6a4e,sell_yes,Sold YES (ask lifted),103.28,0.21,21.6888,0.23,-2,21.6888,112.575,-90.8864,9371.86,0,0
3670,2026-07-16T12:34:00+00:00,2026-07-16,Bab el-Mandeb Strait effectively closed by September 30?,0x95fc6a4e,buy_yes,Bought YES (bid hit),103.28,0.22,22.7216,0.21,-1,124.969,112.575,12.3936,9349.14,0,0
3671,2026-07-16T13:02:00+00:00,2026-07-16,Will there be no change in Fed interest rates after the September 2026 meeting?,0xa3b36b2d,buy_yes,Bought YES (bid hit),103.28,0.66,68.1648,0.655,-0.5,114.641,64.6533,49.9875,9280.97,0,0
3672,2026-07-16T13:23:00+00:00,2026-07-16,Bab el-Mandeb Strait effectively closed by September 30?,0x95fc6a4e,sell_yes,Sold YES (ask lifted),103.28,0.21,21.6888,0.21,-0,21.6888,112.575,-90.8864,9302.66,0,0
3673,2026-07-16T13:25:00+00:00,2026-07-16,Bab el-Mandeb Strait effectively closed by September 30?,0x95fc6a4e,buy_yes,Bought YES (bid hit),103.28,0.21,21.6888,0.205,-0.5,124.969,112.575,12.3936,9280.97,0,0
3674,2026-07-16T13:33:00+00:00,2026-07-16,Bab el-Mandeb Strait effectively closed by September 30?,0x95fc6a4e,sell_yes,Sold YES (ask lifted),106.378,0.21,22.3395,0.21,-0,18.5904,112.575,-93.9848,9303.31,0,0
3675,2026-07-16T14:42:00+00:00,2026-07-16,Bab el-Mandeb Strait effectively closed by September 30?,0x95fc6a4e,buy_yes,Bought YES (bid hit),103.28,0.21,21.6888,0.205,-0.5,121.87,112.575,9.2952,9281.63,0,0
3676,2026-07-16T16:23:00+00:00,2026-07-16,Bab el-Mandeb Strait effectively closed by September 30?,0x95fc6a4e,sell_yes,Sold YES (ask lifted),103.28,0.21,21.6888,0.215,-0.5,18.5904,112.575,-93.9848,9303.31,0,0
3677,2026-07-16T20:04:00+00:00,2026-07-16,Will the Fed increase interest rates by 25 bps after the September 2026 meeting?,0x876506d8,buy_yes,Bought YES (bid hit),103.28,0.33,34.0824,0.325,-0.5,136.14,112.575,23.5644,9269.23,0,0
3678,2026-07-16T20:15:00+00:00,2026-07-16,Bab el-Mandeb Strait effectively closed by September 30?,0x95fc6a4e,buy_yes,Bought YES (bid hit),103.28,0.21,21.6888,0.205,-0.5,121.87,112.575,9.2952,9247.54,0,0
3679,2026-07-16T20:16:00+00:00,2026-07-16,Will Harry Kane win the 2026 Ballon d'Or?,0x12dc2b61,sell_yes,Sold YES (ask lifted),26.9819,0.21,5.6662,0.212,-0.2,29.3045,50.4006,-21.0962,9253.21,0,0
3680,2026-07-16T20:17:00+00:00,2026-07-16,Bab el-Mandeb Strait effectively closed by September 30?,0x95fc6a4e,sell_yes,Sold YES (ask lifted),103.28,0.21,21.6888,0.21,-0,18.5904,112.575,-93.9848,9274.9,0,0
3681,2026-07-16T20:35:00+00:00,2026-07-16,Will the U.S. invade Iran before 2027?,0x5db999fa,sell_yes,Sold YES (ask lifted),103.28,0.23,23.7544,0.235,-0.5,46.476,100.182,-53.7056,9298.65,0,0
3682,2026-07-16T20:39:00+00:00,2026-07-16,Will the U.S. invade Iran before 2027?,0x5db999fa,buy_yes,Bought YES (bid hit),103.28,0.23,23.7544,0.23,-0,149.756,100.182,49.5744,9274.9,0,0
3683,2026-07-16T20:40:00+00:00,2026-07-16,Bab el-Mandeb Strait effectively closed by September 30?,0x95fc6a4e,buy_yes,Bought YES (bid hit),103.28,0.21,21.6888,0.205,-0.5,121.87,112.575,9.2952,9253.21,0,0
3684,2026-07-16T20:44:00+00:00,2026-07-16,Will the U.S. invade Iran before 2027?,0x5db999fa,sell_yes,Sold YES (ask lifted),103.28,0.23,23.7544,0.235,-0.5,46.476,100.182,-53.7056,9276.96,0,0
3685,2026-07-16T20:47:00+00:00,2026-07-16,Will the U.S. invade Iran before 2027?,0x5db999fa,buy_yes,Bought YES (bid hit),103.28,0.23,23.7544,0.225,-0.5,149.756,100.182,49.5744,9253.21,0,0
3686,2026-07-16T21:08:00+00:00,2026-07-16,Will the U.S. invade Iran before 2027?,0x5db999fa,sell_yes,Sold YES (ask lifted),103.28,0.23,23.7544,0.235,-0.5,46.476,100.182,-53.7056,9276.96,0,0
3687,2026-07-16T21:10:00+00:00,2026-07-16,Will the U.S. invade Iran before 2027?,0x5db999fa,buy_yes,Bought YES (bid hit),106.378,0.23,24.467,0.23,-0,152.854,100.182,52.6728,9252.5,0,0
3688,2026-07-16T21:16:00+00:00,2026-07-16,Will the U.S. invade Iran before 2027?,0x5db999fa,sell_yes,Sold YES (ask lifted),103.28,0.23,23.7544,0.235,-0.5,49.5744,100.182,-50.6072,9276.25,0,0
3689,2026-07-16T21:40:00+00:00,2026-07-16,Will the U.S. invade Iran before 2027?,0x5db999fa,buy_yes,Bought YES (bid hit),106.378,0.23,24.467,0.23,-0,155.953,100.182,55.7712,9251.78,0,0
3690,2026-07-16T22:05:00+00:00,2026-07-16,Will the U.S. invade Iran before 2027?,0x5db999fa,sell_yes,Sold YES (ask lifted),103.28,0.23,23.7544,0.235,-0.5,52.6728,100.182,-47.5088,9275.54,0,0
3691,2026-07-16T22:05:00+00:00,2026-07-16,Bab el-Mandeb Strait effectively closed by September 30?,0x95fc6a4e,sell_yes,Sold YES (ask lifted),103.28,0.21,21.6888,0.215,-0.5,18.5904,112.575,-93.9848,9297.23,0,0
3692,2026-07-16T22:10:00+00:00,2026-07-16,Will the U.S. invade Iran before 2027?,0x5db999fa,buy_yes,Bought YES (bid hit),103.28,0.23,23.7544,0.225,-0.5,155.953,100.182,55.7712,9273.47,0,0
3693,2026-07-16T22:27:00+00:00,2026-07-16,Clarity Act (H.R.3633) signed into law in 2026?,0x9cb23d04,buy_yes,Bought YES (bid hit),53.1892,0.44,23.4032,0.435,-0.5,66.6156,54.7384,11.8772,9250.07,0,0
3694,2026-07-17T00:00:00+00:00,2026-07-17,Clarity Act (H.R.3633) signed into law in 2026?,0x9cb23d04,sell_yes,Sold YES (ask lifted),51.64,0.42,21.6888,0.455,-3.5,14.9756,54.7384,-39.7628,9330.01,0,0
3695,2026-07-17T00:02:00+00:00,2026-07-17,Will Harry Kane win the 2026 Ballon d'Or?,0x12dc2b61,buy_yes,Bought YES (bid hit),25.8975,0.18,4.6615,0.168,-1.2,55.2019,50.4006,4.80128,9325.35,0,0
3696,2026-07-17T00:04:00+00:00,2026-07-17,Bab el-Mandeb Strait effectively closed by September 30?,0x95fc6a4e,buy_yes,Bought YES (bid hit),103.28,0.26,26.8528,0.23,-3,121.87,112.575,9.2952,9298.49,0,0
3697,2026-07-17T00:37:00+00:00,2026-07-17,Clarity Act (H.R.3633) signed into law in 2026?,0x9cb23d04,buy_yes,Bought YES (bid hit),56.2876,0.41,23.0779,0.405,-0.5,71.2632,54.7384,16.5248,9275.41,0,0
3698,2026-07-17T00:39:00+00:00,2026-07-17,Clarity Act (H.R.3633) signed into law in 2026?,0x9cb23d04,sell_yes,Sold YES (ask lifted),51.64,0.41,21.1724,0.41,-0,19.6232,54.7384,-35.1152,9296.59,0,0
3699,2026-07-17T00:40:00+00:00,2026-07-17,Clarity Act (H.R.3633) signed into law in 2026?,0x9cb23d04,buy_yes,Bought YES (bid hit),53.1892,0.4,21.2757,0.395,-0.5,72.8124,54.7384,18.074,9275.31,0,0
3700,2026-07-17T00:51:00+00:00,2026-07-17,Will the U.S. invade Iran before 2027?,0x5db999fa,sell_yes,Sold YES (ask lifted),103.28,0.23,23.7544,0.235,-0.5,52.6728,100.182,-47.5088,9299.07,0,0
3701,2026-07-17T01:44:00+00:00,2026-07-17,Will Stephen Root – “Widow’s Bay” win Emmys 2026: Outstanding supporting actor in a comedy series?,0xbca22b54,buy_yes,Bought YES (bid hit),51.64,0.32,16.5248,0.275,-4.5,51.64,0,51.64,9282.54,0,0
3702,2026-07-17T01:51:00+00:00,2026-07-17,Will the U.S. invade Iran before 2027?,0x5db999fa,buy_yes,Bought YES (bid hit),106.378,0.23,24.467,0.23,-0,159.051,100.182,58.8696,9258.07,0,0
3703,2026-07-17T01:59:00+00:00,2026-07-17,Bab el-Mandeb Strait effectively closed by September 30?,0x95fc6a4e,sell_yes,Sold YES (ask lifted),103.28,0.22,22.7216,0.23,-1,18.5904,112.575,-93.9848,9280.8,0,0
3704,2026-07-17T05:25:00+00:00,2026-07-17,Will Kate O’Flynn – “Widow’s Bay” win Emmys 2026: Outstanding supporting actress in a comedy series?,0x9b9a651f,buy_yes,Bought YES (bid hit),51.64,0.55,28.402,0.5255,-2.45,51.64,54.8933,-3.25332,9252.39,0,0
3705,2026-07-17T06:32:00+00:00,2026-07-17,Will the U.S. invade Iran before 2027?,0x5db999fa,sell_yes,Sold YES (ask lifted),103.28,0.22,22.7216,0.225,-0.5,55.7712,100.182,-44.4104,9275.12,0,0
3706,2026-07-17T09:12:00+00:00,2026-07-17,Will the U.S. invade Iran before 2027?,0x5db999fa,buy_yes,Bought YES (bid hit),103.28,0.23,23.7544,0.225,-0.5,159.051,100.182,58.8696,9251.36,0,0
3707,2026-07-17T09:55:00+00:00,2026-07-17,Bab el-Mandeb Strait effectively closed by September 30?,0x95fc6a4e,buy_yes,Bought YES (bid hit),103.28,0.22,22.7216,0.215,-0.5,121.87,112.575,9.2952,9228.64,0,0
3708,2026-07-17T10:55:00+00:00,2026-07-17,Clarity Act (H.R.3633) signed into law in 2026?,0x9cb23d04,sell_yes,Sold YES (ask lifted),51.64,0.31,16.0084,0.315,-0.5,21.1724,54.7384,-33.566,9244.65,0,0
3709,2026-07-17T12:21:00+00:00,2026-07-17,Clarity Act (H.R.3633) signed into law in 2026?,0x9cb23d04,buy_yes,Bought YES (bid hit),51.64,0.31,16.0084,0.305,-0.5,72.8124,54.7384,18.074,9228.64,0,0
3710,2026-07-17T14:46:00+00:00,2026-07-17,Clarity Act (H.R.3633) signed into law in 2026?,0x9cb23d04,sell_yes,Sold YES (ask lifted),54.7384,0.32,17.5163,0.325,-0.5,18.074,54.7384,-36.6644,9246.16,0,0
3711,2026-07-17T14:51:00+00:00,2026-07-17,Bab el-Mandeb Strait effectively closed by September 30?,0x95fc6a4e,sell_yes,Sold YES (ask lifted),103.28,0.22,22.7216,0.225,-0.5,18.5904,112.575,-93.9848,9268.88,0,0
3712,2026-07-17T16:03:00+00:00,2026-07-17,Will the U.S. invade Iran before 2027?,0x5db999fa,sell_yes,Sold YES (ask lifted),103.28,0.24,24.7872,0.245,-0.5,55.7712,100.182,-44.4104,9293.66,0,0
3713,2026-07-17T16:28:00+00:00,2026-07-17,Clarity Act (H.R.3633) signed into law in 2026?,0x9cb23d04,buy_yes,Bought YES (bid hit),51.64,0.34,17.5576,0.34,-0,69.714,54.7384,14.9756,9276.11,0,0
3714,2026-07-17T16:56:00+00:00,2026-07-17,Clarity Act (H.R.3633) signed into law in 2026?,0x9cb23d04,sell_yes,Sold YES (ask lifted),51.64,0.34,17.5576,0.345,-0.5,18.074,54.7384,-36.6644,9293.66,0,0
3715,2026-07-17T16:57:00+00:00,2026-07-17,Fed Rate Hike by October 2026 Meeting?,0x059db22d,sell_yes,Sold YES (ask lifted),106.378,0.43,45.7427,0.435,-0.5,53.8956,144.6,-90.7046,9339.41,0,0
3716,2026-07-17T16:59:00+00:00,2026-07-17,Clarity Act (H.R.3633) signed into law in 2026?,0x9cb23d04,buy_yes,Bought YES (bid hit),53.1892,0.34,18.0843,0.335,-0.5,71.2632,54.7384,16.5248,9321.32,0,0
3717,2026-07-17T17:59:00+00:00,2026-07-17,Will the U.S. invade Iran before 2027?,0x5db999fa,buy_yes,Bought YES (bid hit),103.28,0.26,26.8528,0.255,-0.5,159.051,100.182,58.8696,9294.47,0,0
3718,2026-07-17T18:26:00+00:00,2026-07-17,Will the U.S. invade Iran before 2027?,0x5db999fa,sell_yes,Sold YES (ask lifted),103.28,0.26,26.8528,0.265,-0.5,55.7712,100.182,-44.4104,9321.32,0,0
3719,2026-07-17T19:35:00+00:00,2026-07-17,Clarity Act (H.R.3633) signed into law in 2026?,0x9cb23d04,sell_yes,Sold YES (ask lifted),51.64,0.33,17.0412,0.345,-1.5,19.6232,54.7384,-35.1152,9338.36,0,0
3720,2026-07-17T19:37:00+00:00,2026-07-17,Clarity Act (H.R.3633) signed into law in 2026?,0x9cb23d04,buy_yes,Bought YES (bid hit),51.64,0.34,17.5576,0.34,-0,71.2632,54.7384,16.5248,9320.81,0,0
3721,2026-07-17T20:24:00+00:00,2026-07-17,Will the Fed increase interest rates by 25 bps after the September 2026 meeting?,0x876506d8,sell_yes,Sold YES (ask lifted),103.28,0.35,36.148,0.355,-0.5,32.8596,112.575,-79.7156,9356.95,0,0
3722,2026-07-17T20:25:00+00:00,2026-07-17,Will the Fed increase interest rates by 25 bps after the September 2026 meeting?,0x876506d8,buy_yes,Bought YES (bid hit),103.28,0.35,36.148,0.345,-0.5,136.14,112.575,23.5644,9320.81,0,0
3723,2026-07-17T20:36:00+00:00,2026-07-17,Will the Fed increase interest rates by 25 bps after the September 2026 meeting?,0x876506d8,sell_yes,Sold YES (ask lifted),106.378,0.35,37.2324,0.355,-0.5,29.7612,112.575,-82.814,9358.04,0,0
3724,2026-07-17T20:50:00+00:00,2026-07-17,Will there be no change in Fed interest rates after the September 2026 meeting?,0xa3b36b2d,sell_yes,Sold YES (ask lifted),103.28,0.6,61.968,0.605,-0.5,11.3608,64.6533,-53.2925,9420.01,0,0
3725,2026-07-17T21:17:00+00:00,2026-07-17,Will the U.S. invade Iran before 2027?,0x5db999fa,buy_yes,Bought YES (bid hit),103.28,0.27,27.8856,0.265,-0.5,159.051,100.182,58.8696,9392.12,0,0
3726,2026-07-17T21:19:00+00:00,2026-07-17,Will the U.S. invade Iran before 2027?,0x5db999fa,sell_yes,Sold YES (ask lifted),103.28,0.27,27.8856,0.275,-0.5,55.7712,100.182,-44.4104,9420.01,0,0
3727,2026-07-17T22:32:00+00:00,2026-07-17,Clarity Act (H.R.3633) signed into law in 2026?,0x9cb23d04,sell_yes,Sold YES (ask lifted),51.64,0.34,17.5576,0.345,-0.5,19.6232,54.7384,-35.1152,9437.56,0,0
3728,2026-07-17T23:47:00+00:00,2026-07-17,Bab el-Mandeb Strait effectively closed by September 30?,0x95fc6a4e,buy_yes,Bought YES (bid hit),103.28,0.23,23.7544,0.23,-0,121.87,112.575,9.2952,9413.81,0,0
3729,2026-07-18T00:00:00+00:00,2026-07-18,Will Ulf Kristersson be the next Prime Minister of Sweden?,0x8a42bb4c,buy_yes,Bought YES (bid hit),51.64,0.12,6.1968,0.115,-0.5,51.64,3.0984,48.5416,9466.7,0,0
3730,2026-07-18T00:00:00+00:00,2026-07-18,Will there be no change in Fed interest rates after the September 2026 meeting?,0xa3b36b2d,buy_yes,Bought YES (bid hit),103.28,0.6,61.968,0.595,-0.5,114.641,64.6533,49.9875,9404.73,0,0
3731,2026-07-18T00:01:00+00:00,2026-07-18,Will Ulf Kristersson be the next Prime Minister of Sweden?,0x8a42bb4c,sell_yes,Sold YES (ask lifted),53.1892,0.12,6.3827,0.155,-3.5,0,4.6476,-4.6476,9409.75,0,0
3732,2026-07-18T00:01:00+00:00,2026-07-18,Bab el-Mandeb Strait effectively closed by September 30?,0x95fc6a4e,sell_yes,Sold YES (ask lifted),106.378,0.23,24.467,0.235,-0.5,15.492,112.575,-97.0832,9434.21,0,0
3733,2026-07-18T01:37:00+00:00,2026-07-18,Clarity Act (H.R.3633) signed into law in 2026?,0x9cb23d04,buy_yes,Bought YES (bid hit),51.64,0.37,19.1068,0.365,-0.5,71.2632,54.7384,16.5248,9415.11,0,0
3734,2026-07-18T01:48:00+00:00,2026-07-18,Clarity Act (H.R.3633) signed into law in 2026?,0x9cb23d04,sell_yes,Sold YES (ask lifted),51.64,0.36,18.5904,0.365,-0.5,19.6232,54.7384,-35.1152,9433.7,0,0
3735,2026-07-18T01:56:00+00:00,2026-07-18,Clarity Act (H.R.3633) signed into law in 2026?,0x9cb23d04,buy_yes,Bought YES (bid hit),53.1892,0.36,19.1481,0.355,-0.5,72.8124,54.7384,18.074,9414.55,0,0
3736,2026-07-18T03:02:00+00:00,2026-07-18,Clarity Act (H.R.3633) signed into law in 2026?,0x9cb23d04,sell_yes,Sold YES (ask lifted),53.1892,0.34,18.0843,0.375,-3.5,19.6232,54.7384,-35.1152,9432.63,0,0
3737,2026-07-18T04:50:00+00:00,2026-07-18,Clarity Act (H.R.3633) signed into law in 2026?,0x9cb23d04,buy_yes,Bought YES (bid hit),51.64,0.41,21.1724,0.405,-0.5,71.2632,54.7384,16.5248,9411.46,0,0
3738,2026-07-18T07:13:00+00:00,2026-07-18,Clarity Act (H.R.3633) signed into law in 2026?,0x9cb23d04,sell_yes,Sold YES (ask lifted),51.64,0.4,20.656,0.425,-2.5,19.6232,54.7384,-35.1152,9432.12,0,0
3739,2026-07-18T08:40:00+00:00,2026-07-18,Bab el-Mandeb Strait effectively closed by September 30?,0x95fc6a4e,buy_yes,Bought YES (bid hit),103.28,0.23,23.7544,0.225,-0.5,118.772,112.575,6.1968,9408.36,0,0
3740,2026-07-18T10:14:00+00:00,2026-07-18,Clarity Act (H.R.3633) signed into law in 2026?,0x9cb23d04,buy_yes,Bought YES (bid hit),54.7384,0.42,22.9901,0.405,-1.5,74.3616,54.7384,19.6232,9385.37,0,0
3741,2026-07-18T10:15:00+00:00,2026-07-18,Will Stephen Root – “Widow’s Bay” win Emmys 2026: Outstanding supporting actor in a comedy series?,0xbca22b54,sell_yes,Sold YES (ask lifted),56.2876,0.38,21.3893,0.4,-2,0,4.6476,-4.6476,9403.88,0,0
3742,2026-07-18T12:33:00+00:00,2026-07-18,Will the U.S. invade Iran before 2027?,0x5db999fa,buy_yes,Bought YES (bid hit),103.28,0.28,28.9184,0.275,-0.5,159.051,100.182,58.8696,9374.96,0,0
3743,2026-07-18T17:20:00+00:00,2026-07-18,Will the U.S. invade Iran before 2027?,0x5db999fa,sell_yes,Sold YES (ask lifted),106.378,0.29,30.8497,0.29,-0,52.6728,100.182,-47.5088,9405.81,0,0
3744,2026-07-18T17:31:00+00:00,2026-07-18,Will the U.S. invade Iran before 2027?,0x5db999fa,buy_yes,Bought YES (bid hit),103.28,0.29,29.9512,0.285,-0.5,155.953,100.182,55.7712,9375.86,0,0
3745,2026-07-18T17:33:00+00:00,2026-07-18,Will the U.S. invade Iran before 2027?,0x5db999fa,sell_yes,Sold YES (ask lifted),103.28,0.29,29.9512,0.295,-0.5,52.6728,100.182,-47.5088,9405.81,0,0
3746,2026-07-18T19:45:00+00:00,2026-07-18,Clarity Act (H.R.3633) signed into law in 2026?,0x9cb23d04,sell_yes,Sold YES (ask lifted),51.64,0.4,20.656,0.405,-0.5,22.7216,54.7384,-32.0168,9426.47,0,0
3747,2026-07-18T20:10:00+00:00,2026-07-18,Will the U.S. invade Iran before 2027?,0x5db999fa,buy_yes,Bought YES (bid hit),103.28,0.3,30.984,0.295,-0.5,155.953,100.182,55.7712,9395.48,0,0
3748,2026-07-18T23:18:00+00:00,2026-07-18,Will the U.S. invade Iran before 2027?,0x5db999fa,sell_yes,Sold YES (ask lifted),103.28,0.3,30.984,0.305,-0.5,52.6728,100.182,-47.5088,9426.47,0,0
3749,2026-07-19T00:00:00+00:00,2026-07-19,Will the Fed increase interest rates by 25 bps after the October 2026 meeting?,0x12aa13b3,sell_yes,Sold YES (ask lifted),51.64,0.21,10.8444,0.23,-2,6.1968,51.64,-45.4432,9489.56,0,0
3750,2026-07-19T00:00:00+00:00,2026-07-19,Will the U.S. invade Iran before 2027?,0x5db999fa,buy_yes,Bought YES (bid hit),103.28,0.31,32.0168,0.305,-0.5,155.953,100.182,55.7712,9457.54,0,0
3751,2026-07-19T00:01:00+00:00,2026-07-19,Will the U.S. invade Iran before 2027?,0x5db999fa,sell_yes,Sold YES (ask lifted),103.28,0.31,32.0168,0.315,-0.5,52.6728,100.182,-47.5088,9489.56,0,0
3752,2026-07-19T00:01:00+00:00,2026-07-19,Will Stephen Root – “Widow’s Bay” win Emmys 2026: Outstanding supporting actor in a comedy series?,0xbca22b54,buy_yes,Bought YES (bid hit),51.64,0.38,19.6232,0.31,-7,51.64,4.6476,46.9924,9469.94,0,0
3753,2026-07-19T00:16:00+00:00,2026-07-19,Will the U.S. invade Iran before 2027?,0x5db999fa,buy_yes,Bought YES (bid hit),106.378,0.33,35.1049,0.32,-1,159.051,100.182,58.8696,9434.83,0,0
3754,2026-07-19T00:16:00+00:00,2026-07-19,Will Stephen Root – “Widow’s Bay” win Emmys 2026: Outstanding supporting actor in a comedy series?,0xbca22b54,sell_yes,Sold YES (ask lifted),51.64,0.43,22.2052,0.43,-0,0,4.6476,-4.6476,9457.04,0,0
3755,2026-07-19T00:32:00+00:00,2026-07-19,Will the U.S. invade Iran before 2027?,0x5db999fa,sell_yes,Sold YES (ask lifted),103.28,0.32,33.0496,0.335,-1.5,55.7712,100.182,-44.4104,9490.09,0,0
3756,2026-07-19T00:36:00+00:00,2026-07-19,Will the U.S. invade Iran before 2027?,0x5db999fa,buy_yes,Bought YES (bid hit),103.28,0.33,34.0824,0.325,-0.5,159.051,100.182,58.8696,9456,0,0
3757,2026-07-19T00:37:00+00:00,2026-07-19,Will the U.S. invade Iran before 2027?,0x5db999fa,sell_yes,Sold YES (ask lifted),103.28,0.33,34.0824,0.335,-0.5,55.7712,100.182,-44.4104,9490.09,0,0
3758,2026-07-19T00:58:00+00:00,2026-07-19,Will the U.S. invade Iran before 2027?,0x5db999fa,buy_yes,Bought YES (bid hit),103.28,0.33,34.0824,0.325,-0.5,159.051,100.182,58.8696,9456,0,0
3759,2026-07-19T02:00:00+00:00,2026-07-19,Will the U.S. invade Iran before 2027?,0x5db999fa,sell_yes,Sold YES (ask lifted),103.28,0.31,32.0168,0.315,-0.5,55.7712,100.182,-44.4104,9488.02,0,0
3760,2026-07-19T02:20:00+00:00,2026-07-19,Will the U.S. invade Iran before 2027?,0x5db999fa,buy_yes,Bought YES (bid hit),103.28,0.3,30.984,0.295,-0.5,159.051,100.182,58.8696,9457.04,0,0
3761,2026-07-19T02:40:00+00:00,2026-07-19,Clarity Act (H.R.3633) signed into law in 2026?,0x9cb23d04,buy_yes,Bought YES (bid hit),51.64,0.41,21.1724,0.395,-1.5,74.3616,54.7384,19.6232,9435.87,0,0
3762,2026-07-19T04:06:00+00:00,2026-07-19,Will the U.S. invade Iran before 2027?,0x5db999fa,sell_yes,Sold YES (ask lifted),103.28,0.29,29.9512,0.295,-0.5,55.7712,100.182,-44.4104,9465.82,0,0
3763,2026-07-19T04:06:00+00:00,2026-07-19,Will the Fed increase interest rates by 25 bps after the September 2026 meeting?,0x876506d8,buy_yes,Bought YES (bid hit),103.28,0.36,37.1808,0.355,-0.5,133.041,112.575,20.466,9428.64,0,0
3764,2026-07-19T04:10:00+00:00,2026-07-19,Will the U.S. invade Iran before 2027?,0x5db999fa,buy_yes,Bought YES (bid hit),103.28,0.29,29.9512,0.285,-0.5,159.051,100.182,58.8696,9398.68,0,0
3765,2026-07-19T04:15:00+00:00,2026-07-19,Will the U.S. invade Iran before 2027?,0x5db999fa,sell_yes,Sold YES (ask lifted),103.28,0.29,29.9512,0.295,-0.5,55.7712,100.182,-44.4104,9428.64,0,0
3766,2026-07-19T05:59:00+00:00,2026-07-19,Clarity Act (H.R.3633) signed into law in 2026?,0x9cb23d04,sell_yes,Sold YES (ask lifted),51.64,0.39,20.1396,0.405,-1.5,22.7216,54.7384,-32.0168,9448.78,0,0
3767,2026-07-19T06:54:00+00:00,2026-07-19,Will the U.S. invade Iran before 2027?,0x5db999fa,buy_yes,Bought YES (bid hit),103.28,0.3,30.984,0.295,-0.5,159.051,100.182,58.8696,9417.79,0,0
3768,2026-07-19T08:08:00+00:00,2026-07-19,Will the U.S. invade Iran before 2027?,0x5db999fa,sell_yes,Sold YES (ask lifted),103.28,0.3,30.984,0.305,-0.5,55.7712,100.182,-44.4104,9448.78,0,0
3769,2026-07-19T08:17:00+00:00,2026-07-19,Clarity Act (H.R.3633) signed into law in 2026?,0x9cb23d04,buy_yes,Bought YES (bid hit),51.64,0.4,20.656,0.35,-5,74.3616,54.7384,19.6232,9428.12,0,0
3770,2026-07-19T08:21:00+00:00,2026-07-19,Clarity Act (H.R.3633) signed into law in 2026?,0x9cb23d04,sell_yes,Sold YES (ask lifted),51.64,0.36,18.5904,0.365,-0.5,22.7216,54.7384,-32.0168,9446.71,0,0
3771,2026-07-19T08:53:00+00:00,2026-07-19,Will the U.S. invade Iran before 2027?,0x5db999fa,buy_yes,Bought YES (bid hit),103.28,0.3,30.984,0.295,-0.5,159.051,100.182,58.8696,9415.73,0,0
3772,2026-07-19T08:54:00+00:00,2026-07-19,Will the U.S. invade Iran before 2027?,0x5db999fa,sell_yes,Sold YES (ask lifted),103.28,0.3,30.984,0.305,-0.5,55.7712,100.182,-44.4104,9446.71,0,0
3773,2026-07-19T15:07:00+00:00,2026-07-19,Clarity Act (H.R.3633) signed into law in 2026?,0x9cb23d04,buy_yes,Bought YES (bid hit),51.64,0.38,19.6232,0.375,-0.5,74.3616,54.7384,19.6232,9427.09,0,0
3774,2026-07-19T15:15:00+00:00,2026-07-19,Will there be no change in Fed interest rates after the October 2026 meeting?,0xdf9bf27e,sell_yes,Sold YES (ask lifted),56.2876,0.59,33.2097,0.59,-0,0,54.7384,-54.7384,9437.85,0,0
3775,2026-07-19T15:17:00+00:00,2026-07-19,Will there be no change in Fed interest rates after the October 2026 meeting?,0xdf9bf27e,buy_yes,Bought YES (bid hit),23.961,0.57,13.6577,0.565,-0.5,23.961,54.7384,-30.7774,9424.2,0,0
3776,2026-07-19T15:55:00+00:00,2026-07-19,Will there be no change in Fed interest rates after the September 2026 meeting?,0xa3b36b2d,sell_yes,Sold YES (ask lifted),103.28,0.59,60.9352,0.595,-0.5,11.3608,64.6533,-53.2925,9485.13,0,0
3777,2026-07-19T18:00:00+00:00,2026-07-19,Clarity Act (H.R.3633) signed into law in 2026?,0x9cb23d04,sell_yes,Sold YES (ask lifted),51.64,0.39,20.1396,0.395,-0.5,22.7216,54.7384,-32.0168,9505.27,0,0
3778,2026-07-19T19:38:00+00:00,2026-07-19,Will the U.S. invade Iran before 2027?,0x5db999fa,buy_yes,Bought YES (bid hit),103.28,0.31,32.0168,0.305,-0.5,159.051,100.182,58.8696,9473.25,0,0
3779,2026-07-19T20:17:00+00:00,2026-07-19,Will the U.S. invade Iran before 2027?,0x5db999fa,sell_yes,Sold YES (ask lifted),103.28,0.31,32.0168,0.315,-0.5,55.7712,100.182,-44.4104,9505.27,0,0
3780,2026-07-19T21:44:00+00:00,2026-07-19,Will Harry Kane win the 2026 Ballon d'Or?,0x12dc2b61,sell_yes,Sold YES (ask lifted),29.1508,0.22,6.4132,0.228,-0.8,26.0511,50.4006,-24.3495,9511.68,0,0
3781,2026-07-19T22:23:00+00:00,2026-07-19,Will the U.S. invade Iran before 2027?,0x5db999fa,buy_yes,Bought YES (bid hit),103.28,0.3,30.984,0.295,-0.5,159.051,100.182,58.8696,9480.7,0,0
3782,2026-07-19T22:25:00+00:00,2026-07-19,Will the Fed increase interest rates by 25 bps after the September 2026 meeting?,0x876506d8,sell_yes,Sold YES (ask lifted),103.28,0.36,37.1808,0.365,-0.5,29.7612,112.575,-82.814,9517.88,0,0
3783,2026-07-19T22:34:00+00:00,2026-07-19,Will the U.S. invade Iran before 2027?,0x5db999fa,sell_yes,Sold YES (ask lifted),103.28,0.3,30.984,0.305,-0.5,55.7712,100.182,-44.4104,9548.86,0,0
3784,2026-07-19T22:47:00+00:00,2026-07-19,Will Harry Kane win the 2026 Ballon d'Or?,0x12dc2b61,buy_yes,Bought YES (bid hit),38.1361,0.5,19.0681,0.4865,-1.35,64.1873,50.4006,13.7866,9529.8,0,0
3785,2026-07-19T22:49:00+00:00,2026-07-19,Will the U.S. invade Iran before 2027?,0x5db999fa,buy_yes,Bought YES (bid hit),103.28,0.3,30.984,0.295,-0.5,159.051,100.182,58.8696,9498.81,0,0
3786,2026-07-19T22:52:00+00:00,2026-07-19,Will the U.S. invade Iran before 2027?,0x5db999fa,sell_yes,Sold YES (ask lifted),103.28,0.3,30.984,0.305,-0.5,55.7712,100.182,-44.4104,9529.8,0,0
3787,2026-07-19T22:54:00+00:00,2026-07-19,Will Harry Kane win the 2026 Ballon d'Or?,0x12dc2b61,sell_yes,Sold YES (ask lifted),13.3103,0.43,5.7234,0.4345,-0.45,50.877,50.4006,0.476327,9535.52,0,0
3788,2026-07-19T22:55:00+00:00,2026-07-19,Will the U.S. invade Iran before 2027?,0x5db999fa,buy_yes,Bought YES (bid hit),103.28,0.3,30.984,0.295,-0.5,159.051,100.182,58.8696,9504.54,0,0
3789,2026-07-19T22:58:00+00:00,2026-07-19,Will Harry Kane win the 2026 Ballon d'Or?,0x12dc2b61,sell_yes,Sold YES (ask lifted),11.9805,0.44,5.2714,0.4645,-2.45,38.8965,50.4006,-11.5042,9509.81,0,0
3790,2026-07-19T23:01:00+00:00,2026-07-19,Will there be no change in Fed interest rates after the September 2026 meeting?,0xa3b36b2d,buy_yes,Bought YES (bid hit),103.28,0.59,60.9352,0.585,-0.5,114.641,64.6533,49.9875,9448.87,0,0
3791,2026-07-19T23:24:00+00:00,2026-07-19,Will the U.S. invade Iran before 2027?,0x5db999fa,sell_yes,Sold YES (ask lifted),103.28,0.3,30.984,0.305,-0.5,55.7712,100.182,-44.4104,9479.86,0,0
3792,2026-07-19T23:31:00+00:00,2026-07-19,Bab el-Mandeb Strait effectively closed by September 30?,0x95fc6a4e,sell_yes,Sold YES (ask lifted),103.28,0.27,27.8856,0.28,-1,15.492,112.575,-97.0832,9507.74,0,0
3793,2026-07-19T23:56:00+00:00,2026-07-19,Will Harry Kane win the 2026 Ballon d'Or?,0x12dc2b61,buy_yes,Bought YES (bid hit),25.82,0.41,10.5862,0.405,-0.5,64.7165,50.4006,14.3158,9497.16,0,0
3794,2026-07-20T00:04:00+00:00,2026-07-20,Will Harry Kane win the 2026 Ballon d'Or?,0x12dc2b61,sell_yes,Sold YES (ask lifted),25.82,0.42,10.8444,0.4695,-4.95,38.8965,50.4006,-11.5042,9561.88,0,0
3795,2026-07-20T00:07:00+00:00,2026-07-20,Will the U.S. invade Iran before 2027?,0x5db999fa,buy_yes,Bought YES (bid hit),103.28,0.3,30.984,0.295,-0.5,159.051,100.182,58.8696,9530.9,0,0
3796,2026-07-20T00:08:00+00:00,2026-07-20,Will Harry Kane win the 2026 Ballon d'Or?,0x12dc2b61,buy_yes,Bought YES (bid hit),25.82,0.46,11.8772,0.4265,-3.35,64.7165,50.4006,14.3158,9519.02,0,0
3797,2026-07-20T00:11:00+00:00,2026-07-20,Will Harry Kane win the 2026 Ballon d'Or?,0x12dc2b61,sell_yes,Sold YES (ask lifted),27.834,0.41,11.4119,0.439,-2.9,36.8825,50.4006,-13.5181,9530.44,0,0
3798,2026-07-20T00:28:00+00:00,2026-07-20,Will Harry Kane win the 2026 Ballon d'Or?,0x12dc2b61,buy_yes,Bought YES (bid hit),31.8619,0.46,14.6565,0.4455,-1.45,68.7444,50.4006,18.3438,9515.78,0,0
3799,2026-07-20T00:32:00+00:00,2026-07-20,Will the U.S. invade Iran before 2027?,0x5db999fa,sell_yes,Sold YES (ask lifted),103.28,0.3,30.984,0.305,-0.5,55.7712,100.182,-44.4104,9546.76,0,0
3800,2026-07-20T00:36:00+00:00,2026-07-20,Will Harry Kane win the 2026 Ballon d'Or?,0x12dc2b61,sell_yes,Sold YES (ask lifted),29.4606,0.41,12.0789,0.4145,-0.45,39.2838,50.4006,-11.1169,9558.84,0,0
3801,2026-07-20T00:40:00+00:00,2026-07-20,Will Harry Kane win the 2026 Ballon d'Or?,0x12dc2b61,buy_yes,Bought YES (bid hit),26.7495,0.44,11.7698,0.438,-0.2,66.0333,50.4006,15.6327,9547.07,0,0
3802,2026-07-20T00:51:00+00:00,2026-07-20,Will Harry Kane win the 2026 Ballon d'Or?,0x12dc2b61,sell_yes,Sold YES (ask lifted),28.0663,0.39,10.9459,0.3915,-0.15,37.967,50.4006,-12.4337,9558.02,0,0
3803,2026-07-20T01:20:00+00:00,2026-07-20,Will Harry Kane win the 2026 Ballon d'Or?,0x12dc2b61,buy_yes,Bought YES (bid hit),28.3762,0.43,12.2018,0.4095,-2.05,66.3431,50.4006,15.9425,9545.82,0,0
3804,2026-07-20T01:22:00+00:00,2026-07-20,Will Harry Kane win the 2026 Ballon d'Or?,0x12dc2b61,sell_yes,Sold YES (ask lifted),25.82,0.42,10.8444,0.426,-0.6,40.5231,50.4006,-9.87749,9556.66,0,0
3805,2026-07-20T01:24:00+00:00,2026-07-20,Will Harry Kane win the 2026 Ballon d'Or?,0x12dc2b61,buy_yes,Bought YES (bid hit),26.9819,0.42,11.3324,0.393,-2.7,67.505,50.4006,17.1044,9545.33,0,0
3806,2026-07-20T01:31:00+00:00,2026-07-20,Will Harry Kane win the 2026 Ballon d'Or?,0x12dc2b61,sell_yes,Sold YES (ask lifted),25.82,0.39,10.0698,0.394,-0.4,41.685,50.4006,-8.71559,9555.4,0,0
3807,2026-07-20T01:32:00+00:00,2026-07-20,Will the U.S. invade Iran before 2027?,0x5db999fa,buy_yes,Bought YES (bid hit),103.28,0.3,30.984,0.295,-0.5,159.051,100.182,58.8696,9524.41,0,0
3808,2026-07-20T01:33:00+00:00,2026-07-20,Will Harry Kane win the 2026 Ballon d'Or?,0x12dc2b61,buy_yes,Bought YES (bid hit),25.82,0.39,10.0698,0.385,-0.5,67.505,50.4006,17.1044,9514.34,0,0
3809,2026-07-20T01:38:00+00:00,2026-07-20,Will Harry Kane win the 2026 Ballon d'Or?,0x12dc2b61,sell_yes,Sold YES (ask lifted),25.8975,0.39,10.1,0.3905,-0.05,41.6076,50.4006,-8.79305,9524.44,0,0
3810,2026-07-20T01:42:00+00:00,2026-07-20,Will the U.S. invade Iran before 2027?,0x5db999fa,sell_yes,Sold YES (ask lifted),103.28,0.3,30.984,0.305,-0.5,55.7712,100.182,-44.4104,9555.43,0,0
3811,2026-07-20T01:45:00+00:00,2026-07-20,Will the U.S. invade Iran before 2027?,0x5db999fa,buy_yes,Bought YES (bid hit),103.28,0.3,30.984,0.295,-0.5,159.051,100.182,58.8696,9524.44,0,0
3812,2026-07-20T02:15:00+00:00,2026-07-20,Will the U.S. invade Iran before 2027?,0x5db999fa,sell_yes,Sold YES (ask lifted),103.28,0.3,30.984,0.305,-0.5,55.7712,100.182,-44.4104,9555.43,0,0
3813,2026-07-20T03:07:00+00:00,2026-07-20,Clarity Act (H.R.3633) signed into law in 2026?,0x9cb23d04,buy_yes,Bought YES (bid hit),51.64,0.39,20.1396,0.385,-0.5,74.3616,54.7384,19.6232,9535.29,0,0
3814,2026-07-20T04:06:00+00:00,2026-07-20,Will Harry Kane win the 2026 Ballon d'Or?,0x12dc2b61,buy_yes,Bought YES (bid hit),25.82,0.43,11.1026,0.4295,-0.05,67.4276,50.4006,17.0269,9524.19,0,0
3815,2026-07-20T04:10:00+00:00,2026-07-20,Will Harry Kane win the 2026 Ballon d'Or?,0x12dc2b61,sell_yes,Sold YES (ask lifted),25.9749,0.43,11.1692,0.4305,-0.05,41.4527,50.4006,-8.94797,9535.35,0,0
3816,2026-07-20T04:44:00+00:00,2026-07-20,Will Harry Kane win the 2026 Ballon d'Or?,0x12dc2b61,buy_yes,Bought YES (bid hit),25.82,0.44,11.3608,0.4325,-0.75,67.2727,50.4006,16.872,9523.99,0,0
3817,2026-07-20T05:40:00+00:00,2026-07-20,Will the U.S. invade Iran before 2027?,0x5db999fa,buy_yes,Bought YES (bid hit),103.28,0.3,30.984,0.295,-0.5,159.051,100.182,58.8696,9493.01,0,0
3818,2026-07-20T05:41:00+00:00,2026-07-20,Will the U.S. invade Iran before 2027?,0x5db999fa,sell_yes,Sold YES (ask lifted),103.28,0.3,30.984,0.305,-0.5,55.7712,100.182,-44.4104,9523.99,0,0
3819,2026-07-20T06:49:00+00:00,2026-07-20,Will Harry Kane win the 2026 Ballon d'Or?,0x12dc2b61,sell_yes,Sold YES (ask lifted),25.82,0.38,9.8116,0.397,-1.7,41.4527,50.4006,-8.94797,9533.81,0,0
3820,2026-07-20T06:56:00+00:00,2026-07-20,Will Harry Kane win the 2026 Ballon d'Or?,0x12dc2b61,buy_yes,Bought YES (bid hit),30.0028,0.39,11.7011,0.3855,-0.45,71.4555,50.4006,21.0549,9522.1,0,0
3821,2026-07-20T07:15:00+00:00,2026-07-20,Bab el-Mandeb Strait effectively closed by September 30?,0x95fc6a4e,buy_yes,Bought YES (bid hit),103.28,0.24,24.7872,0.235,-0.5,118.772,112.575,6.1968,9497.32,0,0
3822,2026-07-20T07:33:00+00:00,2026-07-20,Will the U.S. invade Iran before 2027?,0x5db999fa,buy_yes,Bought YES (bid hit),103.28,0.3,30.984,0.295,-0.5,159.051,100.182,58.8696,9466.33,0,0
3823,2026-07-20T08:05:00+00:00,2026-07-20,Will Harry Kane win the 2026 Ballon d'Or?,0x12dc2b61,sell_yes,Sold YES (ask lifted),26.827,0.36,9.6577,0.3605,-0.05,44.6285,50.4006,-5.77211,9475.99,0,0
3824,2026-07-20T08:24:00+00:00,2026-07-20,Will the U.S. invade Iran before 2027?,0x5db999fa,sell_yes,Sold YES (ask lifted),103.28,0.25,25.82,0.255,-0.5,55.7712,100.182,-44.4104,9501.81,0,0
3825,2026-07-20T08:29:00+00:00,2026-07-20,Will the U.S. invade Iran before 2027?,0x5db999fa,buy_yes,Bought YES (bid hit),103.28,0.25,25.82,0.245,-0.5,159.051,100.182,58.8696,9475.99,0,0
3826,2026-07-20T09:28:00+00:00,2026-07-20,Will the U.S. invade Iran before 2027?,0x5db999fa,sell_yes,Sold YES (ask lifted),103.28,0.24,24.7872,0.245,-0.5,55.7712,100.182,-44.4104,9500.78,0,0
3827,2026-07-20T09:37:00+00:00,2026-07-20,Will the U.S. invade Iran before 2027?,0x5db999fa,buy_yes,Bought YES (bid hit),103.28,0.24,24.7872,0.235,-0.5,159.051,100.182,58.8696,9475.99,0,0
3828,2026-07-20T10:31:00+00:00,2026-07-20,Will the U.S. invade Iran before 2027?,0x5db999fa,sell_yes,Sold YES (ask lifted),103.28,0.24,24.7872,0.245,-0.5,55.7712,100.182,-44.4104,9500.78,0,0
3829,2026-07-20T10:44:00+00:00,2026-07-20,Will the U.S. invade Iran before 2027?,0x5db999fa,buy_yes,Bought YES (bid hit),103.28,0.24,24.7872,0.235,-0.5,159.051,100.182,58.8696,9475.99,0,0
3830,2026-07-20T12:02:00+00:00,2026-07-20,Will the U.S. invade Iran before 2027?,0x5db999fa,sell_yes,Sold YES (ask lifted),103.28,0.22,22.7216,0.225,-0.5,55.7712,100.182,-44.4104,9498.71,0,0
3831,2026-07-20T12:03:00+00:00,2026-07-20,Bab el-Mandeb Strait effectively closed by September 30?,0x95fc6a4e,sell_yes,Sold YES (ask lifted),109.477,0.22,24.0849,0.225,-0.5,9.2952,112.575,-103.28,9522.8,0,0
3832,2026-07-20T12:26:00+00:00,2026-07-20,Will the U.S. invade Iran before 2027?,0x5db999fa,buy_yes,Bought YES (bid hit),103.28,0.22,22.7216,0.215,-0.5,159.051,100.182,58.8696,9500.08,0,0
3833,2026-07-20T12:34:00+00:00,2026-07-20,Will the U.S. invade Iran before 2027?,0x5db999fa,sell_yes,Sold YES (ask lifted),103.28,0.22,22.7216,0.225,-0.5,55.7712,100.182,-44.4104,9522.8,0,0
3834,2026-07-20T13:55:00+00:00,2026-07-20,Will the U.S. invade Iran before 2027?,0x5db999fa,buy_yes,Bought YES (bid hit),103.28,0.24,24.7872,0.235,-0.5,159.051,100.182,58.8696,9498.01,0,0
3835,2026-07-20T14:13:00+00:00,2026-07-20,Will the U.S. invade Iran before 2027?,0x5db999fa,sell_yes,Sold YES (ask lifted),103.28,0.24,24.7872,0.245,-0.5,55.7712,100.182,-44.4104,9522.8,0,0
3836,2026-07-20T15:22:00+00:00,2026-07-20,Will the U.S. invade Iran before 2027?,0x5db999fa,buy_yes,Bought YES (bid hit),103.28,0.27,27.8856,0.265,-0.5,159.051,100.182,58.8696,9494.91,0,0
3837,2026-07-20T15:40:00+00:00,2026-07-20,Will the U.S. invade Iran before 2027?,0x5db999fa,sell_yes,Sold YES (ask lifted),103.28,0.26,26.8528,0.265,-0.5,55.7712,100.182,-44.4104,9521.76,0,0
3838,2026-07-20T15:43:00+00:00,2026-07-20,Will the U.S. invade Iran before 2027?,0x5db999fa,buy_yes,Bought YES (bid hit),103.28,0.26,26.8528,0.255,-0.5,159.051,100.182,58.8696,9494.91,0,0
3839,2026-07-20T15:44:00+00:00,2026-07-20,Will the U.S. invade Iran before 2027?,0x5db999fa,sell_yes,Sold YES (ask lifted),103.28,0.26,26.8528,0.265,-0.5,55.7712,100.182,-44.4104,9521.76,0,0
3840,2026-07-20T15:49:00+00:00,2026-07-20,Will the U.S. invade Iran before 2027?,0x5db999fa,buy_yes,Bought YES (bid hit),103.28,0.26,26.8528,0.255,-0.5,159.051,100.182,58.8696,9494.91,0,0
3841,2026-07-20T15:52:00+00:00,2026-07-20,Will the U.S. invade Iran before 2027?,0x5db999fa,sell_yes,Sold YES (ask lifted),103.28,0.26,26.8528,0.265,-0.5,55.7712,100.182,-44.4104,9521.76,0,0
3842,2026-07-20T16:20:00+00:00,2026-07-20,Will the U.S. invade Iran before 2027?,0x5db999fa,buy_yes,Bought YES (bid hit),103.28,0.26,26.8528,0.255,-0.5,159.051,100.182,58.8696,9494.91,0,0
3843,2026-07-20T16:22:00+00:00,2026-07-20,Will the U.S. invade Iran before 2027?,0x5db999fa,sell_yes,Sold YES (ask lifted),103.28,0.26,26.8528,0.265,-0.5,55.7712,100.182,-44.4104,9521.76,0,0
3844,2026-07-20T16:39:00+00:00,2026-07-20,Will the U.S. invade Iran before 2027?,0x5db999fa,buy_yes,Bought YES (bid hit),103.28,0.26,26.8528,0.255,-0.5,159.051,100.182,58.8696,9494.91,0,0
3845,2026-07-20T16:44:00+00:00,2026-07-20,Will the U.S. invade Iran before 2027?,0x5db999fa,sell_yes,Sold YES (ask lifted),109.477,0.26,28.464,0.265,-0.5,49.5744,100.182,-50.6072,9523.38,0,0
3846,2026-07-20T16:48:00+00:00,2026-07-20,Will there be no change in Fed interest rates after the September 2026 meeting?,0xa3b36b2d,sell_yes,Sold YES (ask lifted),103.28,0.54,55.7712,0.545,-0.5,11.3608,64.6533,-53.2925,9579.15,0,0
3847,2026-07-20T16:49:00+00:00,2026-07-20,Will there be no change in Fed interest rates after the September 2026 meeting?,0xa3b36b2d,buy_yes,Bought YES (bid hit),103.28,0.54,55.7712,0.535,-0.5,114.641,64.6533,49.9875,9523.38,0,0
3848,2026-07-20T16:50:00+00:00,2026-07-20,Will there be no change in Fed interest rates after the September 2026 meeting?,0xa3b36b2d,sell_yes,Sold YES (ask lifted),103.28,0.54,55.7712,0.545,-0.5,11.3608,64.6533,-53.2925,9579.15,0,0
3849,2026-07-20T16:53:00+00:00,2026-07-20,Will the U.S. invade Iran before 2027?,0x5db999fa,buy_yes,Bought YES (bid hit),103.28,0.27,27.8856,0.265,-0.5,152.854,100.182,52.6728,9551.26,0,0
3850,2026-07-20T17:10:00+00:00,2026-07-20,Will the U.S. invade Iran before 2027?,0x5db999fa,sell_yes,Sold YES (ask lifted),103.28,0.27,27.8856,0.275,-0.5,49.5744,100.182,-50.6072,9579.15,0,0
3851,2026-07-20T17:11:00+00:00,2026-07-20,Will the U.S. invade Iran before 2027?,0x5db999fa,buy_yes,Bought YES (bid hit),103.28,0.27,27.8856,0.265,-0.5,152.854,100.182,52.6728,9551.26,0,0
3852,2026-07-20T17:12:00+00:00,2026-07-20,Will the U.S. invade Iran before 2027?,0x5db999fa,sell_yes,Sold YES (ask lifted),103.28,0.27,27.8856,0.275,-0.5,49.5744,100.182,-50.6072,9579.15,0,0
3853,2026-07-20T17:13:00+00:00,2026-07-20,Will the U.S. invade Iran before 2027?,0x5db999fa,buy_yes,Bought YES (bid hit),103.28,0.27,27.8856,0.265,-0.5,152.854,100.182,52.6728,9551.26,0,0
3854,2026-07-20T19:33:00+00:00,2026-07-20,Will the U.S. invade Iran before 2027?,0x5db999fa,sell_yes,Sold YES (ask lifted),103.28,0.27,27.8856,0.275,-0.5,49.5744,100.182,-50.6072,9579.15,0,0
3855,2026-07-20T20:13:00+00:00,2026-07-20,Will the U.S. invade Iran before 2027?,0x5db999fa,buy_yes,Bought YES (bid hit),103.28,0.27,27.8856,0.265,-0.5,152.854,100.182,52.6728,9551.26,0,0
3856,2026-07-20T20:14:00+00:00,2026-07-20,Will the U.S. invade Iran before 2027?,0x5db999fa,sell_yes,Sold YES (ask lifted),103.28,0.27,27.8856,0.275,-0.5,49.5744,100.182,-50.6072,9579.15,0,0
3857,2026-07-20T20:15:00+00:00,2026-07-20,Will the U.S. invade Iran before 2027?,0x5db999fa,buy_yes,Bought YES (bid hit),103.28,0.27,27.8856,0.265,-0.5,152.854,100.182,52.6728,9551.26,0,0
3858,2026-07-20T21:44:00+00:00,2026-07-20,Will Spider-Man: Brand New Day be the top grossing movie of 2026?,0xc4b07998,sell_yes,Sold YES (ask lifted),25.82,0.74,19.1068,0.745,-0.5,3.0984,28.1438,-25.0454,9570.37,0,0
3859,2026-07-20T22:53:00+00:00,2026-07-20,Clarity Act (H.R.3633) signed into law in 2026?,0x9cb23d04,sell_yes,Sold YES (ask lifted),60.9352,0.32,19.4993,0.325,-0.5,13.4264,54.7384,-41.312,9589.87,0,0
3860,2026-07-21T00:00:00+00:00,2026-07-21,Will the Fed increase interest rates by 25 bps after the September 2026 meeting?,0x876506d8,buy_yes,Bought YES (bid hit),103.28,0.41,42.3448,0.405,-0.5,133.041,112.575,20.466,9605.21,0,0
3861,2026-07-21T00:13:00+00:00,2026-07-21,Will the Fed increase interest rates by 25 bps after the September 2026 meeting?,0x876506d8,sell_yes,Sold YES (ask lifted),103.28,0.41,42.3448,0.415,-0.5,29.7612,112.575,-82.814,9647.55,0,0
3862,2026-07-21T01:37:00+00:00,2026-07-21,Clarity Act (H.R.3633) signed into law in 2026?,0x9cb23d04,buy_yes,Bought YES (bid hit),51.64,0.42,21.6888,0.415,-0.5,65.0664,54.7384,10.328,9625.86,0,0
3863,2026-07-21T01:42:00+00:00,2026-07-21,Clarity Act (H.R.3633) signed into law in 2026?,0x9cb23d04,sell_yes,Sold YES (ask lifted),51.64,0.42,21.6888,0.425,-0.5,13.4264,54.7384,-41.312,9647.55,0,0
3864,2026-07-21T02:32:00+00:00,2026-07-21,Clarity Act (H.R.3633) signed into law in 2026?,0x9cb23d04,buy_yes,Bought YES (bid hit),51.64,0.43,22.2052,0.425,-0.5,65.0664,54.7384,10.328,9625.35,0,0
3865,2026-07-21T04:57:00+00:00,2026-07-21,Will Stephen Root – “Widow’s Bay” win Emmys 2026: Outstanding supporting actor in a comedy series?,0xbca22b54,buy_yes,Bought YES (bid hit),51.64,0.39,20.1396,0.36,-3,51.64,4.6476,46.9924,9605.21,0,0
3866,2026-07-21T05:44:00+00:00,2026-07-21,Clarity Act (H.R.3633) signed into law in 2026?,0x9cb23d04,sell_yes,Sold YES (ask lifted),51.64,0.4,20.656,0.405,-0.5,13.4264,54.7384,-41.312,9625.86,0,0
3867,2026-07-21T10:13:00+00:00,2026-07-21,Bab el-Mandeb Strait effectively closed by September 30?,0x95fc6a4e,buy_yes,Bought YES (bid hit),103.28,0.21,21.6888,0.205,-0.5,112.575,112.575,-0,9604.17,0,0
3868,2026-07-21T10:56:00+00:00,2026-07-21,Will the U.S. invade Iran before 2027?,0x5db999fa,sell_yes,Sold YES (ask lifted),103.28,0.26,26.8528,0.265,-0.5,49.5744,100.182,-50.6072,9631.03,0,0
3869,2026-07-21T11:58:00+00:00,2026-07-21,Will the U.S. invade Iran before 2027?,0x5db999fa,buy_yes,Bought YES (bid hit),103.28,0.26,26.8528,0.255,-0.5,152.854,100.182,52.6728,9604.17,0,0
3870,2026-07-21T12:43:00+00:00,2026-07-21,Will there be no change in Fed interest rates after the September 2026 meeting?,0xa3b36b2d,buy_yes,Bought YES (bid hit),103.28,0.54,55.7712,0.535,-0.5,114.641,64.6533,49.9875,9548.4,0,0
3871,2026-07-21T13:43:00+00:00,2026-07-21,Fed Rate Hike by October 2026 Meeting?,0x059db22d,buy_yes,Bought YES (bid hit),103.28,0.53,54.7384,0.52,-1,157.176,144.6,12.5754,9493.67,0,0
3872,2026-07-21T15:21:00+00:00,2026-07-21,Clarity Act (H.R.3633) signed into law in 2026?,0x9cb23d04,buy_yes,Bought YES (bid hit),51.64,0.52,26.8528,0.51,-1,65.0664,54.7384,10.328,9466.81,0,0
3873,2026-07-21T15:41:00+00:00,2026-07-21,Clarity Act (H.R.3633) signed into law in 2026?,0x9cb23d04,sell_yes,Sold YES (ask lifted),51.64,0.5,25.82,0.505,-0.5,13.4264,54.7384,-41.312,9492.63,0,0
3874,2026-07-21T16:04:00+00:00,2026-07-21,Will the U.S. invade Iran before 2027?,0x5db999fa,sell_yes,Sold YES (ask lifted),109.477,0.27,29.5587,0.275,-0.5,43.3776,100.182,-56.804,9522.19,0,0
3875,2026-07-21T16:11:00+00:00,2026-07-21,Will the U.S. invade Iran before 2027?,0x5db999fa,buy_yes,Bought YES (bid hit),103.28,0.28,28.9184,0.275,-0.5,146.658,100.182,46.476,9493.27,0,0
3876,2026-07-21T16:34:00+00:00,2026-07-21,Clarity Act (H.R.3633) signed into law in 2026?,0x9cb23d04,buy_yes,Bought YES (bid hit),51.64,0.52,26.8528,0.495,-2.5,65.0664,54.7384,10.328,9466.42,0,0
3877,2026-07-21T17:07:00+00:00,2026-07-21,Clarity Act (H.R.3633) signed into law in 2026?,0x9cb23d04,sell_yes,Sold YES (ask lifted),54.7384,0.46,25.1797,0.465,-0.5,10.328,54.7384,-44.4104,9491.6,0,0
3878,2026-07-21T17:42:00+00:00,2026-07-21,Clarity Act (H.R.3633) signed into law in 2026?,0x9cb23d04,buy_yes,Bought YES (bid hit),51.64,0.46,23.7544,0.46,-0,61.968,54.7384,7.2296,9467.85,0,0
3879,2026-07-21T18:14:00+00:00,2026-07-21,Will there be no change in Fed interest rates after the October 2026 meeting?,0xdf9bf27e,buy_yes,Bought YES (bid hit),51.64,0.62,32.0168,0.615,-0.5,75.601,54.7384,20.8626,9435.83,0,0
3880,2026-07-21T18:37:00+00:00,2026-07-21,Fed Rate Hike by October 2026 Meeting?,0x059db22d,sell_yes,Sold YES (ask lifted),109.477,0.56,61.307,0.57,-1,47.6988,144.6,-96.9014,9497.14,0,0
3881,2026-07-21T19:47:00+00:00,2026-07-21,Will there be no change in Fed interest rates after the September 2026 meeting?,0xa3b36b2d,sell_yes,Sold YES (ask lifted),103.28,0.43,44.4104,0.435,-0.5,11.3608,64.6533,-53.2925,9541.55,0,0
3882,2026-07-21T20:09:00+00:00,2026-07-21,Fed Rate Hike by October 2026 Meeting?,0x059db22d,buy_yes,Bought YES (bid hit),106.378,0.6,63.827,0.575,-2.5,154.077,144.6,9.47697,9477.72,0,0
3883,2026-07-21T20:52:00+00:00,2026-07-21,Fed Rate Hike by October 2026 Meeting?,0x059db22d,sell_yes,Sold YES (ask lifted),103.28,0.57,58.8696,0.57,-0,50.7972,144.6,-93.803,9536.59,0,0
3884,2026-07-21T20:53:00+00:00,2026-07-21,Fed Rate Hike by October 2026 Meeting?,0x059db22d,buy_yes,Bought YES (bid hit),103.28,0.57,58.8696,0.565,-0.5,154.077,144.6,9.47697,9477.72,0,0
3885,2026-07-21T20:55:00+00:00,2026-07-21,Fed Rate Hike by October 2026 Meeting?,0x059db22d,sell_yes,Sold YES (ask lifted),103.28,0.57,58.8696,0.57,-0,50.7972,144.6,-93.803,9536.59,0,0
3886,2026-07-21T21:27:00+00:00,2026-07-21,Will the U.S. invade Iran before 2027?,0x5db999fa,sell_yes,Sold YES (ask lifted),103.28,0.28,28.9184,0.285,-0.5,43.3776,100.182,-56.804,9565.51,0,0
3887,2026-07-21T21:30:00+00:00,2026-07-21,Fed Rate Hike by October 2026 Meeting?,0x059db22d,buy_yes,Bought YES (bid hit),103.28,0.57,58.8696,0.565,-0.5,154.077,144.6,9.47697,9506.64,0,0
3888,2026-07-21T21:44:00+00:00,2026-07-21,Fed Rate Hike by October 2026 Meeting?,0x059db22d,sell_yes,Sold YES (ask lifted),103.28,0.57,58.8696,0.57,-0,50.7972,144.6,-93.803,9565.51,0,0
3889,2026-07-21T22:20:00+00:00,2026-07-21,Fed Rate Hike by October 2026 Meeting?,0x059db22d,buy_yes,Bought YES (bid hit),103.28,0.57,58.8696,0.565,-0.5,154.077,144.6,9.47697,9506.64,0,0
3890,2026-07-21T23:10:00+00:00,2026-07-21,Will the U.S. invade Iran before 2027?,0x5db999fa,buy_yes,Bought YES (bid hit),103.28,0.28,28.9184,0.275,-0.5,146.658,100.182,46.476,9477.72,0,0
3891,2026-07-22T00:00:00+00:00,2026-07-22,Fed Rate Hike by October 2026 Meeting?,0x059db22d,sell_yes,Sold YES (ask lifted),103.28,0.57,58.8696,0.57,-0,50.7972,144.6,-93.803,9591.92,0,0
3892,2026-07-22T00:01:00+00:00,2026-07-22,Fed Rate Hike by October 2026 Meeting?,0x059db22d,buy_yes,Bought YES (bid hit),103.28,0.57,58.8696,0.565,-0.5,154.077,144.6,9.47697,9533.05,0,0
3893,2026-07-22T00:13:00+00:00,2026-07-22,Will Stephen Root – “Widow’s Bay” win Emmys 2026: Outstanding supporting actor in a comedy series?,0xbca22b54,sell_yes,Sold YES (ask lifted),51.64,0.26,13.4264,0.37,-11,0,4.6476,-4.6476,9546.48,0,0
3894,2026-07-22T03:27:00+00:00,2026-07-22,Will there be no change in Fed interest rates after the September 2026 meeting?,0xa3b36b2d,buy_yes,Bought YES (bid hit),103.28,0.44,45.4432,0.435,-0.5,114.641,64.6533,49.9875,9501.03,0,0
3895,2026-07-22T05:07:00+00:00,2026-07-22,Will Stephen Root – “Widow’s Bay” win Emmys 2026: Outstanding supporting actor in a comedy series?,0xbca22b54,buy_yes,Bought YES (bid hit),51.64,0.34,17.5576,0.315,-2.5,51.64,4.6476,46.9924,9483.48,0,0
3896,2026-07-22T08:36:00+00:00,2026-07-22,Will the U.S. invade Iran before 2027?,0x5db999fa,sell_yes,Sold YES (ask lifted),106.378,0.29,30.8497,0.29,-0,40.2792,100.182,-59.9024,9514.33,0,0
3897,2026-07-22T09:20:00+00:00,2026-07-22,Will there be no change in Fed interest rates after the September 2026 meeting?,0xa3b36b2d,sell_yes,Sold YES (ask lifted),109.477,0.44,48.1698,0.445,-0.5,5.164,64.6533,-59.4893,9562.5,0,0
3898,2026-07-22T14:21:00+00:00,2026-07-22,Fed Rate Hike by October 2026 Meeting?,0x059db22d,sell_yes,Sold YES (ask lifted),109.477,0.57,62.4018,0.57,-0,44.6004,144.6,-99.9998,9624.9,0,0
3899,2026-07-22T15:21:00+00:00,2026-07-22,Fed Rate Hike by October 2026 Meeting?,0x059db22d,buy_yes,Bought YES (bid hit),103.28,0.6,61.968,0.595,-0.5,147.88,144.6,3.28017,9562.93,0,0
3900,2026-07-22T15:26:00+00:00,2026-07-22,Fed Rate Hike by October 2026 Meeting?,0x059db22d,sell_yes,Sold YES (ask lifted),47.9219,0.63,30.1908,0.64,-1,99.9585,144.6,-44.6417,9593.12,0,0
3901,2026-07-22T16:35:00+00:00,2026-07-22,Will Stephen Root – “Widow’s Bay” win Emmys 2026: Outstanding supporting actor in a comedy series?,0xbca22b54,sell_yes,Sold YES (ask lifted),51.64,0.38,19.6232,0.39,-1,0,4.6476,-4.6476,9612.74,0,0
3902,2026-07-23T00:00:00+00:00,2026-07-23,Will the Fed increase interest rates by 25 bps after the September 2026 meeting?,0x876506d8,buy_yes,Bought YES (bid hit),103.28,0.49,50.6072,0.485,-0.5,133.041,112.575,20.466,9615.38,0,0
3903,2026-07-23T03:41:00+00:00,2026-07-23,Fed Rate Hike by October 2026 Meeting?,0x059db22d,buy_yes,Bought YES (bid hit),103.28,0.63,65.0664,0.625,-0.5,203.239,144.6,58.6383,9550.31,0,0
3904,2026-07-23T07:25:00+00:00,2026-07-23,Fed Rate Hike by October 2026 Meeting?,0x059db22d,sell_yes,Sold YES (ask lifted),106.378,0.63,67.0184,0.635,-0.5,96.8601,144.6,-47.7401,9617.33,0,0
3905,2026-07-23T08:52:00+00:00,2026-07-23,Fed Rate Hike by October 2026 Meeting?,0x059db22d,buy_yes,Bought YES (bid hit),103.28,0.67,69.1976,0.66,-1,200.14,144.6,55.5399,9548.13,0,0
3906,2026-07-23T08:59:00+00:00,2026-07-23,Fed Rate Hike by October 2026 Meeting?,0x059db22d,sell_yes,Sold YES (ask lifted),103.28,0.67,69.1976,0.68,-1,96.8601,144.6,-47.7401,9617.33,0,0
3907,2026-07-23T09:25:00+00:00,2026-07-23,Fed Rate Hike by October 2026 Meeting?,0x059db22d,buy_yes,Bought YES (bid hit),103.28,0.67,69.1976,0.65,-2,200.14,144.6,55.5399,9548.13,0,0
3908,2026-07-23T09:40:00+00:00,2026-07-23,Clarity Act (H.R.3633) signed into law in 2026?,0x9cb23d04,sell_yes,Sold YES (ask lifted),51.64,0.33,17.0412,0.415,-8.5,10.328,54.7384,-44.4104,9565.17,0,0
3909,2026-07-23T10:28:00+00:00,2026-07-23,Fed Rate Hike by October 2026 Meeting?,0x059db22d,sell_yes,Sold YES (ask lifted),109.477,0.65,71.1599,0.665,-1.5,90.6633,144.6,-53.9369,9636.33,0,0
3910,2026-07-23T10:29:00+00:00,2026-07-23,Will there be no change in Fed interest rates after the September 2026 meeting?,0xa3b36b2d,buy_yes,Bought YES (bid hit),103.28,0.44,45.4432,0.435,-0.5,108.444,64.6533,43.7907,9590.89,0,0
3911,2026-07-23T10:35:00+00:00,2026-07-23,Will the Fed increase interest rates by 25 bps after the September 2026 meeting?,0x876506d8,sell_yes,Sold YES (ask lifted),109.477,0.42,45.9803,0.43,-1,23.5644,112.575,-89.0108,9636.87,0,0
3912,2026-07-23T11:10:00+00:00,2026-07-23,Will the Fed increase interest rates by 25 bps after the September 2026 meeting?,0x876506d8,buy_yes,Bought YES (bid hit),103.28,0.46,47.5088,0.46,-0,126.844,112.575,14.2692,9589.36,0,0
3913,2026-07-23T11:47:00+00:00,2026-07-23,Fed Rate Hike by October 2026 Meeting?,0x059db22d,buy_yes,Bought YES (bid hit),103.28,0.68,70.2304,0.68,-0,193.943,144.6,49.3431,9519.13,0,0
3914,2026-07-23T12:52:00+00:00,2026-07-23,Will the Fed increase interest rates by 25 bps after the September 2026 meeting?,0x876506d8,sell_yes,Sold YES (ask lifted),103.28,0.47,48.5416,0.475,-0.5,23.5644,112.575,-89.0108,9567.67,0,0
3915,2026-07-23T13:06:00+00:00,2026-07-23,Will Stephen Root – “Widow’s Bay” win Emmys 2026: Outstanding supporting actor in a comedy series?,0xbca22b54,buy_yes,Bought YES (bid hit),51.64,0.33,17.0412,0.305,-2.5,51.64,4.6476,46.9924,9550.63,0,0
3916,2026-07-23T13:50:00+00:00,2026-07-23,Bab el-Mandeb Strait effectively closed by September 30?,0x95fc6a4e,buy_yes,Bought YES (bid hit),103.28,0.24,24.7872,0.23,-1,215.855,112.575,103.28,9525.85,0,0
3917,2026-07-23T14:00:00+00:00,2026-07-23,Will the Fed increase interest rates by 25 bps after the September 2026 meeting?,0x876506d8,buy_yes,Bought YES (bid hit),103.28,0.49,50.6072,0.485,-0.5,126.844,112.575,14.2692,9475.24,0,0
3918,2026-07-23T16:05:00+00:00,2026-07-23,Will the Fed increase interest rates by 25 bps after the September 2026 meeting?,0x876506d8,sell_yes,Sold YES (ask lifted),121.87,0.48,58.4978,0.49,-1,4.97396,112.575,-107.601,9533.74,0,0
3919,2026-07-23T16:53:00+00:00,2026-07-23,Will the Fed increase interest rates by 25 bps after the September 2026 meeting?,0x876506d8,buy_yes,Bought YES (bid hit),103.28,0.51,52.6728,0.505,-0.5,108.254,112.575,-4.32123,9481.06,0,0
3920,2026-07-23T16:55:00+00:00,2026-07-23,Will Spider-Man: Brand New Day be the top grossing movie of 2026?,0xc4b07998,buy_yes,Bought YES (bid hit),25.82,0.8,20.656,0.795,-0.5,28.9184,28.1438,0.7746,9460.41,0,0
3921,2026-07-23T17:40:00+00:00,2026-07-23,Will the U.S. invade Iran before 2027?,0x5db999fa,buy_yes,Bought YES (bid hit),103.28,0.3,30.984,0.295,-0.5,143.559,100.182,43.3776,9429.42,0,0
3922,2026-07-23T17:59:00+00:00,2026-07-23,Will the U.S. invade Iran before 2027?,0x5db999fa,sell_yes,Sold YES (ask lifted),103.28,0.3,30.984,0.305,-0.5,40.2792,100.182,-59.9024,9460.41,0,0
3923,2026-07-23T18:37:00+00:00,2026-07-23,Fed Rate Hike by October 2026 Meeting?,0x059db22d,sell_yes,Sold YES (ask lifted),103.28,0.68,70.2304,0.685,-0.5,90.6633,144.6,-53.9369,9530.64,0,0
3924,2026-07-23T20:54:00+00:00,2026-07-23,Will the U.S. invade Iran before 2027?,0x5db999fa,buy_yes,Bought YES (bid hit),103.28,0.3,30.984,0.295,-0.5,143.559,100.182,43.3776,9499.65,0,0
3925,2026-07-23T23:09:00+00:00,2026-07-23,Will the U.S. invade Iran before 2027?,0x5db999fa,sell_yes,Sold YES (ask lifted),103.28,0.3,30.984,0.305,-0.5,40.2792,100.182,-59.9024,9530.64,0,0
3926,2026-07-24T02:13:00+00:00,2026-07-24,Bab el-Mandeb Strait effectively closed by September 30?,0x95fc6a4e,sell_yes,Sold YES (ask lifted),103.28,0.23,23.7544,0.235,-0.5,112.575,112.575,-0,9603.62,0,0
3927,2026-07-24T04:41:00+00:00,2026-07-24,Will the U.S. invade Iran before 2027?,0x5db999fa,buy_yes,Bought YES (bid hit),103.28,0.3,30.984,0.295,-0.5,143.559,100.182,43.3776,9572.64,0,0
3928,2026-07-24T06:16:00+00:00,2026-07-24,Clarity Act (H.R.3633) signed into law in 2026?,0x9cb23d04,buy_yes,Bought YES (bid hit),51.64,0.37,19.1068,0.365,-0.5,61.968,54.7384,7.2296,9553.53,0,0
3929,2026-07-24T06:51:00+00:00,2026-07-24,Will the U.S. invade Iran before 2027?,0x5db999fa,sell_yes,Sold YES (ask lifted),103.28,0.29,29.9512,0.295,-0.5,40.2792,100.182,-59.9024,9583.48,0,0
3930,2026-07-24T11:28:00+00:00,2026-07-24,Will the U.S. invade Iran before 2027?,0x5db999fa,buy_yes,Bought YES (bid hit),103.28,0.29,29.9512,0.285,-0.5,143.559,100.182,43.3776,9553.53,0,0
3931,2026-07-24T11:34:00+00:00,2026-07-24,Will the U.S. invade Iran before 2027?,0x5db999fa,sell_yes,Sold YES (ask lifted),106.378,0.29,30.8497,0.29,-0,37.1808,100.182,-63.0008,9584.38,0,0
3932,2026-07-24T13:45:00+00:00,2026-07-24,Will the U.S. invade Iran before 2027?,0x5db999fa,buy_yes,Bought YES (bid hit),103.28,0.29,29.9512,0.285,-0.5,140.461,100.182,40.2792,9554.43,0,0
3933,2026-07-24T14:47:00+00:00,2026-07-24,Will the U.S. invade Iran before 2027?,0x5db999fa,sell_yes,Sold YES (ask lifted),103.28,0.29,29.9512,0.295,-0.5,37.1808,100.182,-63.0008,9584.38,0,0
3934,2026-07-24T15:56:00+00:00,2026-07-24,Will the U.S. invade Iran before 2027?,0x5db999fa,buy_yes,Bought YES (bid hit),103.28,0.29,29.9512,0.285,-0.5,140.461,100.182,40.2792,9554.43,0,0
3935,2026-07-24T15:58:00+00:00,2026-07-24,Will the U.S. invade Iran before 2027?,0x5db999fa,sell_yes,Sold YES (ask lifted),103.28,0.29,29.9512,0.295,-0.5,37.1808,100.182,-63.0008,9584.38,0,0
3936,2026-07-24T16:07:00+00:00,2026-07-24,Will the U.S. invade Iran before 2027?,0x5db999fa,buy_yes,Bought YES (bid hit),103.28,0.29,29.9512,0.285,-0.5,140.461,100.182,40.2792,9554.43,0,0
3937,2026-07-24T17:20:00+00:00,2026-07-24,Will the U.S. invade Iran before 2027?,0x5db999fa,sell_yes,Sold YES (ask lifted),103.28,0.28,28.9184,0.285,-0.5,37.1808,100.182,-63.0008,9583.35,0,0
3938,2026-07-24T17:46:00+00:00,2026-07-24,Will the U.S. invade Iran before 2027?,0x5db999fa,buy_yes,Bought YES (bid hit),103.28,0.29,29.9512,0.285,-0.5,140.461,100.182,40.2792,9553.39,0,0
3939,2026-07-24T18:33:00+00:00,2026-07-24,Will the U.S. invade Iran before 2027?,0x5db999fa,sell_yes,Sold YES (ask lifted),103.28,0.29,29.9512,0.295,-0.5,37.1808,100.182,-63.0008,9583.35,0,0
3940,2026-07-24T20:11:00+00:00,2026-07-24,Will the U.S. invade Iran before 2027?,0x5db999fa,buy_yes,Bought YES (bid hit),103.28,0.3,30.984,0.295,-0.5,140.461,100.182,40.2792,9552.36,0,0
3941,2026-07-24T23:26:00+00:00,2026-07-24,Will the U.S. invade Iran before 2027?,0x5db999fa,sell_yes,Sold YES (ask lifted),103.28,0.3,30.984,0.305,-0.5,37.1808,100.182,-63.0008,9583.35,0,0
3942,2026-07-25T00:00:00+00:00,2026-07-25,Fed Rate Hike by October 2026 Meeting?,0x059db22d,buy_yes,Bought YES (bid hit),103.28,0.68,70.2304,0.68,-0,193.943,144.6,49.3431,9559.21,0,0
3943,2026-07-25T00:25:00+00:00,2026-07-25,Will Stephen Root – “Widow’s Bay” win Emmys 2026: Outstanding supporting actor in a comedy series?,0xbca22b54,sell_yes,Sold YES (ask lifted),51.64,0.29,14.9756,0.29,-0,0,4.6476,-4.6476,9574.18,0,0
3944,2026-07-25T02:52:00+00:00,2026-07-25,Will the U.S. invade Iran before 2027?,0x5db999fa,buy_yes,Bought YES (bid hit),103.28,0.3,30.984,0.295,-0.5,140.461,100.182,40.2792,9543.2,0,0
3945,2026-07-25T15:24:00+00:00,2026-07-25,Will Gadi Eizenkot be the next Prime Minister of Israel?,0xdbe93b5a,sell_yes,Sold YES (ask lifted),58.6114,0.53,31.064,0.545,-1.5,0,58.6114,-58.6114,9570.99,0,0
3946,2026-07-25T16:27:00+00:00,2026-07-25,Will the U.S. invade Iran before 2027?,0x5db999fa,sell_yes,Sold YES (ask lifted),103.28,0.25,25.82,0.255,-0.5,37.1808,100.182,-63.0008,9596.81,0,0
3947,2026-07-25T16:45:00+00:00,2026-07-25,Will the U.S. invade Iran before 2027?,0x5db999fa,buy_yes,Bought YES (bid hit),103.28,0.25,25.82,0.245,-0.5,140.461,100.182,40.2792,9570.99,0,0
3948,2026-07-25T16:49:00+00:00,2026-07-25,Will the U.S. invade Iran before 2027?,0x5db999fa,sell_yes,Sold YES (ask lifted),103.28,0.25,25.82,0.255,-0.5,37.1808,100.182,-63.0008,9596.81,0,0
3949,2026-07-25T18:41:00+00:00,2026-07-25,Will the U.S. invade Iran before 2027?,0x5db999fa,buy_yes,Bought YES (bid hit),103.28,0.26,26.8528,0.255,-0.5,140.461,100.182,40.2792,9569.95,0,0
3950,2026-07-25T18:50:00+00:00,2026-07-25,Will there be no change in Fed interest rates after the October 2026 meeting?,0xdf9bf27e,sell_yes,Sold YES (ask lifted),51.64,0.54,27.8856,0.545,-0.5,23.961,54.7384,-30.7774,9597.84,0,0
3951,2026-07-25T18:57:00+00:00,2026-07-25,Will the U.S. invade Iran before 2027?,0x5db999fa,sell_yes,Sold YES (ask lifted),103.28,0.26,26.8528,0.265,-0.5,37.1808,100.182,-63.0008,9624.69,0,0
3952,2026-07-25T21:18:00+00:00,2026-07-25,Will the U.S. invade Iran before 2027?,0x5db999fa,buy_yes,Bought YES (bid hit),103.28,0.26,26.8528,0.255,-0.5,140.461,100.182,40.2792,9597.84,0,0
3953,2026-07-25T21:26:00+00:00,2026-07-25,Will the U.S. invade Iran before 2027?,0x5db999fa,sell_yes,Sold YES (ask lifted),103.28,0.26,26.8528,0.265,-0.5,37.1808,100.182,-63.0008,9624.69,0,0
3954,2026-07-25T22:27:00+00:00,2026-07-25,Will Édouard Philippe win the 2027 French presidential election?,0x46f2f457,buy_yes,Bought YES (bid hit),51.64,0.26,13.4264,0.255,-0.5,92.4356,53.1892,39.2464,9611.27,0,0
3955,2026-07-25T22:34:00+00:00,2026-07-25,Will the U.S. invade Iran before 2027?,0x5db999fa,buy_yes,Bought YES (bid hit),103.28,0.26,26.8528,0.255,-0.5,140.461,100.182,40.2792,9584.41,0,0
3956,2026-07-26T06:10:00+00:00,2026-07-26,Will Gadi Eizenkot be the next Prime Minister of Israel?,0xdbe93b5a,buy_yes,Bought YES (bid hit),53.9638,0.53,28.6008,0.522,-0.8,53.9638,58.6114,-4.6476,9619.73,0,0
3957,2026-07-26T09:38:00+00:00,2026-07-26,Will the U.S. invade Iran before 2027?,0x5db999fa,sell_yes,Sold YES (ask lifted),103.28,0.21,21.6888,0.215,-0.5,37.1808,100.182,-63.0008,9641.42,0,0
3958,2026-07-26T10:15:00+00:00,2026-07-26,Will the U.S. invade Iran before 2027?,0x5db999fa,buy_yes,Bought YES (bid hit),103.28,0.21,21.6888,0.205,-0.5,140.461,100.182,40.2792,9619.73,0,0
3959,2026-07-26T14:43:00+00:00,2026-07-26,Will there be no change in Fed interest rates after the September 2026 meeting?,0xa3b36b2d,sell_yes,Sold YES (ask lifted),103.28,0.41,42.3448,0.415,-0.5,5.164,64.6533,-59.4893,9662.07,0,0
3960,2026-07-26T15:11:00+00:00,2026-07-26,Will the U.S. invade Iran before 2027?,0x5db999fa,sell_yes,Sold YES (ask lifted),103.28,0.2,20.656,0.205,-0.5,37.1808,100.182,-63.0008,9682.73,0,0
3961,2026-07-26T20:19:00+00:00,2026-07-26,Will the Fed increase interest rates by 25 bps after the October 2026 meeting?,0x12aa13b3,buy_yes,Bought YES (bid hit),65.5828,0.29,19.019,0.285,-0.5,71.7796,51.64,20.1396,9663.71,0,0
3962,2026-07-27T01:24:00+00:00,2026-07-27,Will there be no change in Fed interest rates after the September 2026 meeting?,0xa3b36b2d,buy_yes,Bought YES (bid hit),103.28,0.45,46.476,0.445,-0.5,108.444,64.6533,43.7907,9662.04,0,0
3963,2026-07-27T14:37:00+00:00,2026-07-27,Fed Rate Hike by October 2026 Meeting?,0x059db22d,sell_yes,Sold YES (ask lifted),103.28,0.63,65.0664,0.635,-0.5,90.6633,144.6,-53.9369,9727.11,0,0
3964,2026-07-27T16:34:00+00:00,2026-07-27,Will the U.S. invade Iran before 2027?,0x5db999fa,buy_yes,Bought YES (bid hit),103.28,0.22,22.7216,0.215,-0.5,140.461,100.182,40.2792,9704.39,0,0
3965,2026-07-27T16:51:00+00:00,2026-07-27,Will the U.S. invade Iran before 2027?,0x5db999fa,sell_yes,Sold YES (ask lifted),103.28,0.22,22.7216,0.225,-0.5,37.1808,100.182,-63.0008,9727.11,0,0
3966,2026-07-27T18:49:00+00:00,2026-07-27,Will the U.S. invade Iran before 2027?,0x5db999fa,buy_yes,Bought YES (bid hit),103.28,0.23,23.7544,0.225,-0.5,140.461,100.182,40.2792,9703.36,0,0
3967,2026-07-27T19:57:00+00:00,2026-07-27,Will the U.S. invade Iran before 2027?,0x5db999fa,sell_yes,Sold YES (ask lifted),103.28,0.22,22.7216,0.225,-0.5,37.1808,100.182,-63.0008,9726.08,0,0
3968,2026-07-27T23:02:00+00:00,2026-07-27,Fed Rate Hike by October 2026 Meeting?,0x059db22d,buy_yes,Bought YES (bid hit),103.28,0.68,70.2304,0.68,-0,193.943,144.6,49.3431,9655.85,0,0
3969,2026-07-28T01:28:00+00:00,2026-07-28,Will the U.S. invade Iran before 2027?,0x5db999fa,buy_yes,Bought YES (bid hit),103.28,0.22,22.7216,0.215,-0.5,140.461,100.182,40.2792,9677.93,0,0
3970,2026-07-28T02:58:00+00:00,2026-07-28,Will the Fed increase interest rates by 25 bps after the October 2026 meeting?,0x12aa13b3,sell_yes,Sold YES (ask lifted),51.64,0.24,12.3936,0.245,-0.5,20.1396,51.64,-31.5004,9690.33,0,0
3971,2026-07-28T03:39:00+00:00,2026-07-28,Fed Rate Hike by October 2026 Meeting?,0x059db22d,sell_yes,Sold YES (ask lifted),103.28,0.7,72.296,0.725,-2.5,90.6633,144.6,-53.9369,9762.62,0,0
3972,2026-07-28T10:09:00+00:00,2026-07-28,Will there be no change in Fed interest rates after the September 2026 meeting?,0xa3b36b2d,sell_yes,Sold YES (ask lifted),103.28,0.35,36.148,0.355,-0.5,5.164,64.6533,-59.4893,9798.77,0,0
3973,2026-07-28T10:10:00+00:00,2026-07-28,Will there be no change in Fed interest rates after the September 2026 meeting?,0xa3b36b2d,buy_yes,Bought YES (bid hit),103.28,0.35,36.148,0.345,-0.5,108.444,64.6533,43.7907,9762.62,0,0
3974,2026-07-28T11:15:00+00:00,2026-07-28,Will there be no change in Fed interest rates after the September 2026 meeting?,0xa3b36b2d,sell_yes,Sold YES (ask lifted),103.28,0.35,36.148,0.355,-0.5,5.164,64.6533,-59.4893,9798.77,0,0
3975,2026-07-28T13:33:00+00:00,2026-07-28,Fed Rate Hike by October 2026 Meeting?,0x059db22d,buy_yes,Bought YES (bid hit),103.28,0.73,75.3944,0.725,-0.5,193.943,144.6,49.3431,9723.37,0,0
3976,2026-07-28T16:40:00+00:00,2026-07-28,Will the Fed increase interest rates by 25 bps after the October 2026 meeting?,0x12aa13b3,buy_yes,Bought YES (bid hit),51.64,0.24,12.3936,0.235,-0.5,71.7796,51.64,20.1396,9710.98,0,0
3977,2026-07-28T16:57:00+00:00,2026-07-28,Fed Rate Hike by October 2026 Meeting?,0x059db22d,sell_yes,Sold YES (ask lifted),103.28,0.73,75.3944,0.735,-0.5,90.6633,144.6,-53.9369,9786.38,0,0
3978,2026-07-28T20:53:00+00:00,2026-07-28,Will the U.S. invade Iran before 2027?,0x5db999fa,sell_yes,Sold YES (ask lifted),103.28,0.21,21.6888,0.215,-0.5,37.1808,100.182,-63.0008,9808.06,0,0
3979,2026-07-28T20:57:00+00:00,2026-07-28,Will the U.S. invade Iran before 2027?,0x5db999fa,buy_yes,Bought YES (bid hit),103.28,0.21,21.6888,0.205,-0.5,140.461,100.182,40.2792,9786.38,0,0
3980,2026-07-28T21:01:00+00:00,2026-07-28,Will the U.S. invade Iran before 2027?,0x5db999fa,sell_yes,Sold YES (ask lifted),103.28,0.21,21.6888,0.215,-0.5,37.1808,100.182,-63.0008,9808.06,0,0
3981,2026-07-28T23:01:00+00:00,2026-07-28,Will the U.S. invade Iran before 2027?,0x5db999fa,buy_yes,Bought YES (bid hit),103.28,0.24,24.7872,0.235,-0.5,140.461,100.182,40.2792,9783.28,0,0
3982,2026-07-28T23:41:00+00:00,2026-07-28,Will the U.S. invade Iran before 2027?,0x5db999fa,sell_yes,Sold YES (ask lifted),103.28,0.24,24.7872,0.245,-0.5,37.1808,100.182,-63.0008,9808.06,0,0
3983,2026-07-29T00:00:00+00:00,2026-07-29,Bab el-Mandeb Strait effectively closed by September 30?,0x95fc6a4e,buy_yes,Bought YES (bid hit),103.28,0.18,18.5904,0.15,-3,215.855,112.575,103.28,9833.15,0,0
3984,2026-07-29T00:00:00+00:00,2026-07-29,Will the Sweden Democrats (SD) win the second most seats in the 2026 Swedish parliamentary election?,0x9e2966ab,sell_yes,Sold YES (ask lifted),61.968,0.81,50.1941,0.82,-1,80.5584,83.8303,-3.27191,9883.34,0,0
3985,2026-07-29T00:02:00+00:00,2026-07-29,Bab el-Mandeb Strait effectively closed by September 30?,0x95fc6a4e,sell_yes,Sold YES (ask lifted),103.28,0.19,19.6232,0.2,-1,112.575,112.575,-0,9902.96,0,0
3986,2026-07-29T01:41:00+00:00,2026-07-29,Will Katherine LaNasa – “The Pitt” win Emmys 2026: Outstanding supporting actress in a drama series?,0xc46b0990,buy_yes,Bought YES (bid hit),62.4844,0.74,46.2385,0.675,-6.5,62.4844,53.1892,9.2952,9856.72,0,0
3987,2026-07-29T02:00:00+00:00,2026-07-29,Will Katherine LaNasa – “The Pitt” win Emmys 2026: Outstanding supporting actress in a drama series?,0xc46b0990,sell_yes,Sold YES (ask lifted),56.2876,0.66,37.1498,0.72,-6,6.1968,53.1892,-46.9924,9893.87,0,0
3988,2026-07-29T11:14:00+00:00,2026-07-29,Will there be no change in Fed interest rates after the September 2026 meeting?,0xa3b36b2d,buy_yes,Bought YES (bid hit),103.28,0.4,41.312,0.395,-0.5,108.444,64.6533,43.7907,9852.56,0,0
3989,2026-07-29T13:10:00+00:00,2026-07-29,Clarity Act (H.R.3633) signed into law in 2026?,0x9cb23d04,buy_yes,Bought YES (bid hit),51.64,0.27,13.9428,0.265,-0.5,113.608,54.7384,58.8696,9838.62,0,0
3990,2026-07-29T13:53:00+00:00,2026-07-29,Will there be no change in Fed interest rates after the September 2026 meeting?,0xa3b36b2d,sell_yes,Sold YES (ask lifted),103.28,0.4,41.312,0.405,-0.5,5.164,64.6533,-59.4893,9879.93,0,0
3991,2026-07-29T13:54:00+00:00,2026-07-29,Will there be no change in Fed interest rates after the September 2026 meeting?,0xa3b36b2d,buy_yes,Bought YES (bid hit),109.477,0.4,43.7907,0.395,-0.5,114.641,64.6533,49.9875,9836.14,0,0
3992,2026-07-29T16:18:00+00:00,2026-07-29,Will there be no change in Fed interest rates after the October 2026 meeting?,0xdf9bf27e,buy_yes,Bought YES (bid hit),51.64,0.63,32.5332,0.625,-0.5,75.601,54.7384,20.8626,9803.61,0,0
3993,2026-07-29T17:58:00+00:00,2026-07-29,Fed Rate Hike by October 2026 Meeting?,0x059db22d,buy_yes,Bought YES (bid hit),131.166,0.73,95.7509,0.695,-3.5,221.829,144.6,77.2287,9707.86,0,0
3994,2026-07-29T18:03:00+00:00,2026-07-29,Will there be no change in Fed interest rates after the September 2026 meeting?,0xa3b36b2d,sell_yes,Sold YES (ask lifted),115.674,0.33,38.1723,0.335,-0.5,0,65.6861,-65.6861,9745.34,0,0
3995,2026-07-29T18:03:00+00:00,2026-07-29,Will there be no change in Fed interest rates after the October 2026 meeting?,0xdf9bf27e,sell_yes,Sold YES (ask lifted),51.64,0.63,32.5332,0.635,-0.5,23.961,54.7384,-30.7774,9777.87,0,0
3996,2026-07-29T18:08:00+00:00,2026-07-29,Will there be no change in Fed interest rates after the September 2026 meeting?,0xa3b36b2d,buy_yes,Bought YES (bid hit),103.28,0.36,37.1808,0.355,-0.5,103.28,65.6861,37.5939,9740.69,0,0
3997,2026-07-29T18:10:00+00:00,2026-07-29,Will there be no change in Fed interest rates after the September 2026 meeting?,0xa3b36b2d,sell_yes,Sold YES (ask lifted),103.28,0.36,37.1808,0.365,-0.5,0,65.6861,-65.6861,9777.87,0,0
3998,2026-07-29T18:12:00+00:00,2026-07-29,Will the Fed increase interest rates by 25 bps after the October 2026 meeting?,0x12aa13b3,sell_yes,Sold YES (ask lifted),54.7384,0.23,12.5898,0.235,-0.5,17.0412,51.64,-34.5988,9790.46,0,0
3999,2026-07-29T18:13:00+00:00,2026-07-29,Will the Fed increase interest rates by 25 bps after the October 2026 meeting?,0x12aa13b3,buy_yes,Bought YES (bid hit),51.64,0.23,11.8772,0.23,-0,68.6812,51.64,17.0412,9778.58,0,0
4000,2026-07-29T18:14:00+00:00,2026-07-29,Will the Fed increase interest rates by 25 bps after the October 2026 meeting?,0x12aa13b3,sell_yes,Sold YES (ask lifted),51.64,0.24,12.3936,0.245,-0.5,17.0412,51.64,-34.5988,9790.98,0,0
4001,2026-07-29T18:15:00+00:00,2026-07-29,Will the Fed increase interest rates by 25 bps after the October 2026 meeting?,0x12aa13b3,buy_yes,Bought YES (bid hit),51.64,0.24,12.3936,0.235,-0.5,68.6812,51.64,17.0412,9778.58,0,0
4002,2026-07-29T18:15:00+00:00,2026-07-29,Will there be no change in Fed interest rates after the September 2026 meeting?,0xa3b36b2d,buy_yes,Bought YES (bid hit),103.28,0.36,37.1808,0.345,-1.5,103.28,65.6861,37.5939,9741.4,0,0
4003,2026-07-29T18:15:00+00:00,2026-07-29,Will there be no change in Fed interest rates after the October 2026 meeting?,0xdf9bf27e,buy_yes,Bought YES (bid hit),54.7384,0.63,34.4852,0.625,-0.5,78.6994,54.7384,23.961,9706.92,0,0
4004,2026-07-29T18:16:00+00:00,2026-07-29,Will the Fed increase interest rates by 25 bps after the October 2026 meeting?,0x12aa13b3,sell_yes,Sold YES (ask lifted),51.64,0.24,12.3936,0.245,-0.5,17.0412,51.64,-34.5988,9719.31,0,0
4005,2026-07-29T18:16:00+00:00,2026-07-29,Will there be no change in Fed interest rates after the September 2026 meeting?,0xa3b36b2d,sell_yes,Sold YES (ask lifted),109.477,0.35,38.3169,0.355,-0.5,0,71.8829,-71.8829,9753.6,0,0
4006,2026-07-29T18:18:00+00:00,2026-07-29,Fed Rate Hike by October 2026 Meeting?,0x059db22d,sell_yes,Sold YES (ask lifted),103.28,0.64,66.0992,0.655,-1.5,118.549,144.6,-26.0513,9819.7,0,0
4007,2026-07-29T18:22:00+00:00,2026-07-29,Will there be no change in Fed interest rates after the October 2026 meeting?,0xdf9bf27e,sell_yes,Sold YES (ask lifted),51.64,0.62,32.0168,0.625,-0.5,27.0594,54.7384,-27.679,9851.72,0,0
4008,2026-07-29T18:28:00+00:00,2026-07-29,Will there be no change in Fed interest rates after the September 2026 meeting?,0xa3b36b2d,buy_yes,Bought YES (bid hit),131.166,0.39,51.1546,0.38,-1,131.166,71.8829,59.2827,9800.56,0,0
4009,2026-07-29T18:35:00+00:00,2026-07-29,Will there be no change in Fed interest rates after the September 2026 meeting?,0xa3b36b2d,sell_yes,Sold YES (ask lifted),109.477,0.32,35.0326,0.325,-0.5,21.6888,71.8829,-50.1941,9835.59,0,0
4010,2026-07-29T18:42:00+00:00,2026-07-29,Will the Fed increase interest rates by 25 bps after the September 2026 meeting?,0x876506d8,buy_yes,Bought YES (bid hit),103.28,0.62,64.0336,0.59,-3,211.534,112.575,98.9588,9771.56,0,0
4011,2026-07-29T18:54:00+00:00,2026-07-29,Will there be no change in Fed interest rates after the September 2026 meeting?,0xa3b36b2d,buy_yes,Bought YES (bid hit),103.28,0.4,41.312,0.395,-0.5,124.969,71.8829,53.0859,9730.25,0,0
4012,2026-07-29T18:55:00+00:00,2026-07-29,Fed Rate Hike by October 2026 Meeting?,0x059db22d,buy_yes,Bought YES (bid hit),106.378,0.65,69.146,0.645,-0.5,224.927,144.6,80.3271,9661.1,0,0
4013,2026-07-29T18:58:00+00:00,2026-07-29,Will there be no change in Fed interest rates after the September 2026 meeting?,0xa3b36b2d,sell_yes,Sold YES (ask lifted),109.477,0.4,43.7907,0.415,-1.5,15.492,71.8829,-56.3909,9704.89,0,0
4014,2026-07-29T19:03:00+00:00,2026-07-29,Will the Fed increase interest rates by 25 bps after the October 2026 meeting?,0x12aa13b3,buy_yes,Bought YES (bid hit),51.64,0.26,13.4264,0.215,-4.5,68.6812,51.64,17.0412,9691.47,0,0
4015,2026-07-29T19:29:00+00:00,2026-07-29,Will there be no change in Fed interest rates after the September 2026 meeting?,0xa3b36b2d,buy_yes,Bought YES (bid hit),103.28,0.46,47.5088,0.455,-0.5,118.772,71.8829,46.8891,9643.96,0,0
4016,2026-07-29T19:35:00+00:00,2026-07-29,Will the Fed increase interest rates by 25 bps after the October 2026 meeting?,0x12aa13b3,sell_yes,Sold YES (ask lifted),53.1892,0.22,11.7016,0.225,-0.5,15.492,51.64,-36.148,9655.66,0,0
4017,2026-07-29T19:47:00+00:00,2026-07-29,Will the U.S. invade Iran before 2027?,0x5db999fa,buy_yes,Bought YES (bid hit),103.28,0.24,24.7872,0.235,-0.5,140.461,100.182,40.2792,9630.87,0,0
4018,2026-07-29T21:39:00+00:00,2026-07-29,Will the U.S. invade Iran before 2027?,0x5db999fa,sell_yes,Sold YES (ask lifted),103.28,0.24,24.7872,0.245,-0.5,37.1808,100.182,-63.0008,9655.66,0,0
4019,2026-07-29T23:39:00+00:00,2026-07-29,Will the U.S. invade Iran before 2027?,0x5db999fa,buy_yes,Bought YES (bid hit),103.28,0.24,24.7872,0.235,-0.5,140.461,100.182,40.2792,9630.87,0,0
4020,2026-07-30T00:00:00+00:00,2026-07-30,Iran leadership change by December 31?,0x377e7fe6,sell_yes,Sold YES (ask lifted),103.28,0.23,23.7544,0.275,-4.5,6.1968,103.28,-97.0832,9713.62,0,0
4021,2026-07-30T00:01:00+00:00,2026-07-30,Will the Fed increase interest rates by 25 bps after the October 2026 meeting?,0x12aa13b3,buy_yes,Bought YES (bid hit),51.64,0.23,11.8772,0.23,-0,67.132,51.64,15.492,9701.74,0,0
4022,2026-07-30T00:08:00+00:00,2026-07-30,Iran leadership change by December 31?,0x377e7fe6,buy_yes,Bought YES (bid hit),103.28,0.21,21.6888,0.205,-0.5,109.477,103.28,6.1968,9680.06,0,0
4023,2026-07-30T00:25:00+00:00,2026-07-30,Will the U.S. invade Iran before 2027?,0x5db999fa,sell_yes,Sold YES (ask lifted),103.28,0.24,24.7872,0.245,-0.5,37.1808,100.182,-63.0008,9704.84,0,0
4024,2026-07-30T01:37:00+00:00,2026-07-30,Will the U.S. invade Iran before 2027?,0x5db999fa,buy_yes,Bought YES (bid hit),115.674,0.31,35.8588,0.305,-0.5,152.854,100.182,52.6728,9668.98,0,0
4025,2026-07-30T01:43:00+00:00,2026-07-30,Will the U.S. invade Iran before 2027?,0x5db999fa,sell_yes,Sold YES (ask lifted),103.28,0.29,29.9512,0.295,-0.5,49.5744,100.182,-50.6072,9698.94,0,0
4026,2026-07-30T01:45:00+00:00,2026-07-30,Will the U.S. invade Iran before 2027?,0x5db999fa,buy_yes,Bought YES (bid hit),109.477,0.3,32.843,0.295,-0.5,159.051,100.182,58.8696,9666.09,0,0
4027,2026-07-30T01:48:00+00:00,2026-07-30,Will the U.S. invade Iran before 2027?,0x5db999fa,sell_yes,Sold YES (ask lifted),103.28,0.29,29.9512,0.295,-0.5,55.7712,100.182,-44.4104,9696.04,0,0
4028,2026-07-30T01:50:00+00:00,2026-07-30,Will the U.S. invade Iran before 2027?,0x5db999fa,buy_yes,Bought YES (bid hit),109.477,0.29,31.7483,0.285,-0.5,165.248,100.182,65.0664,9664.3,0,0
4029,2026-07-30T02:16:00+00:00,2026-07-30,Clarity Act (H.R.3633) signed into law in 2026?,0x9cb23d04,sell_yes,Sold YES (ask lifted),51.64,0.27,13.9428,0.275,-0.5,61.968,54.7384,7.2296,9678.24,0,0
4030,2026-07-30T04:30:00+00:00,2026-07-30,Will the Fed increase interest rates by 25 bps after the September 2026 meeting?,0x876506d8,sell_yes,Sold YES (ask lifted),103.28,0.53,54.7384,0.535,-0.5,108.254,112.575,-4.32123,9732.98,0,0
4031,2026-07-30T05:48:00+00:00,2026-07-30,Will the U.S. invade Iran before 2027?,0x5db999fa,sell_yes,Sold YES (ask lifted),103.28,0.27,27.8856,0.275,-0.5,61.968,100.182,-38.2136,9760.86,0,0
4032,2026-07-30T06:19:00+00:00,2026-07-30,Will the U.S. invade Iran before 2027?,0x5db999fa,buy_yes,Bought YES (bid hit),103.28,0.27,27.8856,0.265,-0.5,165.248,100.182,65.0664,9732.98,0,0
4033,2026-07-30T06:37:00+00:00,2026-07-30,Will the U.S. invade Iran before 2027?,0x5db999fa,sell_yes,Sold YES (ask lifted),103.28,0.27,27.8856,0.275,-0.5,61.968,100.182,-38.2136,9760.86,0,0
4034,2026-07-30T06:58:00+00:00,2026-07-30,Will the U.S. invade Iran before 2027?,0x5db999fa,buy_yes,Bought YES (bid hit),103.28,0.27,27.8856,0.265,-0.5,165.248,100.182,65.0664,9732.98,0,0
4035,2026-07-30T12:29:00+00:00,2026-07-30,Will there be no change in Fed interest rates after the September 2026 meeting?,0xa3b36b2d,sell_yes,Sold YES (ask lifted),103.28,0.39,40.2792,0.395,-0.5,15.492,71.8829,-56.3909,9773.26,0,0
4036,2026-07-30T15:12:00+00:00,2026-07-30,Will there be no change in Fed interest rates after the September 2026 meeting?,0xa3b36b2d,buy_yes,Bought YES (bid hit),103.28,0.45,46.476,0.445,-0.5,118.772,71.8829,46.8891,9726.78,0,0
4037,2026-07-30T16:54:00+00:00,2026-07-30,Clarity Act (H.R.3633) signed into law in 2026?,0x9cb23d04,buy_yes,Bought YES (bid hit),51.64,0.27,13.9428,0.24,-3,113.608,54.7384,58.8696,9712.84,0,0
4038,2026-07-30T21:31:00+00:00,2026-07-30,Will the U.S. invade Iran before 2027?,0x5db999fa,sell_yes,Sold YES (ask lifted),103.28,0.24,24.7872,0.245,-0.5,61.968,100.182,-38.2136,9737.62,0,0
4039,2026-07-31T00:25:00+00:00,2026-07-31,Will there be no change in Fed interest rates after the October 2026 meeting?,0xdf9bf27e,buy_yes,Bought YES (bid hit),51.64,0.69,35.6316,0.685,-0.5,78.6994,54.7384,23.961,9762.26,0,0
4040,2026-07-31T02:45:00+00:00,2026-07-31,Clarity Act (H.R.3633) signed into law in 2026?,0x9cb23d04,sell_yes,Sold YES (ask lifted),51.64,0.29,14.9756,0.29,-0,61.968,54.7384,7.2296,9777.24,0,0
4041,2026-07-31T08:23:00+00:00,2026-07-31,Clarity Act (H.R.3633) signed into law in 2026?,0x9cb23d04,buy_yes,Bought YES (bid hit),51.64,0.26,13.4264,0.245,-1.5,113.608,54.7384,58.8696,9763.81,0,0
4042,2026-07-31T16:02:00+00:00,2026-07-31,Will the U.S. invade Iran before 2027?,0x5db999fa,buy_yes,Bought YES (bid hit),103.28,0.24,24.7872,0.235,-0.5,165.248,100.182,65.0664,9739.02,0,0
4043,2026-07-31T20:59:00+00:00,2026-07-31,Fed Rate Hike by October 2026 Meeting?,0x059db22d,sell_yes,Sold YES (ask lifted),106.378,0.61,64.8908,0.62,-1,118.549,144.6,-26.0513,9803.92,0,0
4044,2026-07-31T21:27:00+00:00,2026-07-31,Fed Rate Hike by October 2026 Meeting?,0x059db22d,buy_yes,Bought YES (bid hit),103.28,0.64,66.0992,0.635,-0.5,221.829,144.6,77.2287,9737.82,0,0
4045,2026-07-31T22:01:00+00:00,2026-07-31,Will the U.S. invade Iran before 2027?,0x5db999fa,sell_yes,Sold YES (ask lifted),103.28,0.24,24.7872,0.245,-0.5,61.968,100.182,-38.2136,9762.6,0,0
4046,2026-07-31T22:14:00+00:00,2026-07-31,Will the U.S. invade Iran before 2027?,0x5db999fa,buy_yes,Bought YES (bid hit),103.28,0.24,24.7872,0.235,-0.5,165.248,100.182,65.0664,9737.82,0,0
4047,2026-07-31T22:45:00+00:00,2026-07-31,Will the U.S. invade Iran before 2027?,0x5db999fa,sell_yes,Sold YES (ask lifted),103.28,0.24,24.7872,0.245,-0.5,61.968,100.182,-38.2136,9762.6,0,0
4048,2026-08-01T00:02:00+00:00,2026-08-01,Will Stephen Root – “Widow’s Bay” win Emmys 2026: Outstanding supporting actor in a comedy series?,0xbca22b54,buy_yes,Bought YES (bid hit),51.64,0.34,17.5576,0.245,-9.5,51.64,4.6476,46.9924,9794.68,0,0
4049,2026-08-01T00:09:00+00:00,2026-08-01,Will the U.S. invade Iran before 2027?,0x5db999fa,buy_yes,Bought YES (bid hit),103.28,0.24,24.7872,0.235,-0.5,165.248,100.182,65.0664,9769.89,0,0
4050,2026-08-01T00:21:00+00:00,2026-08-01,Will Stephen Root – “Widow’s Bay” win Emmys 2026: Outstanding supporting actor in a comedy series?,0xbca22b54,sell_yes,Sold YES (ask lifted),53.1892,0.25,13.2973,0.385,-13.5,0,6.1968,-6.1968,9782.03,0,0
4051,2026-08-01T03:48:00+00:00,2026-08-01,Will the U.S. invade Iran before 2027?,0x5db999fa,sell_yes,Sold YES (ask lifted),103.28,0.24,24.7872,0.245,-0.5,61.968,100.182,-38.2136,9806.82,0,0
4052,2026-08-01T05:31:00+00:00,2026-08-01,Will Katherine LaNasa – “The Pitt” win Emmys 2026: Outstanding supporting actress in a drama series?,0xc46b0990,buy_yes,Bought YES (bid hit),51.64,0.71,36.6644,0.705,-0.5,57.8368,53.1892,4.6476,9770.15,0,0
4053,2026-08-01T10:46:00+00:00,2026-08-01,Clarity Act (H.R.3633) signed into law in 2026?,0x9cb23d04,sell_yes,Sold YES (ask lifted),64.0336,0.29,18.5697,0.29,-0,49.5744,54.7384,-5.164,9788.72,0,0
4054,2026-08-01T15:55:00+00:00,2026-08-01,Clarity Act (H.R.3633) signed into law in 2026?,0x9cb23d04,buy_yes,Bought YES (bid hit),54.7384,0.3,16.4215,0.295,-0.5,104.313,54.7384,49.5744,9772.3,0,0
4055,2026-08-01T17:49:00+00:00,2026-08-01,Will the U.S. invade Iran before 2027?,0x5db999fa,buy_yes,Bought YES (bid hit),103.28,0.26,26.8528,0.255,-0.5,165.248,100.182,65.0664,9745.45,0,0
4056,2026-08-01T19:02:00+00:00,2026-08-01,Will the U.S. invade Iran before 2027?,0x5db999fa,sell_yes,Sold YES (ask lifted),103.28,0.26,26.8528,0.265,-0.5,61.968,100.182,-38.2136,9772.3,0,0
4057,2026-08-01T20:14:00+00:00,2026-08-01,Will the U.S. invade Iran before 2027?,0x5db999fa,buy_yes,Bought YES (bid hit),103.28,0.26,26.8528,0.255,-0.5,165.248,100.182,65.0664,9745.45,0,0
4058,2026-08-01T23:24:00+00:00,2026-08-01,Clarity Act (H.R.3633) signed into law in 2026?,0x9cb23d04,sell_yes,Sold YES (ask lifted),51.64,0.32,16.5248,0.34,-2,52.6728,54.7384,-2.0656,9761.97,0,0
4059,2026-08-01T23:31:00+00:00,2026-08-01,Clarity Act (H.R.3633) signed into law in 2026?,0x9cb23d04,sell_yes,Sold YES (ask lifted),51.64,0.37,19.1068,0.375,-0.5,1.0328,54.7384,-53.7056,9781.08,0,0
4060,2026-08-02T00:11:00+00:00,2026-08-02,Clarity Act (H.R.3633) signed into law in 2026?,0x9cb23d04,buy_yes,Bought YES (bid hit),54.7384,0.33,18.0637,0.325,-0.5,55.7712,54.7384,1.0328,9831.15,0,0
4061,2026-08-02T02:52:00+00:00,2026-08-02,Will the U.S. invade Iran before 2027?,0x5db999fa,sell_yes,Sold YES (ask lifted),103.28,0.2,20.656,0.205,-0.5,61.968,100.182,-38.2136,9851.8,0,0
4062,2026-08-02T03:04:00+00:00,2026-08-02,Will the U.S. invade Iran before 2027?,0x5db999fa,buy_yes,Bought YES (bid hit),103.28,0.2,20.656,0.195,-0.5,165.248,100.182,65.0664,9831.15,0,0
4063,2026-08-02T03:05:00+00:00,2026-08-02,Will the U.S. invade Iran before 2027?,0x5db999fa,sell_yes,Sold YES (ask lifted),103.28,0.2,20.656,0.205,-0.5,61.968,100.182,-38.2136,9851.8,0,0
4064,2026-08-02T03:07:00+00:00,2026-08-02,Will there be no change in Fed interest rates after the September 2026 meeting?,0xa3b36b2d,sell_yes,Sold YES (ask lifted),103.28,0.39,40.2792,0.395,-0.5,15.492,71.8829,-56.3909,9892.08,0,0
4065,2026-08-02T03:30:00+00:00,2026-08-02,Will the U.S. invade Iran before 2027?,0x5db999fa,buy_yes,Bought YES (bid hit),103.28,0.2,20.656,0.195,-0.5,165.248,100.182,65.0664,9871.43,0,0
4066,2026-08-02T03:59:00+00:00,2026-08-02,Will the U.S. invade Iran before 2027?,0x5db999fa,sell_yes,Sold YES (ask lifted),103.28,0.17,17.5576,0.175,-0.5,61.968,100.182,-38.2136,9888.98,0,0
4067,2026-08-02T04:02:00+00:00,2026-08-02,Will the U.S. invade Iran before 2027?,0x5db999fa,buy_yes,Bought YES (bid hit),103.28,0.17,17.5576,0.165,-0.5,165.248,100.182,65.0664,9871.43,0,0
4068,2026-08-02T04:38:00+00:00,2026-08-02,Will the U.S. invade Iran before 2027?,0x5db999fa,sell_yes,Sold YES (ask lifted),103.28,0.17,17.5576,0.175,-0.5,61.968,100.182,-38.2136,9888.98,0,0
4069,2026-08-02T06:23:00+00:00,2026-08-02,Will the U.S. invade Iran before 2027?,0x5db999fa,buy_yes,Bought YES (bid hit),103.28,0.18,18.5904,0.175,-0.5,165.248,100.182,65.0664,9870.39,0,0
4070,2026-08-02T06:28:00+00:00,2026-08-02,Will the U.S. invade Iran before 2027?,0x5db999fa,sell_yes,Sold YES (ask lifted),103.28,0.17,17.5576,0.175,-0.5,61.968,100.182,-38.2136,9887.95,0,0
4071,2026-08-02T07:36:00+00:00,2026-08-02,Will the U.S. invade Iran before 2027?,0x5db999fa,buy_yes,Bought YES (bid hit),103.28,0.19,19.6232,0.185,-0.5,165.248,100.182,65.0664,9868.33,0,0
4072,2026-08-02T07:57:00+00:00,2026-08-02,Will the U.S. invade Iran before 2027?,0x5db999fa,sell_yes,Sold YES (ask lifted),103.28,0.19,19.6232,0.195,-0.5,61.968,100.182,-38.2136,9887.95,0,0
4073,2026-08-02T21:49:00+00:00,2026-08-02,Will “The Late Show With Stephen Colbert” win Emmys 2026: Outstanding variety series?,0x607f376c,sell_yes,Sold YES (ask lifted),51.64,0.5,25.82,0.545,-4.5,0,51.64,-51.64,9887.95,0,0
4074,2026-08-02T21:50:00+00:00,2026-08-02,Will the U.S. invade Iran before 2027?,0x5db999fa,buy_yes,Bought YES (bid hit),103.28,0.2,20.656,0.195,-0.5,165.248,100.182,65.0664,9867.29,0,0
4075,2026-08-02T22:19:00+00:00,2026-08-02,Will the U.S. invade Iran before 2027?,0x5db999fa,sell_yes,Sold YES (ask lifted),103.28,0.2,20.656,0.205,-0.5,61.968,100.182,-38.2136,9887.95,0,0
4076,2026-08-02T22:27:00+00:00,2026-08-02,Will the U.S. invade Iran before 2027?,0x5db999fa,buy_yes,Bought YES (bid hit),103.28,0.2,20.656,0.195,-0.5,165.248,100.182,65.0664,9867.29,0,0
4077,2026-08-02T22:28:00+00:00,2026-08-02,Will the U.S. invade Iran before 2027?,0x5db999fa,sell_yes,Sold YES (ask lifted),103.28,0.2,20.656,0.205,-0.5,61.968,100.182,-38.2136,9887.95,0,0
4078,2026-08-02T22:37:00+00:00,2026-08-02,Will the U.S. invade Iran before 2027?,0x5db999fa,buy_yes,Bought YES (bid hit),103.28,0.2,20.656,0.195,-0.5,165.248,100.182,65.0664,9867.29,0,0
4079,2026-08-02T22:46:00+00:00,2026-08-02,Will there be no change in Fed interest rates after the September 2026 meeting?,0xa3b36b2d,buy_yes,Bought YES (bid hit),103.28,0.41,42.3448,0.405,-0.5,118.772,71.8829,46.8891,9824.95,0,0
4080,2026-08-02T22:54:00+00:00,2026-08-02,Will the U.S. invade Iran before 2027?,0x5db999fa,sell_yes,Sold YES (ask lifted),103.28,0.2,20.656,0.205,-0.5,61.968,100.182,-38.2136,9845.61,0,0
4081,2026-08-03T00:00:00+00:00,2026-08-03,Will Benjamin Netanyahu be the next Prime Minister of Israel?,0x7586a965,sell_yes,Sold YES (ask lifted),51.64,0.38,19.6232,0.54,-16,0,54.7384,-54.7384,9941.35,0,0
4082,2026-08-03T00:48:00+00:00,2026-08-03,Will “The Late Show With Stephen Colbert” win Emmys 2026: Outstanding variety series?,0x607f376c,buy_yes,Bought YES (bid hit),51.64,0.54,27.8856,0.53,-1,51.64,51.64,0,9913.46,0,0
4083,2026-08-03T01:32:00+00:00,2026-08-03,Will there be no change in Fed interest rates after the September 2026 meeting?,0xa3b36b2d,sell_yes,Sold YES (ask lifted),103.28,0.41,42.3448,0.415,-0.5,15.492,71.8829,-56.3909,9955.81,0,0
4084,2026-08-03T05:04:00+00:00,2026-08-03,Iran leadership change by December 31?,0x377e7fe6,buy_yes,Bought YES (bid hit),103.28,0.17,17.5576,0.165,-0.5,212.757,103.28,109.477,9938.25,0,0
4085,2026-08-03T07:30:00+00:00,2026-08-03,Will the U.S. invade Iran before 2027?,0x5db999fa,buy_yes,Bought YES (bid hit),103.28,0.2,20.656,0.195,-0.5,165.248,100.182,65.0664,9917.59,0,0
4086,2026-08-03T09:01:00+00:00,2026-08-03,Will Stephen Root – “Widow’s Bay” win Emmys 2026: Outstanding supporting actor in a comedy series?,0xbca22b54,buy_yes,Bought YES (bid hit),51.64,0.39,20.1396,0.37,-2,51.64,6.1968,45.4432,9897.45,0,0
4087,2026-08-03T09:12:00+00:00,2026-08-03,Will the U.S. invade Iran before 2027?,0x5db999fa,sell_yes,Sold YES (ask lifted),103.28,0.2,20.656,0.205,-0.5,61.968,100.182,-38.2136,9918.11,0,0
4088,2026-08-03T11:36:00+00:00,2026-08-03,Fed Rate Hike by October 2026 Meeting?,0x059db22d,sell_yes,Sold YES (ask lifted),103.28,0.62,64.0336,0.625,-0.5,118.549,144.6,-26.0513,9982.14,0,0
4089,2026-08-03T12:06:00+00:00,2026-08-03,Will the U.S. invade Iran before 2027?,0x5db999fa,buy_yes,Bought YES (bid hit),109.477,0.22,24.0849,0.215,-0.5,171.445,100.182,71.2632,9958.06,0,0
4090,2026-08-03T12:23:00+00:00,2026-08-03,Will the U.S. invade Iran before 2027?,0x5db999fa,sell_yes,Sold YES (ask lifted),103.28,0.21,21.6888,0.215,-0.5,68.1648,100.182,-32.0168,9979.75,0,0
4091,2026-08-03T12:28:00+00:00,2026-08-03,Will the U.S. invade Iran before 2027?,0x5db999fa,buy_yes,Bought YES (bid hit),103.28,0.21,21.6888,0.205,-0.5,171.445,100.182,71.2632,9958.06,0,0
4092,2026-08-03T16:37:00+00:00,2026-08-03,Will Benjamin Netanyahu be the next Prime Minister of Israel?,0x7586a965,buy_yes,Bought YES (bid hit),51.64,0.35,18.074,0.345,-0.5,51.64,54.7384,-3.0984,9939.98,0,0
4093,2026-08-03T19:27:00+00:00,2026-08-03,Will the U.S. invade Iran before 2027?,0x5db999fa,sell_yes,Sold YES (ask lifted),103.28,0.21,21.6888,0.215,-0.5,68.1648,100.182,-32.0168,9961.67,0,0
4094,2026-08-03T23:11:00+00:00,2026-08-03,Will the U.S. invade Iran before 2027?,0x5db999fa,buy_yes,Bought YES (bid hit),103.28,0.21,21.6888,0.205,-0.5,171.445,100.182,71.2632,9939.98,0,0
4095,2026-08-03T23:24:00+00:00,2026-08-03,Will the U.S. invade Iran before 2027?,0x5db999fa,sell_yes,Sold YES (ask lifted),103.28,0.21,21.6888,0.21,-0,68.1648,100.182,-32.0168,9961.67,0,0
4096,2026-08-04T00:02:00+00:00,2026-08-04,Will the Sweden Democrats (SD) win the second most seats in the 2026 Swedish parliamentary election?,0x9e2966ab,buy_yes,Bought YES (bid hit),61.968,0.81,50.1941,0.6,-21,142.526,83.8303,58.6961,9957.03,0,0
4097,2026-08-04T00:06:00+00:00,2026-08-04,Will Stephen Root – “Widow’s Bay” win Emmys 2026: Outstanding supporting actor in a comedy series?,0xbca22b54,sell_yes,Sold YES (ask lifted),51.64,0.4,20.656,0.405,-0.5,0,6.1968,-6.1968,9977.68,0,0
4098,2026-08-04T00:25:00+00:00,2026-08-04,Will the U.S. invade Iran before 2027?,0x5db999fa,buy_yes,Bought YES (bid hit),103.28,0.21,21.6888,0.205,-0.5,171.445,100.182,71.2632,9955.99,0,0
4099,2026-08-04T00:34:00+00:00,2026-08-04,Will the U.S. invade Iran before 2027?,0x5db999fa,sell_yes,Sold YES (ask lifted),106.378,0.21,22.3395,0.21,-0,65.0664,100.182,-35.1152,9978.33,0,0
4100,2026-08-04T10:14:00+00:00,2026-08-04,Will the U.S. invade Iran before 2027?,0x5db999fa,buy_yes,Bought YES (bid hit),103.28,0.21,21.6888,0.205,-0.5,168.346,100.182,68.1648,9956.64,0,0
4101,2026-08-04T12:23:00+00:00,2026-08-04,Fed Rate Hike by October 2026 Meeting?,0x059db22d,buy_yes,Bought YES (bid hit),103.28,0.62,64.0336,0.615,-0.5,221.829,144.6,77.2287,9892.61,0,0
4102,2026-08-04T13:09:00+00:00,2026-08-04,Will the U.S. invade Iran before 2027?,0x5db999fa,sell_yes,Sold YES (ask lifted),103.28,0.2,20.656,0.205,-0.5,65.0664,100.182,-35.1152,9913.27,0,0
4103,2026-08-04T13:11:00+00:00,2026-08-04,Will the U.S. invade Iran before 2027?,0x5db999fa,buy_yes,Bought YES (bid hit),103.28,0.2,20.656,0.195,-0.5,168.346,100.182,68.1648,9892.61,0,0
4104,2026-08-04T14:04:00+00:00,2026-08-04,Fed Rate Hike by October 2026 Meeting?,0x059db22d,sell_yes,Sold YES (ask lifted),103.28,0.62,64.0336,0.625,-0.5,118.549,144.6,-26.0513,9956.64,0,0
4105,2026-08-04T14:44:00+00:00,2026-08-04,Will there be no change in Fed interest rates after the September 2026 meeting?,0xa3b36b2d,buy_yes,Bought YES (bid hit),103.28,0.49,50.6072,0.485,-0.5,118.772,71.8829,46.8891,9906.04,0,0
4106,2026-08-04T14:45:00+00:00,2026-08-04,Fed Rate Hike by October 2026 Meeting?,0x059db22d,buy_yes,Bought YES (bid hit),115.674,0.62,71.7176,0.615,-0.5,234.223,144.6,89.6223,9834.32,0,0
4107,2026-08-04T14:53:00+00:00,2026-08-04,Fed Rate Hike by October 2026 Meeting?,0x059db22d,sell_yes,Sold YES (ask lifted),103.28,0.59,60.9352,0.595,-0.5,130.943,144.6,-13.6577,9895.25,0,0
4108,2026-08-04T17:09:00+00:00,2026-08-04,Will there be no change in Fed interest rates after the September 2026 meeting?,0xa3b36b2d,sell_yes,Sold YES (ask lifted),103.28,0.49,50.6072,0.495,-0.5,15.492,71.8829,-56.3909,9945.86,0,0
4109,2026-08-04T20:36:00+00:00,2026-08-04,Will there be no change in Fed interest rates after the September 2026 meeting?,0xa3b36b2d,buy_yes,Bought YES (bid hit),103.28,0.51,52.6728,0.505,-0.5,118.772,71.8829,46.8891,9893.19,0,0
4110,2026-08-04T22:12:00+00:00,2026-08-04,Fed Rate Hike by October 2026 Meeting?,0x059db22d,buy_yes,Bought YES (bid hit),103.28,0.59,60.9352,0.585,-0.5,234.223,144.6,89.6223,9832.25,0,0
4111,2026-08-05T00:02:00+00:00,2026-08-05,Fed Rate Hike by October 2026 Meeting?,0x059db22d,sell_yes,Sold YES (ask lifted),103.28,0.58,59.9024,0.58,-0,130.943,144.6,-13.6577,9934.35,0,0
4112,2026-08-05T02:11:00+00:00,2026-08-05,Will there be no change in Fed interest rates after the September 2026 meeting?,0xa3b36b2d,sell_yes,Sold YES (ask lifted),103.28,0.49,50.6072,0.495,-0.5,15.492,71.8829,-56.3909,9984.96,0,0
4113,2026-08-05T08:33:00+00:00,2026-08-05,Will the U.S. invade Iran before 2027?,0x5db999fa,sell_yes,Sold YES (ask lifted),103.28,0.16,16.5248,0.165,-0.5,65.0664,100.182,-35.1152,10001.5,0,0
4114,2026-08-05T10:10:00+00:00,2026-08-05,Will there be no change in Fed interest rates after the September 2026 meeting?,0xa3b36b2d,buy_yes,Bought YES (bid hit),103.28,0.51,52.6728,0.505,-0.5,118.772,71.8829,46.8891,9948.81,0,0
4115,2026-08-05T10:13:00+00:00,2026-08-05,Will there be no change in Fed interest rates after the September 2026 meeting?,0xa3b36b2d,sell_yes,Sold YES (ask lifted),103.28,0.51,52.6728,0.515,-0.5,15.492,71.8829,-56.3909,10001.5,0,0
4116,2026-08-05T13:02:00+00:00,2026-08-05,Will the U.S. invade Iran before 2027?,0x5db999fa,buy_yes,Bought YES (bid hit),103.28,0.16,16.5248,0.155,-0.5,168.346,100.182,68.1648,9984.96,0,0
4117,2026-08-05T17:37:00+00:00,2026-08-05,Iran leadership change by December 31?,0x377e7fe6,sell_yes,Sold YES (ask lifted),103.28,0.15,15.492,0.155,-0.5,109.477,103.28,6.1968,10000.5,0,0
4118,2026-08-05T18:21:00+00:00,2026-08-05,Will the U.S. invade Iran before 2027?,0x5db999fa,sell_yes,Sold YES (ask lifted),103.28,0.15,15.492,0.155,-0.5,65.0664,100.182,-35.1152,10015.9,0,0
4119,2026-08-05T18:27:00+00:00,2026-08-05,Will the U.S. invade Iran before 2027?,0x5db999fa,buy_yes,Bought YES (bid hit),103.28,0.15,15.492,0.145,-0.5,168.346,100.182,68.1648,10000.5,0,0
4120,2026-08-05T18:31:00+00:00,2026-08-05,Will the U.S. invade Iran before 2027?,0x5db999fa,sell_yes,Sold YES (ask lifted),103.28,0.15,15.492,0.155,-0.5,65.0664,100.182,-35.1152,10015.9,0,0
4121,2026-08-05T18:32:00+00:00,2026-08-05,Will the U.S. invade Iran before 2027?,0x5db999fa,buy_yes,Bought YES (bid hit),103.28,0.15,15.492,0.145,-0.5,168.346,100.182,68.1648,10000.5,0,0
4122,2026-08-05T19:25:00+00:00,2026-08-05,Will the U.S. invade Iran before 2027?,0x5db999fa,sell_yes,Sold YES (ask lifted),103.28,0.15,15.492,0.155,-0.5,65.0664,100.182,-35.1152,10015.9,0,0
4123,2026-08-05T20:01:00+00:00,2026-08-05,Will the U.S. invade Iran before 2027?,0x5db999fa,buy_yes,Bought YES (bid hit),103.28,0.15,15.492,0.145,-0.5,168.346,100.182,68.1648,10000.5,0,0
4124,2026-08-05T20:49:00+00:00,2026-08-05,Will the U.S. invade Iran before 2027?,0x5db999fa,sell_yes,Sold YES (ask lifted),103.28,0.15,15.492,0.155,-0.5,65.0664,100.182,-35.1152,10015.9,0,0
4125,2026-08-05T21:06:00+00:00,2026-08-05,Will another city host the final of the 2030 FIFA World Cup?,0x07414b5c,buy_yes,Bought YES (bid hit),25.82,0.47,12.1354,0.255,-21.5,25.82,0,25.82,10003.8,0,0
4126,2026-08-05T21:06:00+00:00,2026-08-05,Will Madrid host the final of the 2030 FIFA World Cup?,0xccd5e095,buy_yes,Bought YES (bid hit),25.82,0.47,12.1354,0.255,-21.5,25.82,0,25.82,9991.67,0,0
4127,2026-08-05T21:29:00+00:00,2026-08-05,Will Madrid host the final of the 2030 FIFA World Cup?,0xccd5e095,sell_yes,Sold YES (ask lifted),63.7754,0.33,21.0459,0.375,-4.5,0,37.9554,-37.9554,9987.29,0,0
4128,2026-08-05T22:01:00+00:00,2026-08-05,Will Madrid host the final of the 2030 FIFA World Cup?,0xccd5e095,buy_yes,Bought YES (bid hit),25.82,0.59,15.2338,0.29,-30,25.82,37.9554,-12.1354,9972.06,0,0
4129,2026-08-05T22:09:00+00:00,2026-08-05,Will another city host the final of the 2030 FIFA World Cup?,0x07414b5c,buy_yes,Bought YES (bid hit),25.82,0.51,13.1682,0.295,-21.5,51.64,0,51.64,9958.89,0,0
4130,2026-08-05T22:46:00+00:00,2026-08-05,Will another city host the final of the 2030 FIFA World Cup?,0x07414b5c,sell_yes,Sold YES (ask lifted),25.82,0.33,8.5206,0.54,-21,25.82,0,25.82,9967.41,0,0
4131,2026-08-06T00:00:00+00:00,2026-08-06,Will Benjamin Netanyahu be the next Prime Minister of Israel?,0x7586a965,buy_yes,Bought YES (bid hit),51.64,0.3,15.492,0.185,-11.5,103.28,54.7384,48.5416,10003.9,0,0
4132,2026-08-06T00:00:00+00:00,2026-08-06,Bab el-Mandeb Strait effectively closed by December 31?,0xd8659b58,sell_yes,Sold YES (ask lifted),103.28,0.16,16.5248,0.35,-19,0,103.28,-103.28,9933.68,0,0
4133,2026-08-06T00:02:00+00:00,2026-08-06,Bab el-Mandeb Strait effectively closed by December 31?,0xd8659b58,buy_yes,Bought YES (bid hit),208.626,0.33,68.8464,0.3,-3,208.626,103.28,105.346,9864.84,0,0
4134,2026-08-06T00:03:00+00:00,2026-08-06,Will the Sweden Democrats (SD) win the second most seats in the 2026 Swedish parliamentary election?,0x9e2966ab,sell_yes,Sold YES (ask lifted),61.968,0.61,37.8005,0.845,-23.5,80.5584,83.8303,-3.27191,9902.64,0,0
4135,2026-08-06T03:24:00+00:00,2026-08-06,Will another city host the final of the 2030 FIFA World Cup?,0x07414b5c,sell_yes,Sold YES (ask lifted),25.82,0.27,6.9714,0.325,-5.5,0,0,0,9909.61,0,0
4136,2026-08-06T08:40:00+00:00,2026-08-06,Will there be no change in Fed interest rates after the September 2026 meeting?,0xa3b36b2d,buy_yes,Bought YES (bid hit),103.28,0.54,55.7712,0.535,-0.5,118.772,71.8829,46.8891,9853.84,0,0
4137,2026-08-06T09:01:00+00:00,2026-08-06,Bab el-Mandeb Strait effectively closed by December 31?,0xd8659b58,sell_yes,Sold YES (ask lifted),109.477,0.17,18.6111,0.185,-1.5,99.1488,103.28,-4.1312,9872.45,0,0
4138,2026-08-06T09:31:00+00:00,2026-08-06,Will United Russia (ER) gain the most seats in the next Russian parliamentary election?,0x502a94e5,sell_yes,Sold YES (ask lifted),51.64,0.77,39.7628,0.785,-1.5,0,51.64,-51.64,9912.21,0,0
4139,2026-08-06T09:53:00+00:00,2026-08-06,Will United Russia (ER) gain the most seats in the next Russian parliamentary election?,0x502a94e5,buy_yes,Bought YES (bid hit),51.64,0.69,35.6316,0.675,-1.5,51.64,51.64,0,9876.58,0,0
4140,2026-08-06T10:01:00+00:00,2026-08-06,Will United Russia (ER) gain the most seats in the next Russian parliamentary election?,0x502a94e5,buy_yes,Bought YES (bid hit),54.7384,0.69,37.7695,0.685,-0.5,106.378,51.64,54.7384,9838.81,0,0
4141,2026-08-06T10:02:00+00:00,2026-08-06,Will the U.S. invade Iran before 2027?,0x5db999fa,buy_yes,Bought YES (bid hit),103.28,0.16,16.5248,0.155,-0.5,168.346,100.182,68.1648,9822.29,0,0
4142,2026-08-06T14:40:00+00:00,2026-08-06,Will another city host the final of the 2030 FIFA World Cup?,0x07414b5c,sell_yes,Sold YES (ask lifted),28.9184,0.32,9.2539,0.4,-8,0,28.9184,-28.9184,9811.88,0,0
4143,2026-08-06T14:44:00+00:00,2026-08-06,Fed Rate Hike by October 2026 Meeting?,0x059db22d,buy_yes,Bought YES (bid hit),103.28,0.56,57.8368,0.555,-0.5,234.223,144.6,89.6223,9754.04,0,0
4144,2026-08-06T15:35:00+00:00,2026-08-06,Will another city host the final of the 2030 FIFA World Cup?,0x07414b5c,buy_yes,Bought YES (bid hit),25.82,0.38,9.8116,0.36,-2,25.82,28.9184,-3.0984,9744.23,0,0
4145,2026-08-06T16:22:00+00:00,2026-08-06,Will the U.S. invade Iran before 2027?,0x5db999fa,sell_yes,Sold YES (ask lifted),103.28,0.16,16.5248,0.165,-0.5,65.0664,100.182,-35.1152,9760.75,0,0
4146,2026-08-06T17:08:00+00:00,2026-08-06,Fed Rate Hike by October 2026 Meeting?,0x059db22d,sell_yes,Sold YES (ask lifted),103.28,0.56,57.8368,0.565,-0.5,130.943,144.6,-13.6577,9818.59,0,0
4147,2026-08-06T19:18:00+00:00,2026-08-06,Will the U.S. invade Iran before 2027?,0x5db999fa,buy_yes,Bought YES (bid hit),103.28,0.17,17.5576,0.165,-0.5,168.346,100.182,68.1648,9801.03,0,0
4148,2026-08-06T20:06:00+00:00,2026-08-06,Will the U.S. invade Iran before 2027?,0x5db999fa,sell_yes,Sold YES (ask lifted),103.28,0.17,17.5576,0.175,-0.5,65.0664,100.182,-35.1152,9818.59,0,0
4149,2026-08-06T21:19:00+00:00,2026-08-06,Will Caliste Win the LEC 2026 Summer Split MVP?,0xdf0ab07e,buy_yes,Bought YES (bid hit),10.328,0.22,2.2722,0.14,-8,10.328,0,10.328,9816.32,0,0
4150,2026-08-06T22:03:00+00:00,2026-08-06,Will Caliste Win the LEC 2026 Summer Split MVP?,0xdf0ab07e,sell_yes,Sold YES (ask lifted),10.328,0.17,1.7558,0.32,-15,0,0,0,9818.07,0,0
4151,2026-08-07T00:00:00+00:00,2026-08-07,Bab el-Mandeb Strait effectively closed by September 30?,0x95fc6a4e,sell_yes,Sold YES (ask lifted),103.28,0.13,13.4264,0.26,-13,9.2952,112.575,-103.28,9892.86,0,0
4152,2026-08-07T00:00:00+00:00,2026-08-07,Will Oscar Isaac – “Beef” win Emmys 2026: Outstanding lead actor in a limited or anthology series or movie?,0xa273dc84,sell_yes,Sold YES (ask lifted),51.64,0.64,33.0496,0.65,-1,0,51.64,-51.64,9907.32,0,0
4153,2026-08-07T00:02:00+00:00,2026-08-07,Bab el-Mandeb Strait effectively closed by September 30?,0x95fc6a4e,buy_yes,Bought YES (bid hit),128.067,0.24,30.7361,0.14,-10,137.362,112.575,24.7872,9876.58,0,0
4154,2026-08-07T00:17:00+00:00,2026-08-07,Will the U.S. invade Iran before 2027?,0x5db999fa,buy_yes,Bought YES (bid hit),103.28,0.19,19.6232,0.185,-0.5,168.346,100.182,68.1648,9856.96,0,0
4155,2026-08-07T03:29:00+00:00,2026-08-07,Will Stephen Root – “Widow’s Bay” win Emmys 2026: Outstanding supporting actor in a comedy series?,0xbca22b54,buy_yes,Bought YES (bid hit),51.64,0.34,17.5576,0.31,-3,51.64,6.1968,45.4432,9839.4,0,0
4156,2026-08-07T09:34:00+00:00,2026-08-07,Will United Russia (ER) gain the most seats in the next Russian parliamentary election?,0x502a94e5,sell_yes,Sold YES (ask lifted),54.7384,0.69,37.7695,0.695,-0.5,51.64,51.64,-0,9877.17,0,0
4157,2026-08-07T12:10:00+00:00,2026-08-07,Will there be no change in Fed interest rates after the September 2026 meeting?,0xa3b36b2d,sell_yes,Sold YES (ask lifted),103.28,0.49,50.6072,0.495,-0.5,15.492,71.8829,-56.3909,9927.78,0,0
4158,2026-08-07T12:30:00+00:00,2026-08-07,Will the Fed increase interest rates by 25 bps after the September 2026 meeting?,0x876506d8,buy_yes,Bought YES (bid hit),121.87,0.46,56.0604,0.385,-7.5,230.124,112.575,117.549,9871.72,0,0
4159,2026-08-07T12:31:00+00:00,2026-08-07,Fed Rate Hike by October 2026 Meeting?,0x059db22d,buy_yes,Bought YES (bid hit),115.674,0.57,65.934,0.565,-0.5,246.616,144.6,102.016,9805.79,0,0
4160,2026-08-07T12:33:00+00:00,2026-08-07,Will there be no change in Fed interest rates after the September 2026 meeting?,0xa3b36b2d,buy_yes,Bought YES (bid hit),103.28,0.64,66.0992,0.62,-2,118.772,71.8829,46.8891,9739.69,0,0
4161,2026-08-07T12:37:00+00:00,2026-08-07,Will there be no change in Fed interest rates after the September 2026 meeting?,0xa3b36b2d,sell_yes,Sold YES (ask lifted),103.28,0.61,63.0008,0.625,-1.5,15.492,71.8829,-56.3909,9802.69,0,0
4162,2026-08-07T12:40:00+00:00,2026-08-07,Will there be no change in Fed interest rates after the September 2026 meeting?,0xa3b36b2d,buy_yes,Bought YES (bid hit),103.28,0.62,64.0336,0.615,-0.5,118.772,71.8829,46.8891,9738.65,0,0
4163,2026-08-07T12:42:00+00:00,2026-08-07,Will the Fed increase interest rates by 25 bps after the October 2026 meeting?,0x12aa13b3,sell_yes,Sold YES (ask lifted),53.1892,0.23,12.2335,0.235,-0.5,13.9428,51.64,-37.6972,9750.89,0,0
4164,2026-08-07T12:43:00+00:00,2026-08-07,Will there be no change in Fed interest rates after the September 2026 meeting?,0xa3b36b2d,sell_yes,Sold YES (ask lifted),121.87,0.62,75.5596,0.625,-0.5,0,74.9813,-74.9813,9825.27,0,0
4165,2026-08-07T12:51:00+00:00,2026-08-07,Will the Fed increase interest rates by 25 bps after the October 2026 meeting?,0x12aa13b3,buy_yes,Bought YES (bid hit),51.64,0.23,11.8772,0.225,-0.5,65.5828,51.64,13.9428,9813.39,0,0
4166,2026-08-07T12:56:00+00:00,2026-08-07,Will there be no change in Fed interest rates after the September 2026 meeting?,0xa3b36b2d,buy_yes,Bought YES (bid hit),103.28,0.65,67.132,0.645,-0.5,103.28,74.9813,28.2987,9746.26,0,0
4167,2026-08-07T14:08:00+00:00,2026-08-07,Fed Rate Hike by October 2026 Meeting?,0x059db22d,sell_yes,Sold YES (ask lifted),103.28,0.5,51.64,0.505,-0.5,143.336,144.6,-1.26415,9797.9,0,0
4168,2026-08-07T14:27:00+00:00,2026-08-07,Bab el-Mandeb Strait effectively closed by September 30?,0x95fc6a4e,sell_yes,Sold YES (ask lifted),103.28,0.11,11.3608,0.115,-0.5,34.0824,112.575,-78.4928,9809.26,0,0
4169,2026-08-07T14:37:00+00:00,2026-08-07,Will there be no change in Fed interest rates after the September 2026 meeting?,0xa3b36b2d,sell_yes,Sold YES (ask lifted),103.28,0.63,65.0664,0.635,-0.5,0,74.9813,-74.9813,9874.33,0,0
4170,2026-08-07T15:35:00+00:00,2026-08-07,Will another city host the final of the 2030 FIFA World Cup?,0x07414b5c,buy_yes,Bought YES (bid hit),31.2422,0.38,11.872,0.375,-0.5,57.0622,28.9184,28.1438,9862.46,0,0
4171,2026-08-07T15:57:00+00:00,2026-08-07,Will there be no change in Fed interest rates after the September 2026 meeting?,0xa3b36b2d,buy_yes,Bought YES (bid hit),103.28,0.63,65.0664,0.625,-0.5,103.28,74.9813,28.2987,9797.39,0,0
4172,2026-08-07T19:18:00+00:00,2026-08-07,Will another city host the final of the 2030 FIFA World Cup?,0x07414b5c,sell_yes,Sold YES (ask lifted),25.82,0.35,9.037,0.425,-7.5,31.2422,28.9184,2.3238,9806.43,0,0
4173,2026-08-08T00:01:00+00:00,2026-08-08,Will the Sweden Democrats (SD) win the second most seats in the 2026 Swedish parliamentary election?,0x9e2966ab,buy_yes,Bought YES (bid hit),61.968,0.81,50.1941,0.755,-5.5,142.526,83.8303,58.6961,9801.51,0,0
4174,2026-08-08T00:02:00+00:00,2026-08-08,Will Benjamin Netanyahu be the next Prime Minister of Israel?,0x7586a965,sell_yes,Sold YES (ask lifted),53.1892,0.19,10.1059,0.325,-13.5,50.0908,54.7384,-4.6476,9811.62,0,0
4175,2026-08-08T00:03:00+00:00,2026-08-08,Will the Sweden Democrats (SD) win the second most seats in the 2026 Swedish parliamentary election?,0x9e2966ab,sell_yes,Sold YES (ask lifted),63.827,0.76,48.5086,0.835,-7.5,78.6994,83.8303,-5.13095,9860.13,0,0
4176,2026-08-08T01:08:00+00:00,2026-08-08,Will Stephen Root – “Widow’s Bay” win Emmys 2026: Outstanding supporting actor in a comedy series?,0xbca22b54,sell_yes,Sold YES (ask lifted),53.1892,0.39,20.7438,0.465,-7.5,0,7.746,-7.746,9879.92,0,0
4177,2026-08-08T03:52:00+00:00,2026-08-08,Will Stephen Root – “Widow’s Bay” win Emmys 2026: Outstanding supporting actor in a comedy series?,0xbca22b54,buy_yes,Bought YES (bid hit),51.64,0.45,23.238,0.45,-0,51.64,7.746,43.894,9856.69,0,0
4178,2026-08-08T06:32:00+00:00,2026-08-08,Iran leadership change by December 31?,0x377e7fe6,sell_yes,Sold YES (ask lifted),121.87,0.23,28.0302,0.235,-0.5,0,115.674,-115.674,9875.17,0,0
4179,2026-08-08T11:58:00+00:00,2026-08-08,Bab el-Mandeb Strait effectively closed by September 30?,0x95fc6a4e,buy_yes,Bought YES (bid hit),103.28,0.1,10.328,0.095,-0.5,137.362,112.575,24.7872,9864.85,0,0
4180,2026-08-09T00:00:00+00:00,2026-08-09,Will Benjamin Netanyahu be the next Prime Minister of Israel?,0x7586a965,buy_yes,Bought YES (bid hit),51.64,0.29,14.9756,0.23,-6,101.731,54.7384,46.9924,9900.23,0,0
4181,2026-08-09T00:00:00+00:00,2026-08-09,Will Kate O’Flynn – “Widow’s Bay” win Emmys 2026: Outstanding supporting actress in a comedy series?,0x9b9a651f,buy_yes,Bought YES (bid hit),51.64,0.61,31.5004,0.3365,-27.35,103.28,54.8933,48.3867,9868.73,0,0
4182,2026-08-09T00:01:00+00:00,2026-08-09,Will Stephen Root – “Widow’s Bay” win Emmys 2026: Outstanding supporting actor in a comedy series?,0xbca22b54,sell_yes,Sold YES (ask lifted),51.64,0.44,22.7216,0.46,-2,0,7.746,-7.746,9891.45,0,0
4183,2026-08-09T00:20:00+00:00,2026-08-09,Bab el-Mandeb Strait effectively closed by September 30?,0x95fc6a4e,sell_yes,Sold YES (ask lifted),80,0.08,6.4,0.085,-0.5,57.3624,112.575,-55.2128,9897.85,0,0
4184,2026-08-09T08:51:00+00:00,2026-08-09,Will Benjamin Netanyahu be the next Prime Minister of Israel?,0x7586a965,sell_yes,Sold YES (ask lifted),51.64,0.33,17.0412,0.335,-0.5,50.0908,54.7384,-4.6476,9914.89,0,0
4185,2026-08-09T09:21:00+00:00,2026-08-09,Will Stephen Root – “Widow’s Bay” win Emmys 2026: Outstanding supporting actor in a comedy series?,0xbca22b54,buy_yes,Bought YES (bid hit),51.64,0.42,21.6888,0.37,-5,51.64,7.746,43.894,9893.21,0,0
4186,2026-08-09T11:09:00+00:00,2026-08-09,Will Stephen Root – “Widow’s Bay” win Emmys 2026: Outstanding supporting actor in a comedy series?,0xbca22b54,sell_yes,Sold YES (ask lifted),51.64,0.43,22.2052,0.515,-8.5,0,7.746,-7.746,9915.41,0,0
4187,2026-08-09T11:39:00+00:00,2026-08-09,Iran leadership change by December 31?,0x377e7fe6,buy_yes,Bought YES (bid hit),103.28,0.22,22.7216,0.215,-0.5,103.28,115.674,-12.3936,9892.69,0,0
4188,2026-08-09T11:51:00+00:00,2026-08-09,Will the Fed increase interest rates by 25 bps after the September 2026 meeting?,0x876506d8,sell_yes,Sold YES (ask lifted),103.28,0.35,36.148,0.355,-0.5,126.844,112.575,14.2692,9928.84,0,0
4189,2026-08-09T12:19:00+00:00,2026-08-09,Iran leadership change by December 31?,0x377e7fe6,buy_yes,Bought YES (bid hit),103.28,0.21,21.6888,0.205,-0.5,206.56,115.674,90.8864,9907.15,0,0
4190,2026-08-09T23:58:00+00:00,2026-08-09,Will the Fed increase interest rates by 25 bps after the October 2026 meeting?,0x12aa13b3,sell_yes,Sold YES (ask lifted),51.64,0.24,12.3936,0.245,-0.5,13.9428,51.64,-37.6972,9919.54,0,0
4191,2026-08-10T00:00:00+00:00,2026-08-10,Will Oscar Isaac – “Beef” win Emmys 2026: Outstanding lead actor in a limited or anthology series or movie?,0xa273dc84,buy_yes,Bought YES (bid hit),51.64,0.59,30.4676,0.32,-27,51.64,51.64,0,9940.6,0,0
4192,2026-08-10T00:00:00+00:00,2026-08-10,Will Katherine LaNasa – “The Pitt” win Emmys 2026: Outstanding supporting actress in a drama series?,0xc46b0990,sell_yes,Sold YES (ask lifted),51.64,0.76,39.2464,0.815,-5.5,6.1968,53.1892,-46.9924,9979.85,0,0
4193,2026-08-10T00:01:00+00:00,2026-08-10,Will Ulf Kristersson be the next Prime Minister of Sweden?,0x8a42bb4c,buy_yes,Bought YES (bid hit),51.64,0.09,4.6476,0.075,-1.5,51.64,4.6476,46.9924,9975.2,0,0
4194,2026-08-10T00:06:00+00:00,2026-08-10,Bab el-Mandeb Strait effectively closed by September 30?,0x95fc6a4e,buy_yes,Bought YES (bid hit),103.28,0.1,10.328,0.07,-3,160.642,112.575,48.0672,9964.87,0,0
4195,2026-08-10T00:07:00+00:00,2026-08-10,Will the Moderate Party (M) win the third most seats in the 2026 Swedish parliamentary election?,0xbbb881b0,sell_yes,Sold YES (ask lifted),46.476,0.69,32.0684,0.835,-14.5,17.7538,63.2074,-45.4535,9996.94,0,0
